"PC1","PC2","group","name","sample","condition"
-3.49985896550922,-2.9184961510687,"nsp13","SRR21170613","SRR21170613","nsp13"
2.71220211151874,-0.761628542857166,"vector","SRR21170614","SRR21170614","vector"
1.53787698687869,0.0936982645498013,"vector","SRR21170615","SRR21170615","vector"
3.38477797978917,0.708518044349833,"vector","SRR21170616","SRR21170616","vector"
-1.05923507340322,-0.912034371750875,"nsp13","SRR21170617","SRR21170617","nsp13"
-3.07576303927416,3.78994275677711,"nsp13","SRR21170618","SRR21170618","nsp13"
