"PC1","PC2","group","name","sample","condition"
-1.76339987382149,2.91553261553073,"treated","SRR18889440","SRR18889440","treated"
-2.71862972032564,-3.35906601649961,"treated","SRR18889441","SRR18889441","treated"
0.236619452308624,0.13244751059333,"control","SRR18889442","SRR18889442","control"
-1.69294703526676,1.25677187076498,"treated","SRR18889443","SRR18889443","treated"
2.05704342719635,-0.973543050736254,"control","SRR18889444","SRR18889444","control"
3.88131374990892,0.0278570703468225,"control","SRR18889445","SRR18889445","control"
