"PC1","PC2","group","name","sample","condition"
-3.49985896550922,-2.9184961510687,"nsp13","SRR21170613","SRR21170613","nsp13"
2.71220211151873,-0.761628542857161,"vector","SRR21170614","SRR21170614","vector"
1.53787698687868,0.0936982645498029,"vector","SRR21170615","SRR21170615","vector"
3.38477797978918,0.708518044349835,"vector","SRR21170616","SRR21170616","vector"
-1.05923507340323,-0.912034371750877,"nsp13","SRR21170617","SRR21170617","nsp13"
-3.07576303927416,3.78994275677711,"nsp13","SRR21170618","SRR21170618","nsp13"
