"PC1","PC2","group","name","sample","condition"
-62.1779291292026,45.8071150565214,"infected","SRR26260919","SRR26260919","infected"
-59.9709470360052,-5.00973467507718,"infected","SRR26260920","SRR26260920","infected"
-64.3507279188802,-40.7458822794655,"infected","SRR26260921","SRR26260921","infected"
28.4034283869015,10.8239077285427,"bystander","SRR26260922","SRR26260922","bystander"
25.8778577764402,0.30125774334796,"bystander","SRR26260923","SRR26260923","bystander"
31.401195023358,-1.24411270473205,"bystander","SRR26260924","SRR26260924","bystander"
34.1645244128011,-3.427037056605,"mock","SRR26260925","SRR26260925","mock"
31.7243777208026,1.91345741737986,"mock","SRR26260926","SRR26260926","mock"
34.9282207637847,-8.41897122991219,"mock","SRR26260927","SRR26260927","mock"
