"PC1","PC2","group","name","condition"
-1.7633998738215,2.91553261553072,"treated","SRR18889440","treated"
-2.71862972032563,-3.35906601649962,"treated","SRR18889441","treated"
0.236619452308622,0.132447510593347,"control","SRR18889442","control"
-1.69294703526676,1.25677187076498,"treated","SRR18889443","treated"
2.05704342719635,-0.973543050736253,"control","SRR18889444","control"
3.88131374990891,0.0278570703468293,"control","SRR18889445","control"
