Sample	0	1	2	3	4	5	6	7	8	9	10	11	12	13	14	15	16	17	18	19	20	21	22	23	24	25	26	27	28	29	30	31	32	33	34	35	36	37	38	39	40	41	42	43	44	45	46	47	48	49	50	51	52	53	54	55	56	57	58	59	60	61	62	63	64	65	66	67	68	69	70	71	72	73	74	75	76	77	78	79	80	81	82	83	84	85	86	87	88	89	90	91	92	93	94	95	96	97	98	99	100
SRR26260919_1	(0.0, 157724.0)	(1.0, 78867.0)	(2.0, 11.5)	(3.0, 13.5)	(4.0, 17.0)	(5.0, 24.0)	(6.0, 28.0)	(7.0, 41.5)	(8.0, 68.5)	(9.0, 85.5)	(10.0, 121.5)	(11.0, 202.0)	(12.0, 304.5)	(13.0, 455.0)	(14.0, 647.0)	(15.0, 959.0)	(16.0, 1426.5)	(17.0, 2052.5)	(18.0, 2990.0)	(19.0, 4444.5)	(20.0, 6327.5)	(21.0, 8515.0)	(22.0, 11147.5)	(23.0, 15240.0)	(24.0, 20412.5)	(25.0, 26241.0)	(26.0, 35168.0)	(27.0, 48289.5)	(28.0, 69878.0)	(29.0, 107551.0)	(30.0, 146553.0)	(31.0, 181491.0)	(32.0, 229993.0)	(33.0, 280377.5)	(34.0, 339883.5)	(35.0, 410076.0)	(36.0, 507012.5)	(37.0, 602113.0)	(38.0, 624823.0)	(39.0, 615945.0)	(40.0, 572302.0)	(41.0, 551991.5)	(42.0, 600042.5)	(43.0, 625635.0)	(44.0, 655893.0)	(45.0, 704040.0)	(46.0, 726291.0)	(47.0, 740795.0)	(48.0, 743792.5)	(49.0, 697320.5)	(50.0, 648652.5)	(51.0, 641291.0)	(52.0, 628896.0)	(53.0, 613733.0)	(54.0, 574116.5)	(55.0, 505157.5)	(56.0, 431172.0)	(57.0, 375575.5)	(58.0, 346193.0)	(59.0, 310626.0)	(60.0, 272417.0)	(61.0, 238643.0)	(62.0, 214705.5)	(63.0, 189577.0)	(64.0, 158580.5)	(65.0, 130611.0)	(66.0, 110167.5)	(67.0, 94587.0)	(68.0, 81266.0)	(69.0, 66620.0)	(70.0, 51438.5)	(71.0, 40123.5)	(72.0, 32632.5)	(73.0, 27782.5)	(74.0, 23166.0)	(75.0, 18716.5)	(76.0, 14554.5)	(77.0, 10533.5)	(78.0, 8159.5)	(79.0, 6911.0)	(80.0, 5804.5)	(81.0, 4794.5)	(82.0, 3854.0)	(83.0, 2982.5)	(84.0, 2273.5)	(85.0, 1976.5)	(86.0, 2207.0)	(87.0, 2200.0)	(88.0, 1602.0)	(89.0, 1141.5)	(90.0, 912.5)	(91.0, 860.5)	(92.0, 1083.0)	(93.0, 1074.5)	(94.0, 650.5)	(95.0, 356.5)	(96.0, 248.0)	(97.0, 189.0)	(98.0, 126.0)	(99.0, 72.0)	(100.0, 31.5)
SRR26260919_2	(0.0, 152093.0)	(1.0, 76056.0)	(2.0, 25.0)	(3.0, 44.0)	(4.0, 79.0)	(5.0, 128.0)	(6.0, 180.0)	(7.0, 236.0)	(8.0, 303.0)	(9.0, 373.5)	(10.0, 486.5)	(11.0, 610.5)	(12.0, 720.0)	(13.0, 892.0)	(14.0, 1133.0)	(15.0, 1506.5)	(16.0, 2007.5)	(17.0, 2384.5)	(18.0, 2888.0)	(19.0, 3731.0)	(20.0, 4728.5)	(21.0, 5981.5)	(22.0, 8219.0)	(23.0, 11295.0)	(24.0, 14974.5)	(25.0, 19714.5)	(26.0, 27168.0)	(27.0, 38195.0)	(28.0, 54233.0)	(29.0, 76319.5)	(30.0, 114964.5)	(31.0, 165474.5)	(32.0, 208329.5)	(33.0, 259960.0)	(34.0, 323299.5)	(35.0, 410211.0)	(36.0, 505582.0)	(37.0, 566481.5)	(38.0, 604221.5)	(39.0, 625721.5)	(40.0, 645848.5)	(41.0, 600197.5)	(42.0, 565266.5)	(43.0, 601376.0)	(44.0, 621138.0)	(45.0, 629341.5)	(46.0, 650193.0)	(47.0, 693652.5)	(48.0, 726283.5)	(49.0, 718641.0)	(50.0, 681889.5)	(51.0, 654544.0)	(52.0, 642405.0)	(53.0, 632997.0)	(54.0, 581491.5)	(55.0, 514472.5)	(56.0, 467490.0)	(57.0, 419072.5)	(58.0, 379446.5)	(59.0, 338855.0)	(60.0, 289566.5)	(61.0, 247837.5)	(62.0, 218430.0)	(63.0, 193501.0)	(64.0, 165382.5)	(65.0, 138011.0)	(66.0, 118115.0)	(67.0, 101269.5)	(68.0, 85584.5)	(69.0, 71398.0)	(70.0, 58268.0)	(71.0, 47108.0)	(72.0, 38429.0)	(73.0, 31616.0)	(74.0, 25581.5)	(75.0, 20388.0)	(76.0, 17043.0)	(77.0, 14824.0)	(78.0, 13202.5)	(79.0, 12168.0)	(80.0, 10926.0)	(81.0, 9293.5)	(82.0, 8284.5)	(83.0, 7376.5)	(84.0, 6047.5)	(85.0, 4974.0)	(86.0, 4423.5)	(87.0, 3923.0)	(88.0, 3487.5)	(89.0, 3190.0)	(90.0, 3049.0)	(91.0, 2882.5)	(92.0, 2559.0)	(93.0, 2260.0)	(94.0, 2005.0)	(95.0, 1821.0)	(96.0, 1693.5)	(97.0, 1477.0)	(98.0, 1217.5)	(99.0, 1205.5)	(100.0, 4230.5)
SRR26260920_1	(0.0, 1336153.0)	(1.0, 668082.5)	(2.0, 14.0)	(3.0, 13.5)	(4.0, 17.0)	(5.0, 26.5)	(6.0, 29.0)	(7.0, 39.0)	(8.0, 57.0)	(9.0, 76.0)	(10.0, 102.0)	(11.0, 133.5)	(12.0, 212.0)	(13.0, 317.5)	(14.0, 426.5)	(15.0, 699.5)	(16.0, 1162.0)	(17.0, 1804.0)	(18.0, 2720.5)	(19.0, 4270.0)	(20.0, 6124.5)	(21.0, 8308.0)	(22.0, 11080.0)	(23.0, 15001.5)	(24.0, 19704.0)	(25.0, 24981.0)	(26.0, 32413.5)	(27.0, 41762.5)	(28.0, 54353.0)	(29.0, 76954.0)	(30.0, 97586.5)	(31.0, 113298.5)	(32.0, 132067.5)	(33.0, 149666.0)	(34.0, 169788.0)	(35.0, 191876.5)	(36.0, 234221.5)	(37.0, 282878.5)	(38.0, 309741.0)	(39.0, 332216.0)	(40.0, 349719.0)	(41.0, 389915.0)	(42.0, 468652.5)	(43.0, 529512.5)	(44.0, 589207.0)	(45.0, 660628.5)	(46.0, 709939.5)	(47.0, 745637.0)	(48.0, 761649.0)	(49.0, 728138.5)	(50.0, 687632.0)	(51.0, 682691.0)	(52.0, 670315.5)	(53.0, 650483.5)	(54.0, 606596.5)	(55.0, 545957.0)	(56.0, 483496.5)	(57.0, 428373.0)	(58.0, 397243.5)	(59.0, 363127.5)	(60.0, 324499.5)	(61.0, 288103.5)	(62.0, 259295.5)	(63.0, 229136.0)	(64.0, 196046.5)	(65.0, 166107.5)	(66.0, 140512.0)	(67.0, 119512.0)	(68.0, 102413.0)	(69.0, 84390.0)	(70.0, 65478.5)	(71.0, 50441.5)	(72.0, 40456.5)	(73.0, 33668.0)	(74.0, 27410.5)	(75.0, 22303.5)	(76.0, 17304.5)	(77.0, 12420.0)	(78.0, 9623.0)	(79.0, 7933.0)	(80.0, 6584.0)	(81.0, 5485.0)	(82.0, 4299.5)	(83.0, 3310.5)	(84.0, 2516.0)	(85.0, 2081.5)	(86.0, 2183.5)	(87.0, 2062.5)	(88.0, 1539.0)	(89.0, 1230.0)	(90.0, 1016.5)	(91.0, 914.0)	(92.0, 1023.5)	(93.0, 959.5)	(94.0, 615.5)	(95.0, 380.0)	(96.0, 254.5)	(97.0, 192.5)	(98.0, 148.0)	(99.0, 102.5)	(100.0, 39.5)
SRR26260920_2	(0.0, 1307339.0)	(1.0, 653679.5)	(2.0, 27.0)	(3.0, 50.5)	(4.0, 80.5)	(5.0, 97.5)	(6.0, 128.0)	(7.0, 177.5)	(8.0, 241.0)	(9.0, 322.5)	(10.0, 392.0)	(11.0, 464.5)	(12.0, 579.0)	(13.0, 701.0)	(14.0, 814.0)	(15.0, 1146.5)	(16.0, 1578.5)	(17.0, 1923.5)	(18.0, 2466.0)	(19.0, 3249.5)	(20.0, 4271.0)	(21.0, 5730.0)	(22.0, 7856.5)	(23.0, 10441.0)	(24.0, 13335.0)	(25.0, 16503.0)	(26.0, 21273.5)	(27.0, 28226.0)	(28.0, 37004.0)	(29.0, 47081.0)	(30.0, 59899.0)	(31.0, 78351.5)	(32.0, 97616.0)	(33.0, 115824.0)	(34.0, 137634.5)	(35.0, 172548.0)	(36.0, 220459.5)	(37.0, 263272.0)	(38.0, 304837.0)	(39.0, 344081.5)	(40.0, 401234.0)	(41.0, 430147.0)	(42.0, 463439.5)	(43.0, 525705.0)	(44.0, 566559.0)	(45.0, 609115.0)	(46.0, 658518.5)	(47.0, 715980.0)	(48.0, 755140.0)	(49.0, 755280.0)	(50.0, 724364.5)	(51.0, 699840.5)	(52.0, 685029.0)	(53.0, 670399.5)	(54.0, 616543.0)	(55.0, 554154.0)	(56.0, 513205.0)	(57.0, 464290.0)	(58.0, 425992.5)	(59.0, 385648.5)	(60.0, 336305.0)	(61.0, 293917.5)	(62.0, 262061.0)	(63.0, 233939.5)	(64.0, 202336.0)	(65.0, 172466.5)	(66.0, 148225.5)	(67.0, 126230.0)	(68.0, 106676.5)	(69.0, 88829.5)	(70.0, 71732.5)	(71.0, 57359.5)	(72.0, 46960.5)	(73.0, 38188.0)	(74.0, 29896.5)	(75.0, 23672.0)	(76.0, 19497.0)	(77.0, 16685.0)	(78.0, 14906.5)	(79.0, 13765.5)	(80.0, 12545.5)	(81.0, 10546.0)	(82.0, 9235.0)	(83.0, 8288.5)	(84.0, 6702.5)	(85.0, 5479.0)	(86.0, 4796.5)	(87.0, 4305.0)	(88.0, 3944.0)	(89.0, 3690.5)	(90.0, 3462.5)	(91.0, 3219.0)	(92.0, 2845.5)	(93.0, 2454.0)	(94.0, 2207.5)	(95.0, 2014.0)	(96.0, 1846.0)	(97.0, 1637.5)	(98.0, 1465.0)	(99.0, 1790.5)	(100.0, 7347.5)
SRR26260921_1	(0.0, 477651.0)	(1.0, 238828.5)	(2.0, 5.5)	(3.0, 6.5)	(4.0, 12.5)	(5.0, 18.0)	(6.0, 20.5)	(7.0, 37.0)	(8.0, 47.0)	(9.0, 50.5)	(10.0, 70.0)	(11.0, 84.0)	(12.0, 121.0)	(13.0, 214.0)	(14.0, 323.5)	(15.0, 546.0)	(16.0, 949.0)	(17.0, 1505.0)	(18.0, 2349.0)	(19.0, 3709.0)	(20.0, 5337.0)	(21.0, 7353.5)	(22.0, 9958.0)	(23.0, 13358.5)	(24.0, 17550.0)	(25.0, 22597.0)	(26.0, 29370.5)	(27.0, 38142.5)	(28.0, 50830.0)	(29.0, 75081.5)	(30.0, 95930.0)	(31.0, 110823.0)	(32.0, 130935.0)	(33.0, 151995.5)	(34.0, 177012.5)	(35.0, 203116.0)	(36.0, 243431.5)	(37.0, 294006.5)	(38.0, 323708.0)	(39.0, 337743.5)	(40.0, 343666.5)	(41.0, 372938.5)	(42.0, 445058.0)	(43.0, 504567.0)	(44.0, 566105.0)	(45.0, 650680.0)	(46.0, 716719.0)	(47.0, 762700.0)	(48.0, 783385.5)	(49.0, 744436.5)	(50.0, 696619.0)	(51.0, 688477.0)	(52.0, 679067.0)	(53.0, 668223.5)	(54.0, 624834.5)	(55.0, 552778.0)	(56.0, 481277.5)	(57.0, 425759.0)	(58.0, 394253.5)	(59.0, 353210.5)	(60.0, 310015.0)	(61.0, 273664.5)	(62.0, 244519.5)	(63.0, 214206.0)	(64.0, 179659.0)	(65.0, 150002.5)	(66.0, 128668.0)	(67.0, 110736.5)	(68.0, 95077.5)	(69.0, 79350.5)	(70.0, 62162.5)	(71.0, 48617.0)	(72.0, 40990.5)	(73.0, 36043.0)	(74.0, 30281.0)	(75.0, 24847.5)	(76.0, 19854.0)	(77.0, 14998.0)	(78.0, 11852.5)	(79.0, 9994.0)	(80.0, 8687.5)	(81.0, 7552.5)	(82.0, 6332.0)	(83.0, 5233.5)	(84.0, 4334.5)	(85.0, 3900.0)	(86.0, 4468.5)	(87.0, 4542.5)	(88.0, 3450.0)	(89.0, 2626.5)	(90.0, 2167.5)	(91.0, 2023.0)	(92.0, 2518.0)	(93.0, 2454.0)	(94.0, 1521.0)	(95.0, 883.5)	(96.0, 570.0)	(97.0, 446.5)	(98.0, 340.0)	(99.0, 214.5)	(100.0, 96.5)
SRR26260921_2	(0.0, 457148.0)	(1.0, 228583.0)	(2.0, 22.5)	(3.0, 34.0)	(4.0, 57.5)	(5.0, 85.5)	(6.0, 121.0)	(7.0, 169.5)	(8.0, 231.0)	(9.0, 294.5)	(10.0, 349.0)	(11.0, 441.0)	(12.0, 525.0)	(13.0, 594.5)	(14.0, 729.0)	(15.0, 1017.5)	(16.0, 1423.0)	(17.0, 1757.5)	(18.0, 2125.5)	(19.0, 2836.0)	(20.0, 3806.5)	(21.0, 4996.0)	(22.0, 6984.0)	(23.0, 9450.5)	(24.0, 12495.0)	(25.0, 16130.0)	(26.0, 20505.0)	(27.0, 26362.0)	(28.0, 34364.0)	(29.0, 44968.5)	(30.0, 59090.5)	(31.0, 78363.5)	(32.0, 99964.5)	(33.0, 121524.5)	(34.0, 145338.0)	(35.0, 180733.5)	(36.0, 230032.5)	(37.0, 275820.5)	(38.0, 312750.5)	(39.0, 343779.5)	(40.0, 398112.5)	(41.0, 415430.5)	(42.0, 434462.5)	(43.0, 502304.0)	(44.0, 550719.5)	(45.0, 596367.5)	(46.0, 656489.0)	(47.0, 721735.0)	(48.0, 764703.0)	(49.0, 765507.0)	(50.0, 733013.5)	(51.0, 708906.5)	(52.0, 698774.5)	(53.0, 688877.0)	(54.0, 636212.0)	(55.0, 568550.0)	(56.0, 521803.5)	(57.0, 469554.0)	(58.0, 424870.5)	(59.0, 379290.5)	(60.0, 323839.5)	(61.0, 277307.0)	(62.0, 244404.5)	(63.0, 216121.5)	(64.0, 184536.5)	(65.0, 155983.0)	(66.0, 134752.5)	(67.0, 115467.0)	(68.0, 98060.0)	(69.0, 82731.5)	(70.0, 67874.0)	(71.0, 54682.0)	(72.0, 45158.0)	(73.0, 37849.5)	(74.0, 30802.0)	(75.0, 24827.5)	(76.0, 21453.0)	(77.0, 19170.5)	(78.0, 17302.5)	(79.0, 16170.5)	(80.0, 14529.5)	(81.0, 12328.0)	(82.0, 11169.5)	(83.0, 10027.5)	(84.0, 8359.5)	(85.0, 7232.5)	(86.0, 6612.0)	(87.0, 5899.5)	(88.0, 5386.5)	(89.0, 5118.5)	(90.0, 4861.0)	(91.0, 4629.0)	(92.0, 4231.5)	(93.0, 3815.0)	(94.0, 3523.5)	(95.0, 3279.5)	(96.0, 3041.5)	(97.0, 2561.0)	(98.0, 1964.5)	(99.0, 1823.5)	(100.0, 5682.5)
SRR26260922_1	(0.0, 72257.0)	(1.0, 36135.0)	(2.0, 9.0)	(3.0, 5.5)	(4.0, 7.0)	(5.0, 9.5)	(6.0, 14.5)	(7.0, 20.0)	(8.0, 27.5)	(9.0, 30.0)	(10.0, 46.5)	(11.0, 73.5)	(12.0, 120.0)	(13.0, 219.5)	(14.0, 326.0)	(15.0, 510.0)	(16.0, 868.0)	(17.0, 1326.0)	(18.0, 1994.0)	(19.0, 3109.5)	(20.0, 5388.0)	(21.0, 8652.5)	(22.0, 12074.0)	(23.0, 16350.5)	(24.0, 22131.0)	(25.0, 30365.5)	(26.0, 43103.5)	(27.0, 62532.0)	(28.0, 89961.0)	(29.0, 126546.5)	(30.0, 167451.0)	(31.0, 205587.5)	(32.0, 246625.0)	(33.0, 291470.5)	(34.0, 333404.0)	(35.0, 373590.0)	(36.0, 422300.0)	(37.0, 466432.0)	(38.0, 477616.0)	(39.0, 471239.0)	(40.0, 463158.0)	(41.0, 475570.5)	(42.0, 501800.0)	(43.0, 502710.0)	(44.0, 508874.0)	(45.0, 525980.0)	(46.0, 534053.0)	(47.0, 543240.5)	(48.0, 546353.0)	(49.0, 538748.0)	(50.0, 536394.0)	(51.0, 543046.5)	(52.0, 537378.5)	(53.0, 523794.5)	(54.0, 506681.0)	(55.0, 476667.0)	(56.0, 433927.5)	(57.0, 400076.0)	(58.0, 391328.5)	(59.0, 383697.5)	(60.0, 363625.5)	(61.0, 341142.5)	(62.0, 318046.5)	(63.0, 287087.5)	(64.0, 254874.5)	(65.0, 223719.5)	(66.0, 191908.0)	(67.0, 163209.5)	(68.0, 135468.0)	(69.0, 106829.5)	(70.0, 80405.0)	(71.0, 59043.0)	(72.0, 43607.0)	(73.0, 33475.5)	(74.0, 26129.0)	(75.0, 20524.5)	(76.0, 16291.5)	(77.0, 13290.5)	(78.0, 10857.0)	(79.0, 8392.0)	(80.0, 6932.5)	(81.0, 5744.0)	(82.0, 4574.5)	(83.0, 3623.5)	(84.0, 2850.0)	(85.0, 2477.5)	(86.0, 2449.5)	(87.0, 2363.0)	(88.0, 1961.0)	(89.0, 1512.0)	(90.0, 1164.0)	(91.0, 993.5)	(92.0, 984.5)	(93.0, 865.0)	(94.0, 608.0)	(95.0, 408.0)	(96.0, 254.0)	(97.0, 176.5)	(98.0, 132.0)	(99.0, 82.5)	(100.0, 36.0)
SRR26260922_2	(0.0, 69365.0)	(1.0, 34690.5)	(2.0, 23.0)	(3.0, 34.5)	(4.0, 47.0)	(5.0, 77.5)	(6.0, 135.5)	(7.0, 187.0)	(8.0, 238.0)	(9.0, 330.0)	(10.0, 442.0)	(11.0, 542.0)	(12.0, 666.5)	(13.0, 808.0)	(14.0, 966.5)	(15.0, 1204.0)	(16.0, 1476.5)	(17.0, 1806.5)	(18.0, 2226.5)	(19.0, 2787.0)	(20.0, 3764.5)	(21.0, 5248.5)	(22.0, 7351.0)	(23.0, 10569.0)	(24.0, 15156.0)	(25.0, 22126.0)	(26.0, 33664.0)	(27.0, 50619.0)	(28.0, 73607.0)	(29.0, 100489.0)	(30.0, 133358.5)	(31.0, 172492.0)	(32.0, 210295.5)	(33.0, 251586.5)	(34.0, 297283.0)	(35.0, 347320.0)	(36.0, 394770.0)	(37.0, 427171.0)	(38.0, 449456.0)	(39.0, 463631.0)	(40.0, 475878.5)	(41.0, 471797.0)	(42.0, 474052.0)	(43.0, 486850.0)	(44.0, 486047.0)	(45.0, 491880.0)	(46.0, 506941.0)	(47.0, 527978.0)	(48.0, 546715.5)	(49.0, 554633.5)	(50.0, 553750.5)	(51.0, 553821.0)	(52.0, 555169.5)	(53.0, 546425.0)	(54.0, 520725.0)	(55.0, 490096.0)	(56.0, 461548.0)	(57.0, 436365.5)	(58.0, 420226.5)	(59.0, 404395.5)	(60.0, 380895.0)	(61.0, 352854.5)	(62.0, 327193.0)	(63.0, 306229.0)	(64.0, 277491.0)	(65.0, 240380.5)	(66.0, 208366.5)	(67.0, 179714.5)	(68.0, 149679.5)	(69.0, 120490.0)	(70.0, 94132.0)	(71.0, 72195.0)	(72.0, 55701.5)	(73.0, 43109.5)	(74.0, 33096.5)	(75.0, 25805.0)	(76.0, 21594.0)	(77.0, 19013.5)	(78.0, 16547.5)	(79.0, 14303.5)	(80.0, 12553.0)	(81.0, 10790.5)	(82.0, 9295.5)	(83.0, 8006.0)	(84.0, 6600.5)	(85.0, 5679.5)	(86.0, 5246.5)	(87.0, 4795.0)	(88.0, 4310.0)	(89.0, 3845.5)	(90.0, 3527.0)	(91.0, 3300.5)	(92.0, 2993.0)	(93.0, 2718.5)	(94.0, 2504.0)	(95.0, 2313.0)	(96.0, 2051.5)	(97.0, 1618.5)	(98.0, 1222.0)	(99.0, 1228.5)	(100.0, 4805.5)
SRR26260923_1	(0.0, 468732.0)	(1.0, 234374.5)	(2.0, 10.5)	(3.0, 3.0)	(4.0, 2.5)	(5.0, 5.5)	(6.0, 9.5)	(7.0, 12.5)	(8.0, 17.5)	(9.0, 34.0)	(10.0, 47.0)	(11.0, 50.5)	(12.0, 77.0)	(13.0, 128.5)	(14.0, 192.5)	(15.0, 309.0)	(16.0, 540.5)	(17.0, 789.5)	(18.0, 1194.5)	(19.0, 1925.0)	(20.0, 3068.0)	(21.0, 4757.5)	(22.0, 6712.5)	(23.0, 8970.5)	(24.0, 11647.5)	(25.0, 14921.5)	(26.0, 19644.5)	(27.0, 25828.0)	(28.0, 33302.0)	(29.0, 43397.5)	(30.0, 54090.0)	(31.0, 63691.5)	(32.0, 73175.5)	(33.0, 84377.5)	(34.0, 97226.0)	(35.0, 109337.0)	(36.0, 126698.0)	(37.0, 151301.5)	(38.0, 173622.0)	(39.0, 190934.5)	(40.0, 210485.5)	(41.0, 240520.5)	(42.0, 281936.5)	(43.0, 314572.0)	(44.0, 340405.0)	(45.0, 379126.5)	(46.0, 421517.5)	(47.0, 452404.5)	(48.0, 474393.5)	(49.0, 483732.0)	(50.0, 485015.0)	(51.0, 493491.0)	(52.0, 495159.5)	(53.0, 485595.0)	(54.0, 470845.5)	(55.0, 448550.5)	(56.0, 411170.0)	(57.0, 376091.0)	(58.0, 362772.0)	(59.0, 354246.5)	(60.0, 336375.5)	(61.0, 313717.5)	(62.0, 292257.0)	(63.0, 266321.5)	(64.0, 237199.0)	(65.0, 210586.5)	(66.0, 184377.0)	(67.0, 157420.0)	(68.0, 130597.0)	(69.0, 103903.0)	(70.0, 78792.5)	(71.0, 57772.5)	(72.0, 42800.0)	(73.0, 32587.0)	(74.0, 24953.0)	(75.0, 19660.5)	(76.0, 15868.5)	(77.0, 12919.5)	(78.0, 10411.0)	(79.0, 8125.5)	(80.0, 6492.0)	(81.0, 5309.0)	(82.0, 4086.0)	(83.0, 3118.5)	(84.0, 2481.0)	(85.0, 2145.5)	(86.0, 2069.5)	(87.0, 1888.0)	(88.0, 1485.5)	(89.0, 1211.0)	(90.0, 1042.5)	(91.0, 859.0)	(92.0, 777.0)	(93.0, 705.0)	(94.0, 539.5)	(95.0, 360.0)	(96.0, 239.5)	(97.0, 165.5)	(98.0, 114.5)	(99.0, 88.5)	(100.0, 48.5)
SRR26260923_2	(0.0, 458784.0)	(1.0, 229402.0)	(2.0, 18.5)	(3.0, 22.5)	(4.0, 36.5)	(5.0, 55.0)	(6.0, 85.0)	(7.0, 113.0)	(8.0, 148.0)	(9.0, 188.0)	(10.0, 234.5)	(11.0, 287.0)	(12.0, 332.0)	(13.0, 392.0)	(14.0, 481.5)	(15.0, 619.5)	(16.0, 764.0)	(17.0, 932.5)	(18.0, 1196.0)	(19.0, 1542.5)	(20.0, 2064.0)	(21.0, 2895.0)	(22.0, 4010.0)	(23.0, 5430.0)	(24.0, 7077.5)	(25.0, 9050.0)	(26.0, 12162.5)	(27.0, 16391.5)	(28.0, 21696.0)	(29.0, 27636.0)	(30.0, 33823.5)	(31.0, 41506.5)	(32.0, 50851.5)	(33.0, 61217.0)	(34.0, 72742.5)	(35.0, 88624.5)	(36.0, 109567.0)	(37.0, 131114.5)	(38.0, 155029.5)	(39.0, 181168.0)	(40.0, 213645.0)	(41.0, 241665.5)	(42.0, 274168.0)	(43.0, 310594.0)	(44.0, 335811.0)	(45.0, 368635.5)	(46.0, 409219.0)	(47.0, 448573.5)	(48.0, 478802.5)	(49.0, 493407.5)	(50.0, 496844.5)	(51.0, 504178.0)	(52.0, 511501.5)	(53.0, 506206.5)	(54.0, 481825.5)	(55.0, 451416.0)	(56.0, 424360.5)	(57.0, 398289.5)	(58.0, 380807.0)	(59.0, 363198.0)	(60.0, 340531.0)	(61.0, 317412.0)	(62.0, 296144.5)	(63.0, 276178.0)	(64.0, 249931.0)	(65.0, 218037.5)	(66.0, 190225.5)	(67.0, 164815.0)	(68.0, 136469.0)	(69.0, 108625.0)	(70.0, 84069.5)	(71.0, 64030.5)	(72.0, 49345.5)	(73.0, 38051.5)	(74.0, 28748.5)	(75.0, 22449.0)	(76.0, 18998.0)	(77.0, 16622.0)	(78.0, 14366.0)	(79.0, 12501.0)	(80.0, 10778.0)	(81.0, 8875.0)	(82.0, 7532.0)	(83.0, 6262.0)	(84.0, 5142.5)	(85.0, 4435.0)	(86.0, 4045.5)	(87.0, 3815.0)	(88.0, 3452.5)	(89.0, 3089.5)	(90.0, 2856.5)	(91.0, 2630.0)	(92.0, 2311.5)	(93.0, 2103.0)	(94.0, 1967.5)	(95.0, 1733.5)	(96.0, 1408.0)	(97.0, 1071.0)	(98.0, 880.0)	(99.0, 1032.5)	(100.0, 5058.0)
SRR26260924_1	(0.0, 47310.0)	(1.0, 23661.0)	(2.0, 9.5)	(3.0, 9.0)	(4.0, 10.5)	(5.0, 12.5)	(6.0, 21.0)	(7.0, 27.0)	(8.0, 30.0)	(9.0, 41.0)	(10.0, 62.0)	(11.0, 93.0)	(12.0, 137.0)	(13.0, 257.0)	(14.0, 362.5)	(15.0, 565.0)	(16.0, 1008.0)	(17.0, 1471.5)	(18.0, 2156.0)	(19.0, 3313.0)	(20.0, 5439.5)	(21.0, 8416.5)	(22.0, 11754.0)	(23.0, 16044.0)	(24.0, 21184.5)	(25.0, 27202.0)	(26.0, 36026.5)	(27.0, 48020.5)	(28.0, 62357.5)	(29.0, 81763.5)	(30.0, 101733.5)	(31.0, 117548.0)	(32.0, 132417.0)	(33.0, 150942.5)	(34.0, 171120.0)	(35.0, 192677.5)	(36.0, 224387.5)	(37.0, 263670.0)	(38.0, 292471.0)	(39.0, 311505.5)	(40.0, 334090.0)	(41.0, 377684.0)	(42.0, 437606.5)	(43.0, 480120.5)	(44.0, 524394.5)	(45.0, 580113.5)	(46.0, 628930.0)	(47.0, 669930.0)	(48.0, 695653.5)	(49.0, 699957.5)	(50.0, 702303.5)	(51.0, 714164.0)	(52.0, 711625.0)	(53.0, 700713.5)	(54.0, 679786.0)	(55.0, 638367.0)	(56.0, 581903.5)	(57.0, 538446.5)	(58.0, 528615.0)	(59.0, 517248.0)	(60.0, 488383.0)	(61.0, 457394.5)	(62.0, 428002.0)	(63.0, 388762.0)	(64.0, 343903.0)	(65.0, 301740.0)	(66.0, 260289.0)	(67.0, 221913.0)	(68.0, 185192.0)	(69.0, 146260.0)	(70.0, 109656.0)	(71.0, 80890.5)	(72.0, 60446.5)	(73.0, 46291.0)	(74.0, 35538.0)	(75.0, 27929.0)	(76.0, 22319.0)	(77.0, 18136.5)	(78.0, 14615.5)	(79.0, 11133.0)	(80.0, 8885.5)	(81.0, 7170.0)	(82.0, 5524.0)	(83.0, 4255.0)	(84.0, 3344.5)	(85.0, 2861.5)	(86.0, 2806.0)	(87.0, 2602.0)	(88.0, 2056.0)	(89.0, 1564.5)	(90.0, 1228.0)	(91.0, 1068.0)	(92.0, 1127.0)	(93.0, 1046.5)	(94.0, 707.0)	(95.0, 435.0)	(96.0, 292.0)	(97.0, 214.5)	(98.0, 172.5)	(99.0, 129.0)	(100.0, 51.5)
SRR26260924_2	(0.0, 42499.0)	(1.0, 21266.5)	(2.0, 25.5)	(3.0, 22.0)	(4.0, 36.0)	(5.0, 57.5)	(6.0, 89.0)	(7.0, 135.0)	(8.0, 182.0)	(9.0, 225.5)	(10.0, 292.5)	(11.0, 365.5)	(12.0, 442.0)	(13.0, 548.5)	(14.0, 672.0)	(15.0, 884.0)	(16.0, 1264.0)	(17.0, 1573.0)	(18.0, 1993.0)	(19.0, 2678.5)	(20.0, 3605.0)	(21.0, 5073.0)	(22.0, 7090.0)	(23.0, 9833.5)	(24.0, 13212.0)	(25.0, 17269.5)	(26.0, 23178.0)	(27.0, 30953.0)	(28.0, 40544.0)	(29.0, 51228.0)	(30.0, 63003.0)	(31.0, 76760.0)	(32.0, 92101.0)	(33.0, 109472.0)	(34.0, 128803.0)	(35.0, 154770.0)	(36.0, 189147.0)	(37.0, 222671.0)	(38.0, 255694.0)	(39.0, 289872.5)	(40.0, 337757.0)	(41.0, 373663.5)	(42.0, 412062.5)	(43.0, 464469.5)	(44.0, 502184.0)	(45.0, 548422.0)	(46.0, 603442.0)	(47.0, 654326.0)	(48.0, 696728.5)	(49.0, 718663.5)	(50.0, 722419.0)	(51.0, 733114.0)	(52.0, 739943.5)	(53.0, 728596.5)	(54.0, 695118.0)	(55.0, 653047.0)	(56.0, 615407.5)	(57.0, 581123.5)	(58.0, 559873.0)	(59.0, 537071.5)	(60.0, 503881.0)	(61.0, 469565.5)	(62.0, 438004.5)	(63.0, 408354.5)	(64.0, 368297.0)	(65.0, 319819.0)	(66.0, 277591.0)	(67.0, 240533.0)	(68.0, 200638.5)	(69.0, 161057.0)	(70.0, 126178.5)	(71.0, 96958.0)	(72.0, 75004.5)	(73.0, 57979.0)	(74.0, 44616.0)	(75.0, 35178.0)	(76.0, 29424.5)	(77.0, 25574.0)	(78.0, 22244.0)	(79.0, 19313.5)	(80.0, 16586.0)	(81.0, 13893.5)	(82.0, 11877.0)	(83.0, 10160.0)	(84.0, 8419.5)	(85.0, 7221.0)	(86.0, 6580.5)	(87.0, 5901.5)	(88.0, 5451.0)	(89.0, 4980.5)	(90.0, 4472.5)	(91.0, 4200.0)	(92.0, 3737.0)	(93.0, 3276.0)	(94.0, 2953.0)	(95.0, 2696.0)	(96.0, 2335.0)	(97.0, 1822.0)	(98.0, 1475.5)	(99.0, 1584.0)	(100.0, 6468.5)
SRR26260925_1	(0.0, 20002.0)	(1.0, 10006.5)	(2.0, 9.5)	(3.0, 10.5)	(4.0, 10.5)	(5.0, 9.0)	(6.0, 14.5)	(7.0, 20.5)	(8.0, 23.0)	(9.0, 32.5)	(10.0, 49.5)	(11.0, 63.5)	(12.0, 94.0)	(13.0, 166.5)	(14.0, 243.0)	(15.0, 411.0)	(16.0, 739.5)	(17.0, 1139.5)	(18.0, 1737.0)	(19.0, 2747.0)	(20.0, 4727.0)	(21.0, 7646.0)	(22.0, 10782.0)	(23.0, 14413.0)	(24.0, 18557.0)	(25.0, 23805.0)	(26.0, 31250.0)	(27.0, 41074.0)	(28.0, 53417.5)	(29.0, 69467.5)	(30.0, 86093.0)	(31.0, 100672.0)	(32.0, 114330.0)	(33.0, 130673.0)	(34.0, 148950.0)	(35.0, 167321.5)	(36.0, 197587.5)	(37.0, 233006.0)	(38.0, 259980.5)	(39.0, 287176.0)	(40.0, 319809.5)	(41.0, 371063.5)	(42.0, 434049.0)	(43.0, 473855.0)	(44.0, 509918.5)	(45.0, 553712.5)	(46.0, 586062.5)	(47.0, 610869.0)	(48.0, 625428.0)	(49.0, 629314.5)	(50.0, 634028.0)	(51.0, 644571.0)	(52.0, 642440.5)	(53.0, 631431.5)	(54.0, 617664.5)	(55.0, 584941.5)	(56.0, 533258.0)	(57.0, 493620.0)	(58.0, 483343.0)	(59.0, 476102.5)	(60.0, 455015.5)	(61.0, 428987.0)	(62.0, 399619.5)	(63.0, 360767.0)	(64.0, 320365.5)	(65.0, 280294.0)	(66.0, 241493.5)	(67.0, 206337.5)	(68.0, 171303.5)	(69.0, 134795.0)	(70.0, 100658.0)	(71.0, 73669.0)	(72.0, 54572.5)	(73.0, 41636.0)	(74.0, 32343.5)	(75.0, 25693.0)	(76.0, 20632.5)	(77.0, 16707.5)	(78.0, 13760.0)	(79.0, 10998.5)	(80.0, 9190.5)	(81.0, 7766.5)	(82.0, 6109.0)	(83.0, 4797.0)	(84.0, 3837.5)	(85.0, 3295.5)	(86.0, 3396.0)	(87.0, 3243.0)	(88.0, 2551.5)	(89.0, 2001.5)	(90.0, 1652.5)	(91.0, 1473.5)	(92.0, 1475.5)	(93.0, 1337.0)	(94.0, 899.5)	(95.0, 536.0)	(96.0, 321.0)	(97.0, 211.5)	(98.0, 157.5)	(99.0, 105.5)	(100.0, 48.0)
SRR26260925_2	(0.0, 18487.0)	(1.0, 9246.5)	(2.0, 17.0)	(3.0, 25.5)	(4.0, 30.5)	(5.0, 52.5)	(6.0, 77.0)	(7.0, 95.0)	(8.0, 133.5)	(9.0, 195.5)	(10.0, 235.5)	(11.0, 278.0)	(12.0, 353.0)	(13.0, 442.0)	(14.0, 531.5)	(15.0, 695.5)	(16.0, 972.0)	(17.0, 1253.0)	(18.0, 1637.0)	(19.0, 2145.5)	(20.0, 2980.0)	(21.0, 4200.0)	(22.0, 5790.0)	(23.0, 7957.5)	(24.0, 10621.0)	(25.0, 14006.0)	(26.0, 18765.0)	(27.0, 25323.0)	(28.0, 33620.0)	(29.0, 42133.0)	(30.0, 51169.0)	(31.0, 62719.5)	(32.0, 75874.0)	(33.0, 89507.5)	(34.0, 105581.0)	(35.0, 129305.0)	(36.0, 160645.5)	(37.0, 193387.5)	(38.0, 230545.5)	(39.0, 271268.5)	(40.0, 319805.0)	(41.0, 359916.5)	(42.0, 405158.5)	(43.0, 456401.0)	(44.0, 489534.0)	(45.0, 524758.5)	(46.0, 562574.0)	(47.0, 597998.0)	(48.0, 626827.0)	(49.0, 645549.5)	(50.0, 652789.0)	(51.0, 660293.0)	(52.0, 667713.5)	(53.0, 659428.0)	(54.0, 633338.0)	(55.0, 599677.0)	(56.0, 564670.5)	(57.0, 533809.5)	(58.0, 516733.0)	(59.0, 499027.5)	(60.0, 472270.5)	(61.0, 442160.0)	(62.0, 410370.5)	(63.0, 382542.5)	(64.0, 345801.0)	(65.0, 298329.5)	(66.0, 259780.5)	(67.0, 225579.0)	(68.0, 187545.0)	(69.0, 149846.5)	(70.0, 115899.5)	(71.0, 88611.5)	(72.0, 68073.0)	(73.0, 52141.0)	(74.0, 39936.0)	(75.0, 31721.0)	(76.0, 26760.5)	(77.0, 23345.5)	(78.0, 20282.5)	(79.0, 17547.5)	(80.0, 15439.5)	(81.0, 13415.5)	(82.0, 11684.5)	(83.0, 9954.5)	(84.0, 8259.5)	(85.0, 7024.0)	(86.0, 6281.0)	(87.0, 5741.0)	(88.0, 5174.0)	(89.0, 4738.5)	(90.0, 4398.0)	(91.0, 4019.0)	(92.0, 3639.5)	(93.0, 3282.5)	(94.0, 2961.5)	(95.0, 2732.5)	(96.0, 2332.5)	(97.0, 1767.5)	(98.0, 1338.5)	(99.0, 1334.0)	(100.0, 5551.0)
SRR26260926_1	(0.0, 165613.0)	(1.0, 82809.5)	(2.0, 5.5)	(3.0, 6.0)	(4.0, 10.5)	(5.0, 15.5)	(6.0, 16.5)	(7.0, 17.5)	(8.0, 21.5)	(9.0, 35.0)	(10.0, 49.0)	(11.0, 67.0)	(12.0, 107.0)	(13.0, 160.5)	(14.0, 241.0)	(15.0, 420.0)	(16.0, 735.5)	(17.0, 1075.5)	(18.0, 1617.5)	(19.0, 2514.0)	(20.0, 4228.5)	(21.0, 6728.5)	(22.0, 9576.5)	(23.0, 12903.5)	(24.0, 16660.0)	(25.0, 21395.0)	(26.0, 27806.5)	(27.0, 36841.0)	(28.0, 48368.0)	(29.0, 63339.0)	(30.0, 78899.0)	(31.0, 92843.0)	(32.0, 106160.5)	(33.0, 121633.0)	(34.0, 140270.5)	(35.0, 160147.5)	(36.0, 191240.0)	(37.0, 229422.5)	(38.0, 261458.0)	(39.0, 291702.0)	(40.0, 325749.5)	(41.0, 378967.5)	(42.0, 443420.5)	(43.0, 483513.0)	(44.0, 519037.0)	(45.0, 563327.5)	(46.0, 599973.0)	(47.0, 626866.5)	(48.0, 642059.0)	(49.0, 645482.5)	(50.0, 649122.5)	(51.0, 660016.0)	(52.0, 655589.5)	(53.0, 642617.5)	(54.0, 626327.5)	(55.0, 594234.5)	(56.0, 544419.5)	(57.0, 502910.5)	(58.0, 491907.0)	(59.0, 484289.5)	(60.0, 462671.0)	(61.0, 434797.0)	(62.0, 404898.0)	(63.0, 367364.0)	(64.0, 325390.0)	(65.0, 284858.5)	(66.0, 246832.0)	(67.0, 210740.5)	(68.0, 174280.0)	(69.0, 137452.0)	(70.0, 102868.0)	(71.0, 74682.0)	(72.0, 55183.5)	(73.0, 41894.0)	(74.0, 32113.5)	(75.0, 25345.0)	(76.0, 20156.5)	(77.0, 16322.5)	(78.0, 13090.0)	(79.0, 10131.0)	(80.0, 8278.0)	(81.0, 6640.0)	(82.0, 5121.5)	(83.0, 3966.5)	(84.0, 3155.0)	(85.0, 2737.5)	(86.0, 2602.5)	(87.0, 2377.0)	(88.0, 1956.5)	(89.0, 1569.0)	(90.0, 1235.0)	(91.0, 1000.5)	(92.0, 979.0)	(93.0, 872.5)	(94.0, 593.5)	(95.0, 376.5)	(96.0, 252.5)	(97.0, 183.0)	(98.0, 120.5)	(99.0, 77.0)	(100.0, 30.5)
SRR26260926_2	(0.0, 160930.0)	(1.0, 80471.0)	(2.0, 16.5)	(3.0, 25.0)	(4.0, 38.5)	(5.0, 59.0)	(6.0, 100.5)	(7.0, 129.0)	(8.0, 149.5)	(9.0, 193.0)	(10.0, 235.0)	(11.0, 298.5)	(12.0, 390.5)	(13.0, 491.0)	(14.0, 592.5)	(15.0, 771.0)	(16.0, 1005.0)	(17.0, 1266.0)	(18.0, 1591.5)	(19.0, 2056.5)	(20.0, 2800.0)	(21.0, 3810.0)	(22.0, 5208.5)	(23.0, 7168.0)	(24.0, 9640.5)	(25.0, 12466.0)	(26.0, 16593.5)	(27.0, 22344.5)	(28.0, 29436.5)	(29.0, 37051.0)	(30.0, 45343.5)	(31.0, 55832.0)	(32.0, 68255.0)	(33.0, 82070.5)	(34.0, 98552.5)	(35.0, 123032.5)	(36.0, 156798.5)	(37.0, 192569.5)	(38.0, 232400.5)	(39.0, 275096.5)	(40.0, 324857.0)	(41.0, 366963.0)	(42.0, 414726.0)	(43.0, 466428.5)	(44.0, 498414.0)	(45.0, 533513.5)	(46.0, 574402.0)	(47.0, 613852.0)	(48.0, 645870.0)	(49.0, 664027.0)	(50.0, 667124.0)	(51.0, 672681.0)	(52.0, 679147.5)	(53.0, 670468.0)	(54.0, 643906.5)	(55.0, 610155.0)	(56.0, 575347.5)	(57.0, 543540.0)	(58.0, 524776.0)	(59.0, 505366.5)	(60.0, 477962.0)	(61.0, 448392.0)	(62.0, 417046.5)	(63.0, 387818.0)	(64.0, 349785.5)	(65.0, 303128.0)	(66.0, 264279.0)	(67.0, 227946.0)	(68.0, 188789.0)	(69.0, 151480.0)	(70.0, 117468.5)	(71.0, 88995.0)	(72.0, 67747.5)	(73.0, 52042.5)	(74.0, 39934.0)	(75.0, 31312.0)	(76.0, 26237.5)	(77.0, 22801.0)	(78.0, 19692.0)	(79.0, 16994.0)	(80.0, 14685.5)	(81.0, 12417.5)	(82.0, 10661.5)	(83.0, 8948.5)	(84.0, 7328.5)	(85.0, 6235.0)	(86.0, 5636.5)	(87.0, 5223.5)	(88.0, 4764.5)	(89.0, 4376.5)	(90.0, 4057.5)	(91.0, 3644.0)	(92.0, 3226.0)	(93.0, 2927.0)	(94.0, 2620.5)	(95.0, 2333.5)	(96.0, 2021.0)	(97.0, 1570.5)	(98.0, 1227.0)	(99.0, 1318.0)	(100.0, 4566.0)
SRR26260927_1	(0.0, 29084.0)	(1.0, 14546.5)	(2.0, 5.0)	(3.0, 3.0)	(4.0, 5.0)	(5.0, 8.5)	(6.0, 10.0)	(7.0, 12.5)	(8.0, 22.5)	(9.0, 33.5)	(10.0, 43.5)	(11.0, 59.5)	(12.0, 78.0)	(13.0, 142.5)	(14.0, 249.5)	(15.0, 389.0)	(16.0, 643.0)	(17.0, 975.0)	(18.0, 1473.5)	(19.0, 2220.0)	(20.0, 3768.5)	(21.0, 6005.5)	(22.0, 8311.5)	(23.0, 11180.0)	(24.0, 14560.5)	(25.0, 18843.5)	(26.0, 25039.5)	(27.0, 33807.0)	(28.0, 45128.5)	(29.0, 60521.5)	(30.0, 77646.0)	(31.0, 92765.0)	(32.0, 107333.5)	(33.0, 127336.5)	(34.0, 151906.5)	(35.0, 180563.0)	(36.0, 224806.5)	(37.0, 273644.5)	(38.0, 311537.5)	(39.0, 348074.5)	(40.0, 384621.5)	(41.0, 437072.0)	(42.0, 501272.0)	(43.0, 535467.0)	(44.0, 566593.5)	(45.0, 607064.5)	(46.0, 636166.0)	(47.0, 658779.0)	(48.0, 665202.5)	(49.0, 661228.0)	(50.0, 662362.0)	(51.0, 668770.5)	(52.0, 663103.5)	(53.0, 650399.0)	(54.0, 632392.5)	(55.0, 595626.5)	(56.0, 540680.0)	(57.0, 496661.5)	(58.0, 485465.5)	(59.0, 475563.5)	(60.0, 450955.0)	(61.0, 423807.0)	(62.0, 394007.5)	(63.0, 354839.5)	(64.0, 312115.5)	(65.0, 271391.5)	(66.0, 233430.0)	(67.0, 198100.0)	(68.0, 163412.5)	(69.0, 128549.5)	(70.0, 96345.0)	(71.0, 70320.0)	(72.0, 51848.5)	(73.0, 39345.0)	(74.0, 30194.5)	(75.0, 23502.0)	(76.0, 18372.0)	(77.0, 14845.0)	(78.0, 11965.5)	(79.0, 9149.0)	(80.0, 7310.0)	(81.0, 5987.0)	(82.0, 4765.5)	(83.0, 3684.5)	(84.0, 2890.5)	(85.0, 2469.0)	(86.0, 2470.0)	(87.0, 2261.5)	(88.0, 1688.5)	(89.0, 1308.0)	(90.0, 1043.5)	(91.0, 883.0)	(92.0, 954.5)	(93.0, 871.5)	(94.0, 552.5)	(95.0, 345.0)	(96.0, 228.5)	(97.0, 169.5)	(98.0, 118.0)	(99.0, 82.0)	(100.0, 40.0)
SRR26260927_2	(0.0, 26975.0)	(1.0, 13492.5)	(2.0, 13.5)	(3.0, 23.0)	(4.0, 41.0)	(5.0, 65.5)	(6.0, 85.0)	(7.0, 131.5)	(8.0, 193.5)	(9.0, 235.5)	(10.0, 284.0)	(11.0, 357.0)	(12.0, 426.5)	(13.0, 523.5)	(14.0, 685.5)	(15.0, 884.0)	(16.0, 1103.5)	(17.0, 1367.5)	(18.0, 1738.0)	(19.0, 2255.5)	(20.0, 2969.5)	(21.0, 3973.0)	(22.0, 5249.0)	(23.0, 6975.5)	(24.0, 9167.0)	(25.0, 11981.5)	(26.0, 16300.5)	(27.0, 22381.5)	(28.0, 29945.0)	(29.0, 38483.5)	(30.0, 48843.0)	(31.0, 61637.5)	(32.0, 76408.0)	(33.0, 94352.5)	(34.0, 116739.0)	(35.0, 150326.0)	(36.0, 193319.0)	(37.0, 238467.0)	(38.0, 288114.5)	(39.0, 335586.5)	(40.0, 388211.0)	(41.0, 430252.5)	(42.0, 474916.5)	(43.0, 519841.5)	(44.0, 544967.0)	(45.0, 574384.5)	(46.0, 606027.5)	(47.0, 638148.0)	(48.0, 663649.5)	(49.0, 677264.5)	(50.0, 676730.0)	(51.0, 677572.5)	(52.0, 682682.5)	(53.0, 672659.0)	(54.0, 640871.5)	(55.0, 601682.0)	(56.0, 562702.0)	(57.0, 529611.5)	(58.0, 513320.0)	(59.0, 493821.5)	(60.0, 465487.0)	(61.0, 434543.5)	(62.0, 403419.0)	(63.0, 375875.0)	(64.0, 336168.0)	(65.0, 289054.0)	(66.0, 251458.5)	(67.0, 215770.5)	(68.0, 177798.0)	(69.0, 142415.0)	(70.0, 110628.5)	(71.0, 84128.5)	(72.0, 64401.0)	(73.0, 49492.0)	(74.0, 37618.0)	(75.0, 29484.0)	(76.0, 24962.0)	(77.0, 21703.5)	(78.0, 18680.0)	(79.0, 16113.0)	(80.0, 13813.5)	(81.0, 11612.0)	(82.0, 9983.5)	(83.0, 8577.0)	(84.0, 6987.5)	(85.0, 5904.5)	(86.0, 5320.5)	(87.0, 4891.5)	(88.0, 4558.5)	(89.0, 4117.0)	(90.0, 3779.5)	(91.0, 3501.5)	(92.0, 3208.5)	(93.0, 2902.5)	(94.0, 2602.5)	(95.0, 2377.5)	(96.0, 2037.5)	(97.0, 1549.5)	(98.0, 1166.0)	(99.0, 1183.0)	(100.0, 4356.5)
SRR26260934_1	(0.0, 60477.0)	(1.0, 30271.0)	(2.0, 71.0)	(3.0, 95.5)	(4.0, 129.0)	(5.0, 164.0)	(6.0, 183.5)	(7.0, 198.0)	(8.0, 244.5)	(9.0, 327.5)	(10.0, 408.5)	(11.0, 509.5)	(12.0, 646.5)	(13.0, 825.5)	(14.0, 1134.0)	(15.0, 1567.5)	(16.0, 2191.0)	(17.0, 3282.0)	(18.0, 5009.0)	(19.0, 7581.0)	(20.0, 11449.5)	(21.0, 17154.0)	(22.0, 25578.0)	(23.0, 36786.0)	(24.0, 52220.0)	(25.0, 73181.0)	(26.0, 99593.0)	(27.0, 135210.0)	(28.0, 180819.0)	(29.0, 236802.0)	(30.0, 302199.5)	(31.0, 376577.5)	(32.0, 453921.5)	(33.0, 516850.5)	(34.0, 573421.5)	(35.0, 630403.0)	(36.0, 675126.5)	(37.0, 702019.0)	(38.0, 717625.0)	(39.0, 726499.5)	(40.0, 717765.5)	(41.0, 698891.5)	(42.0, 684648.0)	(43.0, 669487.0)	(44.0, 652281.5)	(45.0, 641834.0)	(46.0, 631451.5)	(47.0, 620611.0)	(48.0, 615856.5)	(49.0, 610958.5)	(50.0, 601737.0)	(51.0, 587685.0)	(52.0, 562377.0)	(53.0, 529261.0)	(54.0, 501720.5)	(55.0, 480952.5)	(56.0, 462559.5)	(57.0, 447517.5)	(58.0, 431319.5)	(59.0, 405546.5)	(60.0, 375789.0)	(61.0, 360141.5)	(62.0, 353552.0)	(63.0, 325444.5)	(64.0, 264826.5)	(65.0, 209860.5)	(66.0, 194342.0)	(67.0, 170568.5)	(68.0, 135218.5)	(69.0, 113358.5)	(70.0, 99051.5)	(71.0, 101566.0)	(72.0, 105832.0)	(73.0, 109271.0)	(74.0, 120451.0)	(75.0, 132849.0)	(76.0, 137972.5)	(77.0, 207449.0)	(78.0, 255208.0)	(79.0, 191684.0)	(80.0, 137772.5)	(81.0, 128371.0)	(82.0, 144816.5)	(83.0, 123011.5)	(84.0, 89753.0)	(85.0, 88911.5)	(86.0, 102732.5)	(87.0, 116940.5)	(88.0, 93468.5)	(89.0, 48421.5)	(90.0, 16634.5)	(91.0, 6762.5)	(92.0, 3924.5)	(93.0, 2742.5)	(94.0, 1857.5)	(95.0, 1298.5)	(96.0, 925.5)	(97.0, 590.0)	(98.0, 370.5)	(99.0, 552.0)	(100.0, 840.0)
SRR26260934_2	(0.0, 62283.0)	(1.0, 31627.0)	(2.0, 885.0)	(3.0, 725.5)	(4.0, 626.5)	(5.0, 577.0)	(6.0, 556.0)	(7.0, 586.0)	(8.0, 593.0)	(9.0, 624.5)	(10.0, 716.5)	(11.0, 835.0)	(12.0, 1015.0)	(13.0, 1272.5)	(14.0, 1651.0)	(15.0, 2193.0)	(16.0, 2946.0)	(17.0, 4248.5)	(18.0, 6346.0)	(19.0, 9406.5)	(20.0, 13946.0)	(21.0, 20539.5)	(22.0, 30161.5)	(23.0, 43879.0)	(24.0, 62840.5)	(25.0, 88047.0)	(26.0, 120584.0)	(27.0, 161516.5)	(28.0, 212086.0)	(29.0, 273107.0)	(30.0, 342395.5)	(31.0, 418698.0)	(32.0, 492608.5)	(33.0, 552729.0)	(34.0, 604346.5)	(35.0, 651621.5)	(36.0, 686999.5)	(37.0, 706013.0)	(38.0, 707846.5)	(39.0, 701990.5)	(40.0, 691728.5)	(41.0, 674385.0)	(42.0, 655367.0)	(43.0, 637479.0)	(44.0, 622298.0)	(45.0, 610579.5)	(46.0, 601932.5)	(47.0, 593628.5)	(48.0, 584973.0)	(49.0, 576369.5)	(50.0, 563747.5)	(51.0, 546289.5)	(52.0, 525224.5)	(53.0, 504657.0)	(54.0, 494537.5)	(55.0, 487596.5)	(56.0, 474651.0)	(57.0, 457417.0)	(58.0, 436399.0)	(59.0, 409570.5)	(60.0, 381073.0)	(61.0, 376636.5)	(62.0, 355453.0)	(63.0, 299727.0)	(64.0, 267603.0)	(65.0, 236815.0)	(66.0, 192349.5)	(67.0, 156150.0)	(68.0, 127624.0)	(69.0, 112306.0)	(70.0, 104470.5)	(71.0, 103375.5)	(72.0, 107903.0)	(73.0, 99762.5)	(74.0, 98689.5)	(75.0, 132186.5)	(76.0, 159335.0)	(77.0, 191167.5)	(78.0, 236141.0)	(79.0, 196758.5)	(80.0, 131807.5)	(81.0, 124953.0)	(82.0, 121189.0)	(83.0, 111831.5)	(84.0, 112397.0)	(85.0, 117033.0)	(86.0, 125570.0)	(87.0, 124013.5)	(88.0, 84034.5)	(89.0, 39240.5)	(90.0, 21362.0)	(91.0, 12720.5)	(92.0, 8588.5)	(93.0, 7168.0)	(94.0, 6359.5)	(95.0, 5768.5)	(96.0, 5054.5)	(97.0, 4123.0)	(98.0, 3015.5)	(99.0, 2371.0)	(100.0, 6682.5)
SRR26260935_1	(0.0, 53441.0)	(1.0, 26771.5)	(2.0, 93.0)	(3.0, 98.0)	(4.0, 128.5)	(5.0, 173.5)	(6.0, 218.5)	(7.0, 263.0)	(8.0, 333.5)	(9.0, 409.5)	(10.0, 526.0)	(11.0, 685.5)	(12.0, 906.5)	(13.0, 1281.5)	(14.0, 1838.5)	(15.0, 2678.0)	(16.0, 4042.0)	(17.0, 6299.0)	(18.0, 10021.5)	(19.0, 15965.5)	(20.0, 25097.5)	(21.0, 38358.0)	(22.0, 57749.0)	(23.0, 84375.0)	(24.0, 119486.0)	(25.0, 164147.5)	(26.0, 218813.5)	(27.0, 282773.5)	(28.0, 354003.5)	(29.0, 427459.0)	(30.0, 501418.5)	(31.0, 574788.5)	(32.0, 642094.5)	(33.0, 696987.0)	(34.0, 744791.0)	(35.0, 782333.0)	(36.0, 806981.5)	(37.0, 826368.5)	(38.0, 838442.5)	(39.0, 841176.5)	(40.0, 833688.5)	(41.0, 820890.0)	(42.0, 809461.5)	(43.0, 787766.0)	(44.0, 759945.0)	(45.0, 745558.5)	(46.0, 729202.0)	(47.0, 712221.0)	(48.0, 700961.5)	(49.0, 684333.0)	(50.0, 663233.5)	(51.0, 639553.5)	(52.0, 614010.5)	(53.0, 576522.5)	(54.0, 537034.5)	(55.0, 507231.5)	(56.0, 478962.0)	(57.0, 453714.5)	(58.0, 423712.5)	(59.0, 391433.5)	(60.0, 374272.0)	(61.0, 362654.5)	(62.0, 324298.0)	(63.0, 279448.5)	(64.0, 238803.5)	(65.0, 195931.0)	(66.0, 180087.5)	(67.0, 163301.5)	(68.0, 132604.0)	(69.0, 108500.5)	(70.0, 96841.0)	(71.0, 99166.5)	(72.0, 93111.5)	(73.0, 89683.5)	(74.0, 98565.0)	(75.0, 112820.5)	(76.0, 110910.5)	(77.0, 137371.0)	(78.0, 159075.0)	(79.0, 121480.5)	(80.0, 96570.5)	(81.0, 87037.0)	(82.0, 77860.0)	(83.0, 60491.0)	(84.0, 48390.5)	(85.0, 41342.5)	(86.0, 36144.5)	(87.0, 37680.5)	(88.0, 28322.5)	(89.0, 15141.0)	(90.0, 6683.0)	(91.0, 2556.0)	(92.0, 1280.5)	(93.0, 830.5)	(94.0, 559.5)	(95.0, 398.5)	(96.0, 281.0)	(97.0, 213.5)	(98.0, 238.0)	(99.0, 710.5)	(100.0, 884.0)
SRR26260935_2	(0.0, 55555.0)	(1.0, 28256.5)	(2.0, 865.5)	(3.0, 714.0)	(4.0, 656.5)	(5.0, 654.0)	(6.0, 639.5)	(7.0, 649.0)	(8.0, 698.0)	(9.0, 755.0)	(10.0, 846.5)	(11.0, 1008.0)	(12.0, 1236.0)	(13.0, 1614.5)	(14.0, 2178.0)	(15.0, 2979.5)	(16.0, 4192.0)	(17.0, 6372.5)	(18.0, 10047.5)	(19.0, 15840.5)	(20.0, 24818.0)	(21.0, 38455.0)	(22.0, 58592.0)	(23.0, 86612.5)	(24.0, 123487.0)	(25.0, 169799.5)	(26.0, 226017.5)	(27.0, 289768.5)	(28.0, 358551.5)	(29.0, 431950.0)	(30.0, 505652.5)	(31.0, 576375.5)	(32.0, 641639.0)	(33.0, 694301.0)	(34.0, 735657.5)	(35.0, 770074.5)	(36.0, 796082.5)	(37.0, 813998.0)	(38.0, 820632.0)	(39.0, 819464.5)	(40.0, 815119.5)	(41.0, 801432.5)	(42.0, 780476.0)	(43.0, 760546.5)	(44.0, 741657.0)	(45.0, 724127.5)	(46.0, 707850.0)	(47.0, 691237.5)	(48.0, 675902.0)	(49.0, 661690.0)	(50.0, 643405.0)	(51.0, 618475.5)	(52.0, 591474.0)	(53.0, 564951.0)	(54.0, 543734.0)	(55.0, 527197.5)	(56.0, 506374.0)	(57.0, 477314.0)	(58.0, 446230.0)	(59.0, 414138.0)	(60.0, 384991.5)	(61.0, 368339.5)	(62.0, 343718.0)	(63.0, 308612.0)	(64.0, 270503.0)	(65.0, 222392.0)	(66.0, 182445.0)	(67.0, 153612.5)	(68.0, 125730.5)	(69.0, 107378.0)	(70.0, 99096.0)	(71.0, 99299.5)	(72.0, 101283.5)	(73.0, 89217.0)	(74.0, 81719.0)	(75.0, 97199.5)	(76.0, 116510.0)	(77.0, 153529.5)	(78.0, 174621.0)	(79.0, 132823.0)	(80.0, 84689.5)	(81.0, 74587.0)	(82.0, 74281.5)	(83.0, 66590.0)	(84.0, 63138.5)	(85.0, 56336.0)	(86.0, 50237.0)	(87.0, 45677.0)	(88.0, 33419.0)	(89.0, 20856.5)	(90.0, 13436.0)	(91.0, 8687.5)	(92.0, 6434.5)	(93.0, 5149.5)	(94.0, 4105.5)	(95.0, 3231.5)	(96.0, 2479.0)	(97.0, 1823.5)	(98.0, 1366.0)	(99.0, 1227.5)	(100.0, 3644.0)
SRR26260936_1	(0.0, 49276.0)	(1.0, 24678.0)	(2.0, 84.5)	(3.0, 101.5)	(4.0, 115.5)	(5.0, 136.0)	(6.0, 180.0)	(7.0, 233.0)	(8.0, 265.5)	(9.0, 323.5)	(10.0, 442.0)	(11.0, 621.0)	(12.0, 835.5)	(13.0, 1134.5)	(14.0, 1614.0)	(15.0, 2313.5)	(16.0, 3401.5)	(17.0, 5166.5)	(18.0, 7989.5)	(19.0, 12429.5)	(20.0, 19067.5)	(21.0, 28638.0)	(22.0, 42608.5)	(23.0, 61212.0)	(24.0, 85775.0)	(25.0, 117794.5)	(26.0, 158887.0)	(27.0, 210044.0)	(28.0, 269746.5)	(29.0, 334652.5)	(30.0, 403542.5)	(31.0, 476309.0)	(32.0, 545550.0)	(33.0, 601593.5)	(34.0, 649528.0)	(35.0, 687730.5)	(36.0, 714934.5)	(37.0, 733966.5)	(38.0, 743783.5)	(39.0, 746890.0)	(40.0, 741883.0)	(41.0, 733051.5)	(42.0, 726188.0)	(43.0, 708502.0)	(44.0, 682737.0)	(45.0, 669377.5)	(46.0, 657441.5)	(47.0, 646478.0)	(48.0, 637225.0)	(49.0, 624098.5)	(50.0, 609358.0)	(51.0, 592965.5)	(52.0, 574388.5)	(53.0, 538335.5)	(54.0, 501025.5)	(55.0, 477429.5)	(56.0, 455703.0)	(57.0, 437524.0)	(58.0, 414008.5)	(59.0, 387549.0)	(60.0, 382940.0)	(61.0, 387426.5)	(62.0, 348507.5)	(63.0, 297054.5)	(64.0, 258078.5)	(65.0, 215105.0)	(66.0, 204564.5)	(67.0, 188855.5)	(68.0, 154634.5)	(69.0, 127273.0)	(70.0, 107130.0)	(71.0, 108321.0)	(72.0, 112043.5)	(73.0, 124108.0)	(74.0, 142786.0)	(75.0, 163900.0)	(76.0, 167601.0)	(77.0, 218351.0)	(78.0, 262812.5)	(79.0, 204020.5)	(80.0, 167232.5)	(81.0, 165866.5)	(82.0, 164595.0)	(83.0, 130746.5)	(84.0, 97850.0)	(85.0, 89127.5)	(86.0, 98635.0)	(87.0, 121771.0)	(88.0, 98599.5)	(89.0, 58590.0)	(90.0, 27299.0)	(91.0, 9311.0)	(92.0, 4670.5)	(93.0, 2883.5)	(94.0, 1852.0)	(95.0, 1258.5)	(96.0, 868.5)	(97.0, 661.0)	(98.0, 448.0)	(99.0, 818.5)	(100.0, 1108.5)
SRR26260936_2	(0.0, 51534.0)	(1.0, 26286.5)	(2.0, 909.5)	(3.0, 725.5)	(4.0, 649.0)	(5.0, 629.0)	(6.0, 614.5)	(7.0, 612.0)	(8.0, 648.5)	(9.0, 700.0)	(10.0, 819.0)	(11.0, 1020.0)	(12.0, 1227.5)	(13.0, 1516.0)	(14.0, 1988.5)	(15.0, 2680.5)	(16.0, 3693.5)	(17.0, 5307.0)	(18.0, 7968.5)	(19.0, 12148.0)	(20.0, 18574.0)	(21.0, 28107.5)	(22.0, 41630.0)	(23.0, 60634.0)	(24.0, 86718.0)	(25.0, 120518.5)	(26.0, 163176.0)	(27.0, 214269.5)	(28.0, 273819.5)	(29.0, 340492.0)	(30.0, 411117.5)	(31.0, 481954.0)	(32.0, 547155.5)	(33.0, 601852.5)	(34.0, 643202.0)	(35.0, 676875.5)	(36.0, 703999.0)	(37.0, 720846.5)	(38.0, 728197.0)	(39.0, 728703.5)	(40.0, 723905.0)	(41.0, 711780.0)	(42.0, 696196.5)	(43.0, 679379.5)	(44.0, 662361.0)	(45.0, 648100.0)	(46.0, 634583.0)	(47.0, 622617.0)	(48.0, 612013.5)	(49.0, 600665.0)	(50.0, 585886.5)	(51.0, 565324.5)	(52.0, 541463.0)	(53.0, 522055.5)	(54.0, 510158.5)	(55.0, 500241.5)	(56.0, 484759.5)	(57.0, 461749.0)	(58.0, 437546.5)	(59.0, 412156.5)	(60.0, 386476.5)	(61.0, 374072.0)	(62.0, 356174.5)	(63.0, 331776.0)	(64.0, 307124.5)	(65.0, 259657.0)	(66.0, 207470.5)	(67.0, 169229.0)	(68.0, 140436.0)	(69.0, 123647.0)	(70.0, 114665.0)	(71.0, 114806.5)	(72.0, 123342.0)	(73.0, 110987.5)	(74.0, 105967.5)	(75.0, 136086.0)	(76.0, 172443.5)	(77.0, 239766.5)	(78.0, 278253.5)	(79.0, 213268.0)	(80.0, 141038.0)	(81.0, 138089.0)	(82.0, 143607.5)	(83.0, 131908.5)	(84.0, 141601.0)	(85.0, 149938.5)	(86.0, 148374.0)	(87.0, 139898.0)	(88.0, 96335.0)	(89.0, 48168.0)	(90.0, 27377.5)	(91.0, 17496.5)	(92.0, 12990.5)	(93.0, 10449.5)	(94.0, 8575.5)	(95.0, 6917.0)	(96.0, 5683.0)	(97.0, 4542.0)	(98.0, 3321.0)	(99.0, 2564.0)	(100.0, 5793.5)
SRR26260937_1	(0.0, 40620.0)	(1.0, 20349.5)	(2.0, 82.0)	(3.0, 108.0)	(4.0, 128.0)	(5.0, 154.5)	(6.0, 194.0)	(7.0, 233.0)	(8.0, 293.5)	(9.0, 385.5)	(10.0, 501.5)	(11.0, 648.0)	(12.0, 871.5)	(13.0, 1199.5)	(14.0, 1693.5)	(15.0, 2423.5)	(16.0, 3556.5)	(17.0, 5491.5)	(18.0, 8651.0)	(19.0, 13266.0)	(20.0, 20384.5)	(21.0, 31078.5)	(22.0, 46919.5)	(23.0, 67527.0)	(24.0, 94195.5)	(25.0, 129502.0)	(26.0, 174834.0)	(27.0, 231124.5)	(28.0, 296324.5)	(29.0, 366778.0)	(30.0, 439474.0)	(31.0, 516507.0)	(32.0, 588809.5)	(33.0, 643829.0)	(34.0, 691127.5)	(35.0, 727797.5)	(36.0, 751647.0)	(37.0, 767547.5)	(38.0, 775464.5)	(39.0, 777569.0)	(40.0, 771851.5)	(41.0, 760133.0)	(42.0, 749992.0)	(43.0, 731144.5)	(44.0, 705994.5)	(45.0, 694579.5)	(46.0, 683234.0)	(47.0, 671421.5)	(48.0, 664142.5)	(49.0, 654015.5)	(50.0, 639144.5)	(51.0, 620358.0)	(52.0, 596550.5)	(53.0, 558487.5)	(54.0, 520663.5)	(55.0, 493309.0)	(56.0, 469318.5)	(57.0, 449539.0)	(58.0, 423772.5)	(59.0, 395707.5)	(60.0, 382070.5)	(61.0, 376068.5)	(62.0, 337458.0)	(63.0, 288703.5)	(64.0, 251493.0)	(65.0, 210589.0)	(66.0, 200966.0)	(67.0, 182918.0)	(68.0, 146278.0)	(69.0, 122591.5)	(70.0, 108258.5)	(71.0, 112429.5)	(72.0, 118138.5)	(73.0, 126316.5)	(74.0, 145566.0)	(75.0, 174072.5)	(76.0, 175003.5)	(77.0, 233722.0)	(78.0, 282752.0)	(79.0, 214920.0)	(80.0, 175694.5)	(81.0, 173603.5)	(82.0, 173040.0)	(83.0, 140708.0)	(84.0, 112534.0)	(85.0, 102158.5)	(86.0, 101433.0)	(87.0, 113720.0)	(88.0, 88107.5)	(89.0, 52901.5)	(90.0, 25378.5)	(91.0, 9494.0)	(92.0, 4652.5)	(93.0, 2925.0)	(94.0, 1884.5)	(95.0, 1241.5)	(96.0, 861.0)	(97.0, 597.5)	(98.0, 324.0)	(99.0, 433.0)	(100.0, 531.0)
SRR26260937_2	(0.0, 42801.0)	(1.0, 21877.5)	(2.0, 845.0)	(3.0, 694.5)	(4.0, 630.5)	(5.0, 583.5)	(6.0, 566.0)	(7.0, 594.0)	(8.0, 629.5)	(9.0, 702.5)	(10.0, 818.5)	(11.0, 994.5)	(12.0, 1206.0)	(13.0, 1495.0)	(14.0, 1925.0)	(15.0, 2631.0)	(16.0, 3732.5)	(17.0, 5531.0)	(18.0, 8439.5)	(19.0, 13078.5)	(20.0, 20365.0)	(21.0, 30880.0)	(22.0, 46108.5)	(23.0, 67775.5)	(24.0, 97029.5)	(25.0, 134467.5)	(26.0, 181546.5)	(27.0, 237224.5)	(28.0, 301300.5)	(29.0, 372550.0)	(30.0, 446672.0)	(31.0, 521089.5)	(32.0, 589737.5)	(33.0, 643171.5)	(34.0, 683891.0)	(35.0, 718413.0)	(36.0, 742081.0)	(37.0, 756408.0)	(38.0, 761320.0)	(39.0, 757488.5)	(40.0, 752210.0)	(41.0, 739573.0)	(42.0, 721015.5)	(43.0, 703301.5)	(44.0, 685907.5)	(45.0, 670835.0)	(46.0, 659240.0)	(47.0, 649403.0)	(48.0, 639338.0)	(49.0, 627896.0)	(50.0, 612373.0)	(51.0, 591662.5)	(52.0, 566447.5)	(53.0, 543223.5)	(54.0, 527787.5)	(55.0, 514859.5)	(56.0, 498802.0)	(57.0, 475338.5)	(58.0, 447400.0)	(59.0, 419331.5)	(60.0, 391500.0)	(61.0, 376010.0)	(62.0, 352948.5)	(63.0, 317715.0)	(64.0, 285162.5)	(65.0, 240879.0)	(66.0, 197074.0)	(67.0, 164613.0)	(68.0, 136555.0)	(69.0, 120030.0)	(70.0, 112447.5)	(71.0, 116178.0)	(72.0, 133911.0)	(73.0, 123001.0)	(74.0, 111200.0)	(75.0, 140867.0)	(76.0, 177783.0)	(77.0, 245829.5)	(78.0, 287514.5)	(79.0, 223172.5)	(80.0, 147155.0)	(81.0, 142554.0)	(82.0, 147488.0)	(83.0, 137219.0)	(84.0, 148085.5)	(85.0, 150509.0)	(86.0, 144316.5)	(87.0, 139770.5)	(88.0, 105590.5)	(89.0, 58023.5)	(90.0, 31975.0)	(91.0, 20505.5)	(92.0, 15233.5)	(93.0, 12144.0)	(94.0, 9716.5)	(95.0, 7838.5)	(96.0, 6317.0)	(97.0, 4814.0)	(98.0, 3365.5)	(99.0, 2505.5)	(100.0, 5743.0)
SRR26260938_1	(0.0, 29145.0)	(1.0, 14626.0)	(2.0, 101.5)	(3.0, 118.5)	(4.0, 145.5)	(5.0, 176.0)	(6.0, 211.0)	(7.0, 250.5)	(8.0, 309.0)	(9.0, 409.0)	(10.0, 510.5)	(11.0, 680.0)	(12.0, 933.0)	(13.0, 1328.0)	(14.0, 1873.0)	(15.0, 2719.0)	(16.0, 4118.5)	(17.0, 6544.5)	(18.0, 10310.5)	(19.0, 15990.0)	(20.0, 25185.0)	(21.0, 38814.5)	(22.0, 58556.5)	(23.0, 85110.0)	(24.0, 119095.0)	(25.0, 162593.5)	(26.0, 217385.5)	(27.0, 282218.5)	(28.0, 353433.0)	(29.0, 427368.0)	(30.0, 501848.0)	(31.0, 576287.5)	(32.0, 643714.0)	(33.0, 698826.0)	(34.0, 747389.5)	(35.0, 783489.0)	(36.0, 809823.5)	(37.0, 828931.0)	(38.0, 838415.0)	(39.0, 840451.0)	(40.0, 832138.0)	(41.0, 818607.5)	(42.0, 807593.5)	(43.0, 784087.0)	(44.0, 751892.0)	(45.0, 732429.5)	(46.0, 713162.0)	(47.0, 696413.0)	(48.0, 681395.5)	(49.0, 661217.5)	(50.0, 638856.5)	(51.0, 613525.0)	(52.0, 586015.0)	(53.0, 546079.0)	(54.0, 505235.0)	(55.0, 473963.0)	(56.0, 444454.5)	(57.0, 418630.5)	(58.0, 389699.0)	(59.0, 358027.0)	(60.0, 339032.0)	(61.0, 328787.0)	(62.0, 294757.5)	(63.0, 253600.5)	(64.0, 215741.0)	(65.0, 175689.0)	(66.0, 161753.0)	(67.0, 148007.0)	(68.0, 121370.5)	(69.0, 97810.5)	(70.0, 85073.5)	(71.0, 87215.5)	(72.0, 81151.0)	(73.0, 79022.5)	(74.0, 89203.0)	(75.0, 101698.5)	(76.0, 97914.5)	(77.0, 119761.5)	(78.0, 141749.5)	(79.0, 106258.0)	(80.0, 80537.0)	(81.0, 73886.5)	(82.0, 67887.5)	(83.0, 53826.0)	(84.0, 41926.5)	(85.0, 35442.0)	(86.0, 33137.0)	(87.0, 35920.5)	(88.0, 26151.5)	(89.0, 12703.5)	(90.0, 5046.5)	(91.0, 1829.5)	(92.0, 949.5)	(93.0, 678.0)	(94.0, 508.5)	(95.0, 348.5)	(96.0, 241.5)	(97.0, 196.0)	(98.0, 224.0)	(99.0, 646.0)	(100.0, 850.5)
SRR26260938_2	(0.0, 31279.0)	(1.0, 16153.5)	(2.0, 911.0)	(3.0, 725.5)	(4.0, 630.0)	(5.0, 609.0)	(6.0, 590.5)	(7.0, 571.5)	(8.0, 640.5)	(9.0, 748.0)	(10.0, 848.0)	(11.0, 1069.0)	(12.0, 1306.5)	(13.0, 1575.5)	(14.0, 2135.0)	(15.0, 2986.5)	(16.0, 4359.5)	(17.0, 6549.5)	(18.0, 10055.0)	(19.0, 15751.5)	(20.0, 24920.0)	(21.0, 38663.5)	(22.0, 58956.0)	(23.0, 87337.0)	(24.0, 124233.5)	(25.0, 169684.0)	(26.0, 225531.0)	(27.0, 289849.0)	(28.0, 359270.0)	(29.0, 432874.5)	(30.0, 506500.5)	(31.0, 576902.5)	(32.0, 641985.0)	(33.0, 696326.0)	(34.0, 737292.5)	(35.0, 770353.5)	(36.0, 796056.0)	(37.0, 812099.0)	(38.0, 818594.5)	(39.0, 815979.0)	(40.0, 809298.0)	(41.0, 795466.0)	(42.0, 774200.0)	(43.0, 751466.0)	(44.0, 730058.0)	(45.0, 710697.5)	(46.0, 692336.5)	(47.0, 673533.5)	(48.0, 655117.5)	(49.0, 638788.0)	(50.0, 619021.0)	(51.0, 593558.5)	(52.0, 563535.5)	(53.0, 536354.0)	(54.0, 517255.0)	(55.0, 498686.5)	(56.0, 475871.0)	(57.0, 447135.0)	(58.0, 416019.0)	(59.0, 384873.5)	(60.0, 354832.5)	(61.0, 336187.0)	(62.0, 313880.0)	(63.0, 282913.0)	(64.0, 246613.5)	(65.0, 201085.0)	(66.0, 165114.0)	(67.0, 138459.0)	(68.0, 112706.5)	(69.0, 96050.0)	(70.0, 88626.0)	(71.0, 87850.5)	(72.0, 88826.5)	(73.0, 79030.5)	(74.0, 72954.5)	(75.0, 88132.5)	(76.0, 105324.0)	(77.0, 137210.0)	(78.0, 154799.0)	(79.0, 117799.0)	(80.0, 76293.0)	(81.0, 67975.0)	(82.0, 66642.5)	(83.0, 58693.5)	(84.0, 56552.5)	(85.0, 51741.0)	(86.0, 46210.0)	(87.0, 38830.0)	(88.0, 24833.5)	(89.0, 12872.0)	(90.0, 8018.0)	(91.0, 5593.5)	(92.0, 4425.5)	(93.0, 3856.5)	(94.0, 3508.5)	(95.0, 3204.0)	(96.0, 2871.0)	(97.0, 2544.5)	(98.0, 2019.0)	(99.0, 1577.5)	(100.0, 4039.5)
SRR26260939_1	(0.0, 72722.0)	(1.0, 36400.5)	(2.0, 81.5)	(3.0, 89.5)	(4.0, 97.0)	(5.0, 132.0)	(6.0, 166.0)	(7.0, 190.5)	(8.0, 244.5)	(9.0, 323.0)	(10.0, 414.0)	(11.0, 550.5)	(12.0, 758.5)	(13.0, 1019.5)	(14.0, 1491.5)	(15.0, 2219.5)	(16.0, 3331.0)	(17.0, 5267.5)	(18.0, 8299.0)	(19.0, 13369.0)	(20.0, 21638.5)	(21.0, 33757.0)	(22.0, 51303.5)	(23.0, 74054.0)	(24.0, 102655.0)	(25.0, 139061.0)	(26.0, 184366.5)	(27.0, 237632.0)	(28.0, 296260.0)	(29.0, 356656.5)	(30.0, 417619.5)	(31.0, 476993.5)	(32.0, 530046.5)	(33.0, 576473.5)	(34.0, 617508.5)	(35.0, 649264.0)	(36.0, 675874.0)	(37.0, 700620.0)	(38.0, 717053.0)	(39.0, 726289.0)	(40.0, 728295.5)	(41.0, 724408.5)	(42.0, 722327.5)	(43.0, 709563.5)	(44.0, 688393.0)	(45.0, 676375.0)	(46.0, 667088.0)	(47.0, 655895.5)	(48.0, 640866.5)	(49.0, 621392.5)	(50.0, 605807.5)	(51.0, 591101.5)	(52.0, 568662.0)	(53.0, 535319.5)	(54.0, 504352.5)	(55.0, 484009.0)	(56.0, 463204.5)	(57.0, 439901.0)	(58.0, 414845.0)	(59.0, 390888.5)	(60.0, 371575.5)	(61.0, 353938.5)	(62.0, 319682.0)	(63.0, 280380.0)	(64.0, 242595.0)	(65.0, 203470.5)	(66.0, 179381.0)	(67.0, 158527.0)	(68.0, 133696.0)	(69.0, 108096.5)	(70.0, 89017.0)	(71.0, 80781.5)	(72.0, 72197.0)	(73.0, 66825.0)	(74.0, 68468.0)	(75.0, 72534.5)	(76.0, 68353.5)	(77.0, 76284.0)	(78.0, 84031.5)	(79.0, 67528.0)	(80.0, 58309.5)	(81.0, 57148.5)	(82.0, 57050.0)	(83.0, 47366.0)	(84.0, 36002.5)	(85.0, 30271.0)	(86.0, 28548.0)	(87.0, 28818.5)	(88.0, 18581.0)	(89.0, 8543.5)	(90.0, 4676.5)	(91.0, 2760.0)	(92.0, 1509.5)	(93.0, 947.5)	(94.0, 628.0)	(95.0, 493.5)	(96.0, 377.5)	(97.0, 329.5)	(98.0, 526.0)	(99.0, 1678.5)	(100.0, 2015.0)
SRR26260939_2	(0.0, 74337.0)	(1.0, 37636.0)	(2.0, 826.5)	(3.0, 655.0)	(4.0, 584.5)	(5.0, 560.5)	(6.0, 559.0)	(7.0, 574.5)	(8.0, 621.0)	(9.0, 675.5)	(10.0, 751.0)	(11.0, 905.5)	(12.0, 1088.5)	(13.0, 1371.5)	(14.0, 1818.0)	(15.0, 2522.5)	(16.0, 3693.0)	(17.0, 5515.5)	(18.0, 8491.0)	(19.0, 13511.0)	(20.0, 21480.5)	(21.0, 33559.0)	(22.0, 50824.0)	(23.0, 74208.5)	(24.0, 104643.5)	(25.0, 143349.5)	(26.0, 190854.0)	(27.0, 244227.5)	(28.0, 301828.5)	(29.0, 361651.0)	(30.0, 420345.0)	(31.0, 475520.5)	(32.0, 524649.0)	(33.0, 568453.5)	(34.0, 605773.5)	(35.0, 636295.0)	(36.0, 662394.0)	(37.0, 684657.5)	(38.0, 699874.0)	(39.0, 706244.0)	(40.0, 706916.0)	(41.0, 702084.5)	(42.0, 694330.0)	(43.0, 682897.5)	(44.0, 668076.0)	(45.0, 656586.5)	(46.0, 645165.0)	(47.0, 630698.0)	(48.0, 616952.5)	(49.0, 600308.5)	(50.0, 584664.5)	(51.0, 570410.5)	(52.0, 548322.0)	(53.0, 527651.0)	(54.0, 513861.5)	(55.0, 502250.5)	(56.0, 485647.5)	(57.0, 461394.5)	(58.0, 435699.0)	(59.0, 409606.5)	(60.0, 383227.0)	(61.0, 363231.0)	(62.0, 338842.0)	(63.0, 307130.5)	(64.0, 269711.5)	(65.0, 225957.0)	(66.0, 189424.0)	(67.0, 160074.0)	(68.0, 133913.0)	(69.0, 112806.5)	(70.0, 97664.0)	(71.0, 89247.5)	(72.0, 83440.0)	(73.0, 73063.0)	(74.0, 66711.5)	(75.0, 71080.5)	(76.0, 77065.0)	(77.0, 89521.5)	(78.0, 97610.0)	(79.0, 78370.5)	(80.0, 55250.0)	(81.0, 53269.5)	(82.0, 54222.5)	(83.0, 48020.5)	(84.0, 44235.0)	(85.0, 39869.0)	(86.0, 34448.5)	(87.0, 28495.5)	(88.0, 18340.5)	(89.0, 9913.0)	(90.0, 6944.5)	(91.0, 4988.0)	(92.0, 3746.0)	(93.0, 3004.0)	(94.0, 2541.0)	(95.0, 2347.0)	(96.0, 2175.5)	(97.0, 1967.0)	(98.0, 1669.0)	(99.0, 1548.5)	(100.0, 4646.5)
SRR26260940_1	(0.0, 272701.0)	(1.0, 136382.0)	(2.0, 62.5)	(3.0, 64.5)	(4.0, 79.0)	(5.0, 98.0)	(6.0, 125.0)	(7.0, 161.5)	(8.0, 195.0)	(9.0, 234.5)	(10.0, 311.0)	(11.0, 418.0)	(12.0, 523.0)	(13.0, 716.5)	(14.0, 1032.0)	(15.0, 1483.0)	(16.0, 2269.0)	(17.0, 3459.0)	(18.0, 5110.5)	(19.0, 7785.5)	(20.0, 12190.5)	(21.0, 18890.0)	(22.0, 28656.0)	(23.0, 41173.0)	(24.0, 57235.0)	(25.0, 78199.5)	(26.0, 105301.0)	(27.0, 138294.0)	(28.0, 175553.5)	(29.0, 215232.5)	(30.0, 255859.0)	(31.0, 296841.5)	(32.0, 333586.0)	(33.0, 365939.0)	(34.0, 396217.0)	(35.0, 419438.0)	(36.0, 438234.0)	(37.0, 455507.5)	(38.0, 467895.0)	(39.0, 475198.0)	(40.0, 479585.0)	(41.0, 481955.5)	(42.0, 484422.0)	(43.0, 483275.0)	(44.0, 479438.5)	(45.0, 479704.5)	(46.0, 483958.0)	(47.0, 490190.0)	(48.0, 493025.0)	(49.0, 494561.5)	(50.0, 496439.0)	(51.0, 493247.5)	(52.0, 483590.0)	(53.0, 463791.0)	(54.0, 445483.0)	(55.0, 435371.5)	(56.0, 426879.5)	(57.0, 419787.0)	(58.0, 408097.5)	(59.0, 395161.5)	(60.0, 394152.0)	(61.0, 402039.5)	(62.0, 369591.5)	(63.0, 318483.0)	(64.0, 281576.0)	(65.0, 241241.0)	(66.0, 223829.5)	(67.0, 203553.0)	(68.0, 172588.5)	(69.0, 146488.5)	(70.0, 124719.0)	(71.0, 122025.0)	(72.0, 128603.0)	(73.0, 134949.0)	(74.0, 145241.0)	(75.0, 164894.0)	(76.0, 167270.5)	(77.0, 206200.5)	(78.0, 237301.0)	(79.0, 193127.0)	(80.0, 170755.5)	(81.0, 179552.0)	(82.0, 206195.5)	(83.0, 172891.5)	(84.0, 120426.5)	(85.0, 109295.5)	(86.0, 119661.0)	(87.0, 144256.5)	(88.0, 113639.0)	(89.0, 64533.5)	(90.0, 32530.0)	(91.0, 14316.5)	(92.0, 7660.0)	(93.0, 4648.0)	(94.0, 2793.0)	(95.0, 1899.0)	(96.0, 1415.0)	(97.0, 1130.0)	(98.0, 669.5)	(99.0, 1026.0)	(100.0, 1436.0)
SRR26260940_2	(0.0, 274619.0)	(1.0, 137719.0)	(2.0, 734.5)	(3.0, 579.5)	(4.0, 513.5)	(5.0, 514.5)	(6.0, 493.0)	(7.0, 482.0)	(8.0, 480.5)	(9.0, 521.0)	(10.0, 610.5)	(11.0, 699.0)	(12.0, 837.5)	(13.0, 995.0)	(14.0, 1244.5)	(15.0, 1629.0)	(16.0, 2336.5)	(17.0, 3434.5)	(18.0, 4960.5)	(19.0, 7489.0)	(20.0, 11679.0)	(21.0, 17862.0)	(22.0, 26755.5)	(23.0, 39360.5)	(24.0, 56147.5)	(25.0, 78159.5)	(26.0, 106251.0)	(27.0, 139248.5)	(28.0, 176496.5)	(29.0, 216378.5)	(30.0, 256724.0)	(31.0, 295439.0)	(32.0, 330069.0)	(33.0, 361413.5)	(34.0, 388082.5)	(35.0, 410254.0)	(36.0, 430153.0)	(37.0, 447192.5)	(38.0, 459137.5)	(39.0, 464388.5)	(40.0, 467753.5)	(41.0, 469203.5)	(42.0, 467426.0)	(43.0, 465084.0)	(44.0, 463062.0)	(45.0, 464053.5)	(46.0, 466203.0)	(47.0, 468295.0)	(48.0, 470721.0)	(49.0, 469822.0)	(50.0, 466876.0)	(51.0, 463490.5)	(52.0, 455756.0)	(53.0, 449254.0)	(54.0, 447989.0)	(55.0, 447688.0)	(56.0, 446878.0)	(57.0, 437308.5)	(58.0, 423333.0)	(59.0, 409741.0)	(60.0, 393185.5)	(61.0, 387741.0)	(62.0, 371617.0)	(63.0, 344931.5)	(64.0, 322664.0)	(65.0, 281470.5)	(66.0, 231770.0)	(67.0, 193640.5)	(68.0, 165754.0)	(69.0, 147062.5)	(70.0, 134383.5)	(71.0, 132253.5)	(72.0, 138950.5)	(73.0, 126113.5)	(74.0, 120727.0)	(75.0, 142418.5)	(76.0, 170504.0)	(77.0, 222271.5)	(78.0, 260618.0)	(79.0, 212202.0)	(80.0, 154127.0)	(81.0, 163390.5)	(82.0, 168891.5)	(83.0, 156474.0)	(84.0, 162830.0)	(85.0, 172773.0)	(86.0, 175082.0)	(87.0, 161021.5)	(88.0, 109890.0)	(89.0, 56768.5)	(90.0, 31816.5)	(91.0, 19503.5)	(92.0, 13703.5)	(93.0, 10358.5)	(94.0, 8153.5)	(95.0, 6352.5)	(96.0, 4963.0)	(97.0, 4073.0)	(98.0, 3226.5)	(99.0, 2773.5)	(100.0, 8008.5)
SRR26260941_1	(0.0, 518427.0)	(1.0, 259256.0)	(2.0, 83.5)	(3.0, 83.5)	(4.0, 92.5)	(5.0, 104.5)	(6.0, 121.5)	(7.0, 173.0)	(8.0, 221.5)	(9.0, 264.0)	(10.0, 343.5)	(11.0, 441.0)	(12.0, 580.0)	(13.0, 808.0)	(14.0, 1140.5)	(15.0, 1672.0)	(16.0, 2627.0)	(17.0, 4083.0)	(18.0, 6307.0)	(19.0, 10072.0)	(20.0, 15747.0)	(21.0, 24378.5)	(22.0, 37831.0)	(23.0, 54986.5)	(24.0, 77023.5)	(25.0, 106214.5)	(26.0, 143495.0)	(27.0, 187940.0)	(28.0, 238288.0)	(29.0, 291279.5)	(30.0, 346030.0)	(31.0, 401326.5)	(32.0, 450314.0)	(33.0, 492706.5)	(34.0, 530324.0)	(35.0, 561096.0)	(36.0, 586118.5)	(37.0, 607133.0)	(38.0, 623003.0)	(39.0, 633893.5)	(40.0, 636989.5)	(41.0, 636210.0)	(42.0, 638716.5)	(43.0, 630797.5)	(44.0, 615108.0)	(45.0, 606477.5)	(46.0, 600605.5)	(47.0, 595412.5)	(48.0, 586509.5)	(49.0, 573983.0)	(50.0, 565101.0)	(51.0, 554454.0)	(52.0, 536716.5)	(53.0, 508146.0)	(54.0, 481270.5)	(55.0, 465606.5)	(56.0, 448067.5)	(57.0, 430323.0)	(58.0, 412046.5)	(59.0, 392838.0)	(60.0, 381689.5)	(61.0, 374765.0)	(62.0, 341465.0)	(63.0, 297290.5)	(64.0, 258602.0)	(65.0, 217595.5)	(66.0, 194321.0)	(67.0, 173009.0)	(68.0, 146110.5)	(69.0, 120884.0)	(70.0, 100675.5)	(71.0, 91807.0)	(72.0, 86607.5)	(73.0, 84351.5)	(74.0, 88639.0)	(75.0, 98580.0)	(76.0, 96924.5)	(77.0, 116213.5)	(78.0, 132144.5)	(79.0, 106552.5)	(80.0, 95518.5)	(81.0, 100817.0)	(82.0, 108707.5)	(83.0, 89275.5)	(84.0, 71787.0)	(85.0, 70180.0)	(86.0, 73256.5)	(87.0, 83400.5)	(88.0, 62950.5)	(89.0, 34075.5)	(90.0, 16081.0)	(91.0, 6495.0)	(92.0, 3139.5)	(93.0, 1915.0)	(94.0, 1257.0)	(95.0, 841.0)	(96.0, 566.0)	(97.0, 422.0)	(98.0, 279.0)	(99.0, 528.0)	(100.0, 672.0)
SRR26260941_2	(0.0, 520112.0)	(1.0, 260431.0)	(2.0, 689.5)	(3.0, 578.0)	(4.0, 497.0)	(5.0, 471.0)	(6.0, 481.5)	(7.0, 491.5)	(8.0, 515.5)	(9.0, 556.0)	(10.0, 616.0)	(11.0, 736.0)	(12.0, 884.5)	(13.0, 1100.0)	(14.0, 1406.5)	(15.0, 1918.5)	(16.0, 2835.5)	(17.0, 4207.5)	(18.0, 6352.5)	(19.0, 9916.5)	(20.0, 15359.5)	(21.0, 23834.0)	(22.0, 36248.5)	(23.0, 54008.5)	(24.0, 77686.0)	(25.0, 107845.0)	(26.0, 146553.5)	(27.0, 192186.0)	(28.0, 242037.5)	(29.0, 294954.5)	(30.0, 348582.0)	(31.0, 399745.5)	(32.0, 445209.5)	(33.0, 485625.0)	(34.0, 520323.5)	(35.0, 548836.5)	(36.0, 573517.5)	(37.0, 594193.5)	(38.0, 609235.5)	(39.0, 616307.0)	(40.0, 619387.0)	(41.0, 618089.0)	(42.0, 613251.5)	(43.0, 606456.0)	(44.0, 596697.0)	(45.0, 588599.5)	(46.0, 581998.5)	(47.0, 573493.0)	(48.0, 564641.0)	(49.0, 554287.5)	(50.0, 543516.5)	(51.0, 532468.0)	(52.0, 515231.0)	(53.0, 499227.0)	(54.0, 489791.5)	(55.0, 481937.0)	(56.0, 469250.0)	(57.0, 449808.0)	(58.0, 428947.5)	(59.0, 408473.0)	(60.0, 388668.5)	(61.0, 375510.5)	(62.0, 355102.5)	(63.0, 323580.0)	(64.0, 288228.0)	(65.0, 244382.0)	(66.0, 202865.0)	(67.0, 171569.5)	(68.0, 145199.0)	(69.0, 123686.0)	(70.0, 107591.0)	(71.0, 99875.0)	(72.0, 98852.0)	(73.0, 87721.5)	(74.0, 78788.5)	(75.0, 87041.0)	(76.0, 100302.0)	(77.0, 124577.5)	(78.0, 143388.0)	(79.0, 116662.0)	(80.0, 82396.0)	(81.0, 84827.5)	(82.0, 89092.5)	(83.0, 85003.0)	(84.0, 95705.0)	(85.0, 100592.0)	(86.0, 95021.0)	(87.0, 90358.5)	(88.0, 68579.0)	(89.0, 39322.5)	(90.0, 22299.0)	(91.0, 14140.5)	(92.0, 10245.5)	(93.0, 8108.0)	(94.0, 6540.5)	(95.0, 5132.5)	(96.0, 3993.5)	(97.0, 3157.0)	(98.0, 2343.0)	(99.0, 1834.5)	(100.0, 4382.5)
SRR26260942_1	(0.0, 55003.0)	(1.0, 27551.0)	(2.0, 102.0)	(3.0, 115.5)	(4.0, 132.5)	(5.0, 156.5)	(6.0, 185.5)	(7.0, 213.5)	(8.0, 281.0)	(9.0, 361.5)	(10.0, 429.0)	(11.0, 551.5)	(12.0, 774.0)	(13.0, 1051.5)	(14.0, 1468.0)	(15.0, 2144.5)	(16.0, 3321.0)	(17.0, 5178.5)	(18.0, 7873.0)	(19.0, 12470.5)	(20.0, 19803.0)	(21.0, 30441.5)	(22.0, 46259.5)	(23.0, 66932.0)	(24.0, 93182.5)	(25.0, 127071.0)	(26.0, 170978.0)	(27.0, 224054.5)	(28.0, 282912.0)	(29.0, 345773.5)	(30.0, 410501.0)	(31.0, 475112.0)	(32.0, 532126.5)	(33.0, 583850.5)	(34.0, 633083.0)	(35.0, 670994.0)	(36.0, 702361.5)	(37.0, 729915.5)	(38.0, 748874.0)	(39.0, 761091.5)	(40.0, 765867.0)	(41.0, 766775.0)	(42.0, 771121.0)	(43.0, 762961.0)	(44.0, 742887.5)	(45.0, 731571.0)	(46.0, 726259.0)	(47.0, 720103.0)	(48.0, 707495.5)	(49.0, 691174.5)	(50.0, 679702.0)	(51.0, 670114.5)	(52.0, 652660.5)	(53.0, 615888.0)	(54.0, 580636.5)	(55.0, 560404.0)	(56.0, 538471.0)	(57.0, 516321.0)	(58.0, 493588.5)	(59.0, 471277.5)	(60.0, 460209.5)	(61.0, 453945.5)	(62.0, 416870.0)	(63.0, 366631.5)	(64.0, 317385.0)	(65.0, 265667.5)	(66.0, 237470.0)	(67.0, 212649.0)	(68.0, 182524.5)	(69.0, 148695.0)	(70.0, 118997.0)	(71.0, 106791.0)	(72.0, 100848.0)	(73.0, 97874.0)	(74.0, 101005.0)	(75.0, 111738.0)	(76.0, 107763.0)	(77.0, 123417.5)	(78.0, 140274.0)	(79.0, 113281.5)	(80.0, 98468.5)	(81.0, 103474.0)	(82.0, 116978.0)	(83.0, 95889.0)	(84.0, 65303.0)	(85.0, 57510.0)	(86.0, 59841.5)	(87.0, 70197.5)	(88.0, 52673.0)	(89.0, 27060.5)	(90.0, 12537.5)	(91.0, 5045.5)	(92.0, 2512.0)	(93.0, 1593.0)	(94.0, 966.5)	(95.0, 710.0)	(96.0, 709.0)	(97.0, 566.0)	(98.0, 317.5)	(99.0, 540.5)	(100.0, 775.0)
SRR26260942_2	(0.0, 57676.0)	(1.0, 29330.5)	(2.0, 865.0)	(3.0, 682.0)	(4.0, 604.0)	(5.0, 606.0)	(6.0, 638.0)	(7.0, 630.5)	(8.0, 634.0)	(9.0, 688.5)	(10.0, 815.0)	(11.0, 966.5)	(12.0, 1099.5)	(13.0, 1369.0)	(14.0, 1800.0)	(15.0, 2471.5)	(16.0, 3594.0)	(17.0, 5212.5)	(18.0, 7837.5)	(19.0, 12449.5)	(20.0, 19488.0)	(21.0, 29728.5)	(22.0, 44856.0)	(23.0, 66073.5)	(24.0, 93847.5)	(25.0, 129533.0)	(26.0, 174992.5)	(27.0, 227799.0)	(28.0, 285703.0)	(29.0, 348577.0)	(30.0, 411435.0)	(31.0, 471509.0)	(32.0, 526986.0)	(33.0, 576562.5)	(34.0, 617706.0)	(35.0, 652434.5)	(36.0, 684139.0)	(37.0, 710668.0)	(38.0, 728357.5)	(39.0, 737641.5)	(40.0, 743021.0)	(41.0, 741184.5)	(42.0, 736897.0)	(43.0, 730466.5)	(44.0, 719544.5)	(45.0, 710146.0)	(46.0, 700113.5)	(47.0, 689120.5)	(48.0, 679392.0)	(49.0, 665385.5)	(50.0, 650991.5)	(51.0, 638992.5)	(52.0, 619870.0)	(53.0, 601556.5)	(54.0, 590812.0)	(55.0, 581993.0)	(56.0, 566983.0)	(57.0, 542536.5)	(58.0, 517322.0)	(59.0, 494554.0)	(60.0, 470523.0)	(61.0, 455684.0)	(62.0, 438346.5)	(63.0, 406877.5)	(64.0, 361730.5)	(65.0, 303592.5)	(66.0, 251956.0)	(67.0, 212637.0)	(68.0, 179079.5)	(69.0, 151847.0)	(70.0, 131733.0)	(71.0, 119533.5)	(72.0, 116681.0)	(73.0, 104493.0)	(74.0, 93198.5)	(75.0, 100789.5)	(76.0, 115245.0)	(77.0, 142560.0)	(78.0, 163013.0)	(79.0, 132010.0)	(80.0, 93671.5)	(81.0, 99333.0)	(82.0, 101868.0)	(83.0, 89882.0)	(84.0, 92945.5)	(85.0, 93133.0)	(86.0, 84001.0)	(87.0, 72056.0)	(88.0, 46244.0)	(89.0, 21734.5)	(90.0, 12032.0)	(91.0, 7627.5)	(92.0, 5897.5)	(93.0, 5108.0)	(94.0, 4619.0)	(95.0, 4213.5)	(96.0, 3890.5)	(97.0, 3454.5)	(98.0, 2670.5)	(99.0, 2110.5)	(100.0, 6224.5)
SRR26260943_1	(0.0, 158692.0)	(1.0, 79371.0)	(2.0, 67.0)	(3.0, 84.5)	(4.0, 98.0)	(5.0, 123.0)	(6.0, 141.0)	(7.0, 181.0)	(8.0, 240.5)	(9.0, 324.5)	(10.0, 414.5)	(11.0, 532.0)	(12.0, 676.5)	(13.0, 909.0)	(14.0, 1308.0)	(15.0, 1878.5)	(16.0, 2797.0)	(17.0, 4331.0)	(18.0, 6668.0)	(19.0, 10483.5)	(20.0, 16331.0)	(21.0, 25084.0)	(22.0, 38131.0)	(23.0, 54065.5)	(24.0, 74806.0)	(25.0, 103581.0)	(26.0, 140481.5)	(27.0, 185269.0)	(28.0, 238070.0)	(29.0, 296277.5)	(30.0, 358618.0)	(31.0, 422908.5)	(32.0, 481797.5)	(33.0, 535787.5)	(34.0, 583950.5)	(35.0, 620862.0)	(36.0, 651494.0)	(37.0, 678482.5)	(38.0, 698255.5)	(39.0, 710358.0)	(40.0, 715543.5)	(41.0, 715706.5)	(42.0, 717996.5)	(43.0, 712476.0)	(44.0, 698426.5)	(45.0, 691982.0)	(46.0, 691261.5)	(47.0, 690554.0)	(48.0, 683050.5)	(49.0, 671558.5)	(50.0, 663044.5)	(51.0, 655005.5)	(52.0, 638597.0)	(53.0, 605112.0)	(54.0, 573415.5)	(55.0, 553614.5)	(56.0, 534355.0)	(57.0, 518546.0)	(58.0, 498446.5)	(59.0, 476597.5)	(60.0, 469103.5)	(61.0, 465093.0)	(62.0, 422423.5)	(63.0, 367075.0)	(64.0, 322493.5)	(65.0, 274562.5)	(66.0, 249725.0)	(67.0, 223659.0)	(68.0, 189763.5)	(69.0, 157938.5)	(70.0, 129416.0)	(71.0, 119208.0)	(72.0, 116329.0)	(73.0, 118328.5)	(74.0, 126339.5)	(75.0, 140114.5)	(76.0, 140819.0)	(77.0, 173168.0)	(78.0, 198637.5)	(79.0, 159753.0)	(80.0, 145711.5)	(81.0, 159936.0)	(82.0, 180099.0)	(83.0, 148802.5)	(84.0, 111919.0)	(85.0, 107189.0)	(86.0, 122882.0)	(87.0, 146832.5)	(88.0, 110546.0)	(89.0, 61348.5)	(90.0, 30246.5)	(91.0, 13558.0)	(92.0, 7014.0)	(93.0, 4205.0)	(94.0, 2485.0)	(95.0, 1566.5)	(96.0, 1122.5)	(97.0, 805.0)	(98.0, 439.5)	(99.0, 645.5)	(100.0, 887.5)
SRR26260943_2	(0.0, 160185.0)	(1.0, 80632.5)	(2.0, 935.5)	(3.0, 745.0)	(4.0, 661.0)	(5.0, 612.5)	(6.0, 586.5)	(7.0, 592.0)	(8.0, 633.0)	(9.0, 663.5)	(10.0, 734.0)	(11.0, 861.5)	(12.0, 1026.0)	(13.0, 1234.5)	(14.0, 1581.5)	(15.0, 2118.5)	(16.0, 3027.0)	(17.0, 4517.5)	(18.0, 6634.5)	(19.0, 9997.5)	(20.0, 15340.0)	(21.0, 23416.5)	(22.0, 35118.0)	(23.0, 51853.0)	(24.0, 74127.0)	(25.0, 103840.0)	(26.0, 142548.0)	(27.0, 188567.5)	(28.0, 242432.0)	(29.0, 302143.5)	(30.0, 363797.0)	(31.0, 424480.5)	(32.0, 481055.0)	(33.0, 531927.5)	(34.0, 574112.5)	(35.0, 609593.0)	(36.0, 641165.5)	(37.0, 666266.5)	(38.0, 682580.5)	(39.0, 691847.0)	(40.0, 696846.5)	(41.0, 695136.5)	(42.0, 689745.0)	(43.0, 682105.0)	(44.0, 672989.5)	(45.0, 667872.0)	(46.0, 664955.0)	(47.0, 659554.0)	(48.0, 653770.0)	(49.0, 644832.0)	(50.0, 633919.0)	(51.0, 622258.5)	(52.0, 604016.0)	(53.0, 586774.5)	(54.0, 577839.5)	(55.0, 572802.5)	(56.0, 561400.0)	(57.0, 541278.5)	(58.0, 518585.0)	(59.0, 496663.5)	(60.0, 472718.0)	(61.0, 457257.0)	(62.0, 434977.0)	(63.0, 402283.0)	(64.0, 368566.5)	(65.0, 317054.5)	(66.0, 261085.0)	(67.0, 218253.5)	(68.0, 185163.0)	(69.0, 159556.0)	(70.0, 139877.0)	(71.0, 130480.5)	(72.0, 129195.5)	(73.0, 115088.5)	(74.0, 107996.5)	(75.0, 122829.0)	(76.0, 144041.0)	(77.0, 185455.5)	(78.0, 216457.5)	(79.0, 175514.5)	(80.0, 126331.5)	(81.0, 135437.0)	(82.0, 142041.0)	(83.0, 132358.5)	(84.0, 145001.0)	(85.0, 163172.5)	(86.0, 168686.0)	(87.0, 163642.5)	(88.0, 123866.5)	(89.0, 67374.5)	(90.0, 36131.0)	(91.0, 22638.0)	(92.0, 16039.0)	(93.0, 12251.0)	(94.0, 9805.5)	(95.0, 7755.0)	(96.0, 6131.5)	(97.0, 4972.5)	(98.0, 3717.5)	(99.0, 2770.5)	(100.0, 6104.0)
SRR26260944_1	(0.0, 52926.0)	(1.0, 26537.0)	(2.0, 148.0)	(3.0, 134.0)	(4.0, 149.5)	(5.0, 190.5)	(6.0, 220.5)	(7.0, 251.5)	(8.0, 310.0)	(9.0, 420.0)	(10.0, 539.0)	(11.0, 724.5)	(12.0, 976.0)	(13.0, 1325.0)	(14.0, 1903.0)	(15.0, 2736.5)	(16.0, 4073.0)	(17.0, 6425.0)	(18.0, 10219.0)	(19.0, 16264.0)	(20.0, 25986.0)	(21.0, 40346.5)	(22.0, 61929.5)	(23.0, 89503.0)	(24.0, 124344.5)	(25.0, 170220.5)	(26.0, 227066.5)	(27.0, 293564.0)	(28.0, 367258.5)	(29.0, 443330.0)	(30.0, 519843.5)	(31.0, 595513.5)	(32.0, 662884.5)	(33.0, 721253.5)	(34.0, 773883.0)	(35.0, 815353.5)	(36.0, 849851.5)	(37.0, 881721.5)	(38.0, 903836.0)	(39.0, 916200.5)	(40.0, 918621.0)	(41.0, 916063.0)	(42.0, 917895.0)	(43.0, 903666.0)	(44.0, 877993.5)	(45.0, 865013.0)	(46.0, 855519.5)	(47.0, 843708.0)	(48.0, 826911.0)	(49.0, 805114.0)	(50.0, 787358.0)	(51.0, 770657.5)	(52.0, 744673.5)	(53.0, 699631.5)	(54.0, 657451.5)	(55.0, 631165.0)	(56.0, 602172.0)	(57.0, 575596.5)	(58.0, 545733.0)	(59.0, 512989.5)	(60.0, 492493.0)	(61.0, 472822.5)	(62.0, 428898.0)	(63.0, 380275.5)	(64.0, 326966.0)	(65.0, 269024.0)	(66.0, 237506.5)	(67.0, 213235.0)	(68.0, 182171.0)	(69.0, 145500.5)	(70.0, 116943.0)	(71.0, 105677.5)	(72.0, 94119.0)	(73.0, 88666.0)	(74.0, 92888.5)	(75.0, 99381.0)	(76.0, 94545.0)	(77.0, 111142.0)	(78.0, 125072.0)	(79.0, 99901.0)	(80.0, 86508.0)	(81.0, 85555.5)	(82.0, 79413.0)	(83.0, 59290.5)	(84.0, 47470.0)	(85.0, 42247.5)	(86.0, 38128.5)	(87.0, 40300.0)	(88.0, 28886.0)	(89.0, 13465.5)	(90.0, 5537.0)	(91.0, 2411.5)	(92.0, 1230.5)	(93.0, 790.5)	(94.0, 541.0)	(95.0, 370.5)	(96.0, 267.5)	(97.0, 205.0)	(98.0, 253.0)	(99.0, 594.0)	(100.0, 670.0)
SRR26260944_2	(0.0, 55523.0)	(1.0, 28375.5)	(2.0, 1098.0)	(3.0, 881.0)	(4.0, 730.0)	(5.0, 685.0)	(6.0, 729.0)	(7.0, 726.0)	(8.0, 743.5)	(9.0, 805.5)	(10.0, 893.5)	(11.0, 1086.5)	(12.0, 1316.5)	(13.0, 1613.5)	(14.0, 2153.5)	(15.0, 2903.0)	(16.0, 4303.5)	(17.0, 6565.0)	(18.0, 9917.5)	(19.0, 15890.0)	(20.0, 25718.0)	(21.0, 40254.0)	(22.0, 61087.0)	(23.0, 90048.5)	(24.0, 128106.5)	(25.0, 176230.0)	(26.0, 235337.5)	(27.0, 302659.0)	(28.0, 375272.0)	(29.0, 451440.5)	(30.0, 525659.5)	(31.0, 594975.5)	(32.0, 657176.0)	(33.0, 713116.5)	(34.0, 760763.0)	(35.0, 801345.5)	(36.0, 837211.0)	(37.0, 865661.0)	(38.0, 884627.5)	(39.0, 892146.5)	(40.0, 892647.5)	(41.0, 888391.5)	(42.0, 881050.0)	(43.0, 867379.0)	(44.0, 851255.0)	(45.0, 838863.5)	(46.0, 826306.5)	(47.0, 811251.5)	(48.0, 794556.5)	(49.0, 776082.5)	(50.0, 756975.5)	(51.0, 737348.0)	(52.0, 710290.5)	(53.0, 684911.5)	(54.0, 668996.0)	(55.0, 653852.0)	(56.0, 632504.5)	(57.0, 601460.0)	(58.0, 569047.5)	(59.0, 538007.0)	(60.0, 502787.0)	(61.0, 478811.5)	(62.0, 454434.5)	(63.0, 420077.0)	(64.0, 371455.5)	(65.0, 304784.5)	(66.0, 251332.0)	(67.0, 212237.5)	(68.0, 175939.5)	(69.0, 147172.5)	(70.0, 126099.0)	(71.0, 113790.5)	(72.0, 106006.5)	(73.0, 92771.0)	(74.0, 85410.5)	(75.0, 92058.0)	(76.0, 102481.0)	(77.0, 126814.0)	(78.0, 141251.0)	(79.0, 110360.5)	(80.0, 75028.0)	(81.0, 72658.0)	(82.0, 74801.0)	(83.0, 66813.0)	(84.0, 65275.0)	(85.0, 62023.5)	(86.0, 56302.0)	(87.0, 48732.5)	(88.0, 33210.0)	(89.0, 19686.0)	(90.0, 12428.0)	(91.0, 8081.5)	(92.0, 6013.5)	(93.0, 4756.5)	(94.0, 3839.0)	(95.0, 3206.0)	(96.0, 2632.0)	(97.0, 2070.0)	(98.0, 1585.5)	(99.0, 1392.5)	(100.0, 4441.5)
SRR26260945_1	(0.0, 131161.0)	(1.0, 65619.0)	(2.0, 69.5)	(3.0, 77.0)	(4.0, 101.5)	(5.0, 107.5)	(6.0, 119.5)	(7.0, 144.0)	(8.0, 167.5)	(9.0, 218.0)	(10.0, 288.5)	(11.0, 380.5)	(12.0, 548.5)	(13.0, 760.5)	(14.0, 1067.0)	(15.0, 1525.5)	(16.0, 2324.5)	(17.0, 3620.5)	(18.0, 5692.0)	(19.0, 9098.5)	(20.0, 14333.5)	(21.0, 22394.5)	(22.0, 34895.5)	(23.0, 51049.5)	(24.0, 71570.5)	(25.0, 98196.5)	(26.0, 132102.5)	(27.0, 173321.5)	(28.0, 220054.0)	(29.0, 269282.0)	(30.0, 318895.5)	(31.0, 367931.5)	(32.0, 412139.0)	(33.0, 450501.0)	(34.0, 485060.0)	(35.0, 512515.5)	(36.0, 534920.0)	(37.0, 554479.5)	(38.0, 568365.0)	(39.0, 576523.5)	(40.0, 579493.5)	(41.0, 577841.0)	(42.0, 577999.0)	(43.0, 569638.0)	(44.0, 552287.0)	(45.0, 542540.0)	(46.0, 535434.5)	(47.0, 529045.0)	(48.0, 519829.5)	(49.0, 504734.5)	(50.0, 493152.5)	(51.0, 481695.0)	(52.0, 462310.5)	(53.0, 434836.0)	(54.0, 409796.5)	(55.0, 392380.0)	(56.0, 375566.5)	(57.0, 359193.5)	(58.0, 340694.5)	(59.0, 318807.0)	(60.0, 302004.0)	(61.0, 289455.5)	(62.0, 262671.0)	(63.0, 231277.5)	(64.0, 197570.5)	(65.0, 161586.0)	(66.0, 140730.5)	(67.0, 123999.0)	(68.0, 104319.5)	(69.0, 84799.0)	(70.0, 70911.0)	(71.0, 66020.5)	(72.0, 58946.5)	(73.0, 53168.5)	(74.0, 54754.0)	(75.0, 57859.0)	(76.0, 54136.0)	(77.0, 63360.5)	(78.0, 69794.5)	(79.0, 53906.5)	(80.0, 46623.5)	(81.0, 46462.0)	(82.0, 44627.5)	(83.0, 36380.0)	(84.0, 29658.5)	(85.0, 25466.0)	(86.0, 21565.0)	(87.0, 20874.5)	(88.0, 15062.5)	(89.0, 7787.0)	(90.0, 4317.0)	(91.0, 2505.0)	(92.0, 1321.0)	(93.0, 805.0)	(94.0, 533.5)	(95.0, 415.5)	(96.0, 304.0)	(97.0, 256.5)	(98.0, 429.5)	(99.0, 1428.5)	(100.0, 1944.0)
SRR26260945_2	(0.0, 133483.0)	(1.0, 67128.0)	(2.0, 683.0)	(3.0, 567.0)	(4.0, 491.0)	(5.0, 448.0)	(6.0, 459.0)	(7.0, 440.0)	(8.0, 460.5)	(9.0, 520.0)	(10.0, 569.0)	(11.0, 640.0)	(12.0, 789.0)	(13.0, 1030.0)	(14.0, 1290.0)	(15.0, 1707.5)	(16.0, 2623.5)	(17.0, 3955.5)	(18.0, 5932.5)	(19.0, 9148.0)	(20.0, 14439.0)	(21.0, 22917.0)	(22.0, 34867.5)	(23.0, 52053.5)	(24.0, 75022.0)	(25.0, 104286.5)	(26.0, 140875.5)	(27.0, 182822.0)	(28.0, 229029.5)	(29.0, 277750.5)	(30.0, 325509.0)	(31.0, 371524.0)	(32.0, 412228.0)	(33.0, 447346.0)	(34.0, 477661.5)	(35.0, 503544.5)	(36.0, 527541.0)	(37.0, 545384.5)	(38.0, 556791.5)	(39.0, 562430.0)	(40.0, 563261.5)	(41.0, 561154.5)	(42.0, 555080.0)	(43.0, 545402.5)	(44.0, 535528.5)	(45.0, 527140.5)	(46.0, 518616.5)	(47.0, 508140.5)	(48.0, 497182.5)	(49.0, 484287.0)	(50.0, 472626.5)	(51.0, 461601.5)	(52.0, 444387.5)	(53.0, 427955.5)	(54.0, 416945.0)	(55.0, 406010.5)	(56.0, 392026.0)	(57.0, 374129.0)	(58.0, 354349.0)	(59.0, 333119.5)	(60.0, 311018.5)	(61.0, 296125.0)	(62.0, 277426.0)	(63.0, 247825.0)	(64.0, 215139.5)	(65.0, 179300.0)	(66.0, 148722.5)	(67.0, 126159.5)	(68.0, 104777.5)	(69.0, 87446.0)	(70.0, 75784.5)	(71.0, 69910.0)	(72.0, 64793.0)	(73.0, 56005.0)	(74.0, 50933.0)	(75.0, 54172.5)	(76.0, 58060.5)	(77.0, 68801.0)	(78.0, 75944.0)	(79.0, 59642.5)	(80.0, 42830.5)	(81.0, 41895.0)	(82.0, 42434.5)	(83.0, 37980.5)	(84.0, 34667.5)	(85.0, 31130.0)	(86.0, 27278.0)	(87.0, 22976.0)	(88.0, 16073.5)	(89.0, 10092.0)	(90.0, 7192.5)	(91.0, 5075.0)	(92.0, 3597.0)	(93.0, 2709.0)	(94.0, 2115.0)	(95.0, 1823.0)	(96.0, 1569.0)	(97.0, 1359.5)	(98.0, 1209.0)	(99.0, 1484.5)	(100.0, 5923.0)
SRR26260946_1	(0.0, 119973.0)	(1.0, 60014.5)	(2.0, 48.0)	(3.0, 42.5)	(4.0, 49.5)	(5.0, 68.5)	(6.0, 84.5)	(7.0, 100.0)	(8.0, 127.5)	(9.0, 161.0)	(10.0, 207.5)	(11.0, 282.0)	(12.0, 370.5)	(13.0, 539.5)	(14.0, 787.0)	(15.0, 1110.0)	(16.0, 1650.5)	(17.0, 2648.5)	(18.0, 4098.0)	(19.0, 6428.0)	(20.0, 10164.5)	(21.0, 15589.5)	(22.0, 23520.5)	(23.0, 33974.0)	(24.0, 47266.0)	(25.0, 64141.0)	(26.0, 86040.5)	(27.0, 112826.0)	(28.0, 144622.5)	(29.0, 178787.0)	(30.0, 214057.5)	(31.0, 250380.0)	(32.0, 282989.0)	(33.0, 312754.5)	(34.0, 338469.5)	(35.0, 358856.0)	(36.0, 376488.5)	(37.0, 390530.0)	(38.0, 400350.0)	(39.0, 406042.0)	(40.0, 408798.0)	(41.0, 409798.0)	(42.0, 410934.0)	(43.0, 406122.0)	(44.0, 395269.5)	(45.0, 388833.5)	(46.0, 385043.0)	(47.0, 380956.0)	(48.0, 375482.5)	(49.0, 366734.0)	(50.0, 361306.0)	(51.0, 357874.5)	(52.0, 348789.0)	(53.0, 330065.0)	(54.0, 313232.5)	(55.0, 303306.5)	(56.0, 292085.5)	(57.0, 282823.5)	(58.0, 271422.5)	(59.0, 258719.0)	(60.0, 253347.5)	(61.0, 251850.5)	(62.0, 231474.5)	(63.0, 202775.5)	(64.0, 178337.5)	(65.0, 152725.0)	(66.0, 139465.0)	(67.0, 124158.5)	(68.0, 104537.0)	(69.0, 86699.5)	(70.0, 70971.0)	(71.0, 65006.5)	(72.0, 63353.5)	(73.0, 62023.5)	(74.0, 63755.5)	(75.0, 70315.0)	(76.0, 68850.0)	(77.0, 82084.5)	(78.0, 94362.0)	(79.0, 77053.5)	(80.0, 68580.5)	(81.0, 72122.5)	(82.0, 81651.0)	(83.0, 67499.0)	(84.0, 45671.5)	(85.0, 40501.0)	(86.0, 42650.0)	(87.0, 51248.0)	(88.0, 40543.0)	(89.0, 22855.5)	(90.0, 11493.0)	(91.0, 4901.5)	(92.0, 2555.0)	(93.0, 1567.5)	(94.0, 986.0)	(95.0, 717.0)	(96.0, 562.0)	(97.0, 462.0)	(98.0, 348.0)	(99.0, 895.5)	(100.0, 1382.0)
SRR26260946_2	(0.0, 121199.0)	(1.0, 60894.0)	(2.0, 508.5)	(3.0, 416.0)	(4.0, 377.0)	(5.0, 359.5)	(6.0, 364.5)	(7.0, 346.0)	(8.0, 345.5)	(9.0, 371.0)	(10.0, 399.5)	(11.0, 475.0)	(12.0, 593.0)	(13.0, 729.5)	(14.0, 942.5)	(15.0, 1255.5)	(16.0, 1850.5)	(17.0, 2752.0)	(18.0, 4035.5)	(19.0, 6177.5)	(20.0, 9431.0)	(21.0, 14400.5)	(22.0, 21672.5)	(23.0, 31849.5)	(24.0, 45341.5)	(25.0, 63020.0)	(26.0, 85975.0)	(27.0, 113257.0)	(28.0, 144477.5)	(29.0, 178893.5)	(30.0, 213249.5)	(31.0, 247650.5)	(32.0, 279277.0)	(33.0, 306588.5)	(34.0, 329602.5)	(35.0, 349283.0)	(36.0, 367020.0)	(37.0, 381105.0)	(38.0, 390826.5)	(39.0, 394793.0)	(40.0, 397018.5)	(41.0, 397187.0)	(42.0, 393866.5)	(43.0, 388481.0)	(44.0, 381253.0)	(45.0, 376122.5)	(46.0, 372371.5)	(47.0, 367223.0)	(48.0, 361592.5)	(49.0, 353789.0)	(50.0, 347047.5)	(51.0, 342157.5)	(52.0, 331979.5)	(53.0, 321739.5)	(54.0, 317752.0)	(55.0, 315172.5)	(56.0, 307388.5)	(57.0, 295742.0)	(58.0, 284697.0)	(59.0, 272391.5)	(60.0, 258366.5)	(61.0, 249951.0)	(62.0, 240842.0)	(63.0, 225700.5)	(64.0, 205346.5)	(65.0, 175713.5)	(66.0, 145704.0)	(67.0, 122947.0)	(68.0, 104918.0)	(69.0, 90336.5)	(70.0, 78780.0)	(71.0, 72774.5)	(72.0, 71607.5)	(73.0, 63283.0)	(74.0, 58120.0)	(75.0, 65759.5)	(76.0, 74851.5)	(77.0, 93062.0)	(78.0, 108332.5)	(79.0, 88017.5)	(80.0, 64153.0)	(81.0, 67351.5)	(82.0, 67343.0)	(83.0, 59674.0)	(84.0, 61046.5)	(85.0, 63347.0)	(86.0, 62241.5)	(87.0, 55936.0)	(88.0, 36751.5)	(89.0, 18200.5)	(90.0, 10322.5)	(91.0, 6536.0)	(92.0, 4722.5)	(93.0, 3852.0)	(94.0, 3239.5)	(95.0, 2713.0)	(96.0, 2377.0)	(97.0, 2113.5)	(98.0, 1706.5)	(99.0, 1559.5)	(100.0, 4420.0)
SRR26260947_1	(0.0, 165410.0)	(1.0, 82738.0)	(2.0, 65.5)	(3.0, 69.0)	(4.0, 86.0)	(5.0, 108.0)	(6.0, 123.5)	(7.0, 147.0)	(8.0, 172.0)	(9.0, 217.0)	(10.0, 311.0)	(11.0, 419.0)	(12.0, 581.0)	(13.0, 786.5)	(14.0, 1029.0)	(15.0, 1515.0)	(16.0, 2353.5)	(17.0, 3578.0)	(18.0, 5619.0)	(19.0, 8889.0)	(20.0, 13739.0)	(21.0, 21187.5)	(22.0, 32584.5)	(23.0, 46958.5)	(24.0, 64839.5)	(25.0, 88579.5)	(26.0, 118890.5)	(27.0, 155408.5)	(28.0, 197089.5)	(29.0, 241582.5)	(30.0, 287113.0)	(31.0, 332774.0)	(32.0, 373219.5)	(33.0, 408234.0)	(34.0, 440593.5)	(35.0, 465922.0)	(36.0, 485936.0)	(37.0, 503251.0)	(38.0, 517016.5)	(39.0, 525187.0)	(40.0, 527723.0)	(41.0, 528823.5)	(42.0, 531550.0)	(43.0, 525701.0)	(44.0, 513482.5)	(45.0, 507325.5)	(46.0, 504644.0)	(47.0, 503182.5)	(48.0, 496861.0)	(49.0, 486490.0)	(50.0, 482049.5)	(51.0, 477715.5)	(52.0, 464942.0)	(53.0, 440964.5)	(54.0, 419486.0)	(55.0, 407349.0)	(56.0, 392217.5)	(57.0, 378741.0)	(58.0, 365033.0)	(59.0, 350345.0)	(60.0, 343101.5)	(61.0, 339833.5)	(62.0, 311942.0)	(63.0, 273074.0)	(64.0, 239908.5)	(65.0, 204196.5)	(66.0, 184972.0)	(67.0, 165411.5)	(68.0, 139300.0)	(69.0, 115471.5)	(70.0, 95668.0)	(71.0, 87675.0)	(72.0, 84877.5)	(73.0, 83924.5)	(74.0, 88327.5)	(75.0, 98803.0)	(76.0, 97947.5)	(77.0, 118683.0)	(78.0, 135359.5)	(79.0, 109414.5)	(80.0, 98019.5)	(81.0, 103978.5)	(82.0, 115204.5)	(83.0, 95284.5)	(84.0, 74090.0)	(85.0, 71233.0)	(86.0, 77167.5)	(87.0, 90051.5)	(88.0, 67740.5)	(89.0, 37339.5)	(90.0, 18374.5)	(91.0, 7944.0)	(92.0, 3960.5)	(93.0, 2373.5)	(94.0, 1488.0)	(95.0, 994.0)	(96.0, 726.5)	(97.0, 567.5)	(98.0, 388.5)	(99.0, 849.0)	(100.0, 1171.5)
SRR26260947_2	(0.0, 167334.0)	(1.0, 84052.0)	(2.0, 676.5)	(3.0, 530.0)	(4.0, 453.0)	(5.0, 420.0)	(6.0, 427.0)	(7.0, 446.5)	(8.0, 462.0)	(9.0, 494.5)	(10.0, 550.0)	(11.0, 659.0)	(12.0, 795.5)	(13.0, 953.5)	(14.0, 1217.0)	(15.0, 1665.0)	(16.0, 2466.0)	(17.0, 3664.5)	(18.0, 5494.0)	(19.0, 8566.5)	(20.0, 13090.5)	(21.0, 19894.0)	(22.0, 30260.5)	(23.0, 44967.0)	(24.0, 64105.5)	(25.0, 88976.5)	(26.0, 120868.5)	(27.0, 157469.5)	(28.0, 198084.0)	(29.0, 242278.5)	(30.0, 286646.5)	(31.0, 329852.0)	(32.0, 368697.0)	(33.0, 402740.0)	(34.0, 430452.5)	(35.0, 453413.5)	(36.0, 474990.0)	(37.0, 492648.0)	(38.0, 504788.5)	(39.0, 511106.0)	(40.0, 514218.0)	(41.0, 513046.0)	(42.0, 509305.0)	(43.0, 504168.0)	(44.0, 496978.5)	(45.0, 491551.0)	(46.0, 487921.0)	(47.0, 482269.0)	(48.0, 476834.5)	(49.0, 469072.5)	(50.0, 461160.0)	(51.0, 454502.0)	(52.0, 441737.5)	(53.0, 429783.5)	(54.0, 425028.0)	(55.0, 421094.5)	(56.0, 410974.5)	(57.0, 395641.0)	(58.0, 380602.5)	(59.0, 366280.5)	(60.0, 348852.0)	(61.0, 337387.5)	(62.0, 322543.5)	(63.0, 299195.5)	(64.0, 271648.5)	(65.0, 233293.5)	(66.0, 194092.5)	(67.0, 163681.0)	(68.0, 139463.5)	(69.0, 119443.5)	(70.0, 103829.0)	(71.0, 96772.0)	(72.0, 96071.5)	(73.0, 85239.5)	(74.0, 78194.0)	(75.0, 87552.5)	(76.0, 101032.5)	(77.0, 127294.0)	(78.0, 147254.0)	(79.0, 119010.5)	(80.0, 84570.0)	(81.0, 88029.0)	(82.0, 92069.0)	(83.0, 88079.0)	(84.0, 98559.5)	(85.0, 106636.5)	(86.0, 105370.0)	(87.0, 100584.0)	(88.0, 74341.5)	(89.0, 40466.0)	(90.0, 22431.5)	(91.0, 14348.5)	(92.0, 10468.5)	(93.0, 8145.5)	(94.0, 6433.0)	(95.0, 4985.0)	(96.0, 3906.5)	(97.0, 3080.5)	(98.0, 2277.5)	(99.0, 1866.5)	(100.0, 4695.5)
SRR26260948_1	(0.0, 273122.0)	(1.0, 136595.0)	(2.0, 74.5)	(3.0, 81.5)	(4.0, 95.0)	(5.0, 107.5)	(6.0, 143.0)	(7.0, 184.5)	(8.0, 221.0)	(9.0, 295.0)	(10.0, 396.0)	(11.0, 537.0)	(12.0, 763.0)	(13.0, 1025.0)	(14.0, 1422.5)	(15.0, 2140.5)	(16.0, 3331.0)	(17.0, 5161.0)	(18.0, 8139.0)	(19.0, 13155.0)	(20.0, 21011.0)	(21.0, 32671.5)	(22.0, 50232.0)	(23.0, 72882.5)	(24.0, 101492.5)	(25.0, 138461.5)	(26.0, 184449.5)	(27.0, 238145.0)	(28.0, 298210.0)	(29.0, 359705.5)	(30.0, 420752.5)	(31.0, 481816.5)	(32.0, 534420.5)	(33.0, 579727.0)	(34.0, 621619.5)	(35.0, 654238.0)	(36.0, 679752.5)	(37.0, 701197.0)	(38.0, 717731.0)	(39.0, 728415.0)	(40.0, 730578.5)	(41.0, 728261.0)	(42.0, 727880.5)	(43.0, 717711.5)	(44.0, 697983.0)	(45.0, 685259.5)	(46.0, 677192.5)	(47.0, 668822.0)	(48.0, 655306.0)	(49.0, 636204.0)	(50.0, 623536.5)	(51.0, 610428.5)	(52.0, 589602.0)	(53.0, 558820.5)	(54.0, 528745.5)	(55.0, 508974.0)	(56.0, 489059.0)	(57.0, 467652.5)	(58.0, 443267.5)	(59.0, 418543.5)	(60.0, 403320.5)	(61.0, 390764.0)	(62.0, 355663.0)	(63.0, 314766.5)	(64.0, 273085.5)	(65.0, 228185.0)	(66.0, 203234.0)	(67.0, 181580.5)	(68.0, 154000.5)	(69.0, 124924.5)	(70.0, 102164.0)	(71.0, 93441.0)	(72.0, 83916.0)	(73.0, 79470.5)	(74.0, 83429.0)	(75.0, 88390.0)	(76.0, 84631.5)	(77.0, 94464.5)	(78.0, 102800.5)	(79.0, 82692.5)	(80.0, 71082.0)	(81.0, 67655.0)	(82.0, 65621.5)	(83.0, 53727.5)	(84.0, 39921.0)	(85.0, 34287.5)	(86.0, 32017.0)	(87.0, 29725.0)	(88.0, 17792.0)	(89.0, 8844.0)	(90.0, 6170.5)	(91.0, 4009.5)	(92.0, 2152.5)	(93.0, 1354.5)	(94.0, 922.0)	(95.0, 681.0)	(96.0, 512.0)	(97.0, 452.5)	(98.0, 746.5)	(99.0, 2489.5)	(100.0, 3283.0)
SRR26260948_2	(0.0, 274987.0)	(1.0, 138016.5)	(2.0, 932.5)	(3.0, 734.5)	(4.0, 628.5)	(5.0, 589.5)	(6.0, 604.5)	(7.0, 636.5)	(8.0, 674.0)	(9.0, 716.0)	(10.0, 775.0)	(11.0, 908.0)	(12.0, 1129.5)	(13.0, 1382.0)	(14.0, 1741.0)	(15.0, 2450.0)	(16.0, 3644.5)	(17.0, 5372.5)	(18.0, 8203.5)	(19.0, 12980.0)	(20.0, 20532.5)	(21.0, 32090.5)	(22.0, 48955.0)	(23.0, 72550.5)	(24.0, 103272.0)	(25.0, 141525.0)	(26.0, 189108.5)	(27.0, 243613.0)	(28.0, 302251.0)	(29.0, 362968.0)	(30.0, 422159.5)	(31.0, 478569.0)	(32.0, 527672.0)	(33.0, 571313.0)	(34.0, 609206.0)	(35.0, 640058.0)	(36.0, 667644.5)	(37.0, 689832.0)	(38.0, 704441.5)	(39.0, 709318.0)	(40.0, 709718.0)	(41.0, 706462.0)	(42.0, 698468.0)	(43.0, 687927.5)	(44.0, 675687.5)	(45.0, 664934.0)	(46.0, 654263.5)	(47.0, 643149.0)	(48.0, 631278.5)	(49.0, 614455.5)	(50.0, 599432.5)	(51.0, 586960.5)	(52.0, 566679.0)	(53.0, 547360.5)	(54.0, 536117.5)	(55.0, 528711.5)	(56.0, 514596.5)	(57.0, 490945.5)	(58.0, 467351.5)	(59.0, 442614.0)	(60.0, 414953.0)	(61.0, 394357.0)	(62.0, 372925.0)	(63.0, 345739.0)	(64.0, 307885.5)	(65.0, 256678.5)	(66.0, 212547.0)	(67.0, 179793.0)	(68.0, 151866.5)	(69.0, 128391.5)	(70.0, 110716.0)	(71.0, 101359.0)	(72.0, 95086.5)	(73.0, 83944.0)	(74.0, 78955.0)	(75.0, 85519.0)	(76.0, 94242.0)	(77.0, 112762.0)	(78.0, 121885.5)	(79.0, 95118.5)	(80.0, 65741.0)	(81.0, 63558.0)	(82.0, 64860.5)	(83.0, 55585.0)	(84.0, 48804.5)	(85.0, 42776.5)	(86.0, 36751.5)	(87.0, 29142.5)	(88.0, 17950.5)	(89.0, 10382.0)	(90.0, 7870.5)	(91.0, 5619.5)	(92.0, 3856.0)	(93.0, 2953.5)	(94.0, 2342.5)	(95.0, 2013.5)	(96.0, 1794.5)	(97.0, 1710.5)	(98.0, 1606.0)	(99.0, 1891.5)	(100.0, 7662.0)
SRR26260949_1	(0.0, 117131.0)	(1.0, 58591.0)	(2.0, 50.0)	(3.0, 48.5)	(4.0, 55.5)	(5.0, 66.0)	(6.0, 83.5)	(7.0, 108.5)	(8.0, 140.0)	(9.0, 177.0)	(10.0, 216.0)	(11.0, 290.0)	(12.0, 404.0)	(13.0, 548.5)	(14.0, 738.5)	(15.0, 1078.0)	(16.0, 1628.0)	(17.0, 2521.5)	(18.0, 3978.0)	(19.0, 6097.0)	(20.0, 9330.5)	(21.0, 14439.5)	(22.0, 22229.5)	(23.0, 32192.5)	(24.0, 44881.5)	(25.0, 61490.0)	(26.0, 83309.0)	(27.0, 110612.0)	(28.0, 141575.0)	(29.0, 174414.0)	(30.0, 208432.0)	(31.0, 242146.0)	(32.0, 272864.0)	(33.0, 300466.0)	(34.0, 325937.0)	(35.0, 345730.5)	(36.0, 361846.0)	(37.0, 375315.5)	(38.0, 384408.0)	(39.0, 391582.0)	(40.0, 394238.0)	(41.0, 393455.5)	(42.0, 394701.0)	(43.0, 390039.5)	(44.0, 380873.0)	(45.0, 376588.0)	(46.0, 373255.0)	(47.0, 369981.0)	(48.0, 365344.5)	(49.0, 358489.5)	(50.0, 352582.0)	(51.0, 346955.0)	(52.0, 336817.5)	(53.0, 318939.0)	(54.0, 302291.0)	(55.0, 291042.0)	(56.0, 278989.0)	(57.0, 268899.5)	(58.0, 258097.5)	(59.0, 245902.0)	(60.0, 238679.5)	(61.0, 234330.5)	(62.0, 215617.5)	(63.0, 189446.5)	(64.0, 163528.5)	(65.0, 136987.5)	(66.0, 122930.0)	(67.0, 109534.0)	(68.0, 93141.0)	(69.0, 76975.5)	(70.0, 63816.5)	(71.0, 59027.5)	(72.0, 56414.0)	(73.0, 55642.5)	(74.0, 58998.0)	(75.0, 65224.5)	(76.0, 63310.0)	(77.0, 74773.5)	(78.0, 84470.0)	(79.0, 68040.0)	(80.0, 61604.5)	(81.0, 65646.0)	(82.0, 72314.5)	(83.0, 60271.0)	(84.0, 46674.0)	(85.0, 45033.5)	(86.0, 47495.5)	(87.0, 53820.0)	(88.0, 41074.0)	(89.0, 22576.0)	(90.0, 10809.5)	(91.0, 4526.0)	(92.0, 2174.0)	(93.0, 1363.0)	(94.0, 846.5)	(95.0, 589.5)	(96.0, 472.5)	(97.0, 356.0)	(98.0, 269.5)	(99.0, 625.0)	(100.0, 1028.5)
SRR26260949_2	(0.0, 117862.0)	(1.0, 59184.0)	(2.0, 459.0)	(3.0, 378.0)	(4.0, 342.5)	(5.0, 335.5)	(6.0, 328.5)	(7.0, 335.5)	(8.0, 341.0)	(9.0, 371.0)	(10.0, 429.0)	(11.0, 502.5)	(12.0, 585.5)	(13.0, 735.0)	(14.0, 942.0)	(15.0, 1232.0)	(16.0, 1778.0)	(17.0, 2646.5)	(18.0, 4005.5)	(19.0, 6052.0)	(20.0, 9342.5)	(21.0, 14403.0)	(22.0, 21641.5)	(23.0, 32197.5)	(24.0, 46616.0)	(25.0, 64644.0)	(26.0, 87744.5)	(27.0, 115022.0)	(28.0, 145266.5)	(29.0, 178858.5)	(30.0, 212279.5)	(31.0, 243912.0)	(32.0, 272801.0)	(33.0, 298221.5)	(34.0, 320449.0)	(35.0, 338949.5)	(36.0, 354699.5)	(37.0, 367837.0)	(38.0, 377076.0)	(39.0, 381422.5)	(40.0, 383610.0)	(41.0, 383191.5)	(42.0, 379577.0)	(43.0, 374775.0)	(44.0, 368787.5)	(45.0, 363073.5)	(46.0, 358696.5)	(47.0, 354490.0)	(48.0, 350556.0)	(49.0, 343530.5)	(50.0, 335509.0)	(51.0, 329324.5)	(52.0, 319453.5)	(53.0, 310249.0)	(54.0, 305421.5)	(55.0, 300975.0)	(56.0, 292440.0)	(57.0, 281039.0)	(58.0, 269393.0)	(59.0, 256854.0)	(60.0, 243373.5)	(61.0, 234620.5)	(62.0, 224544.5)	(63.0, 205011.5)	(64.0, 180394.0)	(65.0, 153193.5)	(66.0, 128611.5)	(67.0, 108858.5)	(68.0, 92121.0)	(69.0, 78575.0)	(70.0, 68199.0)	(71.0, 63216.5)	(72.0, 62432.0)	(73.0, 55974.5)	(74.0, 51154.0)	(75.0, 56730.5)	(76.0, 64845.5)	(77.0, 80569.0)	(78.0, 92534.5)	(79.0, 75251.0)	(80.0, 53880.5)	(81.0, 56119.0)	(82.0, 58995.0)	(83.0, 55198.5)	(84.0, 61092.5)	(85.0, 65039.0)	(86.0, 61512.0)	(87.0, 57002.0)	(88.0, 42110.0)	(89.0, 24327.5)	(90.0, 14699.0)	(91.0, 9571.0)	(92.0, 7215.0)	(93.0, 5850.0)	(94.0, 4809.0)	(95.0, 3947.5)	(96.0, 3338.0)	(97.0, 2766.0)	(98.0, 2013.5)	(99.0, 1493.5)	(100.0, 3875.0)
SRR26260950_1	(0.0, 73785.0)	(1.0, 36924.5)	(2.0, 60.0)	(3.0, 65.0)	(4.0, 92.0)	(5.0, 133.0)	(6.0, 164.5)	(7.0, 190.5)	(8.0, 245.5)	(9.0, 313.5)	(10.0, 398.5)	(11.0, 544.0)	(12.0, 725.0)	(13.0, 987.0)	(14.0, 1339.5)	(15.0, 1925.0)	(16.0, 3022.5)	(17.0, 4655.0)	(18.0, 7114.5)	(19.0, 10966.0)	(20.0, 16783.0)	(21.0, 25215.5)	(22.0, 37712.5)	(23.0, 54241.5)	(24.0, 76424.0)	(25.0, 104826.5)	(26.0, 140156.5)	(27.0, 184539.5)	(28.0, 236563.0)	(29.0, 292326.0)	(30.0, 351384.0)	(31.0, 413417.5)	(32.0, 471725.0)	(33.0, 520475.0)	(34.0, 563680.0)	(35.0, 596172.5)	(36.0, 619050.0)	(37.0, 637509.0)	(38.0, 648256.5)	(39.0, 652639.0)	(40.0, 650676.5)	(41.0, 644057.5)	(42.0, 638473.5)	(43.0, 626114.5)	(44.0, 608495.0)	(45.0, 600072.0)	(46.0, 591272.0)	(47.0, 582753.0)	(48.0, 578048.0)	(49.0, 570729.5)	(50.0, 558727.5)	(51.0, 544148.0)	(52.0, 527556.0)	(53.0, 496749.5)	(54.0, 463617.5)	(55.0, 441818.0)	(56.0, 423276.0)	(57.0, 406385.0)	(58.0, 384117.5)	(59.0, 361089.5)	(60.0, 353079.0)	(61.0, 353022.0)	(62.0, 317829.5)	(63.0, 271049.5)	(64.0, 236930.5)	(65.0, 199395.5)	(66.0, 189483.0)	(67.0, 173099.5)	(68.0, 140170.5)	(69.0, 114899.5)	(70.0, 97062.0)	(71.0, 98054.5)	(72.0, 99924.0)	(73.0, 106339.0)	(74.0, 120249.0)	(75.0, 136460.5)	(76.0, 137665.0)	(77.0, 180963.5)	(78.0, 218577.0)	(79.0, 168968.5)	(80.0, 135830.0)	(81.0, 132740.5)	(82.0, 133340.0)	(83.0, 107025.0)	(84.0, 76928.5)	(85.0, 66438.5)	(86.0, 68872.0)	(87.0, 83856.0)	(88.0, 65287.5)	(89.0, 34443.5)	(90.0, 15125.0)	(91.0, 5359.0)	(92.0, 2870.0)	(93.0, 1954.5)	(94.0, 1382.0)	(95.0, 921.5)	(96.0, 681.0)	(97.0, 571.5)	(98.0, 381.0)	(99.0, 717.0)	(100.0, 991.0)
SRR26260950_2	(0.0, 75684.0)	(1.0, 38283.5)	(2.0, 776.5)	(3.0, 654.0)	(4.0, 598.5)	(5.0, 531.5)	(6.0, 530.0)	(7.0, 563.5)	(8.0, 583.0)	(9.0, 611.0)	(10.0, 689.0)	(11.0, 840.5)	(12.0, 1035.5)	(13.0, 1331.5)	(14.0, 1721.5)	(15.0, 2297.5)	(16.0, 3279.5)	(17.0, 4827.0)	(18.0, 7159.5)	(19.0, 10808.0)	(20.0, 16487.0)	(21.0, 24742.5)	(22.0, 36620.5)	(23.0, 53195.0)	(24.0, 76389.0)	(25.0, 106429.0)	(26.0, 143845.0)	(27.0, 188254.0)	(28.0, 239238.5)	(29.0, 296037.0)	(30.0, 354429.5)	(31.0, 413905.5)	(32.0, 470881.0)	(33.0, 517189.0)	(34.0, 553634.5)	(35.0, 584892.5)	(36.0, 608565.5)	(37.0, 624122.0)	(38.0, 632859.0)	(39.0, 634602.0)	(40.0, 633665.0)	(41.0, 626879.5)	(42.0, 614830.5)	(43.0, 602194.0)	(44.0, 589424.0)	(45.0, 579139.5)	(46.0, 570185.5)	(47.0, 562553.0)	(48.0, 556258.5)	(49.0, 548355.0)	(50.0, 536754.5)	(51.0, 521426.0)	(52.0, 501274.0)	(53.0, 483101.0)	(54.0, 471104.5)	(55.0, 461125.0)	(56.0, 450174.5)	(57.0, 431781.5)	(58.0, 409539.5)	(59.0, 385233.0)	(60.0, 359648.5)	(61.0, 345721.0)	(62.0, 327735.0)	(63.0, 302584.5)	(64.0, 277268.0)	(65.0, 235592.0)	(66.0, 190617.0)	(67.0, 157750.0)	(68.0, 131513.0)	(69.0, 114950.0)	(70.0, 105937.5)	(71.0, 104864.5)	(72.0, 113306.0)	(73.0, 102550.0)	(74.0, 95076.0)	(75.0, 119895.5)	(76.0, 149522.0)	(77.0, 201831.5)	(78.0, 234353.0)	(79.0, 180654.0)	(80.0, 117332.5)	(81.0, 116448.0)	(82.0, 120214.5)	(83.0, 105966.5)	(84.0, 108189.0)	(85.0, 108469.0)	(86.0, 101015.5)	(87.0, 89417.0)	(88.0, 57109.0)	(89.0, 25277.5)	(90.0, 13896.5)	(91.0, 8963.5)	(92.0, 6916.0)	(93.0, 5995.0)	(94.0, 5316.5)	(95.0, 4879.0)	(96.0, 4468.5)	(97.0, 3879.0)	(98.0, 2984.5)	(99.0, 2206.0)	(100.0, 5144.5)
SRR26260951_1	(0.0, 72612.0)	(1.0, 36327.0)	(2.0, 40.0)	(3.0, 48.0)	(4.0, 56.0)	(5.0, 68.0)	(6.0, 87.5)	(7.0, 111.0)	(8.0, 145.5)	(9.0, 187.5)	(10.0, 236.0)	(11.0, 312.0)	(12.0, 432.0)	(13.0, 606.0)	(14.0, 822.0)	(15.0, 1183.5)	(16.0, 1856.0)	(17.0, 2906.0)	(18.0, 4549.5)	(19.0, 7200.0)	(20.0, 11374.5)	(21.0, 17459.5)	(22.0, 26689.5)	(23.0, 38664.0)	(24.0, 53644.5)	(25.0, 73998.5)	(26.0, 99919.5)	(27.0, 130080.0)	(28.0, 164287.0)	(29.0, 200792.5)	(30.0, 237570.0)	(31.0, 274857.0)	(32.0, 307979.5)	(33.0, 336731.5)	(34.0, 362906.5)	(35.0, 382647.5)	(36.0, 399751.5)	(37.0, 415021.5)	(38.0, 425469.0)	(39.0, 432529.5)	(40.0, 437050.0)	(41.0, 437217.5)	(42.0, 437555.5)	(43.0, 433602.0)	(44.0, 424586.0)	(45.0, 420836.5)	(46.0, 419730.0)	(47.0, 418405.5)	(48.0, 414033.0)	(49.0, 406152.0)	(50.0, 401714.5)	(51.0, 398003.5)	(52.0, 387462.0)	(53.0, 367296.5)	(54.0, 349062.0)	(55.0, 338275.0)	(56.0, 326645.0)	(57.0, 316460.5)	(58.0, 305129.0)	(59.0, 291347.0)	(60.0, 283746.5)	(61.0, 279050.0)	(62.0, 255714.0)	(63.0, 226329.0)	(64.0, 198236.0)	(65.0, 167391.0)	(66.0, 151927.5)	(67.0, 136455.0)	(68.0, 115415.5)	(69.0, 95258.0)	(70.0, 78442.5)	(71.0, 72196.0)	(72.0, 69076.0)	(73.0, 69808.0)	(74.0, 75460.5)	(75.0, 83393.5)	(76.0, 82363.5)	(77.0, 100138.5)	(78.0, 114245.5)	(79.0, 92820.5)	(80.0, 84179.5)	(81.0, 87875.5)	(82.0, 92104.5)	(83.0, 74615.5)	(84.0, 61620.5)	(85.0, 61081.0)	(86.0, 65197.0)	(87.0, 77202.0)	(88.0, 58503.0)	(89.0, 30386.5)	(90.0, 14282.5)	(91.0, 6305.5)	(92.0, 3228.5)	(93.0, 1903.0)	(94.0, 1152.0)	(95.0, 742.5)	(96.0, 527.5)	(97.0, 405.0)	(98.0, 334.5)	(99.0, 716.0)	(100.0, 980.0)
SRR26260951_2	(0.0, 73839.0)	(1.0, 37226.0)	(2.0, 543.5)	(3.0, 448.0)	(4.0, 394.0)	(5.0, 365.0)	(6.0, 369.5)	(7.0, 346.5)	(8.0, 350.0)	(9.0, 388.0)	(10.0, 449.0)	(11.0, 542.5)	(12.0, 620.0)	(13.0, 770.5)	(14.0, 1004.0)	(15.0, 1365.0)	(16.0, 1988.5)	(17.0, 2981.0)	(18.0, 4538.0)	(19.0, 6957.5)	(20.0, 10851.0)	(21.0, 16854.5)	(22.0, 25627.5)	(23.0, 38172.0)	(24.0, 54757.0)	(25.0, 76004.0)	(26.0, 102698.5)	(27.0, 133855.0)	(28.0, 167992.5)	(29.0, 204251.0)	(30.0, 239995.0)	(31.0, 274655.5)	(32.0, 305741.5)	(33.0, 332452.0)	(34.0, 356114.5)	(35.0, 375022.5)	(36.0, 392300.5)	(37.0, 407775.0)	(38.0, 417223.5)	(39.0, 421875.0)	(40.0, 424152.0)	(41.0, 423798.0)	(42.0, 421720.0)	(43.0, 416874.5)	(44.0, 411112.5)	(45.0, 407787.0)	(46.0, 404478.0)	(47.0, 400587.5)	(48.0, 396713.5)	(49.0, 390236.0)	(50.0, 383380.0)	(51.0, 376713.0)	(52.0, 366320.5)	(53.0, 357013.0)	(54.0, 352774.0)	(55.0, 349220.0)	(56.0, 341894.0)	(57.0, 329482.5)	(58.0, 315880.0)	(59.0, 302155.0)	(60.0, 286471.5)	(61.0, 276731.0)	(62.0, 265396.0)	(63.0, 247843.5)	(64.0, 224259.5)	(65.0, 190374.0)	(66.0, 158104.0)	(67.0, 133129.0)	(68.0, 112864.0)	(69.0, 96771.5)	(70.0, 84209.0)	(71.0, 78733.5)	(72.0, 77720.5)	(73.0, 69098.0)	(74.0, 64901.0)	(75.0, 73295.5)	(76.0, 85618.5)	(77.0, 110149.5)	(78.0, 126412.0)	(79.0, 100817.0)	(80.0, 69368.5)	(81.0, 70490.5)	(82.0, 75765.5)	(83.0, 72563.0)	(84.0, 82653.0)	(85.0, 89489.5)	(86.0, 87189.0)	(87.0, 84472.0)	(88.0, 62856.0)	(89.0, 34196.5)	(90.0, 18565.5)	(91.0, 11578.0)	(92.0, 8174.5)	(93.0, 6387.0)	(94.0, 5106.5)	(95.0, 3959.0)	(96.0, 3094.5)	(97.0, 2461.0)	(98.0, 1844.0)	(99.0, 1468.5)	(100.0, 3626.0)
SRR26260989_1	(0.0, 937.0)	(1.0, 468.5)	(2.0, 2.0)	(3.0, 4.0)	(4.0, 7.5)	(5.0, 15.0)	(6.0, 27.5)	(7.0, 37.5)	(8.0, 42.5)	(9.0, 62.5)	(10.0, 103.5)	(11.0, 176.0)	(12.0, 277.0)	(13.0, 396.5)	(14.0, 610.5)	(15.0, 914.5)	(16.0, 1401.5)	(17.0, 2224.0)	(18.0, 3593.5)	(19.0, 5630.0)	(20.0, 8818.0)	(21.0, 13619.5)	(22.0, 21008.5)	(23.0, 35768.0)	(24.0, 75736.5)	(25.0, 114709.0)	(26.0, 148338.5)	(27.0, 237334.5)	(28.0, 392624.0)	(29.0, 615805.0)	(30.0, 920603.5)	(31.0, 1280658.5)	(32.0, 1704455.5)	(33.0, 2073508.5)	(34.0, 2597757.5)	(35.0, 3318264.0)	(36.0, 3700032.5)	(37.0, 3879953.0)	(38.0, 3954568.0)	(39.0, 3682898.5)	(40.0, 3356342.5)	(41.0, 3048971.5)	(42.0, 2637261.0)	(43.0, 2211901.0)	(44.0, 1782714.0)	(45.0, 1531369.5)	(46.0, 1431011.0)	(47.0, 1437197.0)	(48.0, 1323642.0)	(49.0, 1075428.5)	(50.0, 924406.5)	(51.0, 777996.5)	(52.0, 712294.5)	(53.0, 637037.5)	(54.0, 553732.5)	(55.0, 404094.5)	(56.0, 241053.0)	(57.0, 202246.0)	(58.0, 184024.5)	(59.0, 169379.0)	(60.0, 157569.0)	(61.0, 156075.0)	(62.0, 155093.5)	(63.0, 143893.0)	(64.0, 116512.5)	(65.0, 87578.5)	(66.0, 77890.5)	(67.0, 70327.5)	(68.0, 59351.5)	(69.0, 48039.0)	(70.0, 38892.5)	(71.0, 37015.5)	(72.0, 37247.0)	(73.0, 39710.0)	(74.0, 45097.5)	(75.0, 51668.5)	(76.0, 49481.0)	(77.0, 63440.5)	(78.0, 73313.5)	(79.0, 53734.0)	(80.0, 42996.0)	(81.0, 39998.0)	(82.0, 39136.5)	(83.0, 34715.5)	(84.0, 29195.5)	(85.0, 25902.0)	(86.0, 24532.5)	(87.0, 23531.0)	(88.0, 18546.5)	(89.0, 13102.5)	(90.0, 7756.0)	(91.0, 4546.5)	(92.0, 3114.0)	(93.0, 2403.0)	(94.0, 1980.5)	(95.0, 1630.0)	(96.0, 1367.0)	(97.0, 1212.5)	(98.0, 985.5)	(99.0, 575.5)	(100.0, 216.5)
SRR26260989_2	(0.0, 1174.0)	(1.0, 1255.5)	(2.0, 2108.0)	(3.0, 3295.5)	(4.0, 3552.0)	(5.0, 3120.5)	(6.0, 2726.5)	(7.0, 2566.0)	(8.0, 2568.5)	(9.0, 2615.0)	(10.0, 2697.0)	(11.0, 2815.5)	(12.0, 2926.0)	(13.0, 3161.5)	(14.0, 3490.5)	(15.0, 3781.0)	(16.0, 4262.0)	(17.0, 5121.5)	(18.0, 6511.0)	(19.0, 8510.0)	(20.0, 11656.5)	(21.0, 16467.5)	(22.0, 23774.5)	(23.0, 40982.5)	(24.0, 72225.0)	(25.0, 129611.0)	(26.0, 175119.5)	(27.0, 226455.0)	(28.0, 341663.5)	(29.0, 533384.0)	(30.0, 859312.0)	(31.0, 1356480.0)	(32.0, 1931887.5)	(33.0, 2291370.0)	(34.0, 2712588.0)	(35.0, 3435153.0)	(36.0, 3879353.5)	(37.0, 3898978.5)	(38.0, 3778666.0)	(39.0, 3472617.0)	(40.0, 3169643.5)	(41.0, 2890627.5)	(42.0, 2534246.5)	(43.0, 2306288.0)	(44.0, 2050480.5)	(45.0, 1746451.0)	(46.0, 1513994.5)	(47.0, 1301897.5)	(48.0, 1077958.0)	(49.0, 889330.5)	(50.0, 751830.0)	(51.0, 758482.0)	(52.0, 778592.0)	(53.0, 614830.5)	(54.0, 471165.5)	(55.0, 370758.5)	(56.0, 269395.0)	(57.0, 219134.5)	(58.0, 193389.5)	(59.0, 178511.0)	(60.0, 166708.5)	(61.0, 169034.0)	(62.0, 165235.5)	(63.0, 139497.5)	(64.0, 118283.0)	(65.0, 101496.5)	(66.0, 81645.0)	(67.0, 65152.5)	(68.0, 52878.0)	(69.0, 45169.5)	(70.0, 40830.5)	(71.0, 39935.0)	(72.0, 41350.0)	(73.0, 38282.5)	(74.0, 35152.5)	(75.0, 41610.5)	(76.0, 49977.5)	(77.0, 64041.5)	(78.0, 78244.0)	(79.0, 63604.0)	(80.0, 39749.0)	(81.0, 35262.5)	(82.0, 34053.5)	(83.0, 29595.0)	(84.0, 28825.0)	(85.0, 26685.0)	(86.0, 23597.5)	(87.0, 21997.0)	(88.0, 18289.5)	(89.0, 13214.5)	(90.0, 10014.0)	(91.0, 8923.5)	(92.0, 8133.5)	(93.0, 7683.0)	(94.0, 8420.0)	(95.0, 8850.0)	(96.0, 8668.5)	(97.0, 9356.0)	(98.0, 7681.0)	(99.0, 4817.5)	(100.0, 8749.5)
SRR26260990_1	(0.0, 4774.0)	(1.0, 2387.5)	(2.0, 1.0)	(3.0, 2.0)	(4.0, 6.0)	(5.0, 11.5)	(6.0, 21.0)	(7.0, 32.5)	(8.0, 44.0)	(9.0, 65.0)	(10.0, 108.0)	(11.0, 170.0)	(12.0, 235.0)	(13.0, 352.5)	(14.0, 550.0)	(15.0, 876.0)	(16.0, 1376.5)	(17.0, 2196.0)	(18.0, 3569.5)	(19.0, 5702.0)	(20.0, 9186.5)	(21.0, 14423.5)	(22.0, 22376.5)	(23.0, 38398.0)	(24.0, 81835.5)	(25.0, 122086.0)	(26.0, 159745.0)	(27.0, 258111.0)	(28.0, 423416.0)	(29.0, 668746.5)	(30.0, 1007278.5)	(31.0, 1396829.0)	(32.0, 1835675.5)	(33.0, 2213677.0)	(34.0, 2787135.0)	(35.0, 3567757.5)	(36.0, 3947228.0)	(37.0, 4123407.0)	(38.0, 4204449.5)	(39.0, 3914678.0)	(40.0, 3568995.0)	(41.0, 3246702.5)	(42.0, 2820798.0)	(43.0, 2362358.5)	(44.0, 1904428.0)	(45.0, 1647064.5)	(46.0, 1529182.0)	(47.0, 1525436.0)	(48.0, 1393582.5)	(49.0, 1127755.5)	(50.0, 985188.5)	(51.0, 839163.5)	(52.0, 763959.5)	(53.0, 675162.5)	(54.0, 585512.5)	(55.0, 424939.0)	(56.0, 251882.5)	(57.0, 212386.5)	(58.0, 192896.5)	(59.0, 176633.0)	(60.0, 165096.0)	(61.0, 164805.5)	(62.0, 162422.0)	(63.0, 149802.5)	(64.0, 122263.0)	(65.0, 91920.0)	(66.0, 81405.5)	(67.0, 73465.5)	(68.0, 62067.5)	(69.0, 50454.0)	(70.0, 41095.0)	(71.0, 38848.0)	(72.0, 38313.5)	(73.0, 40971.0)	(74.0, 46274.0)	(75.0, 52804.0)	(76.0, 50156.0)	(77.0, 63488.5)	(78.0, 73408.5)	(79.0, 53033.5)	(80.0, 42227.5)	(81.0, 39080.5)	(82.0, 36990.0)	(83.0, 32085.0)	(84.0, 27432.0)	(85.0, 25128.0)	(86.0, 23476.5)	(87.0, 22065.5)	(88.0, 17418.5)	(89.0, 12093.5)	(90.0, 6830.5)	(91.0, 3863.5)	(92.0, 2588.5)	(93.0, 1950.0)	(94.0, 1530.5)	(95.0, 1253.0)	(96.0, 1168.0)	(97.0, 1184.0)	(98.0, 1008.5)	(99.0, 564.5)	(100.0, 199.5)
SRR26260990_2	(0.0, 4796.0)	(1.0, 3136.5)	(2.0, 2331.0)	(3.0, 3521.5)	(4.0, 3685.5)	(5.0, 3283.0)	(6.0, 2829.0)	(7.0, 2535.0)	(8.0, 2528.5)	(9.0, 2624.5)	(10.0, 2739.0)	(11.0, 2858.0)	(12.0, 3035.0)	(13.0, 3236.0)	(14.0, 3522.0)	(15.0, 3980.0)	(16.0, 4608.0)	(17.0, 5383.5)	(18.0, 6718.5)	(19.0, 8943.0)	(20.0, 12311.0)	(21.0, 17352.5)	(22.0, 25386.5)	(23.0, 44354.5)	(24.0, 77935.0)	(25.0, 142078.0)	(26.0, 189351.0)	(27.0, 240440.0)	(28.0, 364191.0)	(29.0, 573600.5)	(30.0, 925774.0)	(31.0, 1439873.0)	(32.0, 2034377.5)	(33.0, 2412483.0)	(34.0, 2860058.0)	(35.0, 3631257.0)	(36.0, 4101477.0)	(37.0, 4133013.5)	(38.0, 4026331.0)	(39.0, 3721699.0)	(40.0, 3413146.0)	(41.0, 3115306.5)	(42.0, 2729731.5)	(43.0, 2489201.0)	(44.0, 2216372.0)	(45.0, 1876530.0)	(46.0, 1620004.5)	(47.0, 1391199.0)	(48.0, 1148782.5)	(49.0, 945419.0)	(50.0, 803878.5)	(51.0, 813979.5)	(52.0, 834869.0)	(53.0, 660552.0)	(54.0, 505330.0)	(55.0, 396037.0)	(56.0, 287091.5)	(57.0, 233318.5)	(58.0, 203971.5)	(59.0, 187229.5)	(60.0, 175195.5)	(61.0, 177340.5)	(62.0, 173367.0)	(63.0, 147319.5)	(64.0, 125010.5)	(65.0, 107331.5)	(66.0, 86310.0)	(67.0, 68811.5)	(68.0, 55560.5)	(69.0, 47501.0)	(70.0, 43113.5)	(71.0, 41715.0)	(72.0, 42988.5)	(73.0, 39747.5)	(74.0, 36549.0)	(75.0, 42806.5)	(76.0, 51102.5)	(77.0, 65913.5)	(78.0, 79899.0)	(79.0, 64378.5)	(80.0, 39589.5)	(81.0, 34427.0)	(82.0, 33357.0)	(83.0, 29150.0)	(84.0, 28469.0)	(85.0, 26405.5)	(86.0, 22988.5)	(87.0, 20484.0)	(88.0, 15783.5)	(89.0, 10970.5)	(90.0, 8781.5)	(91.0, 8199.0)	(92.0, 7522.0)	(93.0, 6888.5)	(94.0, 7417.5)	(95.0, 7972.5)	(96.0, 8076.5)	(97.0, 8952.0)	(98.0, 7946.0)	(99.0, 6155.5)	(100.0, 19214.0)
SRR26260991_1	(0.0, 1197.0)	(1.0, 599.5)	(2.0, 2.5)	(3.0, 7.0)	(4.0, 15.5)	(5.0, 24.5)	(6.0, 31.0)	(7.0, 44.0)	(8.0, 64.5)	(9.0, 92.5)	(10.0, 119.5)	(11.0, 179.0)	(12.0, 286.5)	(13.0, 437.0)	(14.0, 658.5)	(15.0, 983.0)	(16.0, 1581.5)	(17.0, 2439.5)	(18.0, 3859.0)	(19.0, 6117.0)	(20.0, 9576.5)	(21.0, 14872.5)	(22.0, 23019.5)	(23.0, 39187.0)	(24.0, 85212.0)	(25.0, 127013.5)	(26.0, 166372.5)	(27.0, 271388.0)	(28.0, 435749.5)	(29.0, 654034.5)	(30.0, 958959.5)	(31.0, 1340669.0)	(32.0, 1788028.5)	(33.0, 2169430.0)	(34.0, 2723473.0)	(35.0, 3474764.0)	(36.0, 3821405.5)	(37.0, 3972728.0)	(38.0, 4091722.0)	(39.0, 3799773.0)	(40.0, 3442268.0)	(41.0, 3124094.0)	(42.0, 2675208.0)	(43.0, 2233175.5)	(44.0, 1818837.5)	(45.0, 1611610.0)	(46.0, 1529125.5)	(47.0, 1560441.0)	(48.0, 1458553.5)	(49.0, 1195277.0)	(50.0, 1013121.5)	(51.0, 825103.0)	(52.0, 734635.0)	(53.0, 660378.5)	(54.0, 594310.0)	(55.0, 416640.0)	(56.0, 217927.0)	(57.0, 175714.0)	(58.0, 157639.5)	(59.0, 143759.5)	(60.0, 133690.0)	(61.0, 133986.5)	(62.0, 132531.5)	(63.0, 122698.0)	(64.0, 100089.0)	(65.0, 74329.5)	(66.0, 66413.0)	(67.0, 60199.0)	(68.0, 50884.5)	(69.0, 41163.5)	(70.0, 33120.0)	(71.0, 32068.0)	(72.0, 32839.0)	(73.0, 35053.0)	(74.0, 39553.5)	(75.0, 46142.0)	(76.0, 44413.0)	(77.0, 56982.0)	(78.0, 65990.0)	(79.0, 47480.5)	(80.0, 37296.0)	(81.0, 34351.0)	(82.0, 33531.0)	(83.0, 29566.0)	(84.0, 24506.5)	(85.0, 21634.0)	(86.0, 19858.0)	(87.0, 18653.5)	(88.0, 14826.5)	(89.0, 10923.5)	(90.0, 6625.0)	(91.0, 3801.5)	(92.0, 2505.5)	(93.0, 1865.5)	(94.0, 1500.0)	(95.0, 1270.0)	(96.0, 1279.0)	(97.0, 1306.0)	(98.0, 1101.5)	(99.0, 626.5)	(100.0, 225.0)
SRR26260991_2	(0.0, 1512.0)	(1.0, 1457.5)	(2.0, 2250.5)	(3.0, 3490.0)	(4.0, 3765.0)	(5.0, 3312.5)	(6.0, 2833.0)	(7.0, 2640.0)	(8.0, 2601.0)	(9.0, 2663.0)	(10.0, 2790.0)	(11.0, 2908.5)	(12.0, 3039.5)	(13.0, 3257.5)	(14.0, 3538.0)	(15.0, 3947.0)	(16.0, 4540.5)	(17.0, 5516.5)	(18.0, 6964.0)	(19.0, 9221.0)	(20.0, 12907.5)	(21.0, 18194.5)	(22.0, 26123.0)	(23.0, 46051.5)	(24.0, 80462.0)	(25.0, 147912.5)	(26.0, 196960.0)	(27.0, 242568.0)	(28.0, 358862.0)	(29.0, 558185.5)	(30.0, 902796.0)	(31.0, 1417782.0)	(32.0, 2005517.0)	(33.0, 2375566.5)	(34.0, 2801759.0)	(35.0, 3542250.5)	(36.0, 4004222.0)	(37.0, 3998238.0)	(38.0, 3896905.5)	(39.0, 3588991.5)	(40.0, 3262096.0)	(41.0, 2974115.0)	(42.0, 2589220.0)	(43.0, 2409592.5)	(44.0, 2192318.5)	(45.0, 1878844.0)	(46.0, 1635890.0)	(47.0, 1410811.0)	(48.0, 1164450.0)	(49.0, 946572.5)	(50.0, 787439.0)	(51.0, 811738.5)	(52.0, 852022.0)	(53.0, 657063.0)	(54.0, 483814.5)	(55.0, 365142.5)	(56.0, 246732.5)	(57.0, 192145.5)	(58.0, 165733.0)	(59.0, 152196.0)	(60.0, 142486.5)	(61.0, 145507.0)	(62.0, 143841.5)	(63.0, 122119.5)	(64.0, 102518.0)	(65.0, 87296.5)	(66.0, 70087.5)	(67.0, 55629.0)	(68.0, 44857.0)	(69.0, 38307.0)	(70.0, 35037.0)	(71.0, 34580.5)	(72.0, 36465.5)	(73.0, 33883.0)	(74.0, 30460.5)	(75.0, 36159.5)	(76.0, 43854.5)	(77.0, 56673.0)	(78.0, 70131.0)	(79.0, 57158.0)	(80.0, 35481.5)	(81.0, 31496.0)	(82.0, 29932.0)	(83.0, 25987.0)	(84.0, 25250.5)	(85.0, 23050.0)	(86.0, 19910.0)	(87.0, 17652.5)	(88.0, 13933.5)	(89.0, 9818.5)	(90.0, 7853.5)	(91.0, 7535.5)	(92.0, 7066.5)	(93.0, 6446.5)	(94.0, 7181.0)	(95.0, 7832.0)	(96.0, 7865.0)	(97.0, 9265.0)	(98.0, 8059.0)	(99.0, 5144.5)	(100.0, 11324.5)
SRR26260992_1	(0.0, 749.0)	(1.0, 375.5)	(2.0, 4.0)	(3.0, 6.5)	(4.0, 12.0)	(5.0, 19.0)	(6.0, 31.5)	(7.0, 39.5)	(8.0, 50.0)	(9.0, 77.0)	(10.0, 108.0)	(11.0, 174.0)	(12.0, 267.5)	(13.0, 393.5)	(14.0, 579.0)	(15.0, 840.0)	(16.0, 1313.5)	(17.0, 2138.0)	(18.0, 3449.5)	(19.0, 5486.0)	(20.0, 8697.0)	(21.0, 13415.5)	(22.0, 20658.0)	(23.0, 35078.5)	(24.0, 74983.0)	(25.0, 114466.0)	(26.0, 147612.5)	(27.0, 237839.5)	(28.0, 390333.5)	(29.0, 593634.0)	(30.0, 873590.0)	(31.0, 1216107.0)	(32.0, 1629295.0)	(33.0, 1996720.0)	(34.0, 2515747.5)	(35.0, 3217792.5)	(36.0, 3552995.5)	(37.0, 3714901.0)	(38.0, 3829940.5)	(39.0, 3546879.0)	(40.0, 3204077.5)	(41.0, 2905662.5)	(42.0, 2500256.0)	(43.0, 2101633.5)	(44.0, 1715589.5)	(45.0, 1517079.0)	(46.0, 1449024.0)	(47.0, 1494447.5)	(48.0, 1403320.5)	(49.0, 1151649.5)	(50.0, 972628.5)	(51.0, 792577.0)	(52.0, 714643.0)	(53.0, 641668.5)	(54.0, 574544.0)	(55.0, 408420.5)	(56.0, 220885.5)	(57.0, 179488.5)	(58.0, 161307.5)	(59.0, 147837.5)	(60.0, 136498.0)	(61.0, 135529.5)	(62.0, 134387.0)	(63.0, 124224.0)	(64.0, 101008.5)	(65.0, 75376.0)	(66.0, 67225.0)	(67.0, 60753.0)	(68.0, 51066.5)	(69.0, 41682.5)	(70.0, 34029.5)	(71.0, 32603.5)	(72.0, 33118.0)	(73.0, 35984.5)	(74.0, 41309.0)	(75.0, 48090.0)	(76.0, 46220.0)	(77.0, 59688.0)	(78.0, 69207.0)	(79.0, 49634.5)	(80.0, 39189.0)	(81.0, 36185.0)	(82.0, 34859.5)	(83.0, 31122.5)	(84.0, 26646.0)	(85.0, 23749.5)	(86.0, 21895.0)	(87.0, 20461.5)	(88.0, 16088.0)	(89.0, 11434.0)	(90.0, 6733.0)	(91.0, 3971.0)	(92.0, 2655.0)	(93.0, 2003.5)	(94.0, 1582.5)	(95.0, 1276.0)	(96.0, 1089.0)	(97.0, 1046.5)	(98.0, 892.0)	(99.0, 501.5)	(100.0, 203.0)
SRR26260992_2	(0.0, 990.0)	(1.0, 1159.5)	(2.0, 2003.0)	(3.0, 3100.5)	(4.0, 3396.0)	(5.0, 2993.5)	(6.0, 2563.0)	(7.0, 2372.0)	(8.0, 2382.5)	(9.0, 2449.0)	(10.0, 2499.5)	(11.0, 2596.5)	(12.0, 2772.5)	(13.0, 2903.5)	(14.0, 3145.0)	(15.0, 3587.0)	(16.0, 4132.0)	(17.0, 4888.0)	(18.0, 6064.5)	(19.0, 7913.5)	(20.0, 10894.0)	(21.0, 15630.0)	(22.0, 22685.5)	(23.0, 39353.0)	(24.0, 69008.5)	(25.0, 126547.0)	(26.0, 171057.0)	(27.0, 216307.5)	(28.0, 323179.5)	(29.0, 504734.0)	(30.0, 813284.5)	(31.0, 1281937.5)	(32.0, 1830596.5)	(33.0, 2183469.5)	(34.0, 2583288.5)	(35.0, 3268417.5)	(36.0, 3710643.0)	(37.0, 3726409.0)	(38.0, 3632370.0)	(39.0, 3350347.0)	(40.0, 3056125.5)	(41.0, 2783436.5)	(42.0, 2429129.0)	(43.0, 2270146.0)	(44.0, 2071273.5)	(45.0, 1784674.5)	(46.0, 1561619.0)	(47.0, 1356334.5)	(48.0, 1127373.5)	(49.0, 913441.5)	(50.0, 757680.5)	(51.0, 783108.0)	(52.0, 822758.5)	(53.0, 635455.5)	(54.0, 470699.5)	(55.0, 360878.0)	(56.0, 249020.5)	(57.0, 196443.5)	(58.0, 170898.5)	(59.0, 157269.5)	(60.0, 146246.5)	(61.0, 148265.0)	(62.0, 144964.0)	(63.0, 121340.5)	(64.0, 102419.0)	(65.0, 88208.5)	(66.0, 70711.0)	(67.0, 56402.0)	(68.0, 45415.0)	(69.0, 39030.5)	(70.0, 35994.0)	(71.0, 35232.5)	(72.0, 37041.5)	(73.0, 34327.0)	(74.0, 31454.0)	(75.0, 38107.0)	(76.0, 45855.5)	(77.0, 58714.5)	(78.0, 72502.0)	(79.0, 58848.5)	(80.0, 36122.0)	(81.0, 31847.5)	(82.0, 30604.5)	(83.0, 27035.5)	(84.0, 27014.0)	(85.0, 24950.0)	(86.0, 21958.5)	(87.0, 20470.5)	(88.0, 16801.5)	(89.0, 11962.0)	(90.0, 9194.0)	(91.0, 8339.0)	(92.0, 7555.5)	(93.0, 7053.5)	(94.0, 7735.0)	(95.0, 8204.5)	(96.0, 8082.5)	(97.0, 8847.5)	(98.0, 7372.0)	(99.0, 4922.5)	(100.0, 12032.0)
SRR26260993_1	(0.0, 1374.0)	(1.0, 689.0)	(2.0, 4.0)	(3.0, 5.5)	(4.0, 13.0)	(5.0, 21.0)	(6.0, 26.0)	(7.0, 32.5)	(8.0, 47.0)	(9.0, 75.5)	(10.0, 129.0)	(11.0, 189.0)	(12.0, 258.5)	(13.0, 400.0)	(14.0, 617.5)	(15.0, 946.0)	(16.0, 1454.0)	(17.0, 2304.5)	(18.0, 3678.0)	(19.0, 5727.5)	(20.0, 8984.0)	(21.0, 14013.0)	(22.0, 21563.5)	(23.0, 37212.0)	(24.0, 83906.5)	(25.0, 125624.0)	(26.0, 162122.5)	(27.0, 270635.5)	(28.0, 435523.5)	(29.0, 645532.0)	(30.0, 943087.5)	(31.0, 1296196.5)	(32.0, 1695129.5)	(33.0, 2051604.0)	(34.0, 2649198.5)	(35.0, 3416130.0)	(36.0, 3680585.0)	(37.0, 3796315.0)	(38.0, 3902435.5)	(39.0, 3610529.0)	(40.0, 3283758.5)	(41.0, 2964712.0)	(42.0, 2545363.0)	(43.0, 2141964.5)	(44.0, 1745204.0)	(45.0, 1543398.0)	(46.0, 1458854.0)	(47.0, 1490193.0)	(48.0, 1379437.0)	(49.0, 1125525.0)	(50.0, 989111.5)	(51.0, 815253.0)	(52.0, 718329.0)	(53.0, 659369.0)	(54.0, 605997.5)	(55.0, 418551.5)	(56.0, 206381.5)	(57.0, 166403.5)	(58.0, 149130.5)	(59.0, 136143.0)	(60.0, 126177.5)	(61.0, 126640.5)	(62.0, 126613.5)	(63.0, 117879.5)	(64.0, 95322.0)	(65.0, 69993.5)	(66.0, 61814.5)	(67.0, 57119.5)	(68.0, 49359.0)	(69.0, 39288.5)	(70.0, 30884.5)	(71.0, 29339.5)	(72.0, 28853.0)	(73.0, 30595.5)	(74.0, 34656.5)	(75.0, 39894.0)	(76.0, 37873.0)	(77.0, 47802.0)	(78.0, 56185.5)	(79.0, 40540.0)	(80.0, 30703.5)	(81.0, 27399.0)	(82.0, 25721.5)	(83.0, 22579.5)	(84.0, 19148.0)	(85.0, 17332.5)	(86.0, 16363.5)	(87.0, 15304.0)	(88.0, 12071.0)	(89.0, 8450.0)	(90.0, 4662.0)	(91.0, 2587.0)	(92.0, 1738.0)	(93.0, 1307.0)	(94.0, 994.5)	(95.0, 741.0)	(96.0, 741.0)	(97.0, 876.5)	(98.0, 817.5)	(99.0, 502.5)	(100.0, 186.5)
SRR26260993_2	(0.0, 1587.0)	(1.0, 1479.5)	(2.0, 2129.5)	(3.0, 3245.5)	(4.0, 3461.0)	(5.0, 3110.0)	(6.0, 2732.5)	(7.0, 2518.5)	(8.0, 2464.0)	(9.0, 2522.5)	(10.0, 2688.0)	(11.0, 2843.0)	(12.0, 2992.5)	(13.0, 3179.0)	(14.0, 3473.0)	(15.0, 3934.0)	(16.0, 4460.5)	(17.0, 5244.0)	(18.0, 6620.5)	(19.0, 8800.0)	(20.0, 12137.5)	(21.0, 17269.5)	(22.0, 25133.0)	(23.0, 44726.5)	(24.0, 78958.5)	(25.0, 145246.5)	(26.0, 191980.5)	(27.0, 236719.5)	(28.0, 352229.5)	(29.0, 550661.0)	(30.0, 888231.0)	(31.0, 1382073.5)	(32.0, 1964187.5)	(33.0, 2327727.0)	(34.0, 2720935.0)	(35.0, 3407369.5)	(36.0, 3825177.5)	(37.0, 3826507.0)	(38.0, 3723594.0)	(39.0, 3421676.5)	(40.0, 3111308.5)	(41.0, 2821142.5)	(42.0, 2455658.0)	(43.0, 2305449.0)	(44.0, 2104798.0)	(45.0, 1797783.5)	(46.0, 1562861.0)	(47.0, 1351528.0)	(48.0, 1119756.5)	(49.0, 909087.5)	(50.0, 757494.5)	(51.0, 776734.0)	(52.0, 815574.0)	(53.0, 636482.0)	(54.0, 474506.0)	(55.0, 358274.5)	(56.0, 239052.0)	(57.0, 184824.5)	(58.0, 158430.5)	(59.0, 145627.0)	(60.0, 135854.5)	(61.0, 137765.5)	(62.0, 136595.0)	(63.0, 116458.0)	(64.0, 98342.0)	(65.0, 83780.0)	(66.0, 66714.5)	(67.0, 53005.0)	(68.0, 42570.0)	(69.0, 36010.5)	(70.0, 32401.5)	(71.0, 31202.0)	(72.0, 31974.0)	(73.0, 29693.0)	(74.0, 27221.5)	(75.0, 32158.5)	(76.0, 38658.0)	(77.0, 49497.0)	(78.0, 59540.0)	(79.0, 47825.5)	(80.0, 29404.0)	(81.0, 25845.5)	(82.0, 24992.5)	(83.0, 21811.0)	(84.0, 21869.5)	(85.0, 20108.5)	(86.0, 16684.0)	(87.0, 14279.5)	(88.0, 10903.0)	(89.0, 7602.0)	(90.0, 6270.5)	(91.0, 5926.5)	(92.0, 5480.5)	(93.0, 4943.0)	(94.0, 5212.5)	(95.0, 5528.0)	(96.0, 5562.0)	(97.0, 6476.0)	(98.0, 6109.5)	(99.0, 5068.5)	(100.0, 13350.0)
SRR26260994_1	(0.0, 2964.0)	(1.0, 1488.5)	(2.0, 22.0)	(3.0, 43.5)	(4.0, 63.5)	(5.0, 82.0)	(6.0, 106.5)	(7.0, 154.5)	(8.0, 230.5)	(9.0, 318.5)	(10.0, 453.5)	(11.0, 603.5)	(12.0, 816.0)	(13.0, 1224.5)	(14.0, 1853.5)	(15.0, 2852.0)	(16.0, 4599.5)	(17.0, 7319.0)	(18.0, 11880.0)	(19.0, 19233.5)	(20.0, 30693.5)	(21.0, 48251.5)	(22.0, 75265.0)	(23.0, 110277.0)	(24.0, 155410.5)	(25.0, 214360.0)	(26.0, 291377.5)	(27.0, 387274.0)	(28.0, 499508.0)	(29.0, 623426.0)	(30.0, 758438.5)	(31.0, 900325.5)	(32.0, 1034869.0)	(33.0, 1152917.0)	(34.0, 1270171.5)	(35.0, 1384562.5)	(36.0, 1467319.5)	(37.0, 1526755.0)	(38.0, 1566392.0)	(39.0, 1570101.5)	(40.0, 1549061.0)	(41.0, 1522218.0)	(42.0, 1491195.5)	(43.0, 1439967.0)	(44.0, 1374010.0)	(45.0, 1325228.5)	(46.0, 1287849.5)	(47.0, 1255984.0)	(48.0, 1210233.0)	(49.0, 1154133.5)	(50.0, 1113027.0)	(51.0, 1074618.5)	(52.0, 1022191.0)	(53.0, 949236.0)	(54.0, 887145.0)	(55.0, 836484.0)	(56.0, 781882.5)	(57.0, 740945.0)	(58.0, 704622.5)	(59.0, 661361.5)	(60.0, 623716.5)	(61.0, 614950.0)	(62.0, 594828.0)	(63.0, 544519.5)	(64.0, 456622.0)	(65.0, 360073.0)	(66.0, 311506.0)	(67.0, 272133.0)	(68.0, 232192.5)	(69.0, 188474.0)	(70.0, 148456.5)	(71.0, 127828.0)	(72.0, 117226.0)	(73.0, 111917.0)	(74.0, 111560.0)	(75.0, 117361.0)	(76.0, 110048.5)	(77.0, 131518.0)	(78.0, 146699.0)	(79.0, 111690.0)	(80.0, 93334.0)	(81.0, 91556.5)	(82.0, 94910.5)	(83.0, 82524.5)	(84.0, 63169.5)	(85.0, 52634.5)	(86.0, 47892.0)	(87.0, 45718.0)	(88.0, 34524.5)	(89.0, 22734.0)	(90.0, 13576.0)	(91.0, 8600.0)	(92.0, 6302.5)	(93.0, 4967.0)	(94.0, 3985.5)	(95.0, 3252.0)	(96.0, 2537.0)	(97.0, 1839.0)	(98.0, 1398.5)	(99.0, 1053.0)	(100.0, 642.0)
SRR26260994_2	(0.0, 3031.0)	(1.0, 1974.0)	(2.0, 1359.0)	(3.0, 2123.5)	(4.0, 2509.0)	(5.0, 2406.0)	(6.0, 2126.0)	(7.0, 1965.0)	(8.0, 1920.0)	(9.0, 1974.0)	(10.0, 2087.0)	(11.0, 2258.5)	(12.0, 2569.5)	(13.0, 2905.0)	(14.0, 3338.0)	(15.0, 4208.5)	(16.0, 5710.5)	(17.0, 8043.0)	(18.0, 11537.0)	(19.0, 17265.5)	(20.0, 26793.5)	(21.0, 41339.5)	(22.0, 63243.5)	(23.0, 95729.5)	(24.0, 139671.0)	(25.0, 199434.0)	(26.0, 276285.5)	(27.0, 370314.0)	(28.0, 481962.0)	(29.0, 605871.0)	(30.0, 741461.0)	(31.0, 885965.0)	(32.0, 1026850.0)	(33.0, 1145568.5)	(34.0, 1254017.5)	(35.0, 1366228.5)	(36.0, 1451887.5)	(37.0, 1504126.0)	(38.0, 1533606.0)	(39.0, 1530651.5)	(40.0, 1513459.5)	(41.0, 1487770.0)	(42.0, 1449315.5)	(43.0, 1407577.0)	(44.0, 1358761.5)	(45.0, 1313914.5)	(46.0, 1271842.0)	(47.0, 1222457.5)	(48.0, 1172063.0)	(49.0, 1122978.0)	(50.0, 1078481.0)	(51.0, 1044293.0)	(52.0, 1002100.0)	(53.0, 950275.0)	(54.0, 912690.0)	(55.0, 876922.0)	(56.0, 830005.0)	(57.0, 782681.5)	(58.0, 738371.0)	(59.0, 695563.0)	(60.0, 656540.0)	(61.0, 651840.5)	(62.0, 635056.5)	(63.0, 553782.0)	(64.0, 473341.5)	(65.0, 407686.5)	(66.0, 335581.5)	(67.0, 274955.5)	(68.0, 228205.5)	(69.0, 192017.5)	(70.0, 164570.0)	(71.0, 145533.0)	(72.0, 137289.5)	(73.0, 123417.0)	(74.0, 108905.5)	(75.0, 112704.0)	(76.0, 122637.0)	(77.0, 146512.5)	(78.0, 177240.5)	(79.0, 148641.5)	(80.0, 98325.0)	(81.0, 92958.5)	(82.0, 90012.0)	(83.0, 74485.5)	(84.0, 64462.0)	(85.0, 55471.0)	(86.0, 46234.0)	(87.0, 38164.5)	(88.0, 28518.5)	(89.0, 20515.5)	(90.0, 16722.0)	(91.0, 14584.5)	(92.0, 12512.0)	(93.0, 10597.5)	(94.0, 10709.5)	(95.0, 11360.5)	(96.0, 11678.0)	(97.0, 14214.5)	(98.0, 13749.5)	(99.0, 10063.5)	(100.0, 11106.0)
SRR26260995_1	(0.0, 2322.0)	(1.0, 1174.5)	(2.0, 30.0)	(3.0, 39.5)	(4.0, 65.5)	(5.0, 86.0)	(6.0, 96.5)	(7.0, 120.0)	(8.0, 160.0)	(9.0, 217.5)	(10.0, 286.5)	(11.0, 385.5)	(12.0, 551.5)	(13.0, 819.0)	(14.0, 1203.5)	(15.0, 1841.0)	(16.0, 2964.5)	(17.0, 4726.0)	(18.0, 7548.0)	(19.0, 12170.5)	(20.0, 19422.0)	(21.0, 30255.0)	(22.0, 46998.0)	(23.0, 68534.5)	(24.0, 95536.5)	(25.0, 131656.0)	(26.0, 178835.5)	(27.0, 236986.0)	(28.0, 306380.5)	(29.0, 384143.0)	(30.0, 469582.5)	(31.0, 560041.0)	(32.0, 648320.5)	(33.0, 728339.5)	(34.0, 805208.0)	(35.0, 880686.0)	(36.0, 941979.0)	(37.0, 989577.5)	(38.0, 1023680.5)	(39.0, 1035300.0)	(40.0, 1031024.5)	(41.0, 1022752.0)	(42.0, 1009669.0)	(43.0, 983139.0)	(44.0, 947758.5)	(45.0, 920033.5)	(46.0, 898929.5)	(47.0, 880781.5)	(48.0, 855602.0)	(49.0, 823487.0)	(50.0, 798756.0)	(51.0, 775612.5)	(52.0, 738371.5)	(53.0, 686998.5)	(54.0, 643348.0)	(55.0, 608302.0)	(56.0, 571897.0)	(57.0, 544217.5)	(58.0, 519158.5)	(59.0, 489349.5)	(60.0, 462490.0)	(61.0, 455431.0)	(62.0, 443071.5)	(63.0, 406847.5)	(64.0, 340031.5)	(65.0, 268299.0)	(66.0, 233719.0)	(67.0, 204947.0)	(68.0, 174020.0)	(69.0, 142463.0)	(70.0, 114432.0)	(71.0, 101071.5)	(72.0, 96612.5)	(73.0, 94687.5)	(74.0, 96850.0)	(75.0, 105348.5)	(76.0, 100590.0)	(77.0, 121956.0)	(78.0, 135411.5)	(79.0, 103865.5)	(80.0, 90643.0)	(81.0, 95442.5)	(82.0, 105465.5)	(83.0, 94692.0)	(84.0, 76433.0)	(85.0, 67244.5)	(86.0, 64431.5)	(87.0, 62631.0)	(88.0, 49249.0)	(89.0, 34996.0)	(90.0, 21737.5)	(91.0, 13512.5)	(92.0, 9523.5)	(93.0, 7481.0)	(94.0, 6420.0)	(95.0, 5655.0)	(96.0, 4514.5)	(97.0, 3038.5)	(98.0, 1939.0)	(99.0, 1165.5)	(100.0, 683.0)
SRR26260995_2	(0.0, 2381.0)	(1.0, 1462.0)	(2.0, 886.0)	(3.0, 1407.0)	(4.0, 1599.0)	(5.0, 1558.0)	(6.0, 1447.0)	(7.0, 1314.5)	(8.0, 1209.0)	(9.0, 1208.0)	(10.0, 1293.0)	(11.0, 1390.5)	(12.0, 1527.0)	(13.0, 1756.0)	(14.0, 2094.5)	(15.0, 2504.5)	(16.0, 3203.0)	(17.0, 4474.5)	(18.0, 6220.5)	(19.0, 8978.5)	(20.0, 13699.0)	(21.0, 21330.5)	(22.0, 32673.0)	(23.0, 49173.0)	(24.0, 72706.0)	(25.0, 105522.0)	(26.0, 149519.0)	(27.0, 205626.5)	(28.0, 273722.5)	(29.0, 352071.0)	(30.0, 438959.0)	(31.0, 532881.0)	(32.0, 625880.0)	(33.0, 708696.0)	(34.0, 787153.0)	(35.0, 865893.5)	(36.0, 931257.0)	(37.0, 975326.0)	(38.0, 1002391.0)	(39.0, 1014099.0)	(40.0, 1015521.5)	(41.0, 1007074.5)	(42.0, 991091.5)	(43.0, 970056.0)	(44.0, 942246.5)	(45.0, 917957.0)	(46.0, 895985.0)	(47.0, 868971.0)	(48.0, 839369.0)	(49.0, 809490.5)	(50.0, 782448.5)	(51.0, 759261.0)	(52.0, 729736.0)	(53.0, 694793.5)	(54.0, 668656.5)	(55.0, 644986.0)	(56.0, 613675.0)	(57.0, 580126.5)	(58.0, 549000.5)	(59.0, 519037.5)	(60.0, 491150.5)	(61.0, 490011.0)	(62.0, 477232.5)	(63.0, 412891.5)	(64.0, 352409.5)	(65.0, 305782.0)	(66.0, 253120.5)	(67.0, 207271.5)	(68.0, 171749.0)	(69.0, 145103.0)	(70.0, 125831.0)	(71.0, 114109.0)	(72.0, 109938.0)	(73.0, 99215.5)	(74.0, 88139.5)	(75.0, 93948.0)	(76.0, 104919.5)	(77.0, 125619.5)	(78.0, 153609.0)	(79.0, 130778.0)	(80.0, 89916.5)	(81.0, 86802.5)	(82.0, 84194.0)	(83.0, 74232.5)	(84.0, 71172.5)	(85.0, 66255.5)	(86.0, 59614.5)	(87.0, 55276.5)	(88.0, 46520.5)	(89.0, 34439.0)	(90.0, 26679.0)	(91.0, 24559.5)	(92.0, 22534.0)	(93.0, 20909.0)	(94.0, 23448.5)	(95.0, 25084.5)	(96.0, 23699.0)	(97.0, 25569.5)	(98.0, 21587.0)	(99.0, 13247.5)	(100.0, 13266.5)
SRR26260996_1	(0.0, 2790.0)	(1.0, 1409.0)	(2.0, 25.5)	(3.0, 32.5)	(4.0, 71.0)	(5.0, 103.5)	(6.0, 143.0)	(7.0, 197.0)	(8.0, 253.5)	(9.0, 342.0)	(10.0, 459.0)	(11.0, 639.5)	(12.0, 915.5)	(13.0, 1359.5)	(14.0, 2045.0)	(15.0, 3205.0)	(16.0, 5144.0)	(17.0, 8170.0)	(18.0, 13116.0)	(19.0, 20975.0)	(20.0, 33508.0)	(21.0, 52492.5)	(22.0, 81895.0)	(23.0, 120967.5)	(24.0, 170340.0)	(25.0, 236713.0)	(26.0, 324476.0)	(27.0, 433828.5)	(28.0, 564319.5)	(29.0, 711171.0)	(30.0, 874341.0)	(31.0, 1047055.5)	(32.0, 1214601.0)	(33.0, 1365126.0)	(34.0, 1512871.0)	(35.0, 1660190.0)	(36.0, 1777390.0)	(37.0, 1868547.0)	(38.0, 1933195.5)	(39.0, 1954388.0)	(40.0, 1947310.5)	(41.0, 1931648.5)	(42.0, 1910842.0)	(43.0, 1864185.0)	(44.0, 1793713.5)	(45.0, 1744115.5)	(46.0, 1708245.0)	(47.0, 1673412.0)	(48.0, 1624666.0)	(49.0, 1562798.0)	(50.0, 1518739.5)	(51.0, 1478736.5)	(52.0, 1410336.0)	(53.0, 1313625.5)	(54.0, 1233984.0)	(55.0, 1171605.5)	(56.0, 1105791.0)	(57.0, 1055165.5)	(58.0, 1006884.0)	(59.0, 950340.0)	(60.0, 904096.0)	(61.0, 894679.5)	(62.0, 870608.0)	(63.0, 801091.5)	(64.0, 670482.0)	(65.0, 528564.0)	(66.0, 459469.0)	(67.0, 403902.5)	(68.0, 346227.0)	(69.0, 284543.5)	(70.0, 226911.5)	(71.0, 198206.0)	(72.0, 185754.0)	(73.0, 182087.0)	(74.0, 188148.5)	(75.0, 202085.0)	(76.0, 190839.0)	(77.0, 224725.0)	(78.0, 246967.0)	(79.0, 191066.0)	(80.0, 167053.0)	(81.0, 169099.5)	(82.0, 174200.0)	(83.0, 152734.5)	(84.0, 127288.5)	(85.0, 114900.0)	(86.0, 109341.5)	(87.0, 105467.0)	(88.0, 81524.5)	(89.0, 54897.0)	(90.0, 33071.5)	(91.0, 20655.0)	(92.0, 14555.5)	(93.0, 11378.5)	(94.0, 9317.0)	(95.0, 7873.0)	(96.0, 6000.0)	(97.0, 4111.5)	(98.0, 2745.0)	(99.0, 1687.5)	(100.0, 1036.5)
SRR26260996_2	(0.0, 2744.0)	(1.0, 1890.5)	(2.0, 1597.0)	(3.0, 2586.0)	(4.0, 3055.5)	(5.0, 2972.0)	(6.0, 2731.5)	(7.0, 2473.5)	(8.0, 2336.5)	(9.0, 2424.0)	(10.0, 2512.0)	(11.0, 2675.5)	(12.0, 2969.5)	(13.0, 3328.5)	(14.0, 3830.5)	(15.0, 4653.5)	(16.0, 5958.0)	(17.0, 8042.5)	(18.0, 11306.5)	(19.0, 16364.0)	(20.0, 24948.0)	(21.0, 38442.5)	(22.0, 58480.0)	(23.0, 89287.5)	(24.0, 134319.5)	(25.0, 196858.0)	(26.0, 280627.0)	(27.0, 388023.0)	(28.0, 518342.0)	(29.0, 667266.0)	(30.0, 831482.5)	(31.0, 1009010.0)	(32.0, 1187281.5)	(33.0, 1343876.5)	(34.0, 1490489.5)	(35.0, 1639252.0)	(36.0, 1758849.0)	(37.0, 1841475.5)	(38.0, 1895266.5)	(39.0, 1914310.0)	(40.0, 1914060.5)	(41.0, 1898371.5)	(42.0, 1869570.5)	(43.0, 1831602.0)	(44.0, 1780010.5)	(45.0, 1733918.0)	(46.0, 1693203.0)	(47.0, 1644402.5)	(48.0, 1590038.5)	(49.0, 1534836.0)	(50.0, 1485944.0)	(51.0, 1443899.5)	(52.0, 1386955.5)	(53.0, 1321431.0)	(54.0, 1275203.5)	(55.0, 1232334.5)	(56.0, 1175894.0)	(57.0, 1113452.0)	(58.0, 1053115.0)	(59.0, 1000161.0)	(60.0, 951843.0)	(61.0, 952496.0)	(62.0, 924573.0)	(63.0, 801967.5)	(64.0, 693475.5)	(65.0, 601533.0)	(66.0, 495445.0)	(67.0, 405958.0)	(68.0, 337166.5)	(69.0, 284549.0)	(70.0, 245345.0)	(71.0, 220653.0)	(72.0, 211000.0)	(73.0, 190298.5)	(74.0, 170410.5)	(75.0, 180865.5)	(76.0, 200669.5)	(77.0, 239306.0)	(78.0, 283898.0)	(79.0, 236917.0)	(80.0, 159327.0)	(81.0, 149319.5)	(82.0, 145599.0)	(83.0, 128470.5)	(84.0, 122341.0)	(85.0, 114929.5)	(86.0, 105464.0)	(87.0, 97160.0)	(88.0, 79885.0)	(89.0, 58790.0)	(90.0, 45666.5)	(91.0, 41281.0)	(92.0, 37844.0)	(93.0, 35469.5)	(94.0, 38904.0)	(95.0, 40442.0)	(96.0, 38524.0)	(97.0, 40574.0)	(98.0, 31542.5)	(99.0, 16645.5)	(100.0, 15473.0)
SRR26260997_1	(0.0, 7507.0)	(1.0, 3765.5)	(2.0, 31.5)	(3.0, 54.0)	(4.0, 87.0)	(5.0, 106.0)	(6.0, 129.0)	(7.0, 180.5)	(8.0, 238.5)	(9.0, 319.5)	(10.0, 443.5)	(11.0, 606.5)	(12.0, 888.0)	(13.0, 1281.5)	(14.0, 1877.0)	(15.0, 2965.5)	(16.0, 4705.5)	(17.0, 7528.5)	(18.0, 12296.5)	(19.0, 19570.0)	(20.0, 31141.0)	(21.0, 48710.0)	(22.0, 74958.5)	(23.0, 108621.5)	(24.0, 150989.5)	(25.0, 207381.5)	(26.0, 279486.0)	(27.0, 367242.5)	(28.0, 468798.5)	(29.0, 580426.0)	(30.0, 701887.0)	(31.0, 827922.5)	(32.0, 947141.5)	(33.0, 1053063.5)	(34.0, 1152620.5)	(35.0, 1245341.5)	(36.0, 1318137.5)	(37.0, 1372284.5)	(38.0, 1407161.5)	(39.0, 1415664.0)	(40.0, 1405328.5)	(41.0, 1387122.5)	(42.0, 1365137.0)	(43.0, 1324796.5)	(44.0, 1270797.5)	(45.0, 1230446.5)	(46.0, 1197939.5)	(47.0, 1167597.0)	(48.0, 1127985.0)	(49.0, 1078240.0)	(50.0, 1041875.5)	(51.0, 1013768.5)	(52.0, 968352.0)	(53.0, 900366.5)	(54.0, 841603.5)	(55.0, 796028.0)	(56.0, 748380.0)	(57.0, 715098.5)	(58.0, 682812.5)	(59.0, 642477.0)	(60.0, 608637.0)	(61.0, 603202.0)	(62.0, 586385.0)	(63.0, 538736.5)	(64.0, 455427.0)	(65.0, 361716.5)	(66.0, 317829.5)	(67.0, 280650.5)	(68.0, 239372.0)	(69.0, 193985.0)	(70.0, 152317.0)	(71.0, 133787.0)	(72.0, 128347.0)	(73.0, 125029.5)	(74.0, 126599.0)	(75.0, 136897.5)	(76.0, 127965.5)	(77.0, 153557.0)	(78.0, 172398.0)	(79.0, 131639.0)	(80.0, 109770.5)	(81.0, 106799.5)	(82.0, 110536.0)	(83.0, 96259.0)	(84.0, 77128.0)	(85.0, 68595.0)	(86.0, 62211.0)	(87.0, 57475.5)	(88.0, 44125.0)	(89.0, 30483.5)	(90.0, 18520.5)	(91.0, 11153.5)	(92.0, 7603.5)	(93.0, 5800.5)	(94.0, 4753.0)	(95.0, 3930.0)	(96.0, 2990.0)	(97.0, 2140.5)	(98.0, 1591.5)	(99.0, 1124.0)	(100.0, 625.5)
SRR26260997_2	(0.0, 7152.0)	(1.0, 3969.5)	(2.0, 1252.0)	(3.0, 1946.5)	(4.0, 2290.0)	(5.0, 2296.0)	(6.0, 2067.0)	(7.0, 1842.0)	(8.0, 1769.0)	(9.0, 1814.5)	(10.0, 1871.0)	(11.0, 2020.0)	(12.0, 2277.0)	(13.0, 2676.0)	(14.0, 3211.5)	(15.0, 3910.5)	(16.0, 5142.5)	(17.0, 7233.5)	(18.0, 10458.0)	(19.0, 15693.0)	(20.0, 24145.5)	(21.0, 37164.0)	(22.0, 56812.5)	(23.0, 85142.0)	(24.0, 124228.0)	(25.0, 177551.0)	(26.0, 247069.0)	(27.0, 332493.0)	(28.0, 434491.5)	(29.0, 548511.5)	(30.0, 671088.5)	(31.0, 799584.0)	(32.0, 923575.5)	(33.0, 1031205.0)	(34.0, 1128559.0)	(35.0, 1226000.5)	(36.0, 1303157.0)	(37.0, 1350667.0)	(38.0, 1379691.5)	(39.0, 1387351.5)	(40.0, 1381112.0)	(41.0, 1362393.0)	(42.0, 1332987.0)	(43.0, 1300913.5)	(44.0, 1262786.5)	(45.0, 1225822.5)	(46.0, 1189092.0)	(47.0, 1146235.5)	(48.0, 1102674.5)	(49.0, 1059963.5)	(50.0, 1020700.5)	(51.0, 987407.0)	(52.0, 946908.0)	(53.0, 903309.5)	(54.0, 874081.5)	(55.0, 843236.5)	(56.0, 799982.5)	(57.0, 755296.0)	(58.0, 711991.5)	(59.0, 674100.0)	(60.0, 641871.0)	(61.0, 641945.0)	(62.0, 638007.5)	(63.0, 566268.0)	(64.0, 482404.0)	(65.0, 413618.0)	(66.0, 341986.5)	(67.0, 281355.0)	(68.0, 232987.5)	(69.0, 195899.5)	(70.0, 168796.5)	(71.0, 153091.5)	(72.0, 148916.0)	(73.0, 133738.0)	(74.0, 117485.5)	(75.0, 125454.5)	(76.0, 140525.5)	(77.0, 169650.0)	(78.0, 205412.5)	(79.0, 171156.0)	(80.0, 112222.0)	(81.0, 105095.5)	(82.0, 98960.5)	(83.0, 84114.5)	(84.0, 79245.0)	(85.0, 71975.5)	(86.0, 62803.5)	(87.0, 54083.0)	(88.0, 40387.5)	(89.0, 27872.0)	(90.0, 22938.5)	(91.0, 21277.5)	(92.0, 18337.5)	(93.0, 15209.5)	(94.0, 15613.5)	(95.0, 15741.0)	(96.0, 14669.0)	(97.0, 16149.0)	(98.0, 13931.5)	(99.0, 8816.0)	(100.0, 10570.5)
SRR26260998_1	(0.0, 3918.0)	(1.0, 1962.0)	(2.0, 13.0)	(3.0, 20.0)	(4.0, 39.0)	(5.0, 69.0)	(6.0, 85.5)	(7.0, 112.5)	(8.0, 147.0)	(9.0, 200.0)	(10.0, 289.5)	(11.0, 423.5)	(12.0, 613.0)	(13.0, 882.5)	(14.0, 1310.5)	(15.0, 2065.0)	(16.0, 3448.5)	(17.0, 5520.5)	(18.0, 8761.0)	(19.0, 14212.0)	(20.0, 22577.5)	(21.0, 35600.0)	(22.0, 55752.0)	(23.0, 81663.0)	(24.0, 114264.0)	(25.0, 158523.5)	(26.0, 218007.0)	(27.0, 292434.5)	(28.0, 381833.5)	(29.0, 483382.5)	(30.0, 596713.0)	(31.0, 717754.0)	(32.0, 835512.5)	(33.0, 941627.5)	(34.0, 1042371.5)	(35.0, 1136984.0)	(36.0, 1211108.5)	(37.0, 1269068.0)	(38.0, 1310420.5)	(39.0, 1323967.5)	(40.0, 1317109.0)	(41.0, 1305457.5)	(42.0, 1291433.0)	(43.0, 1259389.0)	(44.0, 1215025.5)	(45.0, 1180913.0)	(46.0, 1153688.0)	(47.0, 1131233.0)	(48.0, 1100928.5)	(49.0, 1059549.5)	(50.0, 1027039.0)	(51.0, 1000447.0)	(52.0, 952614.0)	(53.0, 885990.5)	(54.0, 831403.5)	(55.0, 785233.5)	(56.0, 739308.0)	(57.0, 705345.5)	(58.0, 673159.5)	(59.0, 632617.5)	(60.0, 595368.0)	(61.0, 586056.5)	(62.0, 575612.0)	(63.0, 534663.0)	(64.0, 443684.5)	(65.0, 345164.5)	(66.0, 300000.5)	(67.0, 265287.5)	(68.0, 229022.0)	(69.0, 186814.5)	(70.0, 147308.5)	(71.0, 129033.5)	(72.0, 120614.5)	(73.0, 116208.0)	(74.0, 119315.5)	(75.0, 129254.0)	(76.0, 123313.5)	(77.0, 147643.5)	(78.0, 164179.0)	(79.0, 128260.5)	(80.0, 112414.5)	(81.0, 115798.0)	(82.0, 122931.0)	(83.0, 109392.0)	(84.0, 92663.0)	(85.0, 85184.5)	(86.0, 82044.5)	(87.0, 78935.0)	(88.0, 60676.0)	(89.0, 41059.0)	(90.0, 24434.5)	(91.0, 15276.5)	(92.0, 10551.5)	(93.0, 8039.5)	(94.0, 6490.0)	(95.0, 5232.0)	(96.0, 4025.0)	(97.0, 2814.5)	(98.0, 1886.0)	(99.0, 1188.0)	(100.0, 687.0)
SRR26260998_2	(0.0, 3821.0)	(1.0, 2284.0)	(2.0, 1157.5)	(3.0, 1784.5)	(4.0, 2058.5)	(5.0, 2106.5)	(6.0, 1911.5)	(7.0, 1695.0)	(8.0, 1601.5)	(9.0, 1608.5)	(10.0, 1734.5)	(11.0, 1867.0)	(12.0, 2083.0)	(13.0, 2396.5)	(14.0, 2821.5)	(15.0, 3483.0)	(16.0, 4577.5)	(17.0, 6272.0)	(18.0, 8798.0)	(19.0, 12819.5)	(20.0, 19438.5)	(21.0, 29643.0)	(22.0, 45037.5)	(23.0, 67505.0)	(24.0, 99046.0)	(25.0, 142730.5)	(26.0, 201421.0)	(27.0, 276311.5)	(28.0, 367225.5)	(29.0, 472004.0)	(30.0, 587703.0)	(31.0, 710287.5)	(32.0, 831593.0)	(33.0, 939635.5)	(34.0, 1036041.0)	(35.0, 1129089.5)	(36.0, 1204083.5)	(37.0, 1253424.0)	(38.0, 1286006.5)	(39.0, 1296768.5)	(40.0, 1292814.5)	(41.0, 1277874.0)	(42.0, 1254820.5)	(43.0, 1229709.0)	(44.0, 1196063.5)	(45.0, 1164129.5)	(46.0, 1135275.0)	(47.0, 1101259.5)	(48.0, 1065221.5)	(49.0, 1028107.0)	(50.0, 992195.5)	(51.0, 961377.0)	(52.0, 922018.0)	(53.0, 879251.5)	(54.0, 852815.0)	(55.0, 825517.0)	(56.0, 784803.5)	(57.0, 741928.5)	(58.0, 700791.0)	(59.0, 661948.0)	(60.0, 626757.0)	(61.0, 628694.0)	(62.0, 613873.0)	(63.0, 530965.0)	(64.0, 455541.0)	(65.0, 392311.0)	(66.0, 321732.5)	(67.0, 263295.5)	(68.0, 217298.5)	(69.0, 182894.0)	(70.0, 158185.0)	(71.0, 142061.5)	(72.0, 134641.0)	(73.0, 120972.0)	(74.0, 107894.0)	(75.0, 115178.5)	(76.0, 128158.0)	(77.0, 151374.0)	(78.0, 183320.0)	(79.0, 155514.5)	(80.0, 104835.0)	(81.0, 99976.0)	(82.0, 97631.0)	(83.0, 86584.0)	(84.0, 85336.5)	(85.0, 81740.0)	(86.0, 75506.5)	(87.0, 72002.5)	(88.0, 61298.0)	(89.0, 45903.5)	(90.0, 36086.5)	(91.0, 33636.0)	(92.0, 30256.5)	(93.0, 26249.0)	(94.0, 28113.0)	(95.0, 29407.5)	(96.0, 27950.0)	(97.0, 30881.5)	(98.0, 25282.5)	(99.0, 14246.0)	(100.0, 14167.0)
SRR26260999_1	(0.0, 6275.0)	(1.0, 3152.5)	(2.0, 44.5)	(3.0, 69.5)	(4.0, 97.0)	(5.0, 141.5)	(6.0, 171.0)	(7.0, 200.5)	(8.0, 266.5)	(9.0, 378.5)	(10.0, 508.5)	(11.0, 677.5)	(12.0, 947.0)	(13.0, 1435.5)	(14.0, 2149.5)	(15.0, 3272.0)	(16.0, 5325.5)	(17.0, 8608.5)	(18.0, 13804.5)	(19.0, 22197.0)	(20.0, 35504.5)	(21.0, 55961.0)	(22.0, 86816.5)	(23.0, 126652.5)	(24.0, 177053.0)	(25.0, 243132.5)	(26.0, 329157.0)	(27.0, 435384.5)	(28.0, 557223.0)	(29.0, 690585.0)	(30.0, 836015.0)	(31.0, 984965.0)	(32.0, 1126802.0)	(33.0, 1255579.5)	(34.0, 1378791.0)	(35.0, 1491860.0)	(36.0, 1580593.0)	(37.0, 1651409.0)	(38.0, 1700306.0)	(39.0, 1719640.0)	(40.0, 1713800.0)	(41.0, 1697369.5)	(42.0, 1678472.5)	(43.0, 1636799.0)	(44.0, 1578885.5)	(45.0, 1536552.0)	(46.0, 1499866.0)	(47.0, 1466528.0)	(48.0, 1422098.0)	(49.0, 1364839.5)	(50.0, 1321162.0)	(51.0, 1286595.5)	(52.0, 1230709.5)	(53.0, 1147975.0)	(54.0, 1075041.0)	(55.0, 1016426.5)	(56.0, 960391.0)	(57.0, 916452.5)	(58.0, 872771.0)	(59.0, 820534.0)	(60.0, 777828.0)	(61.0, 767920.0)	(62.0, 740420.5)	(63.0, 677064.5)	(64.0, 569646.5)	(65.0, 451174.0)	(66.0, 395576.5)	(67.0, 349994.5)	(68.0, 300023.5)	(69.0, 243526.0)	(70.0, 192368.0)	(71.0, 170659.0)	(72.0, 161367.5)	(73.0, 155406.5)	(74.0, 157069.5)	(75.0, 169056.0)	(76.0, 162127.5)	(77.0, 194485.0)	(78.0, 213821.0)	(79.0, 164018.5)	(80.0, 140748.0)	(81.0, 141964.0)	(82.0, 151082.5)	(83.0, 133207.0)	(84.0, 113300.0)	(85.0, 106912.5)	(86.0, 102059.0)	(87.0, 98045.0)	(88.0, 75282.5)	(89.0, 50758.0)	(90.0, 29674.5)	(91.0, 17824.5)	(92.0, 12163.5)	(93.0, 8955.5)	(94.0, 7044.0)	(95.0, 5795.5)	(96.0, 4475.0)	(97.0, 3296.0)	(98.0, 2386.0)	(99.0, 1638.5)	(100.0, 981.0)
SRR26260999_2	(0.0, 6298.0)	(1.0, 3632.0)	(2.0, 1451.0)	(3.0, 2306.0)	(4.0, 2738.0)	(5.0, 2711.5)	(6.0, 2456.5)	(7.0, 2188.5)	(8.0, 2065.5)	(9.0, 2098.5)	(10.0, 2249.5)	(11.0, 2379.5)	(12.0, 2625.5)	(13.0, 3013.0)	(14.0, 3538.0)	(15.0, 4487.5)	(16.0, 5919.5)	(17.0, 8076.5)	(18.0, 11423.5)	(19.0, 16937.5)	(20.0, 26149.5)	(21.0, 40698.5)	(22.0, 62887.5)	(23.0, 95725.0)	(24.0, 141580.5)	(25.0, 204258.5)	(26.0, 287223.0)	(27.0, 390197.5)	(28.0, 511884.5)	(29.0, 648688.0)	(30.0, 794855.0)	(31.0, 946690.0)	(32.0, 1096386.5)	(33.0, 1228740.0)	(34.0, 1348676.5)	(35.0, 1466965.5)	(36.0, 1564908.5)	(37.0, 1632469.0)	(38.0, 1673993.5)	(39.0, 1687387.5)	(40.0, 1685696.0)	(41.0, 1671681.0)	(42.0, 1644598.0)	(43.0, 1612600.0)	(44.0, 1571194.5)	(45.0, 1529727.5)	(46.0, 1491658.5)	(47.0, 1445190.0)	(48.0, 1394594.0)	(49.0, 1343940.5)	(50.0, 1297360.0)	(51.0, 1256835.5)	(52.0, 1204128.5)	(53.0, 1150414.5)	(54.0, 1117769.5)	(55.0, 1079977.0)	(56.0, 1023660.0)	(57.0, 968701.5)	(58.0, 914293.0)	(59.0, 861327.5)	(60.0, 816533.0)	(61.0, 816678.5)	(62.0, 800848.5)	(63.0, 703022.5)	(64.0, 602079.5)	(65.0, 512426.5)	(66.0, 423024.0)	(67.0, 348683.0)	(68.0, 287060.0)	(69.0, 240567.0)	(70.0, 206842.0)	(71.0, 187571.0)	(72.0, 178669.0)	(73.0, 159738.0)	(74.0, 142656.0)	(75.0, 152017.5)	(76.0, 168324.5)	(77.0, 200889.0)	(78.0, 243967.0)	(79.0, 203811.0)	(80.0, 135859.5)	(81.0, 129306.5)	(82.0, 124690.5)	(83.0, 109310.5)	(84.0, 107176.5)	(85.0, 102818.5)	(86.0, 95021.5)	(87.0, 88533.5)	(88.0, 71063.5)	(89.0, 51912.0)	(90.0, 42311.0)	(91.0, 39989.0)	(92.0, 36127.5)	(93.0, 31178.5)	(94.0, 33392.5)	(95.0, 34872.0)	(96.0, 32489.0)	(97.0, 34526.5)	(98.0, 28215.5)	(99.0, 16252.5)	(100.0, 20373.5)
SRR26261000_1	(0.0, 12412.0)	(1.0, 6214.0)	(2.0, 29.5)	(3.0, 46.5)	(4.0, 67.0)	(5.0, 108.0)	(6.0, 154.0)	(7.0, 198.0)	(8.0, 255.5)	(9.0, 318.0)	(10.0, 396.0)	(11.0, 564.5)	(12.0, 802.0)	(13.0, 1143.0)	(14.0, 1726.5)	(15.0, 2686.0)	(16.0, 4324.0)	(17.0, 6941.0)	(18.0, 11284.0)	(19.0, 18095.5)	(20.0, 28991.0)	(21.0, 45712.5)	(22.0, 70438.5)	(23.0, 102655.0)	(24.0, 143565.5)	(25.0, 197670.5)	(26.0, 267845.0)	(27.0, 352246.0)	(28.0, 448250.5)	(29.0, 550460.0)	(30.0, 657591.0)	(31.0, 767093.0)	(32.0, 867354.5)	(33.0, 956317.5)	(34.0, 1037859.0)	(35.0, 1107341.5)	(36.0, 1165471.5)	(37.0, 1214099.0)	(38.0, 1249809.0)	(39.0, 1269592.5)	(40.0, 1271213.5)	(41.0, 1267035.5)	(42.0, 1263969.0)	(43.0, 1240644.5)	(44.0, 1204214.5)	(45.0, 1175728.0)	(46.0, 1146344.5)	(47.0, 1119167.5)	(48.0, 1087979.5)	(49.0, 1050677.5)	(50.0, 1027109.5)	(51.0, 1004096.0)	(52.0, 956614.0)	(53.0, 894452.5)	(54.0, 842792.5)	(55.0, 805205.0)	(56.0, 764530.5)	(57.0, 729897.5)	(58.0, 697601.0)	(59.0, 658556.0)	(60.0, 627054.0)	(61.0, 621817.5)	(62.0, 600457.5)	(63.0, 547938.0)	(64.0, 462494.5)	(65.0, 367732.0)	(66.0, 320943.0)	(67.0, 281983.5)	(68.0, 239432.0)	(69.0, 195458.0)	(70.0, 155716.0)	(71.0, 136342.5)	(72.0, 130509.0)	(73.0, 126655.5)	(74.0, 127427.0)	(75.0, 137254.5)	(76.0, 129643.5)	(77.0, 157083.5)	(78.0, 174816.5)	(79.0, 132834.5)	(80.0, 112962.0)	(81.0, 114917.5)	(82.0, 122497.5)	(83.0, 106549.5)	(84.0, 85805.5)	(85.0, 77120.0)	(86.0, 72284.5)	(87.0, 70049.0)	(88.0, 55350.5)	(89.0, 37672.0)	(90.0, 22190.0)	(91.0, 13417.5)	(92.0, 9408.0)	(93.0, 7376.0)	(94.0, 6300.0)	(95.0, 5415.0)	(96.0, 4243.5)	(97.0, 2990.0)	(98.0, 2035.0)	(99.0, 1370.0)	(100.0, 849.5)
SRR26261000_2	(0.0, 11871.0)	(1.0, 6335.0)	(2.0, 1182.0)	(3.0, 1809.0)	(4.0, 2077.0)	(5.0, 2047.0)	(6.0, 1882.5)	(7.0, 1699.0)	(8.0, 1605.0)	(9.0, 1618.0)	(10.0, 1731.5)	(11.0, 1890.5)	(12.0, 2102.0)	(13.0, 2402.0)	(14.0, 2883.0)	(15.0, 3665.5)	(16.0, 4881.5)	(17.0, 6834.0)	(18.0, 9902.5)	(19.0, 14914.5)	(20.0, 22994.0)	(21.0, 35915.5)	(22.0, 55454.5)	(23.0, 83529.0)	(24.0, 122452.5)	(25.0, 175090.5)	(26.0, 243894.5)	(27.0, 328390.0)	(28.0, 425385.5)	(29.0, 528706.5)	(30.0, 636143.0)	(31.0, 744258.0)	(32.0, 844902.0)	(33.0, 935729.5)	(34.0, 1014919.5)	(35.0, 1084674.0)	(36.0, 1145545.5)	(37.0, 1194748.0)	(38.0, 1227849.5)	(39.0, 1244642.5)	(40.0, 1249557.5)	(41.0, 1244144.0)	(42.0, 1232068.0)	(43.0, 1210217.5)	(44.0, 1180737.0)	(45.0, 1157240.5)	(46.0, 1133067.5)	(47.0, 1100934.0)	(48.0, 1070033.0)	(49.0, 1035827.0)	(50.0, 1003934.0)	(51.0, 974388.0)	(52.0, 934534.5)	(53.0, 898110.0)	(54.0, 875108.0)	(55.0, 849776.0)	(56.0, 809870.0)	(57.0, 765018.0)	(58.0, 723720.5)	(59.0, 687813.5)	(60.0, 655765.0)	(61.0, 654392.5)	(62.0, 643964.0)	(63.0, 565588.5)	(64.0, 481401.0)	(65.0, 415133.0)	(66.0, 345351.0)	(67.0, 284497.5)	(68.0, 236341.5)	(69.0, 199872.5)	(70.0, 171613.5)	(71.0, 154258.5)	(72.0, 149616.5)	(73.0, 135542.5)	(74.0, 119856.5)	(75.0, 125875.0)	(76.0, 140139.5)	(77.0, 169563.0)	(78.0, 204673.0)	(79.0, 171865.0)	(80.0, 116351.0)	(81.0, 110575.0)	(82.0, 106703.5)	(83.0, 92436.5)	(84.0, 86114.0)	(85.0, 78398.0)	(86.0, 69138.5)	(87.0, 61258.5)	(88.0, 47253.5)	(89.0, 33458.0)	(90.0, 26995.0)	(91.0, 24816.0)	(92.0, 21880.5)	(93.0, 18392.5)	(94.0, 19270.0)	(95.0, 20236.5)	(96.0, 18924.5)	(97.0, 19955.0)	(98.0, 17466.0)	(99.0, 11993.0)	(100.0, 14805.0)
SRR26261001_1	(0.0, 2461.0)	(1.0, 1235.5)	(2.0, 19.5)	(3.0, 38.0)	(4.0, 86.5)	(5.0, 119.5)	(6.0, 124.5)	(7.0, 163.0)	(8.0, 225.0)	(9.0, 311.0)	(10.0, 383.5)	(11.0, 523.0)	(12.0, 735.0)	(13.0, 1107.0)	(14.0, 1688.5)	(15.0, 2563.0)	(16.0, 4130.0)	(17.0, 6716.0)	(18.0, 10799.5)	(19.0, 17025.0)	(20.0, 26962.5)	(21.0, 42260.0)	(22.0, 65850.0)	(23.0, 96287.5)	(24.0, 133279.0)	(25.0, 183238.0)	(26.0, 249342.5)	(27.0, 329924.0)	(28.0, 423328.0)	(29.0, 525611.5)	(30.0, 635855.0)	(31.0, 749678.5)	(32.0, 857968.0)	(33.0, 956239.0)	(34.0, 1045165.5)	(35.0, 1124083.5)	(36.0, 1191802.5)	(37.0, 1250047.0)	(38.0, 1294050.0)	(39.0, 1320333.5)	(40.0, 1328033.0)	(41.0, 1326992.5)	(42.0, 1326838.5)	(43.0, 1308122.5)	(44.0, 1270902.0)	(45.0, 1239146.5)	(46.0, 1209961.0)	(47.0, 1182259.5)	(48.0, 1151900.0)	(49.0, 1112442.0)	(50.0, 1085278.0)	(51.0, 1063168.5)	(52.0, 1015351.5)	(53.0, 947458.0)	(54.0, 890050.5)	(55.0, 846173.5)	(56.0, 799062.5)	(57.0, 761744.0)	(58.0, 726429.5)	(59.0, 683361.0)	(60.0, 647671.0)	(61.0, 641265.5)	(62.0, 628652.5)	(63.0, 584698.5)	(64.0, 490674.5)	(65.0, 384558.0)	(66.0, 335524.0)	(67.0, 296809.5)	(68.0, 253429.0)	(69.0, 205004.5)	(70.0, 162069.5)	(71.0, 141274.5)	(72.0, 134293.0)	(73.0, 131224.5)	(74.0, 132653.0)	(75.0, 143622.0)	(76.0, 136206.5)	(77.0, 162289.5)	(78.0, 179607.5)	(79.0, 138036.0)	(80.0, 119880.0)	(81.0, 124112.0)	(82.0, 133327.0)	(83.0, 118085.5)	(84.0, 97074.0)	(85.0, 87312.5)	(86.0, 83625.5)	(87.0, 81002.0)	(88.0, 63198.5)	(89.0, 43721.5)	(90.0, 26358.0)	(91.0, 16021.5)	(92.0, 11039.0)	(93.0, 8603.5)	(94.0, 7212.0)	(95.0, 6093.0)	(96.0, 4747.0)	(97.0, 3363.5)	(98.0, 2285.0)	(99.0, 1522.0)	(100.0, 923.0)
SRR26261001_2	(0.0, 2542.0)	(1.0, 1645.0)	(2.0, 1120.5)	(3.0, 1822.5)	(4.0, 2195.5)	(5.0, 2176.0)	(6.0, 1991.5)	(7.0, 1787.5)	(8.0, 1681.5)	(9.0, 1682.5)	(10.0, 1777.0)	(11.0, 1928.0)	(12.0, 2115.5)	(13.0, 2371.5)	(14.0, 2804.0)	(15.0, 3449.0)	(16.0, 4494.0)	(17.0, 6209.0)	(18.0, 8711.0)	(19.0, 12759.5)	(20.0, 19387.0)	(21.0, 29740.0)	(22.0, 45610.0)	(23.0, 69406.0)	(24.0, 102548.5)	(25.0, 148313.5)	(26.0, 210111.5)	(27.0, 287749.5)	(28.0, 380770.5)	(29.0, 485810.0)	(30.0, 598782.0)	(31.0, 714101.5)	(32.0, 823991.0)	(33.0, 926685.5)	(34.0, 1018297.5)	(35.0, 1098432.0)	(36.0, 1168306.0)	(37.0, 1227889.5)	(38.0, 1271800.0)	(39.0, 1295952.5)	(40.0, 1306686.5)	(41.0, 1305930.0)	(42.0, 1294643.0)	(43.0, 1274924.5)	(44.0, 1249072.5)	(45.0, 1225402.0)	(46.0, 1199968.0)	(47.0, 1166889.0)	(48.0, 1133848.0)	(49.0, 1098424.5)	(50.0, 1067275.5)	(51.0, 1037334.5)	(52.0, 993900.5)	(53.0, 952852.0)	(54.0, 928790.5)	(55.0, 901848.5)	(56.0, 857897.5)	(57.0, 809279.5)	(58.0, 764777.0)	(59.0, 726646.0)	(60.0, 692009.5)	(61.0, 690697.0)	(62.0, 686552.0)	(63.0, 604360.0)	(64.0, 508755.5)	(65.0, 438070.0)	(66.0, 364124.5)	(67.0, 299022.0)	(68.0, 247237.5)	(69.0, 207891.5)	(70.0, 178578.0)	(71.0, 159589.5)	(72.0, 152446.0)	(73.0, 136683.5)	(74.0, 120392.0)	(75.0, 127744.5)	(76.0, 141859.0)	(77.0, 169029.5)	(78.0, 204367.5)	(79.0, 173138.5)	(80.0, 118996.5)	(81.0, 114110.0)	(82.0, 110050.0)	(83.0, 97057.5)	(84.0, 94425.0)	(85.0, 88653.0)	(86.0, 79421.5)	(87.0, 72585.0)	(88.0, 58814.0)	(89.0, 42656.0)	(90.0, 34166.5)	(91.0, 32350.5)	(92.0, 29831.0)	(93.0, 27045.5)	(94.0, 29842.5)	(95.0, 31819.5)	(96.0, 30617.0)	(97.0, 33355.5)	(98.0, 27667.5)	(99.0, 16134.5)	(100.0, 14364.5)
SRR26261002_1	(0.0, 6496.0)	(1.0, 3251.0)	(2.0, 7.5)	(3.0, 15.0)	(4.0, 28.5)	(5.0, 41.0)	(6.0, 53.5)	(7.0, 68.0)	(8.0, 89.0)	(9.0, 122.0)	(10.0, 185.0)	(11.0, 245.0)	(12.0, 355.5)	(13.0, 557.5)	(14.0, 882.0)	(15.0, 1405.0)	(16.0, 2247.5)	(17.0, 3701.0)	(18.0, 6115.5)	(19.0, 10043.0)	(20.0, 16229.5)	(21.0, 25761.5)	(22.0, 40916.5)	(23.0, 60184.0)	(24.0, 83458.5)	(25.0, 115545.5)	(26.0, 158917.5)	(27.0, 212066.0)	(28.0, 274735.5)	(29.0, 344850.0)	(30.0, 421953.0)	(31.0, 504312.5)	(32.0, 583416.0)	(33.0, 656896.5)	(34.0, 726109.0)	(35.0, 786431.0)	(36.0, 840383.0)	(37.0, 887253.0)	(38.0, 923651.0)	(39.0, 948617.5)	(40.0, 958930.5)	(41.0, 963098.0)	(42.0, 967476.0)	(43.0, 957229.0)	(44.0, 935462.5)	(45.0, 917720.0)	(46.0, 901081.0)	(47.0, 885554.0)	(48.0, 865682.5)	(49.0, 839556.5)	(50.0, 823535.0)	(51.0, 811902.0)	(52.0, 777715.5)	(53.0, 725192.5)	(54.0, 682302.0)	(55.0, 651836.5)	(56.0, 617308.0)	(57.0, 588636.0)	(58.0, 563311.5)	(59.0, 531819.0)	(60.0, 504566.5)	(61.0, 499351.5)	(62.0, 490987.0)	(63.0, 456769.0)	(64.0, 380910.0)	(65.0, 297887.0)	(66.0, 258825.5)	(67.0, 227591.0)	(68.0, 194339.0)	(69.0, 157083.0)	(70.0, 123098.5)	(71.0, 106823.5)	(72.0, 100535.5)	(73.0, 98000.5)	(74.0, 99685.5)	(75.0, 106219.0)	(76.0, 99837.0)	(77.0, 117904.5)	(78.0, 128674.5)	(79.0, 97830.5)	(80.0, 84164.5)	(81.0, 84901.0)	(82.0, 88400.5)	(83.0, 77797.0)	(84.0, 63736.0)	(85.0, 57014.5)	(86.0, 54917.5)	(87.0, 53022.5)	(88.0, 40741.5)	(89.0, 27428.5)	(90.0, 16552.5)	(91.0, 10543.5)	(92.0, 7662.5)	(93.0, 6055.5)	(94.0, 5043.5)	(95.0, 4371.5)	(96.0, 3391.0)	(97.0, 2324.0)	(98.0, 1546.5)	(99.0, 924.5)	(100.0, 536.0)
SRR26261002_2	(0.0, 6184.0)	(1.0, 3357.0)	(2.0, 808.5)	(3.0, 1296.5)	(4.0, 1559.0)	(5.0, 1560.0)	(6.0, 1407.5)	(7.0, 1272.5)	(8.0, 1175.0)	(9.0, 1142.5)	(10.0, 1202.5)	(11.0, 1252.0)	(12.0, 1357.0)	(13.0, 1591.0)	(14.0, 1835.5)	(15.0, 2145.0)	(16.0, 2711.5)	(17.0, 3574.0)	(18.0, 4989.0)	(19.0, 7217.0)	(20.0, 10749.0)	(21.0, 16583.5)	(22.0, 25614.5)	(23.0, 39270.5)	(24.0, 58524.0)	(25.0, 85744.0)	(26.0, 124360.0)	(27.0, 174999.5)	(28.0, 236798.0)	(29.0, 309006.5)	(30.0, 388181.5)	(31.0, 471163.5)	(32.0, 553117.0)	(33.0, 630912.0)	(34.0, 701135.0)	(35.0, 764479.0)	(36.0, 822290.0)	(37.0, 871171.0)	(38.0, 907811.5)	(39.0, 931405.5)	(40.0, 944727.0)	(41.0, 948864.0)	(42.0, 947666.0)	(43.0, 938381.5)	(44.0, 921493.0)	(45.0, 908241.0)	(46.0, 896094.5)	(47.0, 876852.0)	(48.0, 855550.0)	(49.0, 832966.5)	(50.0, 812397.5)	(51.0, 790880.5)	(52.0, 759862.0)	(53.0, 731716.5)	(54.0, 715520.5)	(55.0, 696270.5)	(56.0, 663883.5)	(57.0, 628383.0)	(58.0, 595298.0)	(59.0, 565722.0)	(60.0, 539102.5)	(61.0, 540730.0)	(62.0, 531778.0)	(63.0, 464609.0)	(64.0, 396780.5)	(65.0, 341544.5)	(66.0, 281094.0)	(67.0, 229787.5)	(68.0, 190092.0)	(69.0, 159820.0)	(70.0, 136649.0)	(71.0, 120978.5)	(72.0, 114333.5)	(73.0, 102255.0)	(74.0, 90032.5)	(75.0, 94305.0)	(76.0, 103766.5)	(77.0, 123256.0)	(78.0, 145997.5)	(79.0, 121809.5)	(80.0, 82420.0)	(81.0, 77538.0)	(82.0, 75378.5)	(83.0, 66519.5)	(84.0, 63225.5)	(85.0, 58203.0)	(86.0, 52215.0)	(87.0, 47680.0)	(88.0, 39474.0)	(89.0, 29333.5)	(90.0, 22957.0)	(91.0, 21535.5)	(92.0, 19910.0)	(93.0, 18256.0)	(94.0, 20074.0)	(95.0, 21615.0)	(96.0, 21163.0)	(97.0, 23305.0)	(98.0, 19210.0)	(99.0, 10981.5)	(100.0, 11230.0)
SRR26261003_1	(0.0, 10428.0)	(1.0, 5223.0)	(2.0, 23.0)	(3.0, 47.0)	(4.0, 73.5)	(5.0, 99.0)	(6.0, 134.0)	(7.0, 157.0)	(8.0, 197.0)	(9.0, 258.0)	(10.0, 366.0)	(11.0, 529.0)	(12.0, 768.0)	(13.0, 1106.0)	(14.0, 1648.0)	(15.0, 2581.0)	(16.0, 4184.5)	(17.0, 6786.5)	(18.0, 10976.5)	(19.0, 17601.5)	(20.0, 27957.0)	(21.0, 43699.5)	(22.0, 67888.0)	(23.0, 99481.5)	(24.0, 139213.5)	(25.0, 191834.0)	(26.0, 260721.0)	(27.0, 345135.0)	(28.0, 443284.5)	(29.0, 549936.5)	(30.0, 662401.0)	(31.0, 779850.5)	(32.0, 890362.0)	(33.0, 988288.5)	(34.0, 1077533.5)	(35.0, 1153656.5)	(36.0, 1216189.5)	(37.0, 1269566.5)	(38.0, 1308987.5)	(39.0, 1330842.5)	(40.0, 1333435.0)	(41.0, 1328289.5)	(42.0, 1324449.0)	(43.0, 1299779.0)	(44.0, 1260271.5)	(45.0, 1227397.5)	(46.0, 1195391.5)	(47.0, 1166092.0)	(48.0, 1132195.5)	(49.0, 1089677.5)	(50.0, 1060103.0)	(51.0, 1035424.0)	(52.0, 986352.0)	(53.0, 918703.0)	(54.0, 863666.0)	(55.0, 822458.5)	(56.0, 775871.0)	(57.0, 736202.5)	(58.0, 701120.5)	(59.0, 658546.0)	(60.0, 621068.5)	(61.0, 610670.0)	(62.0, 593339.5)	(63.0, 548227.0)	(64.0, 459624.0)	(65.0, 361972.0)	(66.0, 315105.5)	(67.0, 276829.5)	(68.0, 237282.0)	(69.0, 192341.0)	(70.0, 150476.5)	(71.0, 130804.0)	(72.0, 121110.5)	(73.0, 117569.0)	(74.0, 119907.0)	(75.0, 128007.5)	(76.0, 120154.5)	(77.0, 143128.5)	(78.0, 161082.5)	(79.0, 122453.5)	(80.0, 101097.5)	(81.0, 100229.5)	(82.0, 104623.5)	(83.0, 91521.5)	(84.0, 74765.0)	(85.0, 67361.5)	(86.0, 64375.5)	(87.0, 62767.5)	(88.0, 48662.5)	(89.0, 32429.5)	(90.0, 18749.0)	(91.0, 11415.5)	(92.0, 7909.5)	(93.0, 6039.5)	(94.0, 4907.0)	(95.0, 4093.0)	(96.0, 3187.5)	(97.0, 2401.0)	(98.0, 1823.5)	(99.0, 1261.5)	(100.0, 781.5)
SRR26261003_2	(0.0, 10144.0)	(1.0, 5457.5)	(2.0, 1162.5)	(3.0, 1860.5)	(4.0, 2214.0)	(5.0, 2205.5)	(6.0, 1984.0)	(7.0, 1762.0)	(8.0, 1704.0)	(9.0, 1678.0)	(10.0, 1740.5)	(11.0, 1945.0)	(12.0, 2182.0)	(13.0, 2525.5)	(14.0, 2958.5)	(15.0, 3630.0)	(16.0, 4904.0)	(17.0, 6856.0)	(18.0, 9860.5)	(19.0, 14836.5)	(20.0, 23001.5)	(21.0, 35469.5)	(22.0, 54258.5)	(23.0, 81277.5)	(24.0, 118553.0)	(25.0, 169627.5)	(26.0, 237816.0)	(27.0, 321942.0)	(28.0, 420352.0)	(29.0, 530344.5)	(30.0, 645074.5)	(31.0, 760713.5)	(32.0, 869640.0)	(33.0, 968599.0)	(34.0, 1053177.5)	(35.0, 1127393.5)	(36.0, 1195234.5)	(37.0, 1248347.0)	(38.0, 1283036.0)	(39.0, 1299696.0)	(40.0, 1304994.0)	(41.0, 1298799.5)	(42.0, 1283535.0)	(43.0, 1260344.5)	(44.0, 1229046.5)	(45.0, 1203011.0)	(46.0, 1176927.0)	(47.0, 1143645.5)	(48.0, 1108952.5)	(49.0, 1070002.5)	(50.0, 1035264.5)	(51.0, 1003155.0)	(52.0, 960313.0)	(53.0, 920836.5)	(54.0, 896038.0)	(55.0, 867785.5)	(56.0, 826098.0)	(57.0, 779942.5)	(58.0, 735258.5)	(59.0, 696067.0)	(60.0, 658904.0)	(61.0, 651156.0)	(62.0, 639117.0)	(63.0, 562248.0)	(64.0, 479946.0)	(65.0, 412690.0)	(66.0, 340568.5)	(67.0, 280712.5)	(68.0, 233221.5)	(69.0, 195885.5)	(70.0, 167506.5)	(71.0, 149237.0)	(72.0, 141870.0)	(73.0, 127314.0)	(74.0, 112385.5)	(75.0, 118254.5)	(76.0, 131516.0)	(77.0, 156414.5)	(78.0, 185165.5)	(79.0, 155636.5)	(80.0, 105190.5)	(81.0, 99632.0)	(82.0, 96703.5)	(83.0, 83264.0)	(84.0, 78329.0)	(85.0, 71340.0)	(86.0, 61799.5)	(87.0, 53818.5)	(88.0, 41671.5)	(89.0, 29485.5)	(90.0, 23764.5)	(91.0, 22021.0)	(92.0, 19039.0)	(93.0, 15351.5)	(94.0, 15650.5)	(95.0, 16236.5)	(96.0, 15663.0)	(97.0, 18541.5)	(98.0, 17563.5)	(99.0, 12809.5)	(100.0, 17194.0)
SRR26261004_1	(0.0, 1072.0)	(1.0, 539.0)	(2.0, 9.0)	(3.0, 17.5)	(4.0, 30.0)	(5.0, 47.5)	(6.0, 62.5)	(7.0, 83.0)	(8.0, 121.0)	(9.0, 172.5)	(10.0, 235.5)	(11.0, 313.0)	(12.0, 465.5)	(13.0, 715.0)	(14.0, 1073.5)	(15.0, 1722.0)	(16.0, 2888.0)	(17.0, 4768.0)	(18.0, 7840.0)	(19.0, 12417.5)	(20.0, 19734.0)	(21.0, 31241.5)	(22.0, 48786.0)	(23.0, 71001.5)	(24.0, 99191.0)	(25.0, 137366.5)	(26.0, 187453.5)	(27.0, 248605.0)	(28.0, 318517.0)	(29.0, 394544.5)	(30.0, 476284.0)	(31.0, 560798.0)	(32.0, 640732.5)	(33.0, 713494.5)	(34.0, 779515.0)	(35.0, 837238.0)	(36.0, 885503.5)	(37.0, 927114.5)	(38.0, 958065.5)	(39.0, 975944.0)	(40.0, 980582.0)	(41.0, 979258.0)	(42.0, 979957.5)	(43.0, 964701.0)	(44.0, 938290.0)	(45.0, 917671.5)	(46.0, 896985.5)	(47.0, 878155.5)	(48.0, 854267.0)	(49.0, 824432.5)	(50.0, 804955.0)	(51.0, 787927.0)	(52.0, 753432.5)	(53.0, 703248.0)	(54.0, 660673.5)	(55.0, 629586.0)	(56.0, 595669.5)	(57.0, 568363.5)	(58.0, 543373.0)	(59.0, 511118.0)	(60.0, 482713.5)	(61.0, 475441.0)	(62.0, 462322.5)	(63.0, 427083.0)	(64.0, 359210.5)	(65.0, 284516.5)	(66.0, 248716.5)	(67.0, 218741.0)	(68.0, 187159.5)	(69.0, 151790.5)	(70.0, 119124.0)	(71.0, 104356.0)	(72.0, 98858.0)	(73.0, 95651.0)	(74.0, 96660.0)	(75.0, 104125.5)	(76.0, 98518.0)	(77.0, 117459.5)	(78.0, 129097.5)	(79.0, 98012.0)	(80.0, 84250.5)	(81.0, 84117.5)	(82.0, 87355.5)	(83.0, 76843.5)	(84.0, 62579.0)	(85.0, 55242.5)	(86.0, 51557.5)	(87.0, 48943.0)	(88.0, 37612.5)	(89.0, 26256.0)	(90.0, 16209.0)	(91.0, 9944.5)	(92.0, 6820.0)	(93.0, 5224.5)	(94.0, 4282.5)	(95.0, 3489.0)	(96.0, 2640.5)	(97.0, 1880.5)	(98.0, 1303.0)	(99.0, 820.5)	(100.0, 460.0)
SRR26261004_2	(0.0, 1095.0)	(1.0, 800.5)	(2.0, 813.0)	(3.0, 1340.5)	(4.0, 1614.5)	(5.0, 1603.0)	(6.0, 1416.5)	(7.0, 1262.5)	(8.0, 1242.0)	(9.0, 1252.5)	(10.0, 1294.0)	(11.0, 1413.0)	(12.0, 1533.5)	(13.0, 1715.0)	(14.0, 2085.5)	(15.0, 2604.0)	(16.0, 3314.5)	(17.0, 4513.0)	(18.0, 6370.0)	(19.0, 9513.0)	(20.0, 14820.0)	(21.0, 22697.0)	(22.0, 34694.0)	(23.0, 52828.0)	(24.0, 78265.5)	(25.0, 113240.5)	(26.0, 160280.0)	(27.0, 219276.5)	(28.0, 289413.5)	(29.0, 368376.5)	(30.0, 452068.0)	(31.0, 537171.5)	(32.0, 618089.0)	(33.0, 693693.5)	(34.0, 759568.5)	(35.0, 816439.0)	(36.0, 868147.5)	(37.0, 912443.5)	(38.0, 943999.0)	(39.0, 959210.0)	(40.0, 964748.0)	(41.0, 963623.5)	(42.0, 956016.0)	(43.0, 942466.0)	(44.0, 923079.0)	(45.0, 906053.5)	(46.0, 889580.5)	(47.0, 866206.5)	(48.0, 841932.0)	(49.0, 816294.0)	(50.0, 791933.0)	(51.0, 768685.5)	(52.0, 736804.5)	(53.0, 706181.5)	(54.0, 688724.0)	(55.0, 668452.5)	(56.0, 636017.5)	(57.0, 600835.0)	(58.0, 567891.5)	(59.0, 538849.0)	(60.0, 511664.5)	(61.0, 508657.0)	(62.0, 502107.5)	(63.0, 444056.0)	(64.0, 378208.0)	(65.0, 323794.5)	(66.0, 267851.5)	(67.0, 219931.5)	(68.0, 181209.5)	(69.0, 152486.0)	(70.0, 131026.0)	(71.0, 117077.5)	(72.0, 111796.0)	(73.0, 99757.0)	(74.0, 87497.5)	(75.0, 92417.5)	(76.0, 102289.0)	(77.0, 123371.0)	(78.0, 149150.5)	(79.0, 124015.5)	(80.0, 82196.5)	(81.0, 77334.5)	(82.0, 73779.5)	(83.0, 63647.0)	(84.0, 61157.5)	(85.0, 57507.5)	(86.0, 52028.0)	(87.0, 46846.0)	(88.0, 36686.5)	(89.0, 26246.0)	(90.0, 21022.5)	(91.0, 19562.5)	(92.0, 18068.5)	(93.0, 16768.5)	(94.0, 18447.5)	(95.0, 19502.5)	(96.0, 19278.0)	(97.0, 21306.0)	(98.0, 17044.5)	(99.0, 9097.0)	(100.0, 9624.0)
SRR26261005_1	(0.0, 3543.0)	(1.0, 1778.5)	(2.0, 22.5)	(3.0, 37.5)	(4.0, 61.5)	(5.0, 90.0)	(6.0, 116.0)	(7.0, 143.5)	(8.0, 181.0)	(9.0, 252.0)	(10.0, 335.0)	(11.0, 434.0)	(12.0, 617.0)	(13.0, 967.0)	(14.0, 1499.0)	(15.0, 2345.5)	(16.0, 3807.0)	(17.0, 6033.5)	(18.0, 9709.0)	(19.0, 15474.0)	(20.0, 24575.5)	(21.0, 38704.5)	(22.0, 60207.0)	(23.0, 87931.5)	(24.0, 122490.5)	(25.0, 167926.5)	(26.0, 227308.0)	(27.0, 300290.0)	(28.0, 383605.0)	(29.0, 473422.0)	(30.0, 570771.5)	(31.0, 671484.0)	(32.0, 763499.5)	(33.0, 846642.0)	(34.0, 923964.5)	(35.0, 988821.0)	(36.0, 1042432.5)	(37.0, 1088882.5)	(38.0, 1124011.5)	(39.0, 1144190.0)	(40.0, 1147989.0)	(41.0, 1143561.0)	(42.0, 1140367.5)	(43.0, 1122280.5)	(44.0, 1090488.5)	(45.0, 1064618.5)	(46.0, 1039807.5)	(47.0, 1016999.0)	(48.0, 988679.0)	(49.0, 953267.0)	(50.0, 929561.0)	(51.0, 910680.0)	(52.0, 871971.5)	(53.0, 814373.5)	(54.0, 765932.5)	(55.0, 731135.5)	(56.0, 692656.5)	(57.0, 661451.0)	(58.0, 632219.0)	(59.0, 593831.0)	(60.0, 560851.5)	(61.0, 551229.5)	(62.0, 531877.0)	(63.0, 486401.5)	(64.0, 411850.5)	(65.0, 330394.5)	(66.0, 290786.0)	(67.0, 256479.0)	(68.0, 217695.5)	(69.0, 177541.0)	(70.0, 140643.5)	(71.0, 123917.0)	(72.0, 118481.0)	(73.0, 114474.5)	(74.0, 115632.5)	(75.0, 124792.0)	(76.0, 119477.5)	(77.0, 144049.0)	(78.0, 159039.5)	(79.0, 122282.5)	(80.0, 104729.0)	(81.0, 105317.0)	(82.0, 113177.0)	(83.0, 101011.0)	(84.0, 85002.5)	(85.0, 78520.0)	(86.0, 74264.5)	(87.0, 71211.5)	(88.0, 54839.0)	(89.0, 37663.5)	(90.0, 22513.5)	(91.0, 13554.5)	(92.0, 9329.0)	(93.0, 6995.5)	(94.0, 5601.5)	(95.0, 4708.5)	(96.0, 3681.5)	(97.0, 2670.0)	(98.0, 1779.5)	(99.0, 1078.0)	(100.0, 607.0)
SRR26261005_2	(0.0, 3446.0)	(1.0, 2057.0)	(2.0, 1008.5)	(3.0, 1557.5)	(4.0, 1852.0)	(5.0, 1849.5)	(6.0, 1678.5)	(7.0, 1524.0)	(8.0, 1451.5)	(9.0, 1459.5)	(10.0, 1502.5)	(11.0, 1648.0)	(12.0, 1851.0)	(13.0, 2083.5)	(14.0, 2472.5)	(15.0, 3057.5)	(16.0, 4000.0)	(17.0, 5456.0)	(18.0, 7892.0)	(19.0, 11803.0)	(20.0, 18026.0)	(21.0, 27916.0)	(22.0, 43020.0)	(23.0, 65114.5)	(24.0, 95707.5)	(25.0, 137766.5)	(26.0, 194505.0)	(27.0, 265869.5)	(28.0, 350196.5)	(29.0, 443707.0)	(30.0, 541465.0)	(31.0, 640727.0)	(32.0, 736797.0)	(33.0, 824960.0)	(34.0, 900821.0)	(35.0, 967019.5)	(36.0, 1025592.5)	(37.0, 1074163.0)	(38.0, 1108746.0)	(39.0, 1125891.0)	(40.0, 1131718.5)	(41.0, 1127836.5)	(42.0, 1117055.0)	(43.0, 1098923.5)	(44.0, 1074075.5)	(45.0, 1053483.0)	(46.0, 1032735.0)	(47.0, 1004499.5)	(48.0, 975315.5)	(49.0, 945597.0)	(50.0, 916605.0)	(51.0, 888302.0)	(52.0, 850811.5)	(53.0, 816739.5)	(54.0, 798497.5)	(55.0, 776037.5)	(56.0, 738397.5)	(57.0, 698162.5)	(58.0, 659811.0)	(59.0, 624302.0)	(60.0, 592290.5)	(61.0, 587731.0)	(62.0, 575872.0)	(63.0, 508502.0)	(64.0, 435908.0)	(65.0, 373481.5)	(66.0, 310850.0)	(67.0, 257615.5)	(68.0, 212553.5)	(69.0, 178614.0)	(70.0, 153584.0)	(71.0, 138411.5)	(72.0, 132417.0)	(73.0, 118045.0)	(74.0, 104656.0)	(75.0, 112246.5)	(76.0, 124287.5)	(77.0, 148505.0)	(78.0, 179339.5)	(79.0, 149366.0)	(80.0, 100821.0)	(81.0, 96316.5)	(82.0, 92644.0)	(83.0, 81226.0)	(84.0, 79673.0)	(85.0, 75927.0)	(86.0, 69781.5)	(87.0, 66221.5)	(88.0, 55332.5)	(89.0, 40601.5)	(90.0, 31633.0)	(91.0, 29138.0)	(92.0, 26151.5)	(93.0, 23194.5)	(94.0, 25546.5)	(95.0, 26657.0)	(96.0, 24393.0)	(97.0, 25673.0)	(98.0, 20749.0)	(99.0, 11472.5)	(100.0, 12920.0)
SRR26261006_1	(0.0, 738.0)	(1.0, 371.0)	(2.0, 4.0)	(3.0, 6.0)	(4.0, 16.5)	(5.0, 27.5)	(6.0, 37.0)	(7.0, 47.0)	(8.0, 70.5)	(9.0, 116.0)	(10.0, 164.0)	(11.0, 233.0)	(12.0, 351.5)	(13.0, 519.0)	(14.0, 762.0)	(15.0, 1167.0)	(16.0, 1916.5)	(17.0, 3075.5)	(18.0, 4821.5)	(19.0, 7563.0)	(20.0, 11891.0)	(21.0, 18424.5)	(22.0, 28298.5)	(23.0, 47470.5)	(24.0, 98505.0)	(25.0, 143682.5)	(26.0, 187061.5)	(27.0, 301004.5)	(28.0, 478991.5)	(29.0, 718563.0)	(30.0, 1040190.5)	(31.0, 1429645.0)	(32.0, 1868357.5)	(33.0, 2237781.0)	(34.0, 2787295.0)	(35.0, 3550902.0)	(36.0, 3888884.5)	(37.0, 4021394.0)	(38.0, 4107761.5)	(39.0, 3807447.5)	(40.0, 3457619.5)	(41.0, 3149325.5)	(42.0, 2740105.5)	(43.0, 2285729.0)	(44.0, 1839874.5)	(45.0, 1601812.0)	(46.0, 1501218.5)	(47.0, 1495222.5)	(48.0, 1358327.0)	(49.0, 1119661.5)	(50.0, 991950.0)	(51.0, 834821.5)	(52.0, 739228.0)	(53.0, 657075.0)	(54.0, 581703.0)	(55.0, 421589.0)	(56.0, 250381.5)	(57.0, 211554.0)	(58.0, 191237.0)	(59.0, 174788.0)	(60.0, 162883.0)	(61.0, 163153.0)	(62.0, 160723.0)	(63.0, 147564.5)	(64.0, 120838.5)	(65.0, 90613.5)	(66.0, 80422.0)	(67.0, 73162.0)	(68.0, 61671.5)	(69.0, 49717.5)	(70.0, 40220.5)	(71.0, 37740.5)	(72.0, 37515.0)	(73.0, 39936.0)	(74.0, 45280.0)	(75.0, 52328.5)	(76.0, 49130.5)	(77.0, 61574.5)	(78.0, 71755.0)	(79.0, 52102.0)	(80.0, 41189.5)	(81.0, 38076.0)	(82.0, 36446.0)	(83.0, 31730.5)	(84.0, 26470.5)	(85.0, 23664.0)	(86.0, 21686.5)	(87.0, 20238.0)	(88.0, 15999.5)	(89.0, 11289.5)	(90.0, 6590.0)	(91.0, 3751.0)	(92.0, 2482.0)	(93.0, 1827.0)	(94.0, 1425.5)	(95.0, 1185.0)	(96.0, 1152.5)	(97.0, 1151.5)	(98.0, 982.0)	(99.0, 615.0)	(100.0, 234.5)
SRR26261006_2	(0.0, 1052.0)	(1.0, 1246.5)	(2.0, 2191.5)	(3.0, 3348.0)	(4.0, 3675.0)	(5.0, 3366.5)	(6.0, 2900.0)	(7.0, 2673.5)	(8.0, 2647.5)	(9.0, 2677.5)	(10.0, 2810.0)	(11.0, 3007.5)	(12.0, 3235.0)	(13.0, 3449.5)	(14.0, 3786.0)	(15.0, 4252.0)	(16.0, 4927.0)	(17.0, 6055.0)	(18.0, 7834.5)	(19.0, 10610.5)	(20.0, 15032.5)	(21.0, 21707.0)	(22.0, 31677.5)	(23.0, 54513.0)	(24.0, 93659.0)	(25.0, 167879.0)	(26.0, 222312.0)	(27.0, 274114.0)	(28.0, 401182.0)	(29.0, 613907.0)	(30.0, 971522.0)	(31.0, 1488842.5)	(32.0, 2075385.5)	(33.0, 2430620.0)	(34.0, 2849711.0)	(35.0, 3593352.0)	(36.0, 4023771.5)	(37.0, 4031316.0)	(38.0, 3928443.5)	(39.0, 3615540.0)	(40.0, 3305816.5)	(41.0, 3023249.5)	(42.0, 2649023.5)	(43.0, 2423165.0)	(44.0, 2164880.5)	(45.0, 1837772.5)	(46.0, 1592047.0)	(47.0, 1366636.0)	(48.0, 1129244.5)	(49.0, 930856.0)	(50.0, 788890.0)	(51.0, 798619.5)	(52.0, 827695.5)	(53.0, 657580.0)	(54.0, 498288.0)	(55.0, 391363.5)	(56.0, 283464.0)	(57.0, 230775.0)	(58.0, 203407.0)	(59.0, 186849.0)	(60.0, 173730.5)	(61.0, 175539.5)	(62.0, 172736.5)	(63.0, 147235.5)	(64.0, 124464.0)	(65.0, 106574.5)	(66.0, 85453.5)	(67.0, 68054.5)	(68.0, 55112.0)	(69.0, 46689.0)	(70.0, 42117.0)	(71.0, 40672.5)	(72.0, 42314.5)	(73.0, 38968.0)	(74.0, 34940.5)	(75.0, 41157.5)	(76.0, 49382.0)	(77.0, 63770.0)	(78.0, 78532.0)	(79.0, 63883.5)	(80.0, 39164.0)	(81.0, 34075.0)	(82.0, 32615.0)	(83.0, 28650.0)	(84.0, 28212.5)	(85.0, 25853.5)	(86.0, 21874.5)	(87.0, 18911.5)	(88.0, 14617.5)	(89.0, 10245.0)	(90.0, 8320.0)	(91.0, 7975.5)	(92.0, 7423.5)	(93.0, 6725.0)	(94.0, 7331.5)	(95.0, 8054.0)	(96.0, 8255.0)	(97.0, 9429.0)	(98.0, 8344.5)	(99.0, 6097.0)	(100.0, 15170.0)
SRR26261235_1	(0.0, 144.0)	(1.0, 154.5)	(2.0, 181.0)	(3.0, 238.5)	(4.0, 309.5)	(5.0, 366.5)	(6.0, 445.0)	(7.0, 510.5)	(8.0, 613.0)	(9.0, 800.0)	(10.0, 1059.0)	(11.0, 1452.5)	(12.0, 1972.0)	(13.0, 2779.0)	(14.0, 4087.5)	(15.0, 6070.0)	(16.0, 9446.0)	(17.0, 14796.5)	(18.0, 23180.5)	(19.0, 36376.0)	(20.0, 55962.5)	(21.0, 82532.0)	(22.0, 117110.0)	(23.0, 161786.5)	(24.0, 217171.0)	(25.0, 284092.5)	(26.0, 361450.0)	(27.0, 446534.0)	(28.0, 538630.0)	(29.0, 633774.5)	(30.0, 728546.5)	(31.0, 822711.5)	(32.0, 917613.5)	(33.0, 1008842.0)	(34.0, 1092481.5)	(35.0, 1174099.0)	(36.0, 1253589.0)	(37.0, 1322521.5)	(38.0, 1366570.5)	(39.0, 1377346.5)	(40.0, 1364751.0)	(41.0, 1326961.5)	(42.0, 1270874.0)	(43.0, 1213810.5)	(44.0, 1151083.0)	(45.0, 1091897.5)	(46.0, 1036445.0)	(47.0, 978047.5)	(48.0, 935584.0)	(49.0, 905423.5)	(50.0, 858303.0)	(51.0, 792506.0)	(52.0, 723060.5)	(53.0, 657003.0)	(54.0, 600889.5)	(55.0, 553295.0)	(56.0, 510852.5)	(57.0, 462882.5)	(58.0, 411227.5)	(59.0, 362090.5)	(60.0, 310203.5)	(61.0, 260676.0)	(62.0, 216835.0)	(63.0, 180058.5)	(64.0, 150300.5)	(65.0, 125494.5)	(66.0, 104374.0)	(67.0, 87269.5)	(68.0, 73625.5)	(69.0, 62778.5)	(70.0, 54142.5)	(71.0, 46162.0)	(72.0, 38013.5)	(73.0, 30449.5)	(74.0, 23786.0)	(75.0, 18541.0)	(76.0, 14845.0)	(77.0, 12057.5)	(78.0, 9993.0)	(79.0, 8128.5)	(80.0, 6517.5)	(81.0, 5327.0)	(82.0, 4303.0)	(83.0, 3239.0)	(84.0, 2449.5)	(85.0, 1821.0)	(86.0, 1252.0)	(87.0, 842.0)	(88.0, 574.5)	(89.0, 389.5)	(90.0, 287.0)	(91.0, 223.5)	(92.0, 169.0)	(93.0, 159.0)	(94.0, 201.0)	(95.0, 301.5)	(96.0, 688.0)	(97.0, 2092.5)	(98.0, 7097.0)	(99.0, 5691.0)	(100.0, 194.5)
SRR26261235_2	(0.0, 250.0)	(1.0, 377.0)	(2.0, 745.0)	(3.0, 1226.0)	(4.0, 1615.5)	(5.0, 1927.5)	(6.0, 2161.0)	(7.0, 2291.5)	(8.0, 2473.5)	(9.0, 2709.5)	(10.0, 3003.0)	(11.0, 3475.0)	(12.0, 4074.0)	(13.0, 4920.0)	(14.0, 6281.0)	(15.0, 8475.0)	(16.0, 12009.5)	(17.0, 17814.0)	(18.0, 26820.0)	(19.0, 40023.0)	(20.0, 59385.0)	(21.0, 86506.5)	(22.0, 121567.0)	(23.0, 165829.0)	(24.0, 220679.5)	(25.0, 286273.0)	(26.0, 363013.5)	(27.0, 448786.5)	(28.0, 541519.5)	(29.0, 637247.5)	(30.0, 731416.5)	(31.0, 822558.0)	(32.0, 914398.5)	(33.0, 1005017.0)	(34.0, 1089926.5)	(35.0, 1172535.0)	(36.0, 1249039.0)	(37.0, 1314275.0)	(38.0, 1357039.5)	(39.0, 1368329.5)	(40.0, 1357806.0)	(41.0, 1319899.0)	(42.0, 1264044.5)	(43.0, 1209139.0)	(44.0, 1147223.0)	(45.0, 1088195.5)	(46.0, 1033720.5)	(47.0, 975514.0)	(48.0, 932629.0)	(49.0, 901769.5)	(50.0, 855189.0)	(51.0, 790157.0)	(52.0, 720448.5)	(53.0, 656365.5)	(54.0, 601405.0)	(55.0, 552891.0)	(56.0, 509130.5)	(57.0, 461102.5)	(58.0, 410633.5)	(59.0, 362276.0)	(60.0, 310481.0)	(61.0, 261027.0)	(62.0, 217672.5)	(63.0, 180571.0)	(64.0, 150170.0)	(65.0, 124818.0)	(66.0, 103190.0)	(67.0, 84832.0)	(68.0, 69229.5)	(69.0, 56766.0)	(70.0, 46869.0)	(71.0, 38591.0)	(72.0, 31811.5)	(73.0, 26670.0)	(74.0, 22503.0)	(75.0, 19130.0)	(76.0, 16504.5)	(77.0, 14478.0)	(78.0, 12994.5)	(79.0, 11224.5)	(80.0, 9512.5)	(81.0, 8535.5)	(82.0, 7501.5)	(83.0, 6482.0)	(84.0, 5813.0)	(85.0, 5311.0)	(86.0, 4846.0)	(87.0, 4487.5)	(88.0, 4283.5)	(89.0, 4045.0)	(90.0, 3899.0)	(91.0, 3723.5)	(92.0, 3466.0)	(93.0, 3278.5)	(94.0, 2997.5)	(95.0, 2604.5)	(96.0, 2274.0)	(97.0, 1935.0)	(98.0, 1738.0)	(99.0, 1868.5)	(100.0, 6133.5)
SRR26261236_1	(0.0, 150.0)	(1.0, 149.5)	(2.0, 163.5)	(3.0, 220.5)	(4.0, 276.5)	(5.0, 331.5)	(6.0, 400.5)	(7.0, 507.5)	(8.0, 647.5)	(9.0, 828.5)	(10.0, 1082.5)	(11.0, 1489.5)	(12.0, 2160.0)	(13.0, 3129.0)	(14.0, 4551.5)	(15.0, 6946.5)	(16.0, 11088.0)	(17.0, 18184.5)	(18.0, 29298.5)	(19.0, 45990.5)	(20.0, 69259.5)	(21.0, 99127.0)	(22.0, 136701.0)	(23.0, 181460.0)	(24.0, 233380.5)	(25.0, 294120.0)	(26.0, 360387.0)	(27.0, 432226.0)	(28.0, 509812.5)	(29.0, 587722.0)	(30.0, 665373.0)	(31.0, 740654.5)	(32.0, 814228.0)	(33.0, 884551.0)	(34.0, 950897.0)	(35.0, 1015975.5)	(36.0, 1074556.5)	(37.0, 1118953.0)	(38.0, 1142540.5)	(39.0, 1144908.0)	(40.0, 1126720.0)	(41.0, 1083711.5)	(42.0, 1025471.5)	(43.0, 962232.5)	(44.0, 896594.0)	(45.0, 838456.0)	(46.0, 789471.0)	(47.0, 744705.0)	(48.0, 709030.5)	(49.0, 678230.0)	(50.0, 637379.0)	(51.0, 588281.0)	(52.0, 536939.0)	(53.0, 488774.5)	(54.0, 446725.0)	(55.0, 409791.5)	(56.0, 376252.5)	(57.0, 341588.5)	(58.0, 304320.5)	(59.0, 264001.0)	(60.0, 222133.5)	(61.0, 183012.5)	(62.0, 148964.5)	(63.0, 121131.0)	(64.0, 99021.5)	(65.0, 81013.5)	(66.0, 68032.5)	(67.0, 58886.5)	(68.0, 49442.0)	(69.0, 39322.0)	(70.0, 29908.5)	(71.0, 22008.5)	(72.0, 16419.0)	(73.0, 12429.5)	(74.0, 9645.0)	(75.0, 7697.0)	(76.0, 6230.5)	(77.0, 5252.0)	(78.0, 4445.0)	(79.0, 3608.5)	(80.0, 2922.0)	(81.0, 2398.0)	(82.0, 1927.0)	(83.0, 1513.5)	(84.0, 1121.5)	(85.0, 818.5)	(86.0, 614.0)	(87.0, 433.5)	(88.0, 284.0)	(89.0, 214.0)	(90.0, 148.0)	(91.0, 105.5)	(92.0, 95.5)	(93.0, 108.0)	(94.0, 163.5)	(95.0, 284.0)	(96.0, 658.0)	(97.0, 1963.5)	(98.0, 6564.5)	(99.0, 5220.5)	(100.0, 149.0)
SRR26261236_2	(0.0, 232.0)	(1.0, 329.0)	(2.0, 595.5)	(3.0, 1001.5)	(4.0, 1419.5)	(5.0, 1679.0)	(6.0, 1849.5)	(7.0, 2061.0)	(8.0, 2319.0)	(9.0, 2511.0)	(10.0, 2760.0)	(11.0, 3252.5)	(12.0, 3918.0)	(13.0, 4954.0)	(14.0, 6475.0)	(15.0, 9002.5)	(16.0, 13239.0)	(17.0, 20377.0)	(18.0, 31487.0)	(19.0, 48068.0)	(20.0, 71509.5)	(21.0, 101608.0)	(22.0, 138401.5)	(23.0, 182478.0)	(24.0, 234191.0)	(25.0, 294333.0)	(26.0, 361270.0)	(27.0, 432705.0)	(28.0, 508813.0)	(29.0, 586034.0)	(30.0, 661164.5)	(31.0, 737129.0)	(32.0, 811872.0)	(33.0, 880367.0)	(34.0, 945626.5)	(35.0, 1010297.5)	(36.0, 1068200.0)	(37.0, 1112151.0)	(38.0, 1137118.5)	(39.0, 1141301.0)	(40.0, 1124262.0)	(41.0, 1082131.5)	(42.0, 1025079.0)	(43.0, 961654.0)	(44.0, 895798.0)	(45.0, 838494.5)	(46.0, 788986.0)	(47.0, 745751.0)	(48.0, 710374.5)	(49.0, 676526.0)	(50.0, 635861.0)	(51.0, 588364.5)	(52.0, 537209.0)	(53.0, 488046.5)	(54.0, 446263.5)	(55.0, 409087.5)	(56.0, 374334.0)	(57.0, 340035.5)	(58.0, 304106.5)	(59.0, 265018.0)	(60.0, 223480.0)	(61.0, 184444.0)	(62.0, 150322.5)	(63.0, 121944.0)	(64.0, 98705.0)	(65.0, 79795.5)	(66.0, 64716.0)	(67.0, 52250.5)	(68.0, 41841.0)	(69.0, 33032.5)	(70.0, 25845.0)	(71.0, 20259.5)	(72.0, 16201.0)	(73.0, 13078.0)	(74.0, 10734.0)	(75.0, 9069.0)	(76.0, 7758.5)	(77.0, 6746.5)	(78.0, 6028.0)	(79.0, 5324.0)	(80.0, 4647.5)	(81.0, 4180.5)	(82.0, 3779.0)	(83.0, 3499.5)	(84.0, 3264.5)	(85.0, 3023.0)	(86.0, 2837.0)	(87.0, 2749.0)	(88.0, 2729.5)	(89.0, 2686.0)	(90.0, 2657.5)	(91.0, 2615.5)	(92.0, 2547.0)	(93.0, 2490.0)	(94.0, 2406.0)	(95.0, 2257.0)	(96.0, 2031.0)	(97.0, 1811.5)	(98.0, 1647.5)	(99.0, 1771.0)	(100.0, 5875.0)
