Sample	0	1	2	3	4	5	6	7	8	9	10	11	12	13	14	15	16	17	18	19	20	21	22	23	24	25	26	27	28	29	30	31	32	33	34	35	36	37	38	39	40	41	42	43	44	45	46	47	48	49	50	51	52	53	54	55	56	57	58	59	60	61	62	63	64	65	66	67	68	69	70	71	72	73	74	75	76	77	78	79	80	81	82	83	84	85	86	87	88	89	90	91	92	93	94	95	96	97	98	99	100
SRR26260919_1	(0.0, 0.8734944413058687)	(1.0, 0.43677491125301127)	(2.0, 6.368838017687536e-05)	(3.0, 7.47646202076363e-05)	(4.0, 9.414804026146794e-05)	(5.0, 0.0001329148803691312)	(6.0, 0.00015506736043065307)	(7.0, 0.00022983198063828938)	(8.0, 0.000379361221053562)	(9.0, 0.00047350926131502994)	(10.0, 0.0006728815818687268)	(11.0, 0.0011187002431068543)	(12.0, 0.0016863575446833523)	(13.0, 0.0025198446069981126)	(14.0, 0.0035831636499511622)	(15.0, 0.005311057094749868)	(16.0, 0.007900128201940236)	(17.0, 0.011366991331568408)	(18.0, 0.016558978845987594)	(19.0, 0.024614174408358485)	(20.0, 0.03504245439731991)	(21.0, 0.04715709193096467)	(22.0, 0.06173619287145375)	(23.0, 0.08440094903439832)	(24.0, 0.11304687481395378)	(25.0, 0.14532580732359882)	(26.0, 0.19476460470090026)	(27.0, 0.26743304648271504)	(28.0, 0.3869927504347563)	(29.0, 0.5956303457741846)	(30.0, 0.8116281026140535)	(31.0, 1.0051189397114162)	(32.0, 1.2737288366973998)	(33.0, 1.5527642446123369)	(34.0, 1.882315614247567)	(35.0, 2.2710501034271604)	(36.0, 2.807896074298089)	(37.0, 3.334574056820779)	(38.0, 3.46034476237007)	(39.0, 3.411177332873522)	(40.0, 3.1694771610422725)	(41.0, 3.056995174469887)	(42.0, 3.323107379328934)	(43.0, 3.4648417158225584)	(44.0, 3.63241415124794)	(45.0, 3.899058015628464)	(46.0, 4.022286724090695)	(47.0, 4.102611616793773)	(48.0, 4.119212131539876)	(49.0, 3.8618446181851147)	(50.0, 3.592315393276578)	(51.0, 3.5515465227833545)	(52.0, 3.4829015251927142)	(53.0, 3.3989270113995005)	(54.0, 3.17952607981018)	(55.0, 2.7976228616695584)	(56.0, 2.387882283271627)	(57.0, 2.0799821938365266)	(58.0, 1.9172583824846101)	(59.0, 1.720284067897573)	(60.0, 1.5086780402299005)	(61.0, 1.3216335748304406)	(62.0, 1.1890648269622708)	(63.0, 1.0499001781557828)	(64.0, 0.8782378410990421)	(65.0, 0.7233393933288581)	(66.0, 0.6101208367944276)	(67.0, 0.5238341578947923)	(68.0, 0.45006086116990907)	(69.0, 0.3689495554246467)	(70.0, 0.28487258641114815)	(71.0, 0.22220875843711818)	(72.0, 0.1807227014019031)	(73.0, 0.15386281932730783)	(74.0, 0.1282960882763039)	(75.0, 0.1036542232678685)	(76.0, 0.080604567763855)	(77.0, 0.05833578718201015)	(78.0, 0.045188290265496915)	(79.0, 0.038273947426294405)	(80.0, 0.03214601762927592)	(81.0, 0.02655251641374165)	(82.0, 0.02134391453927632)	(83.0, 0.016517442945872245)	(84.0, 0.01259091585496749)	(85.0, 0.010946094210399493)	(86.0, 0.01222263087394469)	(87.0, 0.012183864033837026)	(88.0, 0.008872068264639509)	(89.0, 0.006321763997556802)	(90.0, 0.005053534514034676)	(91.0, 0.004765552273234892)	(92.0, 0.005997783976657046)	(93.0, 0.0059507099565263115)	(94.0, 0.0036025470700049938)	(95.0, 0.0019743397854831367)	(96.0, 0.001373453763814356)	(97.0, 0.0010467046829069082)	(98.0, 0.0006978031219379388)	(99.0, 0.0003987446411073936)	(100.0, 0.0001744507804844847)
SRR26260919_2	(0.0, 0.8426390553476177)	(1.0, 0.4213721604118429)	(2.0, 0.00013850720535258325)	(3.0, 0.00024377268142054652)	(4.0, 0.0004376827689141631)	(5.0, 0.0007091568914052263)	(6.0, 0.0009972518785385993)	(7.0, 0.0013075080185283858)	(8.0, 0.0016787073288733092)	(9.0, 0.002069297647967594)	(10.0, 0.0026953502161612703)	(11.0, 0.003382345954710083)	(12.0, 0.003989007514154397)	(13.0, 0.00494193708698017)	(14.0, 0.006277146546579074)	(15.0, 0.008346444194546667)	(16.0, 0.011122128589812435)	(17.0, 0.013210817246529389)	(18.0, 0.016000352362330418)	(19.0, 0.020670815326819525)	(20.0, 0.026197252820387595)	(21.0, 0.03313923395265907)	(22.0, 0.04553562883171527)	(23.0, 0.06257755537829712)	(24.0, 0.08296304586209031)	(25.0, 0.1092240119969401)	(26.0, 0.15051855020075927)	(27.0, 0.21161130833767672)	(28.0, 0.30046645071546585)	(29.0, 0.4228320263562591)	(30.0, 0.6369364643902823)	(31.0, 0.9167764220846414)	(32.0, 1.1542054735000398)	(33.0, 1.4402533241383015)	(34.0, 1.7911724094754995)	(35.0, 2.272687168595541)	(36.0, 2.80106999586279)	(37.0, 3.1384707779575756)	(38.0, 3.3475612551578355)	(39.0, 3.466677451761057)	(40.0, 3.578186832646314)	(41.0, 3.3252671353842835)	(42.0, 3.13173932777744)	(43.0, 3.3317963650446045)	(44.0, 3.441283540731714)	(45.0, 3.4867332950961107)	(46.0, 3.6022566147924864)	(47.0, 3.8430347704333103)	(48.0, 4.023819915147716)	(49.0, 3.9814782624714313)	(50.0, 3.777864360170813)	(51.0, 3.62636240881205)	(52.0, 3.5591088501810497)	(53.0, 3.5069858186627654)	(54.0, 3.2216305040512663)	(55.0, 2.8503259282302755)	(56.0, 2.590029337211166)	(57.0, 2.3217824326048175)	(58.0, 2.102242971832759)	(59.0, 1.877354362789984)	(60.0, 1.6042818671491519)	(61.0, 1.373091180262834)	(62.0, 1.2101651546065904)	(63.0, 1.0720513097172084)	(64.0, 0.916266715568944)	(65.0, 0.7646207167166147)	(66.0, 0.6543911424088149)	(67.0, 0.5610622172981371)	(68.0, 0.47416279665992644)	(69.0, 0.39556549791054957)	(70.0, 0.32282151365937284)	(71.0, 0.26099189718997967)	(72.0, 0.21290773577977684)	(73.0, 0.17516175217709087)	(74.0, 0.1417288829490843)	(75.0, 0.1129553961091387)	(76.0, 0.09442313203296306)	(77.0, 0.08212923248586776)	(78.0, 0.07314565514669921)	(79.0, 0.06741422698920932)	(80.0, 0.060533189027292975)	(81.0, 0.0514886685177693)	(82.0, 0.04589851770973904)	(83.0, 0.04086793601133321)	(84.0, 0.03350489297478989)	(85.0, 0.027557393576949963)	(86.0, 0.02450746491508608)	(87.0, 0.021734550663927363)	(88.0, 0.019321755146685365)	(89.0, 0.017673519402989623)	(90.0, 0.016892338764801052)	(91.0, 0.015969880777152848)	(92.0, 0.01417759753989042)	(93.0, 0.012521051363873525)	(94.0, 0.011108277869277176)	(95.0, 0.010088864837882164)	(96.0, 0.00938247809058399)	(97.0, 0.008183005692230618)	(98.0, 0.006745300900670804)	(99.0, 0.006678817442101565)	(100.0, 0.023438189289764138)
SRR26260920_1	(0.0, 7.421718377094934)	(1.0, 3.7108925158013535)	(2.0, 7.77635924024637e-05)	(3.0, 7.498632124523285e-05)	(4.0, 9.442721934584877e-05)	(5.0, 0.00014719537133323486)	(6.0, 0.0001610817271193891)	(7.0, 0.00021662715026400602)	(8.0, 0.00031660891192431646)	(9.0, 0.00042214521589908866)	(10.0, 0.0005665633160750926)	(11.0, 0.000741531398980636)	(12.0, 0.0011775629706658789)	(13.0, 0.0017635671848415873)	(14.0, 0.002369012297117912)	(15.0, 0.0038854023489659543)	(16.0, 0.006454378169404487)	(17.0, 0.010020394335288892)	(18.0, 0.015111132366493037)	(19.0, 0.023717895682751428)	(20.0, 0.03401879440492064)	(21.0, 0.04614713754854774)	(22.0, 0.06154432884423555)	(23.0, 0.08332646653039708)	(24.0, 0.10944670176415319)	(25.0, 0.13875802155756753)	(26.0, 0.18004215730980408)	(27.0, 0.23197157340770644)	(28.0, 0.3019060384179364)	(29.0, 0.4274442492670851)	(30.0, 0.5420483435702159)	(31.0, 0.6293213124150381)	(32.0, 0.7335745171151695)	(33.0, 0.8313261300362238)	(34.0, 0.9430946304878219)	(35.0, 1.065786138400809)	(36.0, 1.3009932327066893)	(37.0, 1.5712605981014518)	(38.0, 1.720469491023679)	(39.0, 1.8453078295412058)	(40.0, 1.9425289836712287)	(41.0, 2.165799366543331)	(42.0, 2.6031501420282583)	(43.0, 2.941199587286397)	(44.0, 3.2727752134770305)	(45.0, 3.669488957389356)	(46.0, 3.943388993457777)	(47.0, 4.141672267728273)	(48.0, 4.230611599267434)	(49.0, 4.044476109038666)	(50.0, 3.819481040777922)	(51.0, 3.792036047202167)	(52.0, 3.7232958087895467)	(53.0, 3.6131381256091424)	(54.0, 3.3693659270543623)	(55.0, 3.032541258376562)	(56.0, 2.685601768144128)	(57.0, 2.3794159548728984)	(58.0, 2.2065058298948634)	(59.0, 2.0170070642946882)	(60.0, 1.802446203771662)	(61.0, 1.6002830816945142)	(62.0, 1.440267826699502)	(63.0, 1.2727456077664945)	(64.0, 1.0889485798521141)	(65.0, 0.9226511374994455)	(66.0, 0.7804798496896413)	(67.0, 0.6638344610859458)	(68.0, 0.5688573420509653)	(69.0, 0.4687478259174222)	(70.0, 0.36370309893747993)	(71.0, 0.28017944615491946)	(72.0, 0.22471734114501946)	(73.0, 0.18701033064329628)	(74.0, 0.1522527821105522)	(75.0, 0.12388573451059637)	(76.0, 0.09611857748060236)	(77.0, 0.06898741554561423)	(78.0, 0.05345136069206487)	(79.0, 0.044064184180624605)	(80.0, 0.03657110659841578)	(81.0, 0.030466664594822383)	(82.0, 0.023881754681028045)	(83.0, 0.018388312332025432)	(84.0, 0.013975228463185618)	(85.0, 0.011561779827552012)	(86.0, 0.012128343143627105)	(87.0, 0.01145624352357724)	(88.0, 0.008548440621956544)	(89.0, 0.0068320870467878814)	(90.0, 0.005646192262650311)	(91.0, 0.0050768516754179874)	(92.0, 0.005685074058851543)	(93.0, 0.005329583350725994)	(94.0, 0.003418820794551172)	(95.0, 0.002110726079495443)	(96.0, 0.0014136310190305007)	(97.0, 0.0010692493955338758)	(98.0, 0.0008220722625403305)	(99.0, 0.0005693405872323235)	(100.0, 0.00021940442142123686)
SRR26260920_2	(0.0, 7.26874583959002)	(1.0, 3.6344285193437083)	(2.0, 0.00015011878148585067)	(3.0, 0.00028077772092723925)	(4.0, 0.00044757636702262885)	(5.0, 0.0005420955998100164)	(6.0, 0.0007116742233403291)	(7.0, 0.0009868919893977221)	(8.0, 0.0013399491236329635)	(9.0, 0.0017930854455254386)	(10.0, 0.0021795023089797583)	(11.0, 0.0025825990370436165)	(12.0, 0.0032192138696410196)	(13.0, 0.003897528363762271)	(14.0, 0.004525803264054906)	(15.0, 0.006374488258278808)	(16.0, 0.008776388762052417)	(17.0, 0.0106945731921494)	(18.0, 0.013710848709041028)	(19.0, 0.018067073349565622)	(20.0, 0.02374656724911364)	(21.0, 0.03185854140421942)	(22.0, 0.04368178543494763)	(23.0, 0.05805148879606544)	(24.0, 0.07414199818940069)	(25.0, 0.09175593521707384)	(26.0, 0.11827969992367572)	(27.0, 0.15693528615628227)	(28.0, 0.2057405700037933)	(29.0, 0.2617682352272347)	(30.0, 0.33303573674892484)	(31.0, 0.43563080398476406)	(32.0, 0.5427405545749185)	(33.0, 0.6439762128450803)	(34.0, 0.7652416085338635)	(35.0, 0.9593590928822431)	(36.0, 1.2257448706288852)	(37.0, 1.4637804384941806)	(38.0, 1.6948799626593432)	(39.0, 1.9130776115490273)	(40.0, 2.230842932247919)	(41.0, 2.3915979073997855)	(42.0, 2.5767027049041444)	(43.0, 2.9228960748525603)	(44.0, 3.150042471105262)	(45.0, 3.386651910546442)	(46.0, 3.6613331409588943)	(47.0, 3.9808164877125694)	(48.0, 4.198544320415752)	(49.0, 4.199322714097529)	(50.0, 4.0274339293187955)	(51.0, 3.891081596090685)	(52.0, 3.8087303245359556)	(53.0, 3.7273909647675385)	(54.0, 3.4279512553196603)	(55.0, 3.0810712309448185)	(56.0, 2.8533966389794814)	(57.0, 2.5814314465209485)	(58.0, 2.368499074893009)	(59.0, 2.144188255623929)	(60.0, 1.869840622503667)	(61.0, 1.6341680354580561)	(62.0, 1.4570473331467968)	(63.0, 1.3006930622744135)	(64.0, 1.1249790285452252)	(65.0, 0.9589059565603506)	(66.0, 0.8241270905604059)	(67.0, 0.7018331032207011)	(68.0, 0.5931165256731611)	(69.0, 0.4938880111110138)	(70.0, 0.3988294627012513)	(71.0, 0.3189162313569501)	(72.0, 0.2610982606654182)	(73.0, 0.21232355656969132)	(74.0, 0.16622319076636055)	(75.0, 0.13161525167900212)	(76.0, 0.10840244009739372)	(77.0, 0.09276784700338588)	(78.0, 0.0828794672673642)	(79.0, 0.07653555876086954)	(80.0, 0.06975241381965702)	(81.0, 0.0586352840573993)	(82.0, 0.05134618322303078)	(83.0, 0.04608368593872123)	(84.0, 0.03726559751514497)	(85.0, 0.030462992731887996)	(86.0, 0.02666832353321788)	(87.0, 0.023935605714688415)	(88.0, 0.021928462006673893)	(89.0, 0.020519013447167847)	(90.0, 0.01925134373684289)	(91.0, 0.017897494726035308)	(92.0, 0.01582085158214771)	(93.0, 0.013644129250602873)	(94.0, 0.012273600375185755)	(95.0, 0.01119774910787049)	(96.0, 0.010263676689736309)	(97.0, 0.009104426099373352)	(98.0, 0.008145333884324861)	(99.0, 0.009955099194459837)	(100.0, 0.040851768406195844)
SRR26260921_1	(0.0, 2.8654216291278125)	(1.0, 1.4327288115217003)	(2.0, 3.2994422622799844e-05)	(3.0, 3.8993408554217994e-05)	(4.0, 7.498732414272692e-05)	(5.0, 0.00010798174676552676)	(6.0, 0.00012297921159407213)	(7.0, 0.00022196247946247168)	(8.0, 0.0002819523387766532)	(9.0, 0.00030294878953661674)	(10.0, 0.00041992901519927075)	(11.0, 0.000503914818239125)	(12.0, 0.0007258772977015965)	(13.0, 0.0012837829893234847)	(14.0, 0.0019406719488137725)	(15.0, 0.0032754463185543114)	(16.0, 0.005693037648915827)	(17.0, 0.00902847382678432)	(18.0, 0.014091617952901241)	(19.0, 0.02225023881962993)	(20.0, 0.03201658791597868)	(21.0, 0.04411354304668339)	(22.0, 0.059737901905061966)	(23.0, 0.0801374535648494)	(24.0, 0.10528220309638858)	(25.0, 0.135559085092256)	(26.0, 0.17619321629871687)	(27.0, 0.22881632088911688)	(28.0, 0.30492845489398474)	(29.0, 0.4504128622097721)	(30.0, 0.5754827204009434)	(31.0, 0.6648256178775539)	(32.0, 0.7854772229302359)	(33.0, 0.911818866138868)	(34.0, 1.0618954971851557)	(35.0, 1.2184900264459295)	(36.0, 1.460342143764018)	(37.0, 1.7637408572454913)	(38.0, 1.9419197378875077)	(39.0, 2.026118504927927)	(40.0, 2.061650498599717)	(41.0, 2.237252814784189)	(42.0, 2.6698966806651003)	(43.0, 3.0268903344578635)	(44.0, 3.3960559307054736)	(45.0, 3.903420165855164)	(46.0, 4.299587197780087)	(47.0, 4.575426569892625)	(48.0, 4.699518593376975)	(49.0, 4.46586409033417)	(50.0, 4.179007580558582)	(51.0, 4.130163837104975)	(52.0, 4.073713379490331)	(53.0, 4.008663375542998)	(54.0, 3.748373374964696)	(55.0, 3.3161074451974635)	(56.0, 2.8871769516081)	(57.0, 2.554122251174661)	(58.0, 2.365121199912367)	(59.0, 2.1189048203291714)	(60.0, 1.859775623528599)	(61.0, 1.6417094854285834)	(62.0, 1.4668690404574012)	(63.0, 1.285018780425357)	(64.0, 1.077771813452654)	(65.0, 0.8998628871775515)	(66.0, 0.7718775218237109)	(67.0, 0.6643067055944863)	(68.0, 0.5703685848944094)	(69.0, 0.4760225331509962)	(70.0, 0.3729119629617809)	(71.0, 0.29165269902775637)	(72.0, 0.24590143282179577)	(73.0, 0.21622144992610448)	(74.0, 0.18165529298927308)	(75.0, 0.14905980293091256)	(76.0, 0.119103866682376)	(77.0, 0.08997279099940947)	(78.0, 0.07110298075213366)	(79.0, 0.05995386539859302)	(80.0, 0.0521161902791952)	(81.0, 0.0453073412470356)	(82.0, 0.037985578917739744)	(83.0, 0.0313956928720769)	(84.0, 0.026002604519731985)	(85.0, 0.0233960451325308)	(86.0, 0.026806468634542016)	(87.0, 0.02725039359346696)	(88.0, 0.02069650146339263)	(89.0, 0.01575633654886978)	(90.0, 0.013002802006348846)	(91.0, 0.012135948539258925)	(92.0, 0.015105446575310908)	(93.0, 0.014721511475700147)	(94.0, 0.00912445760168701)	(95.0, 0.005300104070407939)	(96.0, 0.003419421980908347)	(97.0, 0.002678547218378205)	(98.0, 0.0020396552166821722)	(99.0, 0.0012867824822891938)	(100.0, 0.0005789021423818518)
SRR26260921_2	(0.0, 2.744602717994094)	(1.0, 1.3723553927551777)	(2.0, 0.0001350843953268244)	(3.0, 0.00020412753071609018)	(4.0, 0.00034521567694632897)	(5.0, 0.0005133207022419326)	(6.0, 0.0007264538593131445)	(7.0, 0.0010176357781287438)	(8.0, 0.0013868664586887305)	(9.0, 0.0017681046410555458)	(10.0, 0.0020953090652916315)	(11.0, 0.002647654148405758)	(12.0, 0.003151969224292569)	(13.0, 0.003569229912079871)	(14.0, 0.004376734408589111)	(15.0, 0.006108816544224169)	(16.0, 0.008543337535558715)	(17.0, 0.010551592212750838)	(18.0, 0.012760972545207343)	(19.0, 0.017026637562083287)	(20.0, 0.02285327781384698)	(21.0, 0.029994739513458428)	(22.0, 0.04193019630944629)	(23.0, 0.056738447912717954)	(24.0, 0.07501686753816314)	(25.0, 0.09684050207207455)	(26.0, 0.12310691227451263)	(27.0, 0.15827088131581088)	(28.0, 0.20631289604493303)	(29.0, 0.2699796725001912)	(30.0, 0.3547646427582096)	(31.0, 0.4704749339197157)	(32.0, 0.6001619571843705)	(33.0, 0.7296028266619853)	(34.0, 0.8725731488004447)	(35.0, 1.0850789139022496)	(36.0, 1.381057829689677)	(37.0, 1.6559575760552163)	(38.0, 1.8776760969183106)	(39.0, 2.0639664837003564)	(40.0, 2.3901682815355723)	(41.0, 2.494141239680903)	(42.0, 2.608404626874686)	(43.0, 3.0157080937886755)	(44.0, 3.306382695652936)	(45.0, 3.5804419168919974)	(46.0, 3.9413964268316275)	(47.0, 4.333117158275805)	(48.0, 4.5910863270937154)	(49.0, 4.59591334282006)	(50.0, 4.400830462839964)	(51.0, 4.256098039811353)	(52.0, 4.195268035657958)	(53.0, 4.135845911091414)	(54.0, 3.819658369763093)	(55.0, 3.413432576136267)	(56.0, 3.1327782345298045)	(57.0, 2.819085251701853)	(58.0, 2.550816648209135)	(59.0, 2.277165682031506)	(60.0, 1.944251690686273)	(61.0, 1.6648821517731418)	(62.0, 1.467343737673549)	(63.0, 1.297539650872279)	(64.0, 1.1079111785879348)	(65.0, 0.9364830771672911)	(66.0, 0.8090204436123513)	(67.0, 0.6932351055645525)	(68.0, 0.5887278135888178)	(69.0, 0.4966993178658298)	(70.0, 0.4074985888183501)	(71.0, 0.3282971069005072)	(72.0, 0.27111738329638824)	(73.0, 0.22723896981878397)	(74.0, 0.18492753532697087)	(75.0, 0.14905812555452144)	(76.0, 0.1287984681309495)	(77.0, 0.1150949066939061)	(78.0, 0.10387990000632795)	(79.0, 0.09708365398366282)	(80.0, 0.08723149875115978)	(81.0, 0.07401424113729294)	(82.0, 0.06705889571568734)	(83.0, 0.06020261218398807)	(84.0, 0.05018835567709282)	(85.0, 0.04342212840894477)	(86.0, 0.03969680097337613)	(87.0, 0.035419128454693354)	(88.0, 0.03233920424124176)	(89.0, 0.03073019899912669)	(90.0, 0.029184233141497484)	(91.0, 0.027791362931905338)	(92.0, 0.02540487194779811)	(93.0, 0.022904309696526)	(94.0, 0.0211542163081807)	(95.0, 0.01968930108774758)	(96.0, 0.01826040837273495)	(97.0, 0.015375606063644322)	(98.0, 0.011794368649757622)	(99.0, 0.01094783977237619)	(100.0, 0.03411631450865243)
SRR26260922_1	(0.0, 0.4352432002774685)	(1.0, 0.2176607531730673)	(2.0, 5.4211893691922115e-05)	(3.0, 3.312949058950796e-05)	(4.0, 4.216480620482832e-05)	(5.0, 5.722366556369557e-05)	(6.0, 8.734138428143008e-05)	(7.0, 0.00012047087487093804)	(8.0, 0.0001656474529475398)	(9.0, 0.00018070631230640707)	(10.0, 0.00028009478407493095)	(11.0, 0.00044273046515069727)	(12.0, 0.0007228252492256283)	(13.0, 0.001322167851708545)	(14.0, 0.0019636752603962903)	(15.0, 0.00307200730920892)	(16.0, 0.005228435969398711)	(17.0, 0.007987219003943193)	(18.0, 0.012010946224632522)	(19.0, 0.018730209270559094)	(20.0, 0.03245485369023071)	(21.0, 0.052118712241039575)	(22.0, 0.0727282671595853)	(23.0, 0.09848795197886363)	(24.0, 0.1333070465884365)	(25.0, 0.18290791754467345)	(26.0, 0.2596358177499739)	(27.0, 0.3766642373714749)	(28.0, 0.5418840187132229)	(29.0, 0.7622583783427581)	(30.0, 1.0086484234006723)	(31.0, 1.2383652993764487)	(32.0, 1.4855564757522548)	(33.0, 1.7556853067034874)	(34.0, 2.0082735782735113)	(35.0, 2.250335707151687)	(36.0, 2.543742522899857)	(37.0, 2.8095735553900685)	(38.0, 2.8769408686178974)	(39.0, 2.8385287301652986)	(40.0, 2.789852473173696)	(41.0, 2.864619709890472)	(42.0, 3.0226142505118356)	(43.0, 3.0280956753184634)	(44.0, 3.065224798953686)	(45.0, 3.1682635382308)	(46.0, 3.216891606872454)	(47.0, 3.272232915016291)	(48.0, 3.2909811949180807)	(49.0, 3.2451721447484068)	(50.0, 3.2309927227760973)	(51.0, 3.271064347530043)	(52.0, 3.236922901591619)	(53.0, 3.155099083379278)	(54.0, 3.052015167524088)	(55.0, 2.871224525605271)	(56.0, 2.613781277777948)	(57.0, 2.4098752867432705)	(58.0, 2.357184337846594)	(59.0, 2.3112186755395876)	(60.0, 2.190314105519114)	(61.0, 2.0548867715329493)	(62.0, 1.91576700523199)	(63.0, 1.7292841144755215)	(64.0, 1.535247699864645)	(65.0, 1.3475841945344413)	(66.0, 1.155966232736599)	(67.0, 0.983099562612418)	(68.0, 0.8159974238508119)	(69.0, 0.6434921663512438)	(70.0, 0.4843230346998887)	(71.0, 0.35564809325023977)	(72.0, 0.2626686720248498)	(73.0, 0.2016411385871043)	(74.0, 0.157389174475137)	(75.0, 0.12363022356442839)	(76.0, 0.09813256289799435)	(77.0, 0.0800559081236101)	(78.0, 0.06539761442368872)	(79.0, 0.050549579095845606)	(80.0, 0.0417582170021389)	(81.0, 0.03459923526293341)	(82.0, 0.027554700854855306)	(83.0, 0.0218263107547422)	(84.0, 0.017167099669108673)	(85.0, 0.014923329624637452)	(86.0, 0.014754670399818136)	(87.0, 0.014233633866001329)	(88.0, 0.011812169281095476)	(89.0, 0.009107598140242916)	(90.0, 0.0070114049174885935)	(91.0, 0.005984390709213847)	(92.0, 0.0059301788155219255)	(93.0, 0.005210365338168071)	(94.0, 0.0036623145960765166)	(95.0, 0.002457605847367136)	(96.0, 0.0015299801108609131)	(97.0, 0.0010631554707360284)	(98.0, 0.0007951077741481912)	(99.0, 0.0004969423588426195)	(100.0, 0.00021684757476768846)
SRR26260922_2	(0.0, 0.41807548280063744)	(1.0, 0.20908595885670744)	(2.0, 0.00013862518711763367)	(3.0, 0.00020793778067645054)	(4.0, 0.00028327755628386014)	(5.0, 0.0004671066087659396)	(6.0, 0.0008166831675843202)	(7.0, 0.0011270830430868478)	(8.0, 0.001434469327565079)	(9.0, 0.0019889700760356136)	(10.0, 0.002664014465478004)	(11.0, 0.003266732670337281)	(12.0, 0.004017116835387081)	(13.0, 0.004869963095262958)	(14.0, 0.005825271449964912)	(15.0, 0.007256727186505694)	(16.0, 0.008899134294747223)	(17.0, 0.010888104370782838)	(18.0, 0.0134195208311918)	(19.0, 0.016797756369428048)	(20.0, 0.02268932682192748)	(21.0, 0.03163366498203915)	(22.0, 0.044305815239205446)	(23.0, 0.06370128707157698)	(24.0, 0.09134797112847201)	(25.0, 0.1333574300071636)	(26.0, 0.202899056483827)	(27.0, 0.30508992811771735)	(28.0, 0.4436427890507679)	(29.0, 0.6056654968810388)	(30.0, 0.8037759572272587)	(31.0, 1.0396406859258638)	(32.0, 1.2674892624998408)	(33.0, 1.5163576364682847)	(34.0, 1.791778760951804)	(35.0, 2.0933608691172405)	(36.0, 2.3793506573229672)	(37.0, 2.5746373828794216)	(38.0, 2.7089531348323117)	(39.0, 2.794388440371114)	(40.0, 2.868206352511254)	(41.0, 2.8436064089799227)	(42.0, 2.8571977044994994)	(43.0, 2.93433358035739)	(44.0, 2.9294937531723697)	(45.0, 2.9646503060618112)	(46.0, 3.055425694895667)	(47.0, 3.182219523651913)	(48.0, 3.2951538472874202)	(49.0, 3.3428770747481775)	(50.0, 3.3375550729992702)	(51.0, 3.337979989333696)	(52.0, 3.346107644326223)	(53.0, 3.2934029509023035)	(54.0, 3.138504372253469)	(55.0, 2.9538978132871216)	(56.0, 2.7818338201638952)	(57.0, 2.630054308225208)	(58.0, 2.532781617142969)	(59.0, 2.4373652981316973)	(60.0, 2.2957235063987427)	(61.0, 2.1267183081651773)	(62.0, 1.9720517760252139)	(63.0, 1.845697931558515)	(64.0, 1.672488773846056)	(65.0, 1.4488170344317541)	(66.0, 1.2558628283281053)	(67.0, 1.0831720082718252)	(68.0, 0.9021455954423413)	(69.0, 0.7262151650349428)	(70.0, 0.5673507005981345)	(71.0, 0.43513240799815495)	(72.0, 0.3357230808796901)	(73.0, 0.25982880452381)	(74.0, 0.19947863067125057)	(75.0, 0.1555314327639364)	(76.0, 0.13015096915731225)	(77.0, 0.1145978258809186)	(78.0, 0.09973479494908885)	(79.0, 0.08620979843204668)	(80.0, 0.07565921625598503)	(81.0, 0.06503630789534028)	(82.0, 0.05602567073269408)	(83.0, 0.048253619481033704)	(84.0, 0.03978241511173657)	(85.0, 0.03423138044498263)	(86.0, 0.03162161061794196)	(87.0, 0.02890033792300233)	(88.0, 0.025977154629434836)	(89.0, 0.023177528567863495)	(90.0, 0.021257871085386695)	(91.0, 0.019892714351380434)	(92.0, 0.018039355871438158)	(93.0, 0.01638489439909944)	(94.0, 0.015092063849676294)	(95.0, 0.013940872078395075)	(96.0, 0.012364763972688066)	(97.0, 0.009754994145647396)	(98.0, 0.0073652164633803635)	(99.0, 0.007404393146696216)	(100.0, 0.02896362333451255)
SRR26260923_1	(0.0, 3.732222740440515)	(1.0, 1.866179050458205)	(2.0, 8.360499981786054e-05)	(3.0, 2.388714280510301e-05)	(4.0, 1.9905952337585843e-05)	(5.0, 4.379309514268885e-05)	(6.0, 7.564261888282619e-05)	(7.0, 9.95297616879292e-05)	(8.0, 0.0001393416663631009)	(9.0, 0.00027072095179116743)	(10.0, 0.00037423190394661384)	(11.0, 0.00040210023721923396)	(12.0, 0.0006131033319976439)	(13.0, 0.0010231659501519124)	(14.0, 0.0015327583299941097)	(15.0, 0.00246037570892561)	(16.0, 0.004303666895386059)	(17.0, 0.006286299748209609)	(18.0, 0.009511064026898516)	(19.0, 0.015327583299941099)	(20.0, 0.024428584708685346)	(21.0, 0.03788102729842586)	(22.0, 0.05344748202641799)	(23.0, 0.07142653817772551)	(24.0, 0.09274183194081244)	(25.0, 0.11881066712211485)	(26.0, 0.156416992278282)	(27.0, 0.20565237479006687)	(28.0, 0.2651632098985135)	(29.0, 0.34554742662815263)	(30.0, 0.43068518477600726)	(31.0, 0.5071359853237395)	(32.0, 0.5826512061116051)	(33.0, 0.6718457973458597)	(34.0, 0.7741504487896484)	(35.0, 0.8705828442938492)	(36.0, 1.0088177397069804)	(37.0, 1.2047201790420978)	(38.0, 1.3824445027025316)	(39.0, 1.5202932226403136)	(40.0, 1.6759657323011699)	(41.0, 1.9151158436849263)	(42.0, 2.2448858124903084)	(43.0, 2.5047420954956214)	(44.0, 2.7104342821903638)	(45.0, 3.0187496155662954)	(46.0, 3.3562829057833357)	(47.0, 3.6022169657237417)	(48.0, 3.7773017601042116)	(49.0, 3.8516584544660297)	(50.0, 3.861874189205679)	(51.0, 3.92936333001103)	(52.0, 3.9426485626011343)	(53.0, 3.866492370147999)	(54.0, 3.74905123254671)	(55.0, 3.571529949600119)	(56.0, 3.273892169058068)	(57.0, 2.9945798082379986)	(58.0, 2.8885288565642764)	(59.0, 2.820645577902641)	(60.0, 2.6783498682126425)	(61.0, 2.4979382409866346)	(62.0, 2.32706156493033)	(63.0, 2.1205532341897473)	(64.0, 1.8886687954092096)	(65.0, 1.6767699327756083)	(66.0, 1.468079909658826)	(67.0, 1.2534380067931052)	(68.0, 1.0398630629726793)	(69.0, 0.8273152662928727)	(70.0, 0.627375899823693)	(71.0, 0.46000665256927126)	(72.0, 0.3407899040194696)	(73.0, 0.2594701075299639)	(74.0, 0.1986852914719118)	(75.0, 0.15654439037324258)	(76.0, 0.12635104186759238)	(77.0, 0.10286998049017612)	(78.0, 0.08289634791464248)	(79.0, 0.0646983262876215)	(80.0, 0.051691777030242914)	(81.0, 0.0422722803840973)	(82.0, 0.032534288500550304)	(83.0, 0.02483068494590458)	(84.0, 0.01975466709982019)	(85.0, 0.01708328829611617)	(86.0, 0.01647814734505356)	(87.0, 0.015032975205344828)	(88.0, 0.011828116878993508)	(89.0, 0.009642443312326582)	(90.0, 0.008300782124773295)	(91.0, 0.006839685223194496)	(92.0, 0.00618676998652168)	(93.0, 0.005613478559199208)	(94.0, 0.004295704514451025)	(95.0, 0.0028664571366123614)	(96.0, 0.0019069902339407237)	(97.0, 0.0013177740447481829)	(98.0, 0.0009116926170614317)	(99.0, 0.0007046707127505388)	(100.0, 0.0003861754753491653)
SRR26260923_2	(0.0, 3.6553965829295634)	(1.0, 1.8277779672290395)	(2.0, 0.00014740016387711192)	(3.0, 0.00017927046958027127)	(4.0, 0.00029081653954132893)	(5.0, 0.0004382167034184408)	(6.0, 0.0006772439961921358)	(7.0, 0.0009003361361142511)	(8.0, 0.0011792013110168953)	(9.0, 0.0014979043680484888)	(10.0, 0.0018683966718477162)	(11.0, 0.002286694434201682)	(12.0, 0.002645235373362225)	(13.0, 0.003123289958909615)	(14.0, 0.0038363880490178046)	(15.0, 0.004935913595776802)	(16.0, 0.0060872283893034325)	(17.0, 0.00742976501704902)	(18.0, 0.00952922140524464)	(19.0, 0.012289986636780818)	(20.0, 0.016445077742830216)	(21.0, 0.023066133752661568)	(22.0, 0.03194998146741724)	(23.0, 0.0432639399920388)	(24.0, 0.05639052215352754)	(25.0, 0.072106566653398)	(26.0, 0.09690564827866885)	(27.0, 0.13060052898333405)	(28.0, 0.17286453813393624)	(29.0, 0.22019194210312784)	(30.0, 0.2694913212377025)	(31.0, 0.3307062109170457)	(32.0, 0.4051632126160517)	(33.0, 0.48775112605757626)	(34.0, 0.5795814281530169)	(35.0, 0.7061224769474111)	(36.0, 0.8729834462445147)	(37.0, 1.044664799279221)	(38.0, 1.235209389501985)	(39.0, 1.4434698859074926)	(40.0, 1.702232865487869)	(41.0, 1.925488340726713)	(42.0, 2.1844544935059473)	(43.0, 2.4746814323917676)	(44.0, 2.6755998071209097)	(45.0, 2.9371315195092484)	(46.0, 3.26048365738529)	(47.0, 3.574043643834036)	(48.0, 3.814895511609237)	(49.0, 3.9312619653078973)	(50.0, 3.958646525483337)	(51.0, 4.017076747201867)	(52.0, 4.075427293156139)	(53.0, 4.033238975981582)	(54.0, 3.8389814951443992)	(55.0, 3.596691479824344)	(56.0, 3.3811247158363864)	(57.0, 3.17340203083962)	(58.0, 3.034108875975749)	(59.0, 2.893807822694016)	(60.0, 2.7132067678506377)	(61.0, 2.5290043684628025)	(62.0, 2.3595539368273175)	(63.0, 2.200469322121785)	(64.0, 1.991344343674079)	(65.0, 1.737230444938151)	(66.0, 1.515636209384084)	(67.0, 1.3131761086165514)	(68.0, 1.0873271872511128)	(69.0, 0.8654779892514206)	(70.0, 0.6698301663279383)	(71.0, 0.510167902331536)	(72.0, 0.39316404251881226)	(73.0, 0.3031782343659418)	(74.0, 0.22905587087681903)	(75.0, 0.17886412318255598)	(76.0, 0.15136801693715526)	(77.0, 0.1324370553494786)	(78.0, 0.11446220293289674)	(79.0, 0.0996026728987987)	(80.0, 0.08587453871716283)	(81.0, 0.07071224077888477)	(82.0, 0.06001178563904903)	(83.0, 0.049892963578295944)	(84.0, 0.04097326176962422)	(85.0, 0.03533620144837791)	(86.0, 0.03223283043053277)	(87.0, 0.030396304064388216)	(88.0, 0.027508057610039403)	(89.0, 0.02461582736747769)	(90.0, 0.02275938206026866)	(91.0, 0.020954725999827263)	(92.0, 0.018417052908213202)	(93.0, 0.01675581322343602)	(94.0, 0.0156762066177415)	(95.0, 0.013811793734106676)	(96.0, 0.011218347607512086)	(97.0, 0.008533274352020913)	(98.0, 0.007011467254695053)	(99.0, 0.008226522659628003)	(100.0, 0.04030000156164498)
SRR26260924_1	(0.0, 0.26585786533835515)	(1.0, 0.13296264958298076)	(2.0, 5.338511352175806e-05)	(3.0, 5.057537070482343e-05)	(4.0, 5.9004599155627327e-05)	(5.0, 7.024357042336586e-05)	(6.0, 0.00011800919831125465)	(7.0, 0.00015172611211447027)	(8.0, 0.00016858456901607807)	(9.0, 0.00023039891098864006)	(10.0, 0.0003484081092998947)	(11.0, 0.0005226121639498421)	(12.0, 0.0007698695318400898)	(13.0, 0.001444207807904402)	(14.0, 0.0020370635422776104)	(15.0, 0.0031750093831361373)	(16.0, 0.005664441518940223)	(17.0, 0.008269073110238629)	(18.0, 0.012115611026622146)	(19.0, 0.01861735590500889)	(20.0, 0.03056719210543189)	(21.0, 0.0472964008374607)	(22.0, 0.06605143414049938)	(23.0, 0.09015902750979855)	(24.0, 0.11904599341070353)	(25.0, 0.15286124821251187)	(26.0, 0.20245039918859123)	(27.0, 0.2698505098812192)	(28.0, 0.35041707541400297)	(29.0, 0.45946881362487)	(30.0, 0.5716899417332393)	(31.0, 0.6605592972900648)	(32.0, 0.744115429180067)	(33.0, 0.8482192102903121)	(34.0, 0.9616063816677093)	(35.0, 1.0827484432198462)	(36.0, 1.2609423326698406)	(37.0, 1.4816897770823103)	(38.0, 1.643536582823379)	(39.0, 1.7505006821212636)	(40.0, 1.8774139554193843)	(41.0, 2.122389812142281)	(42.0, 2.4591234400378124)	(43.0, 2.6980302522761304)	(44.0, 2.946827359230059)	(45.0, 3.2599394792636205)	(46.0, 3.5342630997093996)	(47.0, 3.7646620106980397)	(48.0, 3.909214849400876)	(49.0, 3.933401115569049)	(50.0, 3.946584428866106)	(51.0, 4.013234338226613)	(52.0, 3.9989664642022187)	(53.0, 3.9376494467082543)	(54.0, 3.820047661105455)	(55.0, 3.5872941856362237)	(56.0, 3.2699983585482464)	(57.0, 3.0257923713571895)	(58.0, 2.9705443983478035)	(59.0, 2.906667705147612)	(60.0, 2.7444612523259755)	(61.0, 2.5703218217608175)	(62.0, 2.405151090267315)	(63.0, 2.184642473994285)	(64.0, 1.9325579679445433)	(65.0, 1.6956235951637133)	(66.0, 1.4626902961541983)	(67.0, 1.247036915468831)	(68.0, 1.0406837835075178)	(69.0, 0.8219059688097193)	(70.0, 0.6162103166675685)	(71.0, 0.4545630026665021)	(72.0, 0.3396782383676788)	(73.0, 0.26013160947744235)	(74.0, 0.19970528045644612)	(75.0, 0.15694661426833484)	(76.0, 0.12542129986232822)	(77.0, 0.10191780119867)	(78.0, 0.0821315922818163)	(79.0, 0.06256173356186658)	(80.0, 0.049931939599745394)	(81.0, 0.04029171199484266)	(82.0, 0.031042038641493845)	(83.0, 0.02391091137211374)	(84.0, 0.018794369702475774)	(85.0, 0.016080158141316914)	(86.0, 0.01576827668863717)	(87.0, 0.014621901619327839)	(88.0, 0.011553662463235217)	(89.0, 0.008791685274188471)	(90.0, 0.006900728358391462)	(91.0, 0.00600161065697238)	(92.0, 0.006333160309370667)	(93.0, 0.00588079171584419)	(94.0, 0.003972976343145573)	(95.0, 0.0024444762507331323)	(96.0, 0.0016408898050898266)	(97.0, 0.0012053796684649582)	(98.0, 0.000969361271842449)	(99.0, 0.0007249136467691357)	(100.0, 0.00028940351014426736)
SRR26260924_2	(0.0, 0.2389831315270113)	(1.0, 0.1195871612654224)	(2.0, 0.000143393252875098)	(3.0, 0.00012371182600988845)	(4.0, 0.00020243753347072655)	(5.0, 0.00032333772707129936)	(6.0, 0.0005004705688581852)	(7.0, 0.0007591407505152246)	(8.0, 0.0010234341969908953)	(9.0, 0.0012680462166013565)	(10.0, 0.0016448049594496531)	(11.0, 0.002055303291209738)	(12.0, 0.0024854830498350316)	(13.0, 0.0030843607530192645)	(14.0, 0.0037788339581202295)	(15.0, 0.004970966099670063)	(16.0, 0.007107806730749955)	(17.0, 0.008845395559707024)	(18.0, 0.011207166783532167)	(19.0, 0.015061914816703919)	(20.0, 0.020271869671165812)	(21.0, 0.02852682242491655)	(22.0, 0.03986894756409587)	(23.0, 0.05529637459401082)	(24.0, 0.07429457478375665)	(25.0, 0.09711097178535312)	(26.0, 0.1303360319662361)	(27.0, 0.17405691593109443)	(28.0, 0.22798964880658715)	(29.0, 0.2880686101288439)	(30.0, 0.35428255336822734)	(31.0, 0.4316418074781381)	(32.0, 0.5179083130607607)	(33.0, 0.615590046225205)	(34.0, 0.7242933784341664)	(35.0, 0.8703126959795653)	(36.0, 1.0636236706496531)	(37.0, 1.2521380004294487)	(38.0, 1.43783507453511)	(39.0, 1.6300298311386998)	(40.0, 1.8992970553464499)	(41.0, 2.1012088135566342)	(42.0, 2.3171365593272575)	(43.0, 2.6118349986772675)	(44.0, 2.823913619679537)	(45.0, 3.0839221383634112)	(46.0, 3.3933141686845048)	(47.0, 3.6794483757157397)	(48.0, 3.9178888621877532)	(49.0, 4.04123517598443)	(50.0, 4.0623533470108)	(51.0, 4.122494164246062)	(52.0, 4.160898251324904)	(53.0, 4.097091065427895)	(54.0, 3.908832594197347)	(55.0, 3.6722562200127102)	(56.0, 3.4605993438718374)	(57.0, 3.267811332829883)	(58.0, 3.1483141438015583)	(59.0, 3.0200952710395366)	(60.0, 2.8334563000767545)	(61.0, 2.6404911561930127)	(62.0, 2.46301529525219)	(63.0, 2.2962854933797723)	(64.0, 2.071031562907449)	(65.0, 1.7984269310298415)	(66.0, 1.5609677042686794)	(67.0, 1.352580756619841)	(68.0, 1.1282434183129548)	(69.0, 0.9056661618943002)	(70.0, 0.7095351199176686)	(71.0, 0.5452205102848529)	(72.0, 0.42177016608903084)	(73.0, 0.32603127091942374)	(74.0, 0.2508875831480538)	(75.0, 0.19781520978981162)	(76.0, 0.1654617556558165)	(77.0, 0.14380937447167672)	(78.0, 0.12508390262563449)	(79.0, 0.10860492507463548)	(80.0, 0.09326747028181863)	(81.0, 0.07812682975765387)	(82.0, 0.06678751625088387)	(83.0, 0.057132370557293935)	(84.0, 0.04734507814046617)	(85.0, 0.04060559525533657)	(86.0, 0.03700389413900323)	(87.0, 0.033185697327152576)	(88.0, 0.03065241652635918)	(89.0, 0.028006670429193158)	(90.0, 0.02515005190132846)	(91.0, 0.02361771223825143)	(92.0, 0.021014140627225144)	(93.0, 0.018421815545836117)	(94.0, 0.01660550100941821)	(95.0, 0.015160321951029966)	(96.0, 0.01313032335150407)	(97.0, 0.010245588499546217)	(98.0, 0.008297127239890473)	(99.0, 0.008907251472711968)	(100.0, 0.03637408847931652)
SRR26260925_1	(0.0, 0.12242629052256965)	(1.0, 0.06124680912479219)	(2.0, 5.81466733308875e-05)	(3.0, 6.42673757867704e-05)	(4.0, 6.42673757867704e-05)	(5.0, 5.5086322102946055e-05)	(6.0, 8.875018561030198e-05)	(7.0, 0.00012547440034559935)	(8.0, 0.00014077615648530657)	(9.0, 0.00019892282981619406)	(10.0, 0.0003029747715662033)	(11.0, 0.00038866460594856383)	(12.0, 0.0005753460308529922)	(13.0, 0.001019096958904502)	(14.0, 0.0014873306967795434)	(15.0, 0.00251560870936787)	(16.0, 0.004526259466125401)	(17.0, 0.006974540448478558)	(18.0, 0.010631660165868589)	(19.0, 0.01681356964631031)	(20.0, 0.028932560508958444)	(21.0, 0.04679889097768061)	(22.0, 0.06599341387932937)	(23.0, 0.08821768449664016)	(24.0, 0.11358187547381889)	(25.0, 0.1457033219622923)	(26.0, 0.19127195174634046)	(27.0, 0.25140173267293403)	(28.0, 0.32695262343712456)	(29.0, 0.425189897854045)	(30.0, 0.526949636534326)	(31.0, 0.6161833576386427)	(32.0, 0.6997799117810913)	(33.0, 0.7998105520175856)	(34.0, 0.9116786308037571)	(35.0, 1.0241251159720097)	(36.0, 1.2093742965017615)	(37.0, 1.42616039643545)	(38.0, 1.5912632848316628)	(39.0, 1.757718848470626)	(40.0, 1.9574587920646807)	(41.0, 2.2711692757385027)	(42.0, 2.6566847802735145)	(43.0, 2.900325462232389)	(44.0, 3.1210594152501216)	(45.0, 3.3891094586030577)	(46.0, 3.5871141830508693)	(47.0, 3.738947388522728)	(48.0, 3.828058695577927)	(49.0, 3.8518468056727158)	(50.0, 3.88069673669852)	(51.0, 3.9452273026908937)	(52.0, 3.9321871461086353)	(53.0, 3.86480433277182)	(54.0, 3.78054062206168)	(55.0, 3.5802528755978247)	(56.0, 3.263913550219201)	(57.0, 3.0213011462729145)	(58.0, 2.958398687133806)	(59.0, 2.914081741001986)	(60.0, 2.785014488314783)	(61.0, 2.6257017844418353)	(62.0, 2.4459520550686946)	(63.0, 2.208147462901504)	(64.0, 1.9608619026301515)	(65.0, 1.7155961741692403)	(66.0, 1.4781098585297558)	(67.0, 1.2629304429907369)	(68.0, 1.0484977531513355)	(69.0, 0.8250400875407349)	(70.0, 0.6160976678042605)	(71.0, 0.450906029222437)	(72.0, 0.33402203477366926)	(73.0, 0.25484156745314024)	(74.0, 0.19796493988184838)	(75.0, 0.15725920819899922)	(76.0, 0.12628539342100384)	(77.0, 0.10226163628166346)	(78.0, 0.08422086579294863)	(79.0, 0.06731854596102801)	(80.0, 0.056252315920791746)	(81.0, 0.0475364356236145)	(82.0, 0.0373913713029886)	(83.0, 0.029361009680870246)	(84.0, 0.02348819567445061)	(85.0, 0.02017077494336208)	(86.0, 0.020785905540178312)	(87.0, 0.019849438064428227)	(88.0, 0.015616972316185206)	(89.0, 0.012250585965449612)	(90.0, 0.010114460808346484)	(91.0, 0.009018855068743446)	(92.0, 0.009031096473655211)	(93.0, 0.00818337918351543)	(94.0, 0.005505571859066664)	(95.0, 0.003280696516353232)	(96.0, 0.001964745488338409)	(97.0, 0.0012945285694192321)	(98.0, 0.0009640106368015559)	(99.0, 0.0006457341090956454)	(100.0, 0.00029379371788237896)
SRR26260925_2	(0.0, 0.11322328130831655)	(1.0, 0.056630014097330504)	(2.0, 0.00010411617797594966)	(3.0, 0.0001561742669639245)	(4.0, 0.0001867966722509685)	(5.0, 0.00032153525551396217)	(6.0, 0.00047158504142047784)	(7.0, 0.0005818257004538363)	(8.0, 0.0008176182211640752)	(9.0, 0.0011973360467234212)	(10.0, 0.0014423152890197732)	(11.0, 0.0017026057339596472)	(12.0, 0.0021619418132653077)	(13.0, 0.002707020627374691)	(14.0, 0.003255161682012779)	(15.0, 0.004259576575427823)	(16.0, 0.005952995587801357)	(17.0, 0.0076739747649332305)	(18.0, 0.01002577549097821)	(19.0, 0.013140074108670586)	(20.0, 0.018250953551078232)	(21.0, 0.02572282044111697)	(22.0, 0.03546074532239697)	(23.0, 0.04873555801433055)	(24.0, 0.0650481133107389)	(25.0, 0.08577948169006769)	(26.0, 0.11492588704227619)	(27.0, 0.15509023381676312)	(28.0, 0.20590505315008395)	(29.0, 0.2580427603918051)	(30.0, 0.3133835712265511)	(31.0, 0.38412438968015145)	(32.0, 0.4646888757498355)	(33.0, 0.5481869882460184)	(34.0, 0.6466288345222788)	(35.0, 0.7919260231282452)	(36.0, 0.9838703217079658)	(37.0, 1.1843980804896448)	(38.0, 1.4119715476208412)	(39.0, 1.6613787897217)	(40.0, 1.9586396645646222)	(41.0, 2.2043017864988754)	(42.0, 2.4813855584981646)	(43.0, 2.7952192790824353)	(44.0, 2.998141709957561)	(45.0, 3.2138734929642574)	(46.0, 3.4454738063907002)	(47.0, 3.6624274233683494)	(48.0, 3.838990087772388)	(49.0, 3.9536556843697244)	(50.0, 3.997993864984835)	(51.0, 4.043951970839631)	(52.0, 4.0893986825261335)	(53.0, 4.038654294724972)	(54.0, 3.8788665839371768)	(55.0, 3.672710427063739)	(56.0, 3.4583137809275577)	(57.0, 3.2693061710148643)	(58.0, 3.164721470238023)	(59.0, 3.0562844708760717)	(60.0, 2.892411731222984)	(61.0, 2.7080005443438764)	(62.0, 2.513306353769379)	(63.0, 2.342874294903807)	(64.0, 2.1178516741330213)	(65.0, 1.8271133716162395)	(66.0, 1.5910207513341874)	(67.0, 1.3815543124492204)	(68.0, 1.148615799911734)	(69.0, 0.9177320507690082)	(70.0, 0.7098242923131516)	(71.0, 0.5426994532185802)	(72.0, 0.4169117990209895)	(73.0, 0.3193365668143524)	(74.0, 0.24458727550867795)	(75.0, 0.19427466362206464)	(76.0, 0.16389417533678827)	(77.0, 0.14297907252573722)	(78.0, 0.12421978704689404)	(79.0, 0.10746933135488097)	(80.0, 0.09455892528586322)	(81.0, 0.0821629756256678)	(82.0, 0.07156149891529316)	(83.0, 0.060966146685975935)	(84.0, 0.05058515129366801)	(85.0, 0.043018354947239434)	(86.0, 0.03846786552158469)	(87.0, 0.03516064575058394)	(88.0, 0.031688064991033146)	(89.0, 0.029020853490531615)	(90.0, 0.026935467690483918)	(91.0, 0.024614289369725977)	(92.0, 0.02229004880843934)	(93.0, 0.020103609070944398)	(94.0, 0.01813765065151617)	(95.0, 0.016735144489369556)	(96.0, 0.014285352066406035)	(97.0, 0.01082502026897006)	(98.0, 0.008197617895341682)	(99.0, 0.008170057730583343)	(100.0, 0.03399699434967627)
SRR26260926_1	(0.0, 0.9891959728310221)	(1.0, 0.4946159052257403)	(2.0, 3.285115208691722e-05)	(3.0, 3.5837620458455145e-05)	(4.0, 6.271583580229651e-05)	(5.0, 9.25805195176758e-05)	(6.0, 9.855345626075165e-05)	(7.0, 0.0001045263930038275)	(8.0, 0.00012841813997613096)	(9.0, 0.000209052786007655)	(10.0, 0.00029267390041071704)	(11.0, 0.0004001867617860825)	(12.0, 0.0006391042315091168)	(13.0, 0.0009586563472636752)	(14.0, 0.0014394777550812818)	(15.0, 0.0025086334320918607)	(16.0, 0.004393094974532294)	(17.0, 0.006423893467178085)	(18.0, 0.0096612251819252)	(19.0, 0.015015962972092706)	(20.0, 0.025256563018096263)	(21.0, 0.040188904875785914)	(22.0, 0.05719982872006595)	(23.0, 0.07707178926427934)	(24.0, 0.0995091261396438)	(25.0, 0.12779098161810798)	(26.0, 0.16608646554633885)	(27.0, 0.22004896255165768)	(28.0, 0.2888990043890931)	(29.0, 0.3783198403696818)	(30.0, 0.4712587360919421)	(31.0, 0.5545453660373919)	(32.0, 0.6340899511133046)	(33.0, 0.7265062148705459)	(34.0, 0.8378268234196221)	(35.0, 0.956550887061741)	(36.0, 1.1422644227458272)	(37.0, 1.370326079938321)	(38.0, 1.5616720949711278)	(39.0, 1.7423175938287139)	(40.0, 1.9456811575885893)	(41.0, 2.2635489051816)	(42.0, 2.6485225970830686)	(43.0, 2.887992563454837)	(44.0, 3.100175168315864)	(45.0, 3.364719523135065)	(46.0, 3.583600776553452)	(47.0, 3.744233950853362)	(48.0, 3.834977792322542)	(49.0, 3.8554261412624626)	(50.0, 3.877167631007259)	(51.0, 3.9422338174179554)	(52.0, 3.9157946129247305)	(53.0, 3.8383136774935505)	(54.0, 3.7410145379488444)	(55.0, 3.5493250790533106)	(56.0, 3.2517832351969873)	(57.0, 3.0038526039286513)	(58.0, 2.938129394476216)	(59.0, 2.8926305488358355)	(60.0, 2.7635046158556507)	(61.0, 2.597014977079154)	(62.0, 2.418430141397929)	(63.0, 2.1942419336833194)	(64.0, 1.9435338868294534)	(65.0, 1.7014418012274743)	(66.0, 1.4743119221669)	(67.0, 1.258739675704178)	(68.0, 1.0409634155832606)	(69.0, 0.8209921012092629)	(70.0, 0.6144240568867274)	(71.0, 0.4460708618463913)	(72.0, 0.32960755476152664)	(73.0, 0.25023021191441996)	(74.0, 0.19181190409876658)	(75.0, 0.15138408175325763)	(76.0, 0.12039349946180854)	(77.0, 0.0974932599888557)	(78.0, 0.07818574196686298)	(79.0, 0.06051182214410152)	(80.0, 0.04944397035918195)	(81.0, 0.0396602999740237)	(82.0, 0.030590395529663004)	(83.0, 0.023691653591410393)	(84.0, 0.018844615424404333)	(85.0, 0.01635091433417016)	(86.0, 0.015544567873854921)	(87.0, 0.014197670638291315)	(88.0, 0.011686050737827917)	(89.0, 0.00937153774988602)	(90.0, 0.007376576877698685)	(91.0, 0.005975923211447395)	(92.0, 0.005847505071471266)	(93.0, 0.005211387308333686)	(94.0, 0.003544937957015522)	(95.0, 0.0022488106837680604)	(96.0, 0.0015081665276266542)	(97.0, 0.001093047423982882)	(98.0, 0.0007197388775406409)	(99.0, 0.0004599161292168411)	(100.0, 0.00018217457066381366)
SRR26260926_2	(0.0, 0.9617819710852827)	(1.0, 0.4809268439396246)	(2.0, 9.861059170389093e-05)	(3.0, 0.00014940998743013774)	(4.0, 0.00023009138064241215)	(5.0, 0.0003526075703351251)	(6.0, 0.0006006281494691537)	(7.0, 0.0007709555351395108)	(8.0, 0.0008934717248322238)	(9.0, 0.0011534451029606633)	(10.0, 0.001404453881843295)	(11.0, 0.0017839552499158448)	(12.0, 0.002333784003658752)	(13.0, 0.0029344121531279053)	(14.0, 0.0035410167020942652)	(15.0, 0.0046078040123454485)	(16.0, 0.006006281494691538)	(17.0, 0.007566121763462176)	(18.0, 0.00951143979980257)	(19.0, 0.012290465566003134)	(20.0, 0.01673391859217543)	(21.0, 0.022770082084352994)	(22.0, 0.031128076781194898)	(23.0, 0.042838831595969094)	(24.0, 0.05761547935280972)	(25.0, 0.07450179613216389)	(26.0, 0.09916938505687962)	(27.0, 0.13353965856530853)	(28.0, 0.17592428379949002)	(29.0, 0.22143157777096134)	(30.0, 0.2709908706015381)	(31.0, 0.333674336727978)	(32.0, 0.40791914768176213)	(33.0, 0.4904860949354048)	(34.0, 0.5889891114483461)	(35.0, 0.7352913711399369)	(36.0, 0.9370904765625783)	(37.0, 1.1508722629771164)	(38.0, 1.3889182313503092)	(39.0, 1.6440865842829957)	(40.0, 1.9414752114636904)	(41.0, 2.1931174886930256)	(42.0, 2.4785682578780523)	(43.0, 2.7875630528823203)	(44.0, 2.978721179000187)	(45.0, 3.1884898131523522)	(46.0, 3.43285582399384)	(47.0, 3.6686247841585966)	(48.0, 3.859977143260123)	(49.0, 3.9684906289308834)	(50.0, 3.9869995381737287)	(51.0, 4.0202103901797)	(52.0, 4.058856777528379)	(53.0, 4.006984618092384)	(54.0, 3.84824248284736)	(55.0, 3.6465300352174284)	(56.0, 3.4385065097184473)	(57.0, 3.248412182711083)	(58.0, 3.136271022545519)	(59.0, 3.0202720965045082)	(60.0, 2.85649185648334)	(61.0, 2.679769723350973)	(62.0, 2.492436492911318)	(63.0, 2.3177553002072466)	(64.0, 2.0904578863297782)	(65.0, 1.811614026788912)	(66.0, 1.5794368827219751)	(67.0, 1.3622963597900073)	(68.0, 1.128278484677931)	(69.0, 0.9053049958366908)	(70.0, 0.7020386843374855)	(71.0, 0.5318696732538044)	(72.0, 0.40488612493693027)	(73.0, 0.31102677083331776)	(74.0, 0.23866153752140484)	(75.0, 0.18713302105649893)	(76.0, 0.1568057818079296)	(77.0, 0.13626788493578285)	(78.0, 0.1176872588989709)	(79.0, 0.10156293305551044)	(80.0, 0.08776641481621152)	(81.0, 0.07421194075654942)	(82.0, 0.06371738323945655)	(83.0, 0.05347981090074351)	(84.0, 0.04379804371527058)	(85.0, 0.03726285086507636)	(86.0, 0.033685975765998855)	(87.0, 0.031217722773652985)	(88.0, 0.028474555404435654)	(89.0, 0.026155712399519915)	(90.0, 0.024249240959911357)	(91.0, 0.02177799976781688)	(92.0, 0.019279864777984976)	(93.0, 0.01749292132832053)	(94.0, 0.015661154882427038)	(95.0, 0.013945928226729057)	(96.0, 0.012078303383852336)	(97.0, 0.009385935410361255)	(98.0, 0.007333042183071161)	(99.0, 0.007876894537316862)	(100.0, 0.02728824010424036)
SRR26260927_1	(0.0, 0.1707419637709317)	(1.0, 0.08539739980724309)	(2.0, 2.935324641915344e-05)	(3.0, 1.7611947851492066e-05)	(4.0, 2.935324641915344e-05)	(5.0, 4.990051891256085e-05)	(6.0, 5.870649283830688e-05)	(7.0, 7.33831160478836e-05)	(8.0, 0.0001320896088861905)	(9.0, 0.00019666675100832805)	(10.0, 0.0002553732438466349)	(11.0, 0.0003493036323879259)	(12.0, 0.0004579106441387937)	(13.0, 0.000836567522945873)	(14.0, 0.0014647269963157566)	(15.0, 0.0022836825714101375)	(16.0, 0.0037748274895031326)	(17.0, 0.00572388305173492)	(18.0, 0.008650401719724518)	(19.0, 0.013032841410104128)	(20.0, 0.022123541826115947)	(21.0, 0.03525618427404519)	(22.0, 0.04879390152255876)	(23.0, 0.06563385899322709)	(24.0, 0.08547958889721674)	(25.0, 0.11062357977986356)	(26.0, 0.1469981227424785)	(27.0, 0.19846904033846408)	(28.0, 0.2649335962053532)	(29.0, 0.355300500631359)	(30.0, 0.45583243429231757)	(31.0, 0.5445907808145537)	(32.0, 0.630117334906041)	(33.0, 0.7475479325305064)	(34.0, 0.8917897854342265)	(35.0, 1.0600220466363206)	(36.0, 1.3197601182254837)	(37.0, 1.6064708879492067)	(38.0, 1.828927401261403)	(39.0, 2.043423314144725)	(40.0, 2.257977933520885)	(41.0, 2.5658964237824464)	(42.0, 2.9427921078043764)	(43.0, 3.143538960064967)	(44.0, 3.3262717249981226)	(45.0, 3.5638627721640344)	(46.0, 3.7347074722974334)	(47.0, 3.8674604645526967)	(48.0, 3.905170580227383)	(49.0, 3.881837684648798)	(50.0, 3.888495000936662)	(51.0, 3.9261170568720907)	(52.0, 3.892848087380622)	(53.0, 3.8182644235541954)	(54.0, 3.7125545772248985)	(55.0, 3.496714285655579)	(56.0, 3.1741426547815763)	(57.0, 2.9157254792812752)	(58.0, 2.849997689899507)	(59.0, 2.7918665206910154)	(60.0, 2.647398647789868)	(61.0, 2.488022261032432)	(62.0, 2.31307984769892)	(63.0, 2.0831382565498395)	(64.0, 1.8323206365474571)	(65.0, 1.5932443151127362)	(66.0, 1.3703856623245974)	(67.0, 1.1629756231268593)	(68.0, 0.9593374760939823)	(69.0, 0.754669030111793)	(70.0, 0.5656077052506676)	(71.0, 0.412824057638974)	(72.0, 0.3043843593926954)	(73.0, 0.23098069607231844)	(74.0, 0.1772613198006257)	(75.0, 0.13797199946858882)	(76.0, 0.1078555686425374)	(77.0, 0.08714978861846656)	(78.0, 0.07024525400567609)	(79.0, 0.05371057029776696)	(80.0, 0.04291444626480233)	(81.0, 0.03514757726229433)	(82.0, 0.02797657916209514)	(83.0, 0.02163040728627417)	(84.0, 0.016969111754912603)	(85.0, 0.014494633081777968)	(86.0, 0.0145005037310618)	(87.0, 0.013276473355383102)	(88.0, 0.009912591315748115)	(89.0, 0.007678809263250539)	(90.0, 0.006126022527677322)	(91.0, 0.005183783317622497)	(92.0, 0.005603534741416392)	(93.0, 0.0051162708508584445)	(94.0, 0.003243533729316455)	(95.0, 0.0020253740029215874)	(96.0, 0.001341443361355312)	(97.0, 0.0009950750536093017)	(98.0, 0.0006927366154920212)	(99.0, 0.0004813932412741164)	(100.0, 0.0002348259713532275)
SRR26260927_2	(0.0, 0.15844305600619887)	(1.0, 0.07925089650282255)	(2.0, 7.929494925240722e-05)	(3.0, 0.00013509509872632343)	(4.0, 0.00024082169772953304)	(5.0, 0.0003847273463727906)	(6.0, 0.0004992644952929343)	(7.0, 0.0007723915427178925)	(8.0, 0.0011365609392845035)	(9.0, 0.0013832563369586594)	(10.0, 0.0016681307842728629)	(11.0, 0.0020969108802303244)	(12.0, 0.0025051330263816058)	(13.0, 0.003074881921010013)	(14.0, 0.0040264213120389)	(15.0, 0.005192350751046517)	(16.0, 0.006481627888891213)	(17.0, 0.00803228467427162)	(18.0, 0.010208490503754351)	(19.0, 0.013248130225096627)	(20.0, 0.01744195198555728)	(21.0, 0.023336209879986212)	(22.0, 0.03083105100932485)	(23.0, 0.04097199396371604)	(24.0, 0.05384420739235681)	(25.0, 0.07037573588649756)	(26.0, 0.09574424594732325)	(27.0, 0.13146221531057423)	(28.0, 0.17588794484172846)	(29.0, 0.22604053181888983)	(30.0, 0.2868891263952093)	(31.0, 0.36204018033668517)	(32.0, 0.4487976653687356)	(33.0, 0.5541982740250186)	(34.0, 0.685689857835316)	(35.0, 0.8829698178753607)	(36.0, 1.1354977995945268)	(37.0, 1.400683604694355)	(38.0, 1.6922981226950133)	(39.0, 1.971134406466145)	(40.0, 2.280234929201945)	(41.0, 2.5271740854238027)	(42.0, 2.7895170197504338)	(43.0, 3.053392989762611)	(44.0, 3.2009726377212298)	(45.0, 3.37376220584217)	(46.0, 3.559623693189868)	(47.0, 3.7482898722611226)	(48.0, 3.8980780313989203)	(49.0, 3.9780484561449594)	(50.0, 3.974908963524558)	(51.0, 3.9798575557279032)	(52.0, 4.009872162444926)	(53.0, 3.9509971310499994)	(54.0, 3.764286894060303)	(55.0, 3.5340995300805096)	(56.0, 3.3051427062391148)	(57.0, 3.110779038221575)	(58.0, 3.015087655573754)	(59.0, 2.900559317203527)	(60.0, 2.7341309661226134)	(61.0, 2.552378131886179)	(62.0, 2.369562157959768)	(63.0, 2.2077769666850786)	(64.0, 1.974549962983943)	(65.0, 1.6978164637929862)	(66.0, 1.4769917775249215)	(67.0, 1.2673711739012246)	(68.0, 1.0443321027540369)	(69.0, 0.83650297761345)	(70.0, 0.6497986143236987)	(71.0, 0.49414556579119556)	(72.0, 0.3782721501336502)	(73.0, 0.29070115765926946)	(74.0, 0.22095684451681885)	(75.0, 0.17318016916725737)	(76.0, 0.14661929801767326)	(77.0, 0.12747984674812)	(78.0, 0.1097207149655531)	(79.0, 0.09464292720770648)	(80.0, 0.08113635418504644)	(81.0, 0.06820540375695945)	(82.0, 0.058640083397141295)	(83.0, 0.05037872442502938)	(84.0, 0.04104247836305151)	(85.0, 0.03468126132302507)	(86.0, 0.03125102055536538)	(87.0, 0.02873120327912222)	(88.0, 0.02677526119756284)	(89.0, 0.02418202267201189)	(90.0, 0.02219964894070171)	(91.0, 0.020566760356096583)	(92.0, 0.018845766272322116)	(93.0, 0.017048414089267553)	(94.0, 0.015286304105880725)	(95.0, 0.013964721618340604)	(96.0, 0.011967663637168868)	(97.0, 0.00910129806419296)	(98.0, 0.0068487341354301345)	(99.0, 0.006948587034488722)	(100.0, 0.025588773808749042)
SRR26260934_1	(0.0, 0.25968783956094776)	(1.0, 0.12998347456635498)	(2.0, 0.0003048735322325395)	(3.0, 0.0004100763708198243)	(4.0, 0.0005539251501126422)	(5.0, 0.0007042149195230491)	(6.0, 0.0007879477910517042)	(7.0, 0.0008502106955217298)	(8.0, 0.0010498813891669846)	(9.0, 0.001406282842340235)	(10.0, 0.0017540963086900335)	(11.0, 0.0021877896432743503)	(12.0, 0.0027760667406807995)	(13.0, 0.0035446915613797374)	(14.0, 0.00486938852889718)	(15.0, 0.0067308346728803614)	(16.0, 0.009408139565091466)	(17.0, 0.014092886377284432)	(18.0, 0.021508612999335073)	(19.0, 0.03255276405429411)	(20.0, 0.04916407756755579)	(21.0, 0.07365916298474623)	(22.0, 0.10983176348512529)	(23.0, 0.15795884164374926)	(24.0, 0.22423233596032696)	(25.0, 0.3142387318635137)	(26.0, 0.42765168585401836)	(27.0, 0.58059084919946)	(28.0, 0.776435594714867)	(29.0, 1.0168262278835185)	(30.0, 1.2976426620268635)	(31.0, 1.6170213040042132)	(32.0, 1.9491359304407418)	(33.0, 2.2193526418472413)	(34.0, 2.462268143141988)	(35.0, 2.7069463287322475)	(36.0, 2.8989887430815715)	(37.0, 3.0144649609064103)	(38.0, 3.081477022089805)	(39.0, 3.1195840666221666)	(40.0, 3.0820803281641522)	(41.0, 3.001035496511238)	(42.0, 2.9398740013513196)	(43.0, 2.874772767236143)	(44.0, 2.800892463590693)	(45.0, 2.7560309674216867)	(46.0, 2.711448580824442)	(47.0, 2.664899545244628)	(48.0, 2.644483753568577)	(49.0, 2.6234517738379433)	(50.0, 2.583854713591713)	(51.0, 2.5235155181701407)	(52.0, 2.414843132906181)	(53.0, 2.272643247083466)	(54.0, 2.1543845215278288)	(55.0, 2.0652068663531047)	(56.0, 1.9862274455312305)	(57.0, 1.9216371966320491)	(58.0, 1.852083091348913)	(59.0, 1.7414139991485011)	(60.0, 1.6136354901990675)	(61.0, 1.5464452282890861)	(62.0, 1.5181499587025182)	(63.0, 1.3974565388824325)	(64.0, 1.1371632462504313)	(65.0, 0.901139604381505)	(66.0, 0.8345032676216365)	(67.0, 0.7324200152479706)	(68.0, 0.5806273481434597)	(69.0, 0.48676065216313136)	(70.0, 0.42532648842156884)	(71.0, 0.4361237348553536)	(72.0, 0.45444191074977636)	(73.0, 0.46920895409270175)	(74.0, 0.5172158004357974)	(75.0, 0.5704527307543752)	(76.0, 0.5924530059993529)	(77.0, 0.8907846392691279)	(78.0, 1.0958614706197456)	(79.0, 0.8230898331332691)	(80.0, 0.5915942073170077)	(81.0, 0.5512242282566666)	(82.0, 0.621841096909205)	(83.0, 0.5282105705665217)	(84.0, 0.38539879068263544)	(85.0, 0.3817853952266681)	(86.0, 0.4411326781701319)	(87.0, 0.5021417365639336)	(88.0, 0.4013531232039031)	(89.0, 0.20792160198588608)	(90.0, 0.07142843340735462)	(91.0, 0.029038130446796456)	(92.0, 0.01685177714431833)	(93.0, 0.011776276931658305)	(94.0, 0.007976092762280874)	(95.0, 0.005575750445126092)	(96.0, 0.003974090902552328)	(97.0, 0.0025334561129182857)	(98.0, 0.0015909245590444493)	(99.0, 0.0023702843632727017)	(100.0, 0.0036069544658497627)
SRR26260934_2	(0.0, 0.26752361733612146)	(1.0, 0.13584717251078968)	(2.0, 0.003801332648434845)	(3.0, 0.003116233713490938)	(4.0, 0.0026909998918016164)	(5.0, 0.0024783829809569553)	(6.0, 0.0023881818672652814)	(7.0, 0.00251704060111053)	(8.0, 0.0025471076390077554)	(9.0, 0.0026824093095452663)	(10.0, 0.0030775760933373633)	(11.0, 0.003586568092026097)	(12.0, 0.0043597204950975915)	(13.0, 0.005465757960602644)	(14.0, 0.00709152565261687)	(15.0, 0.009419573444087701)	(16.0, 0.01265392766360345)	(17.0, 0.018248544358051344)	(18.0, 0.027257917499398338)	(19.0, 0.04040365599717782)	(20.0, 0.05990213007352808)	(21.0, 0.08822313212714973)	(22.0, 0.12955242336244926)	(23.0, 0.18847307941318936)	(24.0, 0.269918242140079)	(25.0, 0.37818749796242124)	(26.0, 0.5179433853998502)	(27.0, 0.693760389503872)	(28.0, 0.910971114210116)	(29.0, 1.1730740741424805)	(30.0, 1.4706883534770316)	(31.0, 1.7984298047846021)	(32.0, 2.115896919713578)	(33.0, 2.374131969985021)	(34.0, 2.5958441597935926)	(35.0, 2.798904047878064)	(36.0, 2.950862857410638)	(37.0, 3.0325313752761924)	(38.0, 3.0404067915597013)	(39.0, 3.015253566713109)	(40.0, 2.971175289155777)	(41.0, 2.8966799074742746)	(42.0, 2.8149920607986436)	(43.0, 2.7381578930978496)	(44.0, 2.672951078481025)	(45.0, 2.6226167093955066)	(46.0, 2.585475327010178)	(47.0, 2.549807229481813)	(48.0, 2.5126293371218944)	(49.0, 2.4756747999006414)	(50.0, 2.421459635280817)	(51.0, 2.3464724427651382)	(52.0, 2.255992135150133)	(53.0, 2.167648734871394)	(54.0, 2.1241825362998275)	(55.0, 2.094368920579165)	(56.0, 2.038764229279376)	(57.0, 1.9647391819764086)	(58.0, 1.8744607530444273)	(59.0, 1.7592245350121851)	(60.0, 1.636819476087019)	(61.0, 1.6177634169968709)	(62.0, 1.5267741173831764)	(63.0, 1.2874147239744982)	(64.0, 1.1494327917730056)	(65.0, 1.0171893685187547)	(66.0, 0.8261971008588908)	(67.0, 0.670709709664521)	(68.0, 0.5481822349422019)	(69.0, 0.48238696544081777)	(70.0, 0.44873121180600284)	(71.0, 0.44402786802065125)	(72.0, 0.4634747986034634)	(73.0, 0.42850898117455505)	(74.0, 0.4239001337940233)	(75.0, 0.5677795007145002)	(76.0, 0.6843902119077583)	(77.0, 0.8211200667453878)	(78.0, 1.0142943422983648)	(79.0, 0.8451350394430142)	(80.0, 0.5661515853769219)	(81.0, 0.5367095123388466)	(82.0, 0.520542036532396)	(83.0, 0.4803488498004988)	(84.0, 0.48277783693348164)	(85.0, 0.5026908066037008)	(86.0, 0.5393597069649305)	(87.0, 0.5326740863239262)	(88.0, 0.3609526423106192)	(89.0, 0.16854937151514976)	(90.0, 0.09175600908007364)	(91.0, 0.05463825079594966)	(92.0, 0.0368901078543307)	(93.0, 0.03078864680675816)	(94.0, 0.027315903929628703)	(95.0, 0.024777386872877297)	(96.0, 0.02171054900736037)	(97.0, 0.017709485321465386)	(98.0, 0.01295245039701161)	(99.0, 0.010184135264902847)	(100.0, 0.02870328296402921)
SRR26260935_1	(0.0, 0.2051809170190604)	(1.0, 0.10278626747208652)	(2.0, 0.0003570634023085762)	(3.0, 0.00037626035942194046)	(4.0, 0.0004933617978134627)	(5.0, 0.0006661344118337415)	(6.0, 0.0008389070258540204)	(7.0, 0.0010097599441629627)	(8.0, 0.0012804370394613994)	(9.0, 0.0015722307875845368)	(10.0, 0.0020195198883259254)	(11.0, 0.0026319028202422467)	(12.0, 0.003480408324652949)	(13.0, 0.004920180108155272)	(14.0, 0.007058721130584056)	(15.0, 0.010281890229917923)	(16.0, 0.015518820130443707)	(17.0, 0.024184326571416354)	(18.0, 0.038476461142316086)	(19.0, 0.06129780375868358)	(20.0, 0.09635912623053215)	(21.0, 0.14727137619088565)	(22.0, 0.22172101526793508)	(23.0, 0.3239486512880227)	(24.0, 0.45875352352948956)	(25.0, 0.6302265035531935)	(26.0, 0.8401106750650281)	(27.0, 1.0856781504591846)	(28.0, 1.3591580014961726)	(29.0, 1.6411824181443189)	(30.0, 1.9251418880694922)	(31.0, 2.2068380367510003)	(32.0, 2.46525211584542)	(33.0, 2.67600590951449)	(34.0, 2.859544177083943)	(35.0, 3.0036826098739278)	(36.0, 3.0983178493556798)	(37.0, 3.172752130867039)	(38.0, 3.219108942904391)	(39.0, 3.2296058390539786)	(40.0, 3.2008564760810043)	(41.0, 3.1517180249579257)	(42.0, 3.1078395400839085)	(43.0, 3.02454202347331)	(44.0, 2.917726314703128)	(45.0, 2.862490910000845)	(46.0, 2.799691904195896)	(47.0, 2.734495198447488)	(48.0, 2.6912655707239033)	(49.0, 2.6274222504519877)	(50.0, 2.5464130111293013)	(51.0, 2.455496222240408)	(52.0, 2.357426647131075)	(53.0, 2.213495541477915)	(54.0, 2.061885652979409)	(55.0, 1.9474602704094897)	(56.0, 1.8389225945862393)	(57.0, 1.7419875596423062)	(58.0, 1.626798138179275)	(59.0, 1.5028664224468178)	(60.0, 1.4369767065466172)	(61.0, 1.3923725766937154)	(62.0, 1.2451069595899638)	(63.0, 1.0729121739787972)	(64.0, 0.9168601096042587)	(65.0, 0.7522558008357165)	(66.0, 0.691426402830599)	(67.0, 0.6269783784096123)	(68.0, 0.5091186602121122)	(69.0, 0.41657588905571685)	(70.0, 0.3718105047630626)	(71.0, 0.38073900951648837)	(72.0, 0.3574914944522042)	(73.0, 0.3443300606552816)	(74.0, 0.3784296155757506)	(75.0, 0.4331620600016636)	(76.0, 0.42582882238435843)	(77.0, 0.5274210391239936)	(78.0, 0.6107511905616856)	(79.0, 0.46641118972201057)	(80.0, 0.3707719493832296)	(81.0, 0.33416911125517784)	(82.0, 0.298935016169309)	(83.0, 0.23224862654890407)	(84.0, 0.18579007063885114)	(85.0, 0.15873003989185278)	(86.0, 0.13877288327679926)	(87.0, 0.14467018850202476)	(88.0, 0.10874116356865214)	(89.0, 0.0581322255306898)	(90.0, 0.025658652877722735)	(91.0, 0.009813484476351836)	(92.0, 0.004916340716732599)	(93.0, 0.003188614576529812)	(94.0, 0.002148139500985466)	(95.0, 0.0015299974819351352)	(96.0, 0.001078868989771074)	(97.0, 0.0008197100687406559)	(98.0, 0.0009137751585961411)	(99.0, 0.0027278876058090683)	(100.0, 0.00339402201764281)
SRR26260935_2	(0.0, 0.21330033868315768)	(1.0, 0.10848926325264414)	(2.0, 0.0033230392067369816)	(3.0, 0.0027413633663896067)	(4.0, 0.002520595308171956)	(5.0, 0.002510996696945102)	(6.0, 0.0024553247518293467)	(7.0, 0.002491799474491393)	(8.0, 0.0026799322545377384)	(9.0, 0.002898780590510018)	(10.0, 0.0032500897614128874)	(11.0, 0.0038701600466676794)	(12.0, 0.004745553390556798)	(13.0, 0.0061987831303025485)	(14.0, 0.008362310100835522)	(15.0, 0.011439624860165032)	(16.0, 0.016094951305189398)	(17.0, 0.024466860017251776)	(18.0, 0.03857681852072769)	(19.0, 0.060818720455594624)	(20.0, 0.09528733337122865)	(21.0, 0.14764583789147384)	(22.0, 0.22496073160154037)	(23.0, 0.3325438859543695)	(24.0, 0.474121481828226)	(25.0, 0.6519357548057031)	(26.0, 0.8677816451862226)	(27.0, 1.1125500709154996)	(28.0, 1.376638581322189)	(29.0, 1.658448047775897)	(30.0, 1.9414247053547908)	(31.0, 2.212961738073519)	(32.0, 2.4635373235950433)	(33.0, 2.665730149366485)	(34.0, 2.824516135447846)	(35.0, 2.9566582964857044)	(36.0, 3.0565145688009157)	(37.0, 3.1253001365747997)	(38.0, 3.15077101132638)	(39.0, 3.1462884598834395)	(40.0, 3.1296060735711664)	(41.0, 3.0770555968263844)	(42.0, 2.996594278356155)	(43.0, 2.920076069377917)	(44.0, 2.847550882670051)	(45.0, 2.780247340469594)	(46.0, 2.717750782771545)	(47.0, 2.6539680111690975)	(48.0, 2.5950882101813275)	(49.0, 2.540522025078906)	(50.0, 2.4703177825656932)	(51.0, 2.374602351133747)	(52.0, 2.2709315907169834)	(53.0, 2.16909800448904)	(54.0, 2.0876365107289723)	(55.0, 2.0241455369078216)	(56.0, 1.9441948645548608)	(57.0, 1.8326206076539058)	(58.0, 1.7132753151036892)	(59.0, 1.5900598625068052)	(60.0, 1.4781534936574008)	(61.0, 1.4142190639975694)	(62.0, 1.3196861814687715)	(63.0, 1.1848986431767916)	(64.0, 1.0385812530791145)	(65.0, 0.8538617391850384)	(66.0, 0.7004874501133778)	(67.0, 0.5897866668340664)	(68.0, 0.4827352755432051)	(69.0, 0.41227187052686715)	(70.0, 0.38047359125454405)	(71.0, 0.38125491820841)	(72.0, 0.38887237607804165)	(73.0, 0.34254371913050635)	(74.0, 0.31375556433892476)	(75.0, 0.3731920847778523)	(76.0, 0.4473336776163208)	(77.0, 0.5894679929413349)	(78.0, 0.6704476364178145)	(79.0, 0.5099665355937909)	(80.0, 0.3251606341986731)	(81.0, 0.2863726462309546)	(82.0, 0.285199695939033)	(83.0, 0.25566860863849283)	(84.0, 0.24241676597869774)	(85.0, 0.21629894483042703)	(86.0, 0.1928821728813931)	(87.0, 0.17537430600361073)	(88.0, 0.1283103954360984)	(89.0, 0.08007737402115522)	(90.0, 0.0515867761776061)	(91.0, 0.03335517401331892)	(92.0, 0.024704905575677765)	(93.0, 0.01977121940507462)	(94.0, 0.01576283935674024)	(95.0, 0.012407164871831952)	(96.0, 0.009517982892548788)	(97.0, 0.007001227028867574)	(98.0, 0.005244681174353225)	(99.0, 0.004712918112385493)	(100.0, 0.013990935724262922)
SRR26260936_1	(0.0, 0.19727311040116027)	(1.0, 0.09879669247665869)	(2.0, 0.00033828999571592754)	(3.0, 0.00040634833804930936)	(4.0, 0.00046239638467680035)	(5.0, 0.0005444667386670549)	(6.0, 0.0007206177423534551)	(7.0, 0.0009327996331575279)	(8.0, 0.0010629111699713462)	(9.0, 0.0012951102202852372)	(10.0, 0.0017695169006679288)	(11.0, 0.00248613121111942)	(12.0, 0.00334486735409062)	(13.0, 0.004541893492777749)	(14.0, 0.006461539089769314)	(15.0, 0.00926193970519288)	(16.0, 0.01361767361452932)	(17.0, 0.02068373092149514)	(18.0, 0.031985419180738495)	(19.0, 0.04976065682545705)	(20.0, 0.0763354377906917)	(21.0, 0.1146502828084347)	(22.0, 0.17058022819481772)	(23.0, 0.24505807358299828)	(24.0, 0.34339437139093115)	(25.0, 0.47158225917585594)	(26.0, 0.6360932846072967)	(27.0, 0.8408968504160506)	(28.0, 1.0799117435430348)	(29.0, 1.3397584945718868)	(30.0, 1.6155549182981617)	(31.0, 1.9068706457923992)	(32.0, 2.1840722741162635)	(33.0, 2.4084386099139627)	(34.0, 2.6003411164186385)	(35.0, 2.7532822236534047)	(36.0, 2.8621915851144237)	(37.0, 2.9383849010725953)	(38.0, 2.9776865920541726)	(39.0, 2.9901232532576225)	(40.0, 2.9700780697244906)	(41.0, 2.9347217608822986)	(42.0, 2.9072442060231714)	(43.0, 2.8364395094050425)	(44.0, 2.7332910864509494)	(45.0, 2.6798072379566658)	(46.0, 2.632022274774828)	(47.0, 2.5881306491176495)	(48.0, 2.55108689372878)	(49.0, 2.4985358448676545)	(50.0, 2.4395232569167593)	(51.0, 2.3738969994638204)	(52.0, 2.2995252450210417)	(53.0, 2.1551895146595466)	(54.0, 2.0058214703972834)	(55.0, 1.9113564912385492)	(56.0, 1.8243759280205365)	(57.0, 1.7515975394747394)	(58.0, 1.6574548365841133)	(59.0, 1.5515260301741063)	(60.0, 1.533074212537956)	(61.0, 1.551035609766116)	(62.0, 1.395226043573593)	(63.0, 1.1892374619218578)	(64.0, 1.0331997001109232)	(65.0, 0.8611582192718885)	(66.0, 0.8189600453092409)	(67.0, 0.756070133561294)	(68.0, 0.6190686904441964)	(69.0, 0.5095287884586183)	(70.0, 0.4288876596573647)	(71.0, 0.43365574705260335)	(72.0, 0.448558522307663)	(73.0, 0.4968579264889033)	(74.0, 0.5716340275537802)	(75.0, 0.6561624887318405)	(76.0, 0.6709791902010079)	(77.0, 0.8741533592256626)	(78.0, 1.052151946734819)	(79.0, 0.8167821783545727)	(80.0, 0.6695039255451343)	(81.0, 0.664035237567052)	(82.0, 0.6589448739037053)	(83.0, 0.5234347091700889)	(84.0, 0.3917358116071421)	(85.0, 0.35681587684226423)	(86.0, 0.3948785056501836)	(87.0, 0.48750190613401434)	(88.0, 0.3947363838176639)	(89.0, 0.23456107513604962)	(90.0, 0.10928968749170538)	(91.0, 0.03727595443918345)	(92.0, 0.018698028698121177)	(93.0, 0.011543895889312154)	(94.0, 0.007414355882436659)	(95.0, 0.00503831904862124)	(96.0, 0.0034769806068554207)	(97.0, 0.002646268487197966)	(98.0, 0.0017935374920797103)	(99.0, 0.0032768090117572387)	(100.0, 0.004437804263326694)
SRR26260936_2	(0.0, 0.20632766189168442)	(1.0, 0.10524376303635972)	(2.0, 0.0036413825530812083)	(3.0, 0.0029046982322819314)	(4.0, 0.0025984137184713626)	(5.0, 0.0025183393357757888)	(6.0, 0.0024602854083214977)	(7.0, 0.002450276110484551)	(8.0, 0.0025964118589039734)	(9.0, 0.002802603394345075)	(10.0, 0.003279045971383738)	(11.0, 0.004083793517474252)	(12.0, 0.004914565237940828)	(13.0, 0.006069638208324476)	(14.0, 0.007961395499507402)	(15.0, 0.010731969140774247)	(16.0, 0.01478773662430505)	(17.0, 0.021247737448270448)	(18.0, 0.031903635925483904)	(19.0, 0.048637180049291386)	(20.0, 0.07436507920937918)	(21.0, 0.1125345355807917)	(22.0, 0.1666748275808364)	(23.0, 0.2427615060181704)	(24.0, 0.34719451592973744)	(25.0, 0.4825222245448242)	(26.0, 0.6533108735366456)	(27.0, 0.8578748971494601)	(28.0, 1.0962963716255305)	(29.0, 1.363234335639062)	(30.0, 1.6459990013923735)	(31.0, 1.9296084518831234)	(32.0, 2.1906569450493953)	(33.0, 2.4096483705643847)	(34.0, 2.5752001549279155)	(35.0, 2.710019391212885)	(36.0, 2.8186142671650547)	(37.0, 2.8860669252882385)	(38.0, 2.9154962627884293)	(39.0, 2.917524146530195)	(40.0, 2.8983123002619595)	(41.0, 2.8497672057527677)	(42.0, 2.787375248615944)	(43.0, 2.720044703926371)	(44.0, 2.6519074098311406)	(45.0, 2.5948103712500616)	(46.0, 2.5406920997052582)	(47.0, 2.4927835965384966)	(48.0, 2.4503301606928707)	(49.0, 2.404893954091835)	(50.0, 2.3457249908585083)	(51.0, 2.263400518009189)	(52.0, 2.1678657738746674)	(53.0, 2.0901635947664503)	(54.0, 2.0425313482199883)	(55.0, 2.0028264655603882)	(56.0, 1.9408408859157449)	(57.0, 1.8487133067649202)	(58.0, 1.7518132944054392)	(59.0, 1.6501588655734085)	(60.0, 1.547343358192292)	(61.0, 1.49767922418493)	(62.0, 1.4260226609702285)	(63.0, 1.3283379196603309)	(64.0, 1.2296402374093343)	(65.0, 1.0395936993792274)	(66.0, 0.8306536107520999)	(67.0, 0.677545385459461)	(68.0, 0.5622663004117785)	(69.0, 0.4950478598579793)	(70.0, 0.4590864545893972)	(71.0, 0.4596529808469684)	(72.0, 0.49382672552187173)	(73.0, 0.44436277747124864)	(74.0, 0.4242641074146596)	(75.0, 0.5448501221754912)	(76.0, 0.690415340618207)	(77.0, 0.9599577239289121)	(78.0, 1.1140488622691391)	(79.0, 0.8538651724359793)	(80.0, 0.5646765393309152)	(81.0, 0.552869571602453)	(82.0, 0.5749640956477291)	(83.0, 0.5281245854899533)	(84.0, 0.5669306332037957)	(85.0, 0.6003116414900129)	(86.0, 0.5940478229036517)	(87.0, 0.5601122995172676)	(88.0, 0.385698282848904)	(89.0, 0.1928511432840194)	(90.0, 0.10961182061240327)	(91.0, 0.07005107184165515)	(92.0, 0.05201031342034242)	(93.0, 0.041836863098869796)	(94.0, 0.03433389344029456)	(95.0, 0.027693725255264118)	(96.0, 0.02275313584294723)	(97.0, 0.01818489231016476)	(98.0, 0.013296351246599992)	(99.0, 0.010265535861572531)	(100.0, 0.023195546807340272)
SRR26260937_1	(0.0, 0.1564402306657668)	(1.0, 0.07837224209584001)	(2.0, 0.00031580745727702796)	(3.0, 0.0004159415290965735)	(4.0, 0.0004929677381885315)	(5.0, 0.000595027465235376)	(6.0, 0.0007471542281919931)	(7.0, 0.0008973553359213113)	(8.0, 0.0011303596184244844)	(9.0, 0.0014846801802474914)	(10.0, 0.001931432192980848)	(11.0, 0.0024956491745794407)	(12.0, 0.003356417061182072)	(13.0, 0.004619646890290184)	(14.0, 0.006522194254861548)	(15.0, 0.009333650886718017)	(16.0, 0.01369718563177744)	(17.0, 0.021149471361424383)	(18.0, 0.033317686742726456)	(19.0, 0.051091484490695775)	(20.0, 0.07850703796175094)	(21.0, 0.1196929519632209)	(22.0, 0.18070156087450628)	(23.0, 0.2600674410676326)	(24.0, 0.3627761139260767)	(25.0, 0.4987524064913375)	(26.0, 0.6733400120191696)	(27.0, 0.8901322031637129)	(28.0, 1.1412376448034962)	(29.0, 1.4125759459165095)	(30.0, 1.6925508107239584)	(31.0, 1.9892288089729988)	(32.0, 2.2676881831165634)	(33.0, 2.479585358673313)	(34.0, 2.6617465662101116)	(35.0, 2.8029741205802168)	(36.0, 2.8948259492671493)	(37.0, 2.9560637111504833)	(38.0, 2.986554536019535)	(39.0, 2.9946596188712364)	(40.0, 2.972639751347073)	(41.0, 2.927508169784867)	(42.0, 2.8884520304647903)	(43.0, 2.8158644566717563)	(44.0, 2.7190039987386188)	(45.0, 2.675041289899384)	(46.0, 2.6313462471367433)	(47.0, 2.5858526423918056)	(48.0, 2.557818953592787)	(49.0, 2.5188167326190745)	(50.0, 2.461543894848749)	(51.0, 2.389191250993446)	(52.0, 2.2975011773456058)	(53.0, 2.1509087475122457)	(54.0, 2.005236780877535)	(55.0, 1.8998861090472368)	(56.0, 1.8074912455862056)	(57.0, 1.7313142504494867)	(58.0, 1.6320794596210897)	(59.0, 1.5239924317127995)	(60.0, 1.4714721110434479)	(61.0, 1.4483565456949514)	(62.0, 1.299655523387699)	(63.0, 1.1118868078290056)	(64.0, 0.9685776201581903)	(65.0, 0.8110436173233176)	(66.0, 0.773982456818722)	(67.0, 0.7044740057341391)	(68.0, 0.563361990677672)	(69.0, 0.4721379255948388)	(70.0, 0.41693709284908703)	(71.0, 0.4330009087552149)	(72.0, 0.45498804014051425)	(73.0, 0.48648405703821596)	(74.0, 0.5606198576339982)	(75.0, 0.6704072391079934)	(76.0, 0.673992809141224)	(77.0, 0.9001359820695309)	(78.0, 1.0889657336584662)	(79.0, 0.8277236429021811)	(80.0, 0.6766540646653512)	(81.0, 0.668600974504787)	(82.0, 0.6664307610636211)	(83.0, 0.5419101914455616)	(84.0, 0.43340337069772034)	(85.0, 0.39344409907603983)	(86.0, 0.390649973341229)	(87.0, 0.43797102489687345)	(88.0, 0.3393293358784847)	(89.0, 0.20374010001391096)	(90.0, 0.09774048237201287)	(91.0, 0.036564341455952484)	(92.0, 0.017918221890016742)	(93.0, 0.011265083079698864)	(94.0, 0.007257794551689747)	(95.0, 0.004781401929383295)	(96.0, 0.003315978301408794)	(97.0, 0.002301157996622247)	(98.0, 0.0012478245872897204)	(99.0, 0.0016676174268408918)	(100.0, 0.002045045851391486)
SRR26260937_2	(0.0, 0.16486970272395174)	(1.0, 0.08427225815619387)	(2.0, 0.003254944949924983)	(3.0, 0.002675218068311125)	(4.0, 0.0024286896934055642)	(5.0, 0.0022476454180842933)	(6.0, 0.002180235315571054)	(7.0, 0.002288091479592237)	(8.0, 0.002424837687547665)	(9.0, 0.00270603411517432)	(10.0, 0.003152866794690649)	(11.0, 0.003830819825680942)	(12.0, 0.004645519064626662)	(13.0, 0.0057587487575595855)	(14.0, 0.007415111276456322)	(15.0, 0.010134627412133291)	(16.0, 0.014377611864609466)	(17.0, 0.021305444400041517)	(18.0, 0.032509003437741886)	(19.0, 0.05037845861253715)	(20.0, 0.07844609929612104)	(21.0, 0.1189499408919331)	(22.0, 0.17761021209895395)	(23.0, 0.26107162302206)	(24.0, 0.3737582023890487)	(25.0, 0.517969597697086)	(26.0, 0.6993181814811313)	(27.0, 0.9137901636372535)	(28.0, 1.1606112909880146)	(29.0, 1.4350647823604172)	(30.0, 1.7205831605596356)	(31.0, 2.0072398064898636)	(32.0, 2.271672304622941)	(33.0, 2.4775003856339364)	(34.0, 2.6343521381646706)	(35.0, 2.7673310843910732)	(36.0, 2.858500359035836)	(37.0, 2.9136880469619606)	(38.0, 2.9326090997359624)	(39.0, 2.9178501392914207)	(40.0, 2.8975173263704987)	(41.0, 2.8488395283442247)	(42.0, 2.7773559296362564)	(43.0, 2.7091214978694267)	(44.0, 2.6421197079771246)	(45.0, 2.584060349683936)	(46.0, 2.539396341761593)	(47.0, 2.5015041601374364)	(48.0, 2.4627337211776794)	(49.0, 2.418659070151594)	(50.0, 2.358864383219422)	(51.0, 2.279087415899397)	(52.0, 2.1819590881924635)	(53.0, 2.092500104148608)	(54.0, 2.0330405417260735)	(55.0, 1.9832418099951503)	(56.0, 1.9213882259319308)	(57.0, 1.8310066864851082)	(58.0, 1.7233874208241864)	(59.0, 1.6152673944017375)	(60.0, 1.5080602933676106)	(61.0, 1.448392722628749)	(62.0, 1.3595596895368023)	(63.0, 1.223840041142504)	(64.0, 1.0984476204532343)	(65.0, 0.9278673190449468)	(66.0, 0.759130202439664)	(67.0, 0.634090240286392)	(68.0, 0.5260106599254509)	(69.0, 0.4623562631236636)	(70.0, 0.43314842870614145)	(71.0, 0.4475183365590351)	(72.0, 0.515825956437165)	(73.0, 0.47380057252748264)	(74.0, 0.42834305139841194)	(75.0, 0.5426205091847132)	(76.0, 0.684821157434927)	(77.0, 0.9469366740444777)	(78.0, 1.1075075382310138)	(79.0, 0.8596617773220513)	(80.0, 0.5668419220191845)	(81.0, 0.5491188430669894)	(82.0, 0.568124639969865)	(83.0, 0.5285683918150962)	(84.0, 0.5704262134699598)	(85.0, 0.579761549666579)	(86.0, 0.555908003391537)	(87.0, 0.5383967847615264)	(88.0, 0.40673522453852534)	(89.0, 0.22350686189582517)	(90.0, 0.12316788730633295)	(91.0, 0.0789873061191559)	(92.0, 0.05867953123631033)	(93.0, 0.04677875913833017)	(94.0, 0.037428014918279406)	(95.0, 0.030193947917144356)	(96.0, 0.024333121004350436)	(97.0, 0.018543556199927657)	(98.0, 0.012963925714760391)	(99.0, 0.009651200676966917)	(100.0, 0.022122069641916188)
SRR26260938_1	(0.0, 0.11574025813115521)	(1.0, 0.058082587593970704)	(2.0, 0.0004030755258298938)	(3.0, 0.00047058571242209276)	(4.0, 0.000577807773480291)	(5.0, 0.0006989289906015893)	(6.0, 0.0008379205512325871)	(7.0, 0.0009947824553732847)	(8.0, 0.0012270969209993811)	(9.0, 0.0016242156656593749)	(10.0, 0.0020272911914892685)	(11.0, 0.0027004074636879584)	(12.0, 0.0037051178876777425)	(13.0, 0.005273736929084719)	(14.0, 0.007438034087481685)	(15.0, 0.010797658667305234)	(16.0, 0.01635533549882185)	(17.0, 0.025989436244273297)	(18.0, 0.04094492816816867)	(19.0, 0.06349928727113302)	(20.0, 0.10001435584261946)	(21.0, 0.15413965514605332)	(22.0, 0.2325388377168293)	(23.0, 0.3379877635801208)	(24.0, 0.47294856895281967)	(25.0, 0.6456892660987472)	(26.0, 0.8632785686728509)	(27.0, 1.120742564398265)	(28.0, 1.403548692814156)	(29.0, 1.6971584366785226)	(30.0, 1.9929324777012862)	(31.0, 2.288545685632462)	(32.0, 2.556308956000633)	(33.0, 2.775169038557649)	(34.0, 2.968023800120605)	(35.0, 3.1113816813491395)	(36.0, 3.2159609171616257)	(37.0, 3.2918403812975336)	(38.0, 3.3295031230410874)	(39.0, 3.337588460682365)	(40.0, 3.30457597943878)	(41.0, 3.2508438276925595)	(42.0, 3.207105169155708)	(43.0, 3.1137564514422063)	(44.0, 2.985904071598921)	(45.0, 2.9086148359194697)	(46.0, 2.8320999817921058)	(47.0, 2.765586563249003)	(48.0, 2.7059492557696885)	(49.0, 2.625818635472195)	(50.0, 2.5370189129787737)	(51.0, 2.4364227781752277)	(52.0, 2.327175411519263)	(53.0, 2.168582069651848)	(54.0, 2.00638288958292)	(55.0, 1.882195915752847)	(56.0, 1.7650121309848528)	(57.0, 1.6624601863638555)	(58.0, 1.5475677767525495)	(59.0, 1.4217923279438363)	(60.0, 1.3463596223956704)	(61.0, 1.305674807005254)	(62.0, 1.1705372837911816)	(63.0, 1.0070951220514677)	(64.0, 0.8567479509169174)	(65.0, 0.6976939513056967)	(66.0, 0.6423514830498799)	(67.0, 0.5877635404089172)	(68.0, 0.4819850059875579)	(69.0, 0.3884238297456633)	(70.0, 0.33784281523831994)	(71.0, 0.34634909874893693)	(72.0, 0.3222658324790316)	(73.0, 0.31381315999894366)	(74.0, 0.35424183379905433)	(75.0, 0.4038638065380439)	(76.0, 0.3888368332401097)	(77.0, 0.4755953653859786)	(78.0, 0.562913834961818)	(79.0, 0.42197043570081627)	(80.0, 0.31982752338681925)	(81.0, 0.2934171412732064)	(82.0, 0.26959398778105337)	(83.0, 0.2137531355006883)	(84.0, 0.16649799047987235)	(85.0, 0.14074682548239503)	(86.0, 0.13159323841798218)	(87.0, 0.1426470386755931)	(88.0, 0.1038525085097583)	(89.0, 0.05044797972788232)	(90.0, 0.020040597449266593)	(91.0, 0.007265287433554588)	(92.0, 0.003770642480546642)	(93.0, 0.0026924650887947587)	(94.0, 0.0020193488165960688)	(95.0, 0.0013839588251400787)	(96.0, 0.0009590417683538852)	(97.0, 0.0007783527395335881)	(98.0, 0.0008895459880383863)	(99.0, 0.0025653870905035605)	(100.0, 0.003377494923333248)
SRR26260938_2	(0.0, 0.12423707240754558)	(1.0, 0.06416009300601962)	(2.0, 0.0036184012584569206)	(3.0, 0.0028816137354670647)	(4.0, 0.0025022972478900766)	(5.0, 0.002418887339627074)	(6.0, 0.0023454071823477626)	(7.0, 0.0022699410748717127)	(8.0, 0.002544002202021578)	(9.0, 0.002970981494320282)	(10.0, 0.003368171533667913)	(11.0, 0.004245961520626178)	(12.0, 0.005189287864076802)	(13.0, 0.00625772906992193)	(14.0, 0.008480007340071927)	(15.0, 0.011862080525117008)	(16.0, 0.017315499765359982)	(17.0, 0.02601396162707311)	(18.0, 0.03993745845640432)	(19.0, 0.06256338904784213)	(20.0, 0.09897975780542971)	(21.0, 0.1535675708631714)	(22.0, 0.2341673595977895)	(23.0, 0.34689386466504074)	(24.0, 0.4934430875329395)	(25.0, 0.6739679463666346)	(26.0, 0.8957866676411063)	(27.0, 1.1512513571487157)	(28.0, 1.4269846543642348)	(29.0, 1.719334396875862)	(30.0, 2.011769535245949)	(31.0, 2.2913992667474683)	(32.0, 2.5499004741058906)	(33.0, 2.765737513387787)	(34.0, 2.928452370857134)	(35.0, 3.0597673697658543)	(36.0, 3.1618551396291794)	(37.0, 3.2255763376417197)	(38.0, 3.2513758166475455)	(39.0, 3.2409873111684075)	(40.0, 3.214451044639593)	(41.0, 3.1595117183970283)	(42.0, 3.075045284629361)	(43.0, 2.9847481010840706)	(44.0, 2.89971765746053)	(45.0, 2.8228196798926315)	(46.0, 2.749891616768013)	(47.0, 2.675207973669478)	(48.0, 2.6020614560232183)	(49.0, 2.537202308547947)	(50.0, 2.4586897534701007)	(51.0, 2.35755523970121)	(52.0, 2.23830687418787)	(53.0, 2.130344663642594)	(54.0, 2.05448533802759)	(55.0, 1.980733105571325)	(56.0, 1.8901122121439664)	(57.0, 1.775975682437031)	(58.0, 1.652386029793622)	(59.0, 1.5286792060886056)	(60.0, 1.4093593463681835)	(61.0, 1.335301277581621)	(62.0, 1.246700095504345)	(63.0, 1.123702256019564)	(64.0, 0.9795242576865706)	(65.0, 0.7986895906221844)	(66.0, 0.6558163615684479)	(67.0, 0.5499453565803367)	(68.0, 0.447658991697338)	(69.0, 0.3815010327933998)	(70.0, 0.3520136442722317)	(71.0, 0.34893343551709083)	(72.0, 0.3528100103011237)	(73.0, 0.3139012740466297)	(74.0, 0.2897680072558676)	(75.0, 0.35005351142805113)	(76.0, 0.4183364370424991)	(77.0, 0.5449844529888849)	(78.0, 0.6148462090097397)	(79.0, 0.4678858944511161)	(80.0, 0.3030281967194883)	(81.0, 0.26998992924655235)	(82.0, 0.2646973719722452)	(83.0, 0.23312473574450196)	(84.0, 0.22462089700206916)	(85.0, 0.20551009825885788)	(86.0, 0.1835415171825404)	(87.0, 0.15422889227868522)	(88.0, 0.098636188421394)	(89.0, 0.0511263018648271)	(90.0, 0.03184669735489307)	(91.0, 0.022216824850909755)	(92.0, 0.01757764519132942)	(93.0, 0.015317633867441399)	(94.0, 0.013935412530511641)	(95.0, 0.012725968860698104)	(96.0, 0.011403326029670494)	(97.0, 0.010106500551200477)	(98.0, 0.008019266894428674)	(99.0, 0.006265672870708883)	(100.0, 0.016044491639447565)
SRR26260939_1	(0.0, 0.3155113856584365)	(1.0, 0.1579270673752086)	(2.0, 0.0003535955822331973)	(3.0, 0.00038830435104136396)	(4.0, 0.0004208438217990201)	(5.0, 0.0005726946853347491)	(6.0, 0.0007202069527694571)	(7.0, 0.0008265025572444674)	(8.0, 0.0010607867466995921)	(9.0, 0.0014013665406297268)	(10.0, 0.0017961787858226219)	(11.0, 0.0023883971536119647)	(12.0, 0.0032908251426242967)	(13.0, 0.004423198724990732)	(14.0, 0.006471016084672562)	(15.0, 0.009629514046215723)	(16.0, 0.014451863612500372)	(17.0, 0.0228535549621272)	(18.0, 0.036006009042371834)	(19.0, 0.05800269127454742)	(20.0, 0.09388071173193914)	(21.0, 0.14645798858216003)	(22.0, 0.22258516506872195)	(23.0, 0.32129039566499623)	(24.0, 0.4453785827502929)	(25.0, 0.6033295124040572)	(26.0, 0.7998917780588563)	(27.0, 1.0309892686777808)	(28.0, 1.28535248088843)	(29.0, 1.5473885003037342)	(30.0, 1.8118823344102668)	(31.0, 2.069482139312277)	(32.0, 2.2996576782597353)	(33.0, 2.5010856794418292)	(34.0, 2.6791199704472186)	(35.0, 2.8168942589331856)	(36.0, 2.9323443011813497)	(37.0, 3.039707200297211)	(38.0, 3.1110033500252867)	(39.0, 3.151074623614315)	(40.0, 3.1597800166910135)	(41.0, 3.1429158936463453)	(42.0, 3.133887275160121)	(43.0, 3.0785094345266906)	(44.0, 2.9866591857700295)	(45.0, 2.934517937827961)	(46.0, 2.894225395837781)	(47.0, 2.845665658977105)	(48.0, 2.780460898174863)	(49.0, 2.6959710777035837)	(50.0, 2.628354057469174)	(51.0, 2.564550663207562)	(52.0, 2.467194735998705)	(53.0, 2.322535095500418)	(54.0, 2.188181790040106)	(55.0, 2.099919560258989)	(56.0, 2.009657237675301)	(57.0, 1.9085527634351624)	(58.0, 1.7998448995279845)	(59.0, 1.695907322033879)	(60.0, 1.612116015534864)	(61.0, 1.5355961961011597)	(62.0, 1.3869710787665397)	(63.0, 1.2164555748042194)	(64.0, 1.0525217211271471)	(65.0, 0.882776317972758)	(66.0, 0.7782617071972168)	(67.0, 0.6877846241065285)	(68.0, 0.5800529443220803)	(69.0, 0.4689870534339977)	(70.0, 0.3862088091245709)	(71.0, 0.35047830093461385)	(72.0, 0.31323362270540056)	(73.0, 0.28992668445071673)	(74.0, 0.2970549978446939)	(75.0, 0.3146978988894951)	(76.0, 0.296558228591127)	(77.0, 0.3309654649702727)	(78.0, 0.3645787382629316)	(79.0, 0.29297671750973436)	(80.0, 0.25298136935247384)	(81.0, 0.24794425927918867)	(82.0, 0.2475169075632381)	(83.0, 0.20550194292095247)	(84.0, 0.15620030612700228)	(85.0, 0.13133364257400143)	(86.0, 0.12385824149194255)	(87.0, 0.12503183173726867)	(88.0, 0.08061545415306796)	(89.0, 0.037066795789071426)	(90.0, 0.020289444666423892)	(91.0, 0.01197452523881748)	(92.0, 0.006549110814490937)	(93.0, 0.0041108198057172324)	(94.0, 0.0027246383514410786)	(95.0, 0.0021410971758537775)	(96.0, 0.001637820028135362)	(97.0, 0.0014295674152863622)	(98.0, 0.0022821015491369546)	(99.0, 0.0072823335555634566)	(100.0, 0.008742271143556964)
SRR26260939_2	(0.0, 0.32263227871345684)	(1.0, 0.16334515035123376)	(2.0, 0.0035871178330666035)	(3.0, 0.0028427854575421964)	(4.0, 0.002536806259440326)	(5.0, 0.002432643128171605)	(6.0, 0.0024261329324673096)	(7.0, 0.0024934049547450255)	(8.0, 0.002695221021578174)	(9.0, 0.002931758132167563)	(10.0, 0.0032594379826170828)	(11.0, 0.003929988140159478)	(12.0, 0.004724232016083482)	(13.0, 0.005952488938960492)	(14.0, 0.007890357193605669)	(15.0, 0.010947979109389603)	(16.0, 0.01602810182397455)	(17.0, 0.023937989604693104)	(18.0, 0.03685204781677983)	(19.0, 0.05863950277382079)	(20.0, 0.09322817255074069)	(21.0, 0.14565043842695963)	(22.0, 0.2205827909833963)	(23.0, 0.3220745719481223)	(24.0, 0.45416644278826995)	(25.0, 0.6221555327419008)	(26.0, 0.8283312606316922)	(27.0, 1.0599792142471554)	(28.0, 1.309975069422557)	(29.0, 1.5696125244360197)	(30.0, 1.8243521422146174)	(31.0, 2.063821010936174)	(32.0, 2.277045110708482)	(33.0, 2.467162355861012)	(34.0, 2.6291360249838744)	(35.0, 2.7616033171096364)	(36.0, 2.874876382233902)	(37.0, 2.971502876942284)	(38.0, 3.0375444722318887)	(39.0, 3.065191103322795)	(40.0, 3.0681076709983195)	(41.0, 3.047138330634785)	(42.0, 3.013482788908814)	(43.0, 2.963864247315912)	(44.0, 2.8995370035617714)	(45.0, 2.8496710745321057)	(46.0, 2.800100274374368)	(47.0, 2.7373116068716765)	(48.0, 2.677654343502751)	(49.0, 2.605417211967892)	(50.0, 2.537520210902564)	(51.0, 2.4756559911898823)	(52.0, 2.3797890193136677)	(53.0, 2.290074182378011)	(54.0, 2.2302259532684263)	(55.0, 2.1798326983867127)	(56.0, 2.107773512201105)	(57.0, 2.002512327923592)	(58.0, 1.8909905054437823)	(59.0, 1.7777456511675689)	(60.0, 1.6632551794466002)	(61.0, 1.576469930577877)	(62.0, 1.4706184885565081)	(63.0, 1.3329864411720054)	(64.0, 1.1705830991326596)	(65.0, 0.9806828605036061)	(66.0, 0.822124874060264)	(67.0, 0.6947420447795566)	(68.0, 0.5811998915661803)	(69.0, 0.4895949278110439)	(70.0, 0.4238745021761848)	(71.0, 0.38734579407938496)	(72.0, 0.3621404863775891)	(73.0, 0.31710295249527554)	(74.0, 0.28953661381805534)	(75.0, 0.30849864383943215)	(76.0, 0.3344721546343349)	(77.0, 0.3885349898280362)	(78.0, 0.42364013513083015)	(79.0, 0.3401381949623064)	(80.0, 0.23979220844153637)	(81.0, 0.23119658004663207)	(82.0, 0.23533272438409422)	(83.0, 0.20841523521206878)	(84.0, 0.19198567131966268)	(85.0, 0.1730366616896944)	(86.0, 0.14951098447960665)	(87.0, 0.12367418779449413)	(88.0, 0.07960016287641626)	(89.0, 0.04302371334445159)	(90.0, 0.030140036045651578)	(91.0, 0.021648570782015993)	(92.0, 0.016258128738859644)	(93.0, 0.013037751930468331)	(94.0, 0.01102827152307591)	(95.0, 0.010186286211987075)	(96.0, 0.00944195383646267)	(97.0, 0.00853703663356565)	(98.0, 0.007243677753645687)	(99.0, 0.0067206920320673135)	(100.0, 0.020166416226671473)
SRR26260940_1	(0.0, 1.3383956930025034)	(1.0, 0.6693524460968878)	(2.0, 0.0003067452294368427)	(3.0, 0.0003165610767788217)	(4.0, 0.0003877259700081692)	(5.0, 0.0004809765197569694)	(6.0, 0.0006134904588736854)	(7.0, 0.0007926296728648017)	(8.0, 0.0009570451158429493)	(9.0, 0.001150908100847034)	(10.0, 0.0015263642616777295)	(11.0, 0.0020515120944736044)	(12.0, 0.0025668440799275004)	(13.0, 0.003516527310263965)	(14.0, 0.005064977228461148)	(15.0, 0.007278450804077406)	(16.0, 0.01113607880947514)	(17.0, 0.016976507977952623)	(18.0, 0.025081943920591758)	(19.0, 0.038210639740488626)	(20.0, 0.05983004351119731)	(21.0, 0.09271067814499134)	(22.0, 0.14064146071587466)	(23.0, 0.20207394130565)	(24.0, 0.2809050113090831)	(25.0, 0.38379717710954214)	(26.0, 0.5168092704788636)	(27.0, 0.6787363961558197)	(28.0, 0.8616031781750524)	(29.0, 1.056344681516244)	(30.0, 1.2557364425356983)	(31.0, 1.4568754243820248)	(32.0, 1.6372146257106979)	(33.0, 1.7960006802382207)	(34.0, 1.9446027931484404)	(35.0, 2.058569688712487)	(36.0, 2.1508190220324055)	(37.0, 2.2355960415632428)	(38.0, 2.2963929460376247)	(39.0, 2.332235512606861)	(40.0, 2.3537665737514915)	(41.0, 2.3654008068135726)	(42.0, 2.377506200548068)	(43.0, 2.371876812097443)	(44.0, 2.3530475629336918)	(45.0, 2.354353070630175)	(46.0, 2.3752289239647286)	(47.0, 2.4058151042823352)	(48.0, 2.4197290678895906)	(49.0, 2.4272700926100654)	(50.0, 2.4364847193023484)	(51.0, 2.4208210809063857)	(52.0, 2.3734228080538045)	(53.0, 2.2762508272918835)	(54.0, 2.1863965607234084)	(55.0, 2.136770090524198)	(56.0, 2.0950920027101554)	(57.0, 2.0602825540736625)	(58.0, 2.002911380321631)	(59.0, 1.9394224797137112)	(60.0, 1.934467930767847)	(61.0, 1.9731791787227768)	(62.0, 1.8139268714465098)	(63.0, 1.563090254507744)	(64.0, 1.381953515582535)	(65.0, 1.1839924143131741)	(66.0, 1.0985381013157407)	(67.0, 0.9990225870009225)	(68.0, 0.8470511844905685)	(69.0, 0.718954376677743)	(70.0, 0.6121113323221374)	(71.0, 0.5988893859524917)	(72.0, 0.6311737078602606)	(73.0, 0.6623193914763599)	(74.0, 0.7128317418981837)	(75.0, 0.8092871658041401)	(76.0, 0.8209508464082464)	(77.0, 1.012016314919867)	(78.0, 1.1646551950494755)	(79.0, 0.9478525748071861)	(80.0, 0.838054960401645)	(81.0, 0.8812275109735038)	(82.0, 1.0119917753015122)	(83.0, 0.8485382853628783)	(84.0, 0.591044069964415)	(85.0, 0.5364139715826312)	(86.0, 0.5872870543942726)	(87.0, 0.7079998910440946)	(88.0, 0.5577315380475739)	(89.0, 0.31672549222179985)	(90.0, 0.15965475701728793)	(91.0, 0.07026428923572095)	(92.0, 0.03759469531977944)	(93.0, 0.02281202922275912)	(94.0, 0.013707830813073628)	(95.0, 0.00932014705120903)	(96.0, 0.0069447119944501205)	(97.0, 0.005545953748218117)	(98.0, 0.00328585489772746)	(99.0, 0.00503552968643521)	(100.0, 0.0070477783915409)
SRR26260940_2	(0.0, 1.3483870875876889)	(1.0, 0.6762042004212706)	(2.0, 0.003606415855542251)	(3.0, 0.002845361454440755)	(4.0, 0.002521299580423344)	(5.0, 0.002526209608817547)	(6.0, 0.002420643998342178)	(7.0, 0.002366633686005943)	(8.0, 0.0023592686434146383)	(9.0, 0.0025581247933798676)	(10.0, 0.002997572334661054)	(11.0, 0.0034321098475480374)	(12.0, 0.004112148780145181)	(13.0, 0.004885478252232184)	(14.0, 0.006110530336585884)	(15.0, 0.007998436254157014)	(16.0, 0.011472281343055779)	(17.0, 0.016863492519890895)	(18.0, 0.024356195849444977)	(19.0, 0.036771202644187775)	(20.0, 0.05734422161589918)	(21.0, 0.08770292717725758)	(22.0, 0.13137026470110374)	(23.0, 0.1932611726100351)	(24.0, 0.2756858192635242)	(25.0, 0.3837653642767251)	(26.0, 0.5216954269124843)	(27.0, 0.6837140888502043)	(28.0, 0.8666028264774852)	(29.0, 1.0624245788950972)	(30.0, 1.2605221294734226)	(31.0, 1.4506138787549994)	(32.0, 1.620648162046256)	(33.0, 1.7745505470483585)	(34.0, 1.9054960942933636)	(35.0, 2.0143587888354397)	(36.0, 2.1120634438516896)	(37.0, 2.195727872674715)	(38.0, 2.2543781618434724)	(39.0, 2.280160720941433)	(40.0, 2.2966829664879267)	(41.0, 2.3038025076595217)	(42.0, 2.2950749321888253)	(43.0, 2.2835756456896017)	(44.0, 2.2736475682765227)	(45.0, 2.278515861429375)	(46.0, 2.289069967462715)	(47.0, 2.299341746863388)	(48.0, 2.311253475747725)	(49.0, 2.3068393602213364)	(50.0, 2.2923744165720135)	(51.0, 2.2757515154434387)	(52.0, 2.237774900828474)	(53.0, 2.2058498962093647)	(54.0, 2.1996387102906976)	(55.0, 2.1981607917440424)	(56.0, 2.194183668744738)	(57.0, 2.1471971520264104)	(58.0, 2.078577050203224)	(59.0, 2.0118399442692136)	(60.0, 1.9305519691889828)	(61.0, 1.9038193195967432)	(62.0, 1.8246500217686108)	(63.0, 1.6936234590551011)	(64.0, 1.5842894017871816)	(65.0, 1.382028147130572)	(66.0, 1.1379972809244758)	(67.0, 0.9507803532677048)	(68.0, 0.8138568464527574)	(69.0, 0.7220810507225083)	(70.0, 0.6598268007124058)	(71.0, 0.649368440232753)	(72.0, 0.6822509003887318)	(73.0, 0.6192208658923454)	(74.0, 0.5927729979469698)	(75.0, 0.6992788788598285)	(76.0, 0.8371794813252226)	(77.0, 1.0913593762221367)	(78.0, 1.2796417800404498)	(79.0, 1.0419178453067077)	(80.0, 0.7567679463133568)	(81.0, 0.802251994343058)	(82.0, 0.82926206053957)	(83.0, 0.7682917829545517)	(84.0, 0.7994999234281072)	(85.0, 0.8483203357516697)	(86.0, 0.8596575913138848)	(87.0, 0.7906201370771908)	(88.0, 0.5395630202389897)	(89.0, 0.27873494689632444)	(90.0, 0.15621991840416616)	(91.0, 0.09576273878634213)	(92.0, 0.06728457409996356)	(93.0, 0.05086052912135386)	(94.0, 0.040033916512135795)	(95.0, 0.031190955374175832)	(96.0, 0.024368470920430485)	(97.0, 0.019998545649589635)	(98.0, 0.01584220661389663)	(99.0, 0.013617963751322577)	(100.0, 0.03932196239497633)
SRR26260941_1	(0.0, 2.3080385365375884)	(1.0, 1.1542084783944295)	(2.0, 0.0003717422468368519)	(3.0, 0.0003717422468368519)	(4.0, 0.0004118102734420216)	(5.0, 0.00046523430891558113)	(6.0, 0.0005409183591697905)	(7.0, 0.0007701965114104836)	(8.0, 0.0009861186547827868)	(9.0, 0.00117532878041831)	(10.0, 0.0015292630154306423)	(11.0, 0.0019633333036533137)	(12.0, 0.0025821617145553788)	(13.0, 0.00359721838855301)	(14.0, 0.005077509371466222)	(15.0, 0.007443748942649298)	(16.0, 0.011695411765753413)	(17.0, 0.01817752806987864)	(18.0, 0.028078782644311674)	(19.0, 0.04484057377414099)	(20.0, 0.07010569055017853)	(21.0, 0.10853315406601431)	(22.0, 0.1684237238333526)	(23.0, 0.24480006054724018)	(24.0, 0.34290884969147617)	(25.0, 0.4728672679838659)	(26.0, 0.6388401641898691)	(27.0, 0.8367094355750652)	(28.0, 1.0608588804102965)	(29.0, 1.2967771950600575)	(30.0, 1.540526582909651)	(31.0, 1.7867067643732915)	(32.0, 2.004799259186708)	(33.0, 2.1935307945044475)	(34.0, 2.3610040157066665)	(35.0, 2.4980010506726975)	(36.0, 2.6094012946424594)	(37.0, 2.7029579107640527)	(38.0, 2.7736111976778353)	(39.0, 2.8220957358715686)	(40.0, 2.835879137023747)	(41.0, 2.8324088007194437)	(42.0, 2.8435677461289837)	(43.0, 2.8083123347193903)	(44.0, 2.7384626343391893)	(45.0, 2.7000396228263095)	(46.0, 2.6738974614679143)	(47.0, 2.6507782101167314)	(48.0, 2.6111420277983064)	(49.0, 2.5553740127683446)	(50.0, 2.515831322511998)	(51.0, 2.4684308470380825)	(52.0, 2.3894634446037273)	(53.0, 2.262267494145616)	(54.0, 2.142617688698145)	(55.0, 2.0728815143933255)	(56.0, 1.9947978345457622)	(57.0, 1.9157992680907139)	(58.0, 1.8344322360630045)	(59.0, 1.7489159372801826)	(60.0, 1.6992827823237675)	(61.0, 1.6684548878540455)	(62.0, 1.5202031894149177)	(63.0, 1.3235381848293548)	(64.0, 1.1512968684611207)	(65.0, 0.9687358092405775)	(66.0, 0.8651176664381305)	(67.0, 0.7702365794370888)	(68.0, 0.6504843779216269)	(69.0, 0.5381759253488144)	(70.0, 0.44820762360986205)	(71.0, 0.4087250353934235)	(72.0, 0.3855768460230257)	(73.0, 0.3755331273539966)	(74.0, 0.3946210900284038)	(75.0, 0.4388784514152917)	(76.0, 0.4315081605214186)	(77.0, 0.5173828455422094)	(78.0, 0.5883077046363159)	(79.0, 0.47437204498303787)	(80.0, 0.42524864436509985)	(81.0, 0.44883758202815444)	(82.0, 0.48396611135349793)	(83.0, 0.3974547899099805)	(84.0, 0.3195959362117016)	(85.0, 0.3124415674612008)	(86.0, 0.3261381545557346)	(87.0, 0.371299272542717)	(88.0, 0.2802558120898592)	(89.0, 0.15170422673160655)	(90.0, 0.07159265953752594)	(91.0, 0.028915759200064107)	(92.0, 0.013977063280770018)	(93.0, 0.008525585660988879)	(94.0, 0.005596167715855363)	(95.0, 0.0037441344861052985)	(96.0, 0.0025198336731695587)	(97.0, 0.0018787452474868444)	(98.0, 0.0012421088247602597)	(99.0, 0.00235065756083662)	(100.0, 0.002991745986519335)
SRR26260941_2	(0.0, 2.3157981677743926)	(1.0, 1.1595687710178824)	(2.0, 0.0030699980709548015)	(3.0, 0.002573544430764141)	(4.0, 0.002212892010535948)	(5.0, 0.0020971270361417136)	(6.0, 0.002143878275800924)	(7.0, 0.0021884032659525523)	(8.0, 0.0022952632423164617)	(9.0, 0.002475589452430558)	(10.0, 0.0027427393933403305)	(11.0, 0.003277039275159875)	(12.0, 0.003938235378911562)	(13.0, 0.004897748916679162)	(14.0, 0.006262439864826582)	(15.0, 0.008542119360589974)	(16.0, 0.012625060957494329)	(17.0, 0.01873388960629779)	(18.0, 0.028284499993822154)	(19.0, 0.04415320648386264)	(20.0, 0.06838815862339416)	(21.0, 0.10612086152739193)	(22.0, 0.16139641055113144)	(23.0, 0.2404727930604241)	(24.0, 0.345896838491943)	(25.0, 0.4801797562902402)	(26.0, 0.6525293144186723)	(27.0, 0.8557079757280921)	(28.0, 1.077671730382484)	(29.0, 1.313284620767858)	(30.0, 1.552061011703505)	(31.0, 1.7798664450657906)	(32.0, 1.9822948602911556)	(33.0, 2.1622448342384706)	(34.0, 2.3167398713161)	(35.0, 2.443693975735439)	(36.0, 2.553586103928674)	(37.0, 2.645645973566181)	(38.0, 2.7126204637522613)	(39.0, 2.7441063105379855)	(40.0, 2.7578200075046873)	(41.0, 2.7520406637830055)	(42.0, 2.7305016997971556)	(43.0, 2.700244742739616)	(44.0, 2.6567928048506415)	(45.0, 2.62073869407536)	(46.0, 2.59134774807627)	(47.0, 2.5534770177028023)	(48.0, 2.5140634964205804)	(49.0, 2.4679645478670915)	(50.0, 2.4200066809747725)	(51.0, 2.370813245605745)	(52.0, 2.2940655200813826)	(53.0, 2.222807725842716)	(54.0, 2.180796171385147)	(55.0, 2.14582401787055)	(56.0, 2.089335162865179)	(57.0, 2.002769677012382)	(58.0, 1.909888321306577)	(59.0, 1.8187256302206245)	(60.0, 1.7305461134748314)	(61.0, 1.6719601314333186)	(62.0, 1.5810935315318746)	(63.0, 1.440739631326403)	(64.0, 1.2833348861423648)	(65.0, 1.0881106143235335)	(66.0, 0.9032562127110165)	(67.0, 0.7639130297819867)	(68.0, 0.6464984045026341)	(69.0, 0.5507117931894352)	(70.0, 0.4790488215403888)	(71.0, 0.4446933391393921)	(72.0, 0.44013843264688046)	(73.0, 0.39057989235861007)	(74.0, 0.3508057186561601)	(75.0, 0.3875499667787917)	(76.0, 0.4465945562188666)	(77.0, 0.5546811960614529)	(78.0, 0.6384349287861741)	(79.0, 0.5194374401069313)	(80.0, 0.3668681088533602)	(81.0, 0.3776943602087287)	(82.0, 0.39668426850839833)	(83.0, 0.37847577378588976)	(84.0, 0.4261264182461629)	(85.0, 0.4478857809332638)	(86.0, 0.4230809089197915)	(87.0, 0.40232113226159455)	(88.0, 0.30534792996085475)	(89.0, 0.1750833925237421)	(90.0, 0.09928627553911692)	(91.0, 0.06296056232391062)	(92.0, 0.04561807865985123)	(93.0, 0.03610086201494059)	(94.0, 0.02912156980867278)	(95.0, 0.02285245119532345)	(96.0, 0.017781054817052937)	(97.0, 0.014056539390869193)	(98.0, 0.010432205192526614)	(99.0, 0.008168109443316293)	(100.0, 0.019513076933951295)
SRR26260942_1	(0.0, 0.2123859634049984)	(1.0, 0.10638411864391235)	(2.0, 0.0003938579398816399)	(3.0, 0.00044598619663068043)	(4.0, 0.0005116291866109538)	(5.0, 0.0006043016430536926)	(6.0, 0.0007162808612553353)	(7.0, 0.0008243987271051972)	(8.0, 0.0010850400108504)	(9.0, 0.0013958788751687531)	(10.0, 0.001656520158913956)	(11.0, 0.002129535822007102)	(12.0, 0.002988686720278326)	(13.0, 0.004060211997897494)	(14.0, 0.0056684652524141895)	(15.0, 0.008280670118393889)	(16.0, 0.012823551160263982)	(17.0, 0.019996013153696788)	(18.0, 0.030400427065570106)	(19.0, 0.048152994502882254)	(20.0, 0.07646636062231485)	(21.0, 0.11754535761673472)	(22.0, 0.17862422911720316)	(23.0, 0.2584480356093914)	(24.0, 0.3598104655198128)	(25.0, 0.49066590469313587)	(26.0, 0.6602063024027748)	(27.0, 0.8651533705020675)	(28.0, 1.092422916547005)	(29.0, 1.3351533174084727)	(30.0, 1.5850890017583632)	(31.0, 1.8345748385592715)	(32.0, 2.054727912219877)	(33.0, 2.254452501263386)	(34.0, 2.4445565309224335)	(35.0, 2.590944259930795)	(36.0, 2.7120652298252788)	(37.0, 2.8184609325262464)	(38.0, 2.8916663810874823)	(39.0, 2.938842453445364)	(40.0, 2.957282341601293)	(41.0, 2.96078844953671)	(42.0, 2.977569886857549)	(43.0, 2.946061251667018)	(44.0, 2.8685503952335467)	(45.0, 2.8248534013446194)	(46.0, 2.80434189765196)	(47.0, 2.7805714125743974)	(48.0, 2.731889412799321)	(49.0, 2.668868281065907)	(50.0, 2.624568916210102)	(51.0, 2.5875482005374035)	(52.0, 2.520152156589422)	(53.0, 2.378160577233563)	(54.0, 2.242042114804763)	(55.0, 2.163917303347358)	(56.0, 2.0792262622157502)	(57.0, 1.9936973076238058)	(58.0, 1.905919115286949)	(59.0, 1.819768482966368)	(60.0, 1.7770310351368583)	(61.0, 1.7528435240053035)	(62.0, 1.609681954886855)	(63.0, 1.4156934047619163)	(64.0, 1.2255353161699438)	(65.0, 1.0258358259167213)	(66.0, 0.9169553429773827)	(67.0, 0.8211127162538319)	(68.0, 0.7047914073326116)	(69.0, 0.5741637879480436)	(70.0, 0.45948934580485784)	(71.0, 0.4123576789990216)	(72.0, 0.3894096619723884)	(73.0, 0.3779260000781924)	(74.0, 0.39001589429161804)	(75.0, 0.4314597890832812)	(76.0, 0.41611091348495255)	(77.0, 0.47655845387590484)	(78.0, 0.5416473397936976)	(79.0, 0.4374197864382548)	(80.0, 0.38022157405132606)	(81.0, 0.39954957324816476)	(82.0, 0.4516932754066125)	(83.0, 0.37026121565990755)	(84.0, 0.2521578926283405)	(85.0, 0.22206637375091284)	(86.0, 0.23106911675908975)	(87.0, 0.2710572817141315)	(88.0, 0.2033890124253492)	(89.0, 0.10449012531536389)	(90.0, 0.04841170511045157)	(91.0, 0.019482453290909942)	(92.0, 0.009699717107673327)	(93.0, 0.0061511342963867875)	(94.0, 0.003731997047996127)	(95.0, 0.002741560169764356)	(96.0, 0.0027376988174125753)	(97.0, 0.0021855254311079235)	(98.0, 0.0012259793716903986)	(99.0, 0.0020870609461375133)	(100.0, 0.002992548072630107)
SRR26260942_2	(0.0, 0.22274629935695311)	(1.0, 0.11327519823304517)	(2.0, 0.0033406538065012216)	(3.0, 0.00263390276998131)	(4.0, 0.0023326646232679047)	(5.0, 0.0023403886783118382)	(6.0, 0.0024639735590147737)	(7.0, 0.002435008352600023)	(8.0, 0.002448525448926907)	(9.0, 0.0026590059488740933)	(10.0, 0.003147552430402885)	(11.0, 0.0037326495999808447)	(12.0, 0.0042462992604024195)	(13.0, 0.005287115677572453)	(14.0, 0.006951649539540114)	(15.0, 0.009545001020540773)	(16.0, 0.013880126913948427)	(17.0, 0.020130818458251577)	(18.0, 0.030268640703414243)	(19.0, 0.04808031163472481)	(20.0, 0.07526319234808763)	(21.0, 0.11481228518678793)	(22.0, 0.17323510652533963)	(23.0, 0.25517767547266873)	(24.0, 0.3624416278677727)	(25.0, 0.5002600110029164)	(26.0, 0.675825851137763)	(27.0, 0.8797660074764991)	(28.0, 1.1033928491084606)	(29.0, 1.3462139675245968)	(30.0, 1.5889732935003815)	(31.0, 1.8209807348550107)	(32.0, 2.035234435691159)	(33.0, 2.226700243133943)	(34.0, 2.385597572483981)	(35.0, 2.5197199952806026)	(36.0, 2.6421636468507965)	(37.0, 2.744619374981052)	(38.0, 2.8129367108308823)	(39.0, 2.8487917743448214)	(40.0, 2.8695675513992414)	(41.0, 2.8624749378551497)	(42.0, 2.8459164948547175)	(43.0, 2.82108172687471)	(44.0, 2.7789006622797894)	(45.0, 2.7426033966145855)	(46.0, 2.703857605500454)	(47.0, 2.6614023369514737)	(48.0, 2.6238306022040208)	(49.0, 2.5697371137175935)	(50.0, 2.5141470895664044)	(51.0, 2.4678066213303254)	(52.0, 2.3939550000415166)	(53.0, 2.323227759017979)	(54.0, 2.2817322043082076)	(55.0, 2.247672983591983)	(56.0, 2.1897039504872624)	(57.0, 2.095290894671503)	(58.0, 1.9979118017188726)	(59.0, 1.9099811590987341)	(60.0, 1.8171727757183516)	(61.0, 1.7598641493198872)	(62.0, 1.692906247157789)	(63.0, 1.571372103069018)	(64.0, 1.3970131465347861)	(65.0, 1.1724825904626843)	(66.0, 0.9730610063246494)	(67.0, 0.8212099461884396)	(68.0, 0.691609957620041)	(69.0, 0.586437293128082)	(70.0, 0.5087564715512433)	(71.0, 0.46164166679701013)	(72.0, 0.4506252332906)	(73.0, 0.4035548418528695)	(74.0, 0.35993517200601627)	(75.0, 0.3892518229252657)	(76.0, 0.4450793617690557)	(77.0, 0.550570643531577)	(78.0, 0.6295606924383625)	(79.0, 0.509826253174828)	(80.0, 0.36176191102390653)	(81.0, 0.3836267798395212)	(82.0, 0.39341701960770686)	(83.0, 0.3471267577294136)	(84.0, 0.3589580790429587)	(85.0, 0.35968220920332744)	(86.0, 0.3244141738727273)	(87.0, 0.27828225512283467)	(88.0, 0.17859560072582945)	(89.0, 0.0839392371761859)	(90.0, 0.04646791514430369)	(91.0, 0.02945761492380123)	(92.0, 0.02277630731079879)	(93.0, 0.019727236582206056)	(94.0, 0.017838705123964325)	(95.0, 0.016272652963806814)	(96.0, 0.015025218074211564)	(97.0, 0.013341374074634068)	(98.0, 0.010313544497412152)	(99.0, 0.008150809085110783)	(100.0, 0.02403919031048191)
SRR26260943_1	(0.0, 0.6148133355667125)	(1.0, 0.3075035241679828)	(2.0, 0.0002595751107993455)	(3.0, 0.0003273745800379805)	(4.0, 0.0003796770277363561)	(5.0, 0.0004765334123629775)	(6.0, 0.000546270009294145)	(7.0, 0.0007012402246967393)	(8.0, 0.0009317584201080984)	(9.0, 0.0012571958724535463)	(10.0, 0.0016058788571093835)	(11.0, 0.0020611038648545043)	(12.0, 0.0026209337679963763)	(13.0, 0.0035216981450239557)	(14.0, 0.005067526043664834)	(15.0, 0.007277788740844336)	(16.0, 0.010836292312026407)	(17.0, 0.0167794000727159)	(18.0, 0.025833534907612473)	(19.0, 0.040615756329327436)	(20.0, 0.06327046469349419)	(21.0, 0.09718182207896689)	(22.0, 0.14772923208790809)	(23.0, 0.2094635545212241)	(24.0, 0.28981754833516177)	(25.0, 0.4012992470404031)	(26.0, 0.5442612078769888)	(27.0, 0.7177794209355812)	(28.0, 0.9223439795223908)	(29.0, 1.1478546998485535)	(30.0, 1.3893777176811892)	(31.0, 1.6384555335147013)	(32.0, 1.8666065588857856)	(33.0, 2.0757776071254375)	(34.0, 2.2623733692363164)	(35.0, 2.4053779468821377)	(36.0, 2.5240541378374446)	(37.0, 2.6286144792972674)	(38.0, 2.7052201310261546)	(39.0, 2.7521083068239025)	(40.0, 2.772198258123156)	(41.0, 2.7728297617509217)	(42.0, 2.7817018065827206)	(43.0, 2.7603139797294696)	(44.0, 2.7058826286970006)	(45.0, 2.6809149898679503)	(46.0, 2.678123588863011)	(47.0, 2.675382553178078)	(48.0, 2.6463120778962437)	(49.0, 2.601789135011078)	(50.0, 2.568803724662636)	(51.0, 2.5376585856220997)	(52.0, 2.474087866136263)	(53.0, 2.3443584245673663)	(54.0, 2.221558088754658)	(55.0, 2.144843957874989)	(56.0, 2.070227736286332)	(57.0, 2.008979632903842)	(58.0, 1.9311090367917307)	(59.0, 1.8464604308834485)	(60.0, 1.8174267610277726)	(61.0, 1.8018890598059698)	(62.0, 1.636576519652945)	(63.0, 1.4221422954726826)	(64.0, 1.2494221790234137)	(65.0, 1.06372524416187)	(66.0, 0.9674984260353215)	(67.0, 0.8665120851682211)	(68.0, 0.7351922617637552)	(69.0, 0.611894084134066)	(70.0, 0.5013906349135536)	(71.0, 0.46184223594281154)	(72.0, 0.45068825468920987)	(73.0, 0.45843482833164706)	(74.0, 0.4894714882214016)	(75.0, 0.54283935615067)	(76.0, 0.5455687690694483)	(77.0, 0.6708970565209113)	(78.0, 0.7695724040508207)	(79.0, 0.6189239205302662)	(80.0, 0.5645235635408781)	(81.0, 0.6196329092657331)	(82.0, 0.6977495205947959)	(83.0, 0.5764988869361135)	(84.0, 0.4336027884410738)	(85.0, 0.4152775604697171)	(86.0, 0.47607625022753985)	(87.0, 0.5688666038275357)	(88.0, 0.42828343579737976)	(89.0, 0.23767975649065143)	(90.0, 0.11718266550436424)	(91.0, 0.05252715451070935)	(92.0, 0.027174027270844912)	(93.0, 0.016291243894197727)	(94.0, 0.009627524631886172)	(95.0, 0.0060690210607041)	(96.0, 0.004348851669735303)	(97.0, 0.0031187755849772106)	(98.0, 0.0017027352417360048)	(99.0, 0.0025008318510593656)	(100.0, 0.003438401654245061)
SRR26260943_2	(0.0, 0.6206890739484472)	(1.0, 0.31243694325403853)	(2.0, 0.003624900138457236)	(3.0, 0.0028867457008558426)	(4.0, 0.002561260279551291)	(5.0, 0.0023733311970123537)	(6.0, 0.002272585709465707)	(7.0, 0.002293897254908267)	(8.0, 0.0024527651391164406)	(9.0, 0.0025709473456615455)	(10.0, 0.002844122609970723)	(11.0, 0.0033381629815937026)	(12.0, 0.003975571931648449)	(13.0, 0.004783473245243674)	(14.0, 0.006128038021346999)	(15.0, 0.008208819821829668)	(16.0, 0.011729099646296155)	(17.0, 0.01750452846122989)	(18.0, 0.025707536043393407)	(19.0, 0.03873857737490777)	(20.0, 0.05943983765252165)	(21.0, 0.09073487342830985)	(22.0, 0.13607615506396709)	(23.0, 0.20092137560601075)	(24.0, 0.28722925982193426)	(25.0, 0.4023619779555312)	(26.0, 0.5523487599538237)	(27.0, 0.7306663354981666)	(28.0, 0.9393819244964882)	(29.0, 1.1707536237134728)	(30.0, 1.4096502358849032)	(31.0, 1.644788266405555)	(32.0, 1.8640046350673924)	(33.0, 2.0611267433449614)	(34.0, 2.224586296889396)	(35.0, 2.3620670765393497)	(36.0, 2.484405034445754)	(37.0, 2.5816670530191534)	(38.0, 2.64488097162823)	(39.0, 2.6807870508724996)	(40.0, 2.7001592456797865)	(41.0, 2.6935332924603723)	(42.0, 2.6726421656869976)	(43.0, 2.64303849165406)	(44.0, 2.60771751120285)	(45.0, 2.5878880868751586)	(46.0, 2.576585218137714)	(47.0, 2.55565728051312)	(48.0, 2.533245284360435)	(49.0, 2.498612085603053)	(50.0, 2.4563261046185705)	(51.0, 2.4111436908671213)	(52.0, 2.3404571694605942)	(53.0, 2.2736493493246126)	(54.0, 2.2390277750465635)	(55.0, 2.2195102742476225)	(56.0, 2.175327565718752)	(57.0, 2.097360245423757)	(58.0, 2.009426871514533)	(59.0, 1.9244848636201555)	(60.0, 1.8317002070029158)	(61.0, 1.7717915153506576)	(62.0, 1.6854603821760696)	(63.0, 1.5587768064126053)	(64.0, 1.428131220610047)	(65.0, 1.2285311608214748)	(66.0, 1.011659062158319)	(67.0, 0.8456944333177726)	(68.0, 0.7174744888692219)	(69.0, 0.6182518081151072)	(70.0, 0.5419990985216278)	(71.0, 0.5055892918396252)	(72.0, 0.5006101398589544)	(73.0, 0.44594796321201025)	(74.0, 0.41846769407044027)	(75.0, 0.47594105730258024)	(76.0, 0.5581338758348677)	(77.0, 0.7186078756041218)	(78.0, 0.8387352450241659)	(79.0, 0.6800882259233058)	(80.0, 0.4895126369230468)	(81.0, 0.5247948691098158)	(82.0, 0.5503842229466641)	(83.0, 0.5128662159016484)	(84.0, 0.5618537092212054)	(85.0, 0.6322651179502013)	(86.0, 0.6536289735497567)	(87.0, 0.6340862863789292)	(88.0, 0.4799611897383359)	(89.0, 0.2610644942581368)	(90.0, 0.1400013542518422)	(91.0, 0.0877183210415766)	(92.0, 0.06214834133694881)	(93.0, 0.04747049876669118)	(94.0, 0.03799461069764022)	(95.0, 0.030049279074009474)	(96.0, 0.0237584983420102)	(97.0, 0.019267574493296212)	(98.0, 0.01440466730594845)	(99.0, 0.010735206663384043)	(100.0, 0.0236519406147974)
SRR26260944_1	(0.0, 0.17892703011826777)	(1.0, 0.08971368700163382)	(2.0, 0.0005003438849998797)	(3.0, 0.0004530140580404315)	(4.0, 0.000505414937888392)	(5.0, 0.0006440237168410613)	(6.0, 0.0007454447746113071)	(7.0, 0.0008502465343072278)	(8.0, 0.0010480175969592074)	(9.0, 0.0014198948087834422)	(10.0, 0.001822198337938751)	(11.0, 0.0024493185451514377)	(12.0, 0.0032995650794586657)	(13.0, 0.004479430051519193)	(14.0, 0.006433475764559264)	(15.0, 0.009251290819609261)	(16.0, 0.013769598943273715)	(17.0, 0.021721009872460992)	(18.0, 0.03454739297847142)	(19.0, 0.05498373611917596)	(20.0, 0.08785092024058698)	(21.0, 0.13639949024424083)	(22.0, 0.2093651799060814)	(23.0, 0.3025829644536772)	(24.0, 0.4203716905970779)	(25.0, 0.5754647721393379)	(26.0, 0.7676441538062512)	(27.0, 0.9924523801088153)	(28.0, 1.2415915181704615)	(29.0, 1.4987665847094367)	(30.0, 1.7574359214995603)	(31.0, 2.013253636215377)	(32.0, 2.2410149056500184)	(33.0, 2.4383430963497346)	(34.0, 2.6162677483470396)	(35.0, 2.756467147555739)	(36.0, 2.8730946025876705)	(37.0, 2.9808375729589285)	(38.0, 3.055600105694265)	(39.0, 3.0974007946542716)	(40.0, 3.105583783665368)	(41.0, 3.0969359481394916)	(42.0, 3.103129394067328)	(43.0, 3.0550253863669004)	(44.0, 2.9682343161800127)	(45.0, 2.9243511148337897)	(46.0, 2.892256421102396)	(47.0, 2.852325260307287)	(48.0, 2.7955396100617262)	(49.0, 2.7218504501877914)	(50.0, 2.6618227067955083)	(51.0, 2.6053632942857754)	(52.0, 2.51751913544904)	(53.0, 2.3652455593127923)	(54.0, 2.222647552087827)	(55.0, 2.133780730918575)	(56.0, 2.0357640399874835)	(57.0, 1.945920195961711)	(58.0, 1.8449606040043198)	(59.0, 1.7342645905009848)	(60.0, 1.6649720334813902)	(61.0, 1.5984719362524027)	(62.0, 1.4499762945180972)	(63.0, 1.285598115136971)	(64.0, 1.105374585830207)	(65.0, 0.9094899548527543)	(66.0, 0.8029386819102967)	(67.0, 0.7208839751212793)	(68.0, 0.6158658505021153)	(69.0, 0.4918938205366553)	(70.0, 0.3953494252941955)	(71.0, 0.3572641277505053)	(72.0, 0.31818828454259235)	(73.0, 0.29975331694188734)	(74.0, 0.3140283308230495)	(75.0, 0.3359775380754935)	(76.0, 0.31962846356292984)	(77.0, 0.3757379734233556)	(78.0, 0.4228311512480064)	(79.0, 0.33773550307684447)	(80.0, 0.292457762186281)	(81.0, 0.2892376436020757)	(82.0, 0.2684716820236179)	(83.0, 0.20044350752422543)	(84.0, 0.16048192041178572)	(85.0, 0.14282620460494877)	(86.0, 0.128901093373094)	(87.0, 0.13624228760469698)	(88.0, 0.09765495582504408)	(89.0, 0.045522841780174864)	(90.0, 0.018718946562461713)	(91.0, 0.008152562693764931)	(92.0, 0.004159953719542918)	(93.0, 0.0026724448722459785)	(94.0, 0.0018289597417901005)	(95.0, 0.0012525500634625365)	(96.0, 0.0009043377651180258)	(97.0, 0.0006930438947633468)	(98.0, 0.0008553175871957401)	(99.0, 0.0020081369438508683)	(100.0, 0.002265070290202158)
SRR26260944_2	(0.0, 0.18771723177956073)	(1.0, 0.09593448319364814)	(2.0, 0.0037122187290664715)	(3.0, 0.002978565300826559)	(4.0, 0.0024680507032955592)	(5.0, 0.002315910591448573)	(6.0, 0.0024646698119211823)	(7.0, 0.0024545271377980496)	(8.0, 0.0025136927368496556)	(9.0, 0.002723308002061059)	(10.0, 0.0030208264430062774)	(11.0, 0.0036733384782611307)	(12.0, 0.004450943494367951)	(13.0, 0.005455068232558062)	(14.0, 0.0072807495747219)	(15.0, 0.00981472765981782)	(16.0, 0.014549666029633479)	(17.0, 0.022195551872788148)	(18.0, 0.033529990205388646)	(19.0, 0.05372236393885813)	(20.0, 0.08694976436624)	(21.0, 0.13609440138419102)	(22.0, 0.20652851138659706)	(23.0, 0.3044441969256304)	(24.0, 0.43311416085168847)	(25.0, 0.595814486906543)	(26.0, 0.7956505238175599)	(27.0, 1.0232572024777131)	(28.0, 1.2687538678453851)	(29.0, 1.5262712924946562)	(30.0, 1.7771976694095784)	(31.0, 2.0115475359159274)	(32.0, 2.221840669847894)	(33.0, 2.410969423776257)	(34.0, 2.572057064645534)	(35.0, 2.7092620888462076)	(36.0, 2.830519448433943)	(37.0, 2.9267058080349826)	(38.0, 2.990829484287113)	(39.0, 3.016250406531057)	(40.0, 3.0179442331096205)	(41.0, 3.00355515942027)	(42.0, 2.9787343453952775)	(43.0, 2.932514179416163)	(44.0, 2.8780006868957004)	(45.0, 2.836106371430102)	(46.0, 2.793652518442044)	(47.0, 2.742753198800791)	(48.0, 2.6863092173055594)	(49.0, 2.6238506300553093)	(50.0, 2.559251938565079)	(51.0, 2.4928934931144853)	(52.0, 2.4014150247522665)	(53.0, 2.3156113825619404)	(54.0, 2.2618028058930357)	(55.0, 2.210602586919463)	(56.0, 2.1384290083049398)	(57.0, 2.0334709260330786)	(58.0, 1.9238877843610682)	(59.0, 1.8189432256547042)	(60.0, 1.6998682314491291)	(61.0, 1.618809670302742)	(62.0, 1.5363936812695422)	(63.0, 1.420234705874368)	(64.0, 1.2558506959150735)	(65.0, 1.0304432870939526)	(66.0, 0.8497261909050405)	(67.0, 0.7175519330694401)	(68.0, 0.5948323379622864)	(69.0, 0.4975742357955695)	(70.0, 0.4263270214176257)	(71.0, 0.3847133199361005)	(72.0, 0.3583964614779462)	(73.0, 0.3136486736923731)	(74.0, 0.28876362273126766)	(75.0, 0.3112380981424419)	(76.0, 0.34647712893757837)	(77.0, 0.4287443587503056)	(78.0, 0.4775542875221932)	(79.0, 0.3731168625219857)	(80.0, 0.25366151803679343)	(81.0, 0.24564880547951884)	(82.0, 0.25289405569480977)	(83.0, 0.22588749539628247)	(84.0, 0.2206876844624899)	(85.0, 0.20969471615870156)	(86.0, 0.1903509461602008)	(87.0, 0.16475928890185046)	(88.0, 0.11227940254307607)	(89.0, 0.06655622759599504)	(90.0, 0.0420177180007633)	(91.0, 0.027322673642031597)	(92.0, 0.020330990279818967)	(93.0, 0.016081209822226477)	(94.0, 0.01297924198623514)	(95.0, 0.010839137746254196)	(96.0, 0.008898506097361524)	(97.0, 0.00699844514496138)	(98.0, 0.005360403274075492)	(99.0, 0.004707891238820639)	(100.0, 0.015016229039297571)
SRR26260945_1	(0.0, 0.7105557930347048)	(1.0, 0.3554864676477329)	(2.0, 0.0003765115210764784)	(3.0, 0.00041714226076099045)	(4.0, 0.0005498693437303965)	(5.0, 0.0005823739354780061)	(6.0, 0.0006473831189732254)	(7.0, 0.0007801102019426315)	(8.0, 0.0009074198529541026)	(9.0, 0.001181000166829817)	(10.0, 0.0015629291198642305)	(11.0, 0.002061332859994245)	(12.0, 0.0029714614289273154)	(13.0, 0.004119957004009523)	(14.0, 0.005780399899116582)	(15.0, 0.008264292451829754)	(16.0, 0.012592820586219772)	(17.0, 0.019613812403703454)	(18.0, 0.030836022704565685)	(19.0, 0.04929050466927107)	(20.0, 0.07765076096906048)	(21.0, 0.12132067998197403)	(22.0, 0.18904399688811874)	(23.0, 0.2765571927365998)	(24.0, 0.3877283139453827)	(25.0, 0.5319728572573584)	(26.0, 0.7156563052231005)	(27.0, 0.9389574330972209)	(28.0, 1.1921275720714155)	(29.0, 1.4588169124966368)	(30.0, 1.727594672941642)	(31.0, 1.9932438664309395)	(32.0, 2.2327349897113486)	(33.0, 2.440558514481649)	(34.0, 2.6277795455159225)	(35.0, 2.7765178486370052)	(36.0, 2.8978927029385586)	(37.0, 3.003854963319787)	(38.0, 3.079078714771693)	(39.0, 3.123276833400505)	(40.0, 3.139366606315572)	(41.0, 3.130414300005084)	(42.0, 3.131270254254438)	(43.0, 3.085975105654144)	(44.0, 2.991977243752015)	(45.0, 2.939173534458023)	(46.0, 2.900679971680916)	(47.0, 2.866065290185691)	(48.0, 2.8161409459773417)	(49.0, 2.7343648105723135)	(50.0, 2.671620113635511)	(51.0, 2.6095498869774714)	(52.0, 2.5045356771888816)	(53.0, 2.355694442860598)	(54.0, 2.220044655349886)	(55.0, 2.1256919516545123)	(56.0, 2.034605959429773)	(57.0, 1.9459063459825041)	(58.0, 1.8456892721926657)	(59.0, 1.7271152302133645)	(60.0, 1.636086121024184)	(61.0, 1.5681054761000373)	(62.0, 1.423002269822729)	(63.0, 1.2529301196512983)	(64.0, 1.0703247406451852)	(65.0, 0.8753811603548755)	(66.0, 0.7623979081561632)	(67.0, 0.6717561453519747)	(68.0, 0.5651437931357941)	(69.0, 0.45939281260092507)	(70.0, 0.38415551756912464)	(71.0, 0.3576615665788438)	(72.0, 0.319338652908412)	(73.0, 0.2880367310554639)	(74.0, 0.29662606942476977)	(75.0, 0.31344719565415774)	(76.0, 0.293278096474766)	(77.0, 0.34325119757073685)	(78.0, 0.37810695478809025)	(79.0, 0.2920347958404199)	(80.0, 0.2525796388907797)	(81.0, 0.25170472362957325)	(82.0, 0.24176644470274158)	(83.0, 0.19708617462967315)	(84.0, 0.16067290572441345)	(85.0, 0.1379603222407712)	(86.0, 0.116826920172867)	(87.0, 0.11308618340591292)	(88.0, 0.08160006886639505)	(89.0, 0.04218554265643938)	(90.0, 0.02338705376240514)	(91.0, 0.013570667054627027)	(92.0, 0.007156427616432057)	(93.0, 0.004361032726137627)	(94.0, 0.002890199949558291)	(95.0, 0.002250942978521968)	(96.0, 0.001646899315212222)	(97.0, 0.0013895712972103124)	(98.0, 0.002326787025933057)	(99.0, 0.007738801551910064)	(100.0, 0.010531487726225527)
SRR26260945_2	(0.0, 0.7236917686682446)	(1.0, 0.36394133370662873)	(2.0, 0.003702954518556004)	(3.0, 0.0030740486266782638)	(4.0, 0.0026620068354480204)	(5.0, 0.0024288779272519617)	(6.0, 0.002488515554930023)	(7.0, 0.0023855051071224624)	(8.0, 0.002496647958704304)	(9.0, 0.0028192333084174556)	(10.0, 0.0030848918317106385)	(11.0, 0.0034698256103599455)	(12.0, 0.00427764438527187)	(13.0, 0.005584250591673037)	(14.0, 0.006993867245881764)	(15.0, 0.00925738629639001)	(16.0, 0.014223574201217682)	(17.0, 0.02144514875277932)	(18.0, 0.03216365692728183)	(19.0, 0.04959681981808247)	(20.0, 0.07828251873123007)	(21.0, 0.12424686486346696)	(22.0, 0.18903772573316466)	(23.0, 0.2822133865763616)	(24.0, 0.4067394639694122)	(25.0, 0.5653999508043788)	(26.0, 0.7637709652691601)	(27.0, 0.9911882152144154)	(28.0, 1.2417069134811454)	(29.0, 1.5058528096723125)	(30.0, 1.7647804134416492)	(31.0, 2.014255453224013)	(32.0, 2.2349363620429052)	(33.0, 2.425332199206375)	(34.0, 2.5896907902858546)	(35.0, 2.7300181282123335)	(36.0, 2.860117612992025)	(37.0, 2.956857977489615)	(38.0, 3.0187021973917645)	(39.0, 3.049271903179287)	(40.0, 3.053779965671497)	(41.0, 3.04235664916989)	(42.0, 3.00942312468531)	(43.0, 2.956955566334906)	(44.0, 2.9034226630900717)	(45.0, 2.8579462611842916)	(46.0, 2.81173252133631)	(47.0, 2.7549358133767305)	(48.0, 2.695525893004349)	(49.0, 2.6256116177568543)	(50.0, 2.562393021616851)	(51.0, 2.502619853875885)	(52.0, 2.4092923881622346)	(53.0, 2.3202046156162432)	(54.0, 2.2605100611117614)	(55.0, 2.20122754839851)	(56.0, 2.1254091480108874)	(57.0, 2.0283787277786813)	(58.0, 1.9211394300084939)	(59.0, 1.8060415193910933)	(60.0, 1.6862186821808351)	(61.0, 1.6054720451059978)	(62.0, 1.5040934996558095)	(63.0, 1.3436086435741459)	(64.0, 1.1664008545313023)	(65.0, 0.9720933311524034)	(66.0, 0.8063142802136827)	(67.0, 0.6839866626409461)	(68.0, 0.5680619576398268)	(69.0, 0.47409745363052463)	(70.0, 0.41087343588800507)	(71.0, 0.3790242319066621)	(72.0, 0.35128189183133113)	(73.0, 0.30363684891907616)	(74.0, 0.2761384809569736)	(75.0, 0.2937017623081627)	(76.0, 0.31478095289109936)	(77.0, 0.3730116747162103)	(78.0, 0.41173818148933694)	(79.0, 0.3233579280717078)	(80.0, 0.23220994656956503)	(81.0, 0.22713803741567173)	(82.0, 0.2300629919731548)	(83.0, 0.2059151743660561)	(84.0, 0.18795340522992718)	(85.0, 0.1687744863289142)	(86.0, 0.14789047343656028)	(87.0, 0.12456673941192203)	(88.0, 0.0871441280439384)	(89.0, 0.05471481259336339)	(90.0, 0.03899487609767798)	(91.0, 0.027514632769651128)	(92.0, 0.01950150425072613)	(93.0, 0.014687121216351707)	(94.0, 0.011466689321736381)	(95.0, 0.009883581387009656)	(96.0, 0.008506494347898052)	(97.0, 0.00737066862075679)	(98.0, 0.006554717442070584)	(99.0, 0.008048368935280216)	(100.0, 0.032112151703378056)
SRR26260946_1	(0.0, 0.8391732828512963)	(1.0, 0.4197824925914925)	(2.0, 0.0003357448557330585)	(3.0, 0.00029727409101364555)	(4.0, 0.00034623688247471655)	(5.0, 0.0004791358878690522)	(6.0, 0.0005910508397800717)	(7.0, 0.000699468449443872)	(8.0, 0.0008918222730409366)	(9.0, 0.0011261442036046337)	(10.0, 0.001451397032596034)	(11.0, 0.0019725010274317186)	(12.0, 0.0025915306051895455)	(13.0, 0.0037736322847496885)	(14.0, 0.0055048166971232715)	(15.0, 0.007764099788826978)	(16.0, 0.011544726758071106)	(17.0, 0.018525421883520948)	(18.0, 0.028664217058209866)	(19.0, 0.044961831930252084)	(20.0, 0.07109747054372235)	(21.0, 0.10904363392605242)	(22.0, 0.16451847665144587)	(23.0, 0.23763741101406102)	(24.0, 0.33061075731414047)	(25.0, 0.4486460581577939)	(26.0, 0.6018261512437546)	(27.0, 0.7891822727695428)	(28.0, 1.0115887582969636)	(29.0, 1.250558656707215)	(30.0, 1.497264676168316)	(31.0, 1.7513291037175667)	(32.0, 1.9794187703967185)	(33.0, 2.1876190517159344)	(34.0, 2.367487363490426)	(35.0, 2.5100844989363007)	(36.0, 2.6334182732844913)	(37.0, 2.731634135613153)	(38.0, 2.8003219373485413)	(39.0, 2.840135681490886)	(40.0, 2.8594130319575592)	(41.0, 2.866407716451998)	(42.0, 2.8743536780376804)	(43.0, 2.8406952562504415)	(44.0, 2.764785442774545)	(45.0, 2.7197676533683377)	(46.0, 2.6932543017921673)	(47.0, 2.6646670262633965)	(48.0, 2.626381620683086)	(49.0, 2.5651886233834893)	(50.0, 2.527221475947676)	(51.0, 2.503219216105009)	(52.0, 2.4396690101307863)	(53.0, 2.308700537656916)	(54.0, 2.190962510904276)	(55.0, 2.121533272612477)	(56.0, 2.0430459179003804)	(57.0, 1.978261150112889)	(58.0, 1.8985147521917929)	(59.0, 1.809657777716691)	(60.0, 1.7720858299548132)	(61.0, 1.7616147872666386)	(62.0, 1.6190910960079554)	(63.0, 1.4183506457020585)	(64.0, 1.247414546026965)	(65.0, 1.0682631894131533)	(66.0, 0.975513673016896)	(67.0, 0.8684495348027698)	(68.0, 0.7312033329951404)	(69.0, 0.6064356483255897)	(70.0, 0.4964197532548103)	(71.0, 0.4546999575877305)	(72.0, 0.4431377441184233)	(73.0, 0.4338348137408199)	(74.0, 0.44594960728518773)	(75.0, 0.49183124022645847)	(76.0, 0.4815840274421058)	(77.0, 0.5741551793837549)	(78.0, 0.6600324182642263)	(79.0, 0.5389649216922339)	(80.0, 0.47969895997085454)	(81.0, 0.5044741324501565)	(82.0, 0.5711229836554158)	(83.0, 0.47213420869011913)	(84.0, 0.3194577328877579)	(85.0, 0.28329171670926256)	(86.0, 0.29832329368781135)	(87.0, 0.35846359097099545)	(88.0, 0.28358549345802897)	(89.0, 0.15986701146264412)	(90.0, 0.0803899088945842)	(91.0, 0.03428444604949138)	(92.0, 0.017871418883290927)	(93.0, 0.010964167945032691)	(94.0, 0.006896758911516577)	(95.0, 0.005015188782512561)	(96.0, 0.00393101268587456)	(97.0, 0.003231544236430688)	(98.0, 0.0024341502040646744)	(99.0, 0.0062637399647698724)	(100.0, 0.00966665397131431)
SRR26260946_2	(0.0, 0.8480734544031153)	(1.0, 0.4260974507415351)	(2.0, 0.003558159321149384)	(3.0, 0.002910903200782977)	(4.0, 0.002638006025709573)	(5.0, 0.002515552165099712)	(6.0, 0.002550538982416815)	(7.0, 0.002421087758343534)	(8.0, 0.002417589076611823)	(9.0, 0.002596021844929049)	(10.0, 0.0027954467036365367)	(11.0, 0.0033237476451247936)	(12.0, 0.004149436533808426)	(13.0, 0.005104576646565341)	(14.0, 0.006595015064273932)	(15.0, 0.008785189828324585)	(16.0, 0.012948621089059852)	(17.0, 0.01925674425133354)	(18.0, 0.0282378602566339)	(19.0, 0.04322621279528087)	(20.0, 0.06599213482351984)	(21.0, 0.1007655325549886)	(22.0, 0.15165035966098334)	(23.0, 0.22286252762821496)	(24.0, 0.31727095547668593)	(25.0, 0.44097384546476737)	(26.0, 0.6015983237675876)	(27.0, 0.792500393776629)	(28.0, 1.0109615797863523)	(29.0, 1.2517828407434362)	(30.0, 1.492184259892715)	(31.0, 1.7329005603978476)	(32.0, 1.9542026759737197)	(33.0, 2.145311168204932)	(34.0, 2.306348490952094)	(35.0, 2.444060102593944)	(36.0, 2.568172338344635)	(37.0, 2.6667302027269146)	(38.0, 2.734755071636558)	(39.0, 2.762510113814216)	(40.0, 2.7780827462020588)	(41.0, 2.779261801945645)	(42.0, 2.756027056565357)	(43.0, 2.7183427556331052)	(44.0, 2.6677658125195007)	(45.0, 2.6318658392704215)	(46.0, 2.6056187289191306)	(47.0, 2.5695928031277093)	(48.0, 2.5301941481469195)	(49.0, 2.475590222360117)	(50.0, 2.428417496571467)	(51.0, 2.39420038923534)	(52.0, 2.322981223904645)	(53.0, 2.251328222039218)	(54.0, 2.223426235228828)	(55.0, 2.2053765361749345)	(56.0, 2.1509090589756688)	(57.0, 2.0694142653989402)	(58.0, 1.9921283859454595)	(59.0, 1.9060223298463372)	(60.0, 1.8078843072718631)	(61.0, 1.7489979950454468)	(62.0, 1.6852590112571484)	(63.0, 1.5793084323757651)	(64.0, 1.4368840964413019)	(65.0, 1.2295312249297587)	(66.0, 1.0195438460742379)	(67.0, 0.8603048457371747)	(68.0, 0.7341493798551644)	(69.0, 0.6321173245132966)	(70.0, 0.5512522936482762)	(71.0, 0.5092296273687037)	(72.0, 0.5010637042068918)	(73.0, 0.44281415205564695)	(74.0, 0.4066867644940063)	(75.0, 0.4601431226728081)	(76.0, 0.5237631512822283)	(77.0, 0.6511886386328495)	(78.0, 0.7580418774010141)	(79.0, 0.6158904386416243)	(80.0, 0.44890185826882295)	(81.0, 0.4712829253065738)	(82.0, 0.47122344771713465)	(83.0, 0.4175606673161619)	(84.0, 0.4271645486697067)	(85.0, 0.4432619833173059)	(86.0, 0.43552639800849435)	(87.0, 0.3914045226898957)	(88.0, 0.2571636033259028)	(89.0, 0.12735551371598697)	(90.0, 0.07223028435115933)	(91.0, 0.04573476759691716)	(92.0, 0.03304504895600387)	(93.0, 0.02695384406109622)	(94.0, 0.02266795893975109)	(95.0, 0.018983847076260135)	(96.0, 0.01663273295255081)	(97.0, 0.014788927679939475)	(98.0, 0.011941000750327285)	(99.0, 0.010912388321204454)	(100.0, 0.03092834650831913)
SRR26260947_1	(0.0, 0.866665882487997)	(1.0, 0.4335058447814032)	(2.0, 0.0003431873242425718)	(3.0, 0.0003615255782097321)	(4.0, 0.0004505970974787966)	(5.0, 0.0005658661224152329)	(6.0, 0.0006470783899840859)	(7.0, 0.0007702066666207338)	(8.0, 0.0009011941949575932)	(9.0, 0.0011369717459639402)	(10.0, 0.0016294848525105318)	(11.0, 0.0021953509749257647)	(12.0, 0.003044150158548614)	(13.0, 0.0041208676414776)	(14.0, 0.005391446666345136)	(15.0, 0.007937844217213684)	(16.0, 0.012331165917631951)	(17.0, 0.018746935055571328)	(18.0, 0.029440756868992533)	(19.0, 0.046573925575453756)	(20.0, 0.07198550607280449)	(21.0, 0.11101193026548842)	(22.0, 0.1707265246836959)	(23.0, 0.24603911397625663)	(24.0, 0.339726633743912)	(25.0, 0.46411239065259374)	(26.0, 0.6229269095093357)	(27.0, 0.8142630119015529)	(28.0, 1.0326506586458986)	(29.0, 1.2657717825775743)	(30.0, 1.5043288889352293)	(31.0, 1.743569750190803)	(32.0, 1.9554839932847412)	(33.0, 2.1389425057227793)	(34.0, 2.3084901426514435)	(35.0, 2.4411988471106496)	(36.0, 2.546062222796006)	(37.0, 2.636784184922115)	(38.0, 2.708908537774956)	(39.0, 2.7517178817860084)	(40.0, 2.7650052566605)	(41.0, 2.7707713276578882)	(42.0, 2.785056827498306)	(43.0, 2.7544109853686143)	(44.0, 2.6903921407692577)	(45.0, 2.658132532290456)	(46.0, 2.6440828100010445)	(47.0, 2.6364252790944716)	(48.0, 2.6033037726792134)	(49.0, 2.548964906423951)	(50.0, 2.525698901640758)	(51.0, 2.50299090372828)	(52.0, 2.4360641359998447)	(53.0, 2.310433997571963)	(54.0, 2.1978973724766333)	(55.0, 2.134305547219655)	(56.0, 2.0550240358184872)	(57.0, 1.9844138987932198)	(58.0, 1.912590817255553)	(59.0, 1.8356330246070813)	(60.0, 1.7976806981467597)	(61.0, 1.7805580084425652)	(62.0, 1.6344204625782646)	(63.0, 1.4307715325223826)	(64.0, 1.257000857680138)	(65.0, 1.0698877932015012)	(66.0, 0.9691610036610229)	(67.0, 0.8666737417396972)	(68.0, 0.729862507892981)	(69.0, 0.6050130551339867)	(70.0, 0.5012525944372269)	(71.0, 0.45937326187736616)	(72.0, 0.4447157574564716)	(73.0, 0.43972251287627045)	(74.0, 0.4627920363669582)	(75.0, 0.5176784304906691)	(76.0, 0.5131960372709817)	(77.0, 0.6218397130241398)	(78.0, 0.7092162536765252)	(79.0, 0.5732773967685324)	(80.0, 0.513573281352592)	(81.0, 0.5447954686069657)	(82.0, 0.6036141083313491)	(83.0, 0.4992432457525395)	(84.0, 0.38819463897911677)	(85.0, 0.3732253842407804)	(86.0, 0.40431920371738417)	(87.0, 0.47182493632106803)	(88.0, 0.35492642653212114)	(89.0, 0.19564035257336657)	(90.0, 0.09627321357702498)	(91.0, 0.041622597004320465)	(92.0, 0.02075104423912528)	(93.0, 0.012435955940301438)	(94.0, 0.007796377686609875)	(95.0, 0.005208064126673533)	(96.0, 0.003806497573469136)	(97.0, 0.00297341689324671)	(98.0, 0.0020355461903547962)	(99.0, 0.004448336462319747)	(100.0, 0.006138075577865235)
SRR26260947_2	(0.0, 0.8769199229263827)	(1.0, 0.4404775679886235)	(2.0, 0.003545222894687857)	(3.0, 0.002777484307737715)	(4.0, 0.002373963002651292)	(5.0, 0.002201025300471397)	(6.0, 0.002237709055479253)	(7.0, 0.002339899515858282)	(8.0, 0.0024211278305185362)	(9.0, 0.0025914452644835847)	(10.0, 0.002882295036331591)	(11.0, 0.003453513507168215)	(12.0, 0.00416884672982142)	(13.0, 0.00499685148571304)	(14.0, 0.006377732834937357)	(15.0, 0.00872549315544018)	(16.0, 0.012923162835624917)	(17.0, 0.019203945746612938)	(18.0, 0.028791507144737744)	(19.0, 0.04489305532497195)	(20.0, 0.0686012421329067)	(21.0, 0.10425523173232848)	(22.0, 0.1585812526307493)	(23.0, 0.23565120163404119)	(24.0, 0.335947208093736)	(25.0, 0.4662845896366506)	(26.0, 0.6334157774524453)	(27.0, 0.8252246513156681)	(28.0, 1.038066418139467)	(29.0, 1.2696693053815697)	(30.0, 1.5021814256942243)	(31.0, 1.7286014224073598)	(32.0, 1.9321700600188156)	(33.0, 2.1105736416948817)	(34.0, 2.255802007502771)	(35.0, 2.3761299644649703)	(36.0, 2.489202398740259)	(37.0, 2.581739791015792)	(38.0, 2.6453625235404896)	(39.0, 2.67846961243508)	(40.0, 2.6947781618042876)	(41.0, 2.6886362531086863)	(42.0, 2.669031406325202)	(43.0, 2.6421107706858646)	(44.0, 2.604433934024581)	(45.0, 2.575990922552418)	(46.0, 2.5569677753126294)	(47.0, 2.527348263412)	(48.0, 2.498868568184829)	(49.0, 2.4581915244175456)	(50.0, 2.4167257799175936)	(51.0, 2.381834288368692)	(52.0, 2.3149414611118657)	(53.0, 2.252296088631306)	(54.0, 2.227374717639897)	(55.0, 2.2067610675936966)	(56.0, 2.1537268389251953)	(57.0, 2.0733710735804856)	(58.0, 1.9945612664825352)	(59.0, 1.9195063037364606)	(60.0, 1.8281716145715423)	(61.0, 1.7680914846733176)	(62.0, 1.6903009619109426)	(63.0, 1.5679449173504518)	(64.0, 1.4235838603216766)	(65.0, 1.2225830855607709)	(66.0, 1.0171488169803442)	(67.0, 0.8577762433487112)	(68.0, 0.7308635523626015)	(69.0, 0.6259480130401316)	(70.0, 0.5441196569586778)	(71.0, 0.5071371913743286)	(72.0, 0.5034661956053281)	(73.0, 0.4467007049988848)	(74.0, 0.4097785055834771)	(75.0, 0.45882206576076656)	(76.0, 0.529464496833039)	(77.0, 0.6670888442814428)	(78.0, 0.771689951418131)	(79.0, 0.6236788607660743)	(80.0, 0.44319216585920485)	(81.0, 0.46131918136951566)	(82.0, 0.48249094854547864)	(83.0, 0.46158120819100035)	(84.0, 0.5165046502424063)	(85.0, 0.5588324629850431)	(86.0, 0.5521953235968359)	(87.0, 0.5271141162443214)	(88.0, 0.3895893389880818)	(89.0, 0.2120635471639894)	(90.0, 0.11755309292267652)	(91.0, 0.07519383696146151)	(92.0, 0.054860555614249566)	(93.0, 0.042686789488070864)	(94.0, 0.03371237085222023)	(95.0, 0.026124074102023605)	(96.0, 0.020472155562598834)	(97.0, 0.016143472471671756)	(98.0, 0.011935321718627634)	(99.0, 0.009781461246023481)	(100.0, 0.024606938805627247)
SRR26260948_1	(0.0, 1.1287844243768534)	(1.0, 0.5645327306030137)	(2.0, 0.0003079006437272559)	(3.0, 0.0003368309055539779)	(4.0, 0.0003926249819340847)	(5.0, 0.0004442861637675169)	(6.0, 0.0005910039201744644)	(7.0, 0.0007625190438614592)	(8.0, 0.0009133696948150814)	(9.0, 0.0012192038912689999)	(10.0, 0.0016366262404831323)	(11.0, 0.002219364371564247)	(12.0, 0.0031533985391127015)	(13.0, 0.00423621691034144)	(14.0, 0.005879042492644584)	(15.0, 0.00884646077715693)	(16.0, 0.013766671734973012)	(17.0, 0.021329868755387487)	(18.0, 0.03363762871538437)	(19.0, 0.05436822776150404)	(20.0, 0.08683624732017951)	(21.0, 0.13502786418167842)	(22.0, 0.2076035588685573)	(23.0, 0.30121568679800975)	(24.0, 0.4194577997783694)	(25.0, 0.5722467782743818)	(26.0, 0.7623103326868522)	(27.0, 0.984228171817817)	(28.0, 1.2324704827638253)	(29.0, 1.4866248993588518)	(30.0, 1.7389257127496944)	(31.0, 1.991296785347831)	(32.0, 2.2087035700811)	(33.0, 2.395950556860012)	(34.0, 2.5690878416565766)	(35.0, 2.7038966624272813)	(36.0, 2.8093454003384095)	(37.0, 2.8979732574445727)	(38.0, 2.96630653587929)	(39.0, 3.010462381215961)	(40.0, 3.019403898567692)	(41.0, 3.009825915455773)	(42.0, 3.0082533490807637)	(43.0, 2.96622594443563)	(44.0, 2.8846901343715605)	(45.0, 2.8321052506069466)	(46.0, 2.798765190298923)	(47.0, 2.7641707964959834)	(48.0, 2.7083105938031298)	(49.0, 2.629364042172552)	(50.0, 2.5770106005025517)	(51.0, 2.5228366187847415)	(52.0, 2.4367628905084233)	(53.0, 2.30954619701996)	(54.0, 2.185249393528722)	(55.0, 2.1035358689991455)	(56.0, 2.0212292741021214)	(57.0, 1.932758466988732)	(58.0, 1.8319778334680725)	(59.0, 1.7297961486960902)	(60.0, 1.6668810950120634)	(61.0, 1.6149864046367441)	(62.0, 1.4699176731539196)	(63.0, 1.300896751325843)	(64.0, 1.1286335737259)	(65.0, 0.9430645421329381)	(66.0, 0.8399446902988608)	(67.0, 0.7504530582324428)	(68.0, 0.636467826635158)	(69.0, 0.516299784796048)	(70.0, 0.4222330384664613)	(71.0, 0.38618179933581903)	(72.0, 0.3468159787787437)	(73.0, 0.32844319607150185)	(74.0, 0.3448032591345132)	(75.0, 0.36530654898056575)	(76.0, 0.34977306482688936)	(77.0, 0.3904118169043405)	(78.0, 0.42486362584541976)	(79.0, 0.34175938230088737)	(80.0, 0.2937744101667222)	(81.0, 0.2796109805552684)	(82.0, 0.27120673949460566)	(83.0, 0.22205009175645826)	(84.0, 0.16498928319779574)	(85.0, 0.1417066217691045)	(86.0, 0.13232288470087988)	(87.0, 0.12285029039990177)	(88.0, 0.07353245977443405)	(89.0, 0.036551319370789946)	(90.0, 0.02550202580025547)	(91.0, 0.016570840684891713)	(92.0, 0.008896055511717025)	(93.0, 0.005598005663470713)	(94.0, 0.0038105287720339586)	(95.0, 0.002814501186285386)	(96.0, 0.0021160420078973827)	(97.0, 0.0018701347823702457)	(98.0, 0.0030852057790925706)	(99.0, 0.010288840973946356)	(100.0, 0.013568292796732634)
SRR26260948_2	(0.0, 1.1372077946004724)	(1.0, 0.5707667620050261)	(2.0, 0.0038563505491711987)	(3.0, 0.003037522228810987)	(4.0, 0.0025991595926585505)	(5.0, 0.002437875226526994)	(6.0, 0.002499907675039131)	(7.0, 0.002632243565198357)	(8.0, 0.0027873246864787)	(9.0, 0.0029610155423126843)	(10.0, 0.003205009839793758)	(11.0, 0.0037550308832680415)	(12.0, 0.004671043372963935)	(13.0, 0.005715256256251578)	(14.0, 0.007199899523975397)	(15.0, 0.01013196659031575)	(16.0, 0.015071817240165614)	(17.0, 0.022217955308763825)	(18.0, 0.03392554609128786)	(19.0, 0.0536787454458361)	(20.0, 0.0849120832716972)	(21.0, 0.1327101525985827)	(22.0, 0.20245323446077856)	(23.0, 0.3000323437186542)	(24.0, 0.4270810015163625)	(25.0, 0.585276151712015)	(26.0, 0.7820575526305005)	(27.0, 1.007460725292486)	(28.0, 1.2499579730161332)	(29.0, 1.5010529181035621)	(30.0, 1.745839163177307)	(31.0, 1.9791204568003342)	(32.0, 2.1821857447530992)	(33.0, 2.362662950454311)	(34.0, 2.5193693218856725)	(35.0, 2.6469576619854362)	(36.0, 2.7610415380441076)	(37.0, 2.8527978681349775)	(38.0, 2.913215405237515)	(39.0, 2.9333821542488114)	(40.0, 2.9350363528758017)	(41.0, 2.9215711760521)	(42.0, 2.8885120164916986)	(43.0, 2.8449218149222197)	(44.0, 2.7943033369363155)	(45.0, 2.7498322745979644)	(46.0, 2.7057044584747136)	(47.0, 2.659740481875504)	(48.0, 2.6106500698712822)	(49.0, 2.5410786111166366)	(50.0, 2.4789510461834476)	(51.0, 2.427373132993889)	(52.0, 2.343499059360628)	(53.0, 2.2636074689218466)	(54.0, 2.217112081013716)	(55.0, 2.18648459343499)	(56.0, 2.128112059385069)	(57.0, 2.0303034300676983)	(58.0, 1.9327305240546742)	(59.0, 1.830428677716741)	(60.0, 1.7160367071637923)	(61.0, 1.6308620198600607)	(62.0, 1.542230057425919)	(63.0, 1.4298024477425213)	(64.0, 1.2732594284255756)	(65.0, 1.0614930556948414)	(66.0, 0.8789873889272823)	(67.0, 0.7435333343561795)	(68.0, 0.6280433894645661)	(69.0, 0.5309626075430713)	(70.0, 0.45786563796465246)	(71.0, 0.4191697965827813)	(72.0, 0.3932298943632892)	(73.0, 0.34715012386018995)	(74.0, 0.3265181314850531)	(75.0, 0.35366353095396436)	(76.0, 0.3897374675120559)	(77.0, 0.46632686394170797)	(78.0, 0.5040570668750737)	(79.0, 0.39336223025344846)	(80.0, 0.27187167984242766)	(81.0, 0.2628438908356279)	(82.0, 0.2682303751147652)	(83.0, 0.22987157670314326)	(84.0, 0.2018308422273735)	(85.0, 0.17690206891862928)	(86.0, 0.15198570209958745)	(87.0, 0.12051870871766397)	(88.0, 0.07423423113447464)	(89.0, 0.042934725363533925)	(90.0, 0.03254842573431842)	(91.0, 0.023239422960930352)	(92.0, 0.015946474764186747)	(93.0, 0.012214189112039824)	(94.0, 0.009687400709312101)	(95.0, 0.008326822338612557)	(96.0, 0.0074211485903353525)	(97.0, 0.007073766878667384)	(98.0, 0.006641607487366161)	(99.0, 0.007822291757380508)	(100.0, 0.03168617469999971)
SRR26260949_1	(0.0, 0.8571552035181044)	(1.0, 0.42876420870076454)	(2.0, 0.0003658959641419028)	(3.0, 0.0003549190852176457)	(4.0, 0.0004061445201975121)	(5.0, 0.00048298267266731174)	(6.0, 0.0006110462601169777)	(7.0, 0.0007939942421879291)	(8.0, 0.001024508699597328)	(9.0, 0.001295271713062336)	(10.0, 0.0015806705650930199)	(11.0, 0.0021221965920230363)	(12.0, 0.0029564393902665746)	(13.0, 0.004013878726636674)	(14.0, 0.0054042833903759045)	(15.0, 0.007888716986899424)	(16.0, 0.011913572592460356)	(17.0, 0.018452133471676156)	(18.0, 0.029110682907129783)	(19.0, 0.04461735386746363)	(20.0, 0.06827984586852048)	(21.0, 0.1056670954845401)	(22.0, 0.16267368669784857)	(23.0, 0.23558211651276412)	(24.0, 0.3284391942926962)	(25.0, 0.4499788567017121)	(26.0, 0.6096485375339555)	(27.0, 0.8094496877132831)	(28.0, 1.0360344224677978)	(29.0, 1.2763475737969165)	(30.0, 1.5252885519605015)	(31.0, 1.7720048826621038)	(32.0, 1.9967967271923233)	(33.0, 2.198785935237219)	(34.0, 2.3851806572903875)	(35.0, 2.5300278926152426)	(36.0, 2.647959820817819)	(37.0, 2.7465285345980064)	(38.0, 2.8130667156772113)	(39.0, 2.8655654686122913)	(40.0, 2.8850018622275093)	(41.0, 2.879275590388689)	(42.0, 2.8883900588554634)	(43.0, 2.854277578118514)	(44.0, 2.787197871012379)	(45.0, 2.7558405868854177)	(46.0, 2.7314499619157186)	(47.0, 2.7074910941837067)	(48.0, 2.673561561428828)	(49.0, 2.623397224744973)	(50.0, 2.5801666165816073)	(51.0, 2.538988684777078)	(52.0, 2.464803278047307)	(53.0, 2.3339698581490866)	(54.0, 2.212141137928399)	(55.0, 2.1298218639157533)	(56.0, 2.0416189827997067)	(57.0, 1.967784836195512)	(58.0, 1.8887366721022953)	(59.0, 1.7994909874884435)	(60.0, 1.7466373154681458)	(61.0, 1.714811684507083)	(62.0, 1.5778714609673345)	(63.0, 1.3863541954161798)	(64.0, 1.196688363443583)	(65.0, 1.0024634677577782)	(66.0, 0.8995918174392822)	(67.0, 0.8015609707263835)	(68.0, 0.6815983199228194)	(69.0, 0.5633004957561007)	(70.0, 0.4670039959132348)	(71.0, 0.43195848046772334)	(72.0, 0.41283309842202615)	(73.0, 0.40718732369531657)	(74.0, 0.43174260184887964)	(75.0, 0.4773076262634708)	(76.0, 0.46329746979647735)	(77.0, 0.5471864374952914)	(78.0, 0.6181446418213307)	(79.0, 0.4979112280043013)	(80.0, 0.450816758459597)	(81.0, 0.480392129241187)	(82.0, 0.5291916739787926)	(83.0, 0.4410583130959325)	(84.0, 0.3415565646071834)	(85.0, 0.3295515180236876)	(86.0, 0.3475682352980349)	(87.0, 0.39385041580234414)	(88.0, 0.3005762166232903)	(89.0, 0.16520934572935195)	(90.0, 0.07910304848783797)	(91.0, 0.03312090267412504)	(92.0, 0.015909156520889933)	(93.0, 0.009974323982508271)	(94.0, 0.006194618672922415)	(95.0, 0.004313913417233034)	(96.0, 0.003457716861140981)	(97.0, 0.0026051792646903478)	(98.0, 0.001972179246724856)	(99.0, 0.004573699551773785)	(100.0, 0.007526479982398941)
SRR26260949_2	(0.0, 0.8629370787066385)	(1.0, 0.43332090127584544)	(2.0, 0.0033606091796028153)	(3.0, 0.0027675605008493777)	(4.0, 0.0025076441046055866)	(5.0, 0.002456392984219487)	(6.0, 0.0024051418638333876)	(7.0, 0.002456392984219487)	(8.0, 0.002496661721665708)	(9.0, 0.002716309380463278)	(10.0, 0.003140961520805246)	(11.0, 0.0036790982848592915)	(12.0, 0.004286790140865901)	(13.0, 0.005381367640540456)	(14.0, 0.006896936486243686)	(15.0, 0.009020197187953527)	(16.0, 0.013017784578069295)	(17.0, 0.019376584300258935)	(18.0, 0.029326623243788843)	(19.0, 0.04431025436809638)	(20.0, 0.06840194174387648)	(21.0, 0.10545284098871319)	(22.0, 0.15845016026225345)	(23.0, 0.23573684980449164)	(24.0, 0.3413031754169169)	(25.0, 0.4732967751770031)	(26.0, 0.6424291332454449)	(27.0, 0.8421437670071351)	(28.0, 1.063581554223905)	(29.0, 1.3095283593681704)	(30.0, 1.5542231728572895)	(31.0, 1.7858233250877602)	(32.0, 1.9973366989211931)	(33.0, 2.183455142603314)	(34.0, 2.3461957538007465)	(35.0, 2.4816488041868943)	(36.0, 2.596963825055618)	(37.0, 2.6931511956373875)	(38.0, 2.7607953529584126)	(39.0, 2.792618637923867)	(40.0, 2.8086346130445228)	(41.0, 2.805570528204297)	(42.0, 2.7791066461135028)	(43.0, 2.7439483775286386)	(44.0, 2.700110365626957)	(45.0, 2.658274808214647)	(46.0, 2.626228214796081)	(47.0, 2.595429952238349)	(48.0, 2.5666268225813607)	(49.0, 2.515189001685283)	(50.0, 2.456458878517126)	(51.0, 2.4111785136560075)	(52.0, 2.3389071123229805)	(53.0, 2.271515549809573)	(54.0, 2.2361705807147305)	(55.0, 2.2036151368866173)	(56.0, 2.141125377958709)	(57.0, 2.057651946027006)	(58.0, 1.9723847248817892)	(59.0, 1.880579325093032)	(60.0, 1.7818806496123436)	(61.0, 1.7177947843638397)	(62.0, 1.6440224573623623)	(63.0, 1.501009866719265)	(64.0, 1.3207706587042927)	(65.0, 1.1216197872668496)	(66.0, 0.941640495648121)	(67.0, 0.7970171555071746)	(68.0, 0.6744720658696971)	(69.0, 0.5752938263339679)	(70.0, 0.49932502274451507)	(71.0, 0.4628452074125521)	(72.0, 0.4571014211349956)	(73.0, 0.4098222625788187)	(74.0, 0.3745285446043626)	(75.0, 0.4153573835805175)	(76.0, 0.4747720752852601)	(77.0, 0.5898930740553796)	(78.0, 0.6774995427667903)	(79.0, 0.5509568657391971)	(80.0, 0.39449085599474837)	(81.0, 0.41088023213536035)	(82.0, 0.4319371210254207)	(83.0, 0.40414070980458827)	(84.0, 0.4472941531696841)	(85.0, 0.4761888026845044)	(86.0, 0.45036555959853686)	(87.0, 0.4173451948926355)	(88.0, 0.30831209706552193)	(89.0, 0.17811594731326252)	(90.0, 0.10762003122218254)	(91.0, 0.07007492474505131)	(92.0, 0.0528252619408155)	(93.0, 0.04283129346552608)	(94.0, 0.03520951970525041)	(95.0, 0.02890197110344687)	(96.0, 0.024439462835542915)	(97.0, 0.02025151414113592)	(98.0, 0.014742018699630214)	(99.0, 0.010934792613805675)	(100.0, 0.028371155928019413)
SRR26260950_1	(0.0, 0.33335803907131517)	(1.0, 0.16682359441199127)	(2.0, 0.00027107789312568825)	(3.0, 0.00029366771755282896)	(4.0, 0.0004156527694593887)	(5.0, 0.0006008893297619423)	(6.0, 0.0007432052236529287)	(7.0, 0.0008606723106740603)	(8.0, 0.0011091603793726079)	(9.0, 0.0014163819915817212)	(10.0, 0.0018004090068431129)	(11.0, 0.002457772897672907)	(12.0, 0.0032755245419354003)	(13.0, 0.004459231341917572)	(14.0, 0.006051813964030991)	(15.0, 0.008697082404449165)	(16.0, 0.013655548866206547)	(17.0, 0.021031126541667982)	(18.0, 0.03214306117737849)	(19.0, 0.04954400293360496)	(20.0, 0.07582500467214043)	(21.0, 0.11392274356851322)	(22.0, 0.17038375074170867)	(23.0, 0.24506119233295032)	(24.0, 0.34528094840396)	(25.0, 0.4736024460623327)	(26.0, 0.6332221454645088)	(27.0, 0.8337429809744659)	(28.0, 1.0687833271915366)	(29.0, 1.3207186030976659)	(30.0, 1.5875405733012808)	(31.0, 1.8678057480214874)	(32.0, 2.1312369855785884)	(33.0, 2.35148777374321)	(34.0, 2.546686446618133)	(35.0, 2.6934864206579068)	(36.0, 2.7968461623242886)	(37.0, 2.8802432761444066)	(38.0, 2.9288001037505453)	(39.0, 2.9486000848609346)	(40.0, 2.9397335787732817)	(41.0, 2.909829169196633)	(42.0, 2.8846008532764023)	(43.0, 2.8287633252573956)	(44.0, 2.7491590429585946)	(45.0, 2.7111042247286337)	(46.0, 2.671346133736866)	(47.0, 2.6328575908779035)	(48.0, 2.611600566091964)	(49.0, 2.5785358400779583)	(50.0, 2.52431122552305)	(51.0, 2.4584415564759503)	(52.0, 2.383479483096927)	(53.0, 2.244296797853985)	(54.0, 2.09460758526998)	(55.0, 1.996118209750089)	(56.0, 1.9123461048444805)	(57.0, 1.8360331599647137)	(58.0, 1.7354293768784428)	(59.0, 1.6313896814968036)	(60.0, 1.5951985237820814)	(61.0, 1.5949409997836121)	(62.0, 1.4359425205531822)	(63.0, 1.224592123212854)	(64.0, 1.0704436792869314)	(65.0, 0.9008618673123864)	(66.0, 0.8560775403855799)	(67.0, 0.7820574626851681)	(68.0, 0.6332853969729049)	(69.0, 0.5191119063532503)	(70.0, 0.4385227077094259)	(71.0, 0.44300678785821335)	(72.0, 0.4514531232115212)	(73.0, 0.48043586795154275)	(74.0, 0.5432807595078482)	(75.0, 0.6165237472479664)	(76.0, 0.6219656359524646)	(77.0, 0.8175867385441747)	(78.0, 0.9875232107622262)	(79.0, 0.7633937497434643)	(80.0, 0.6136751703877039)	(81.0, 0.5997169178741738)	(82.0, 0.6024254378229879)	(83.0, 0.48353519186294647)	(84.0, 0.3475602616886585)	(85.0, 0.3001668100405173)	(86.0, 0.3111612775892067)	(87.0, 0.37885846343246193)	(88.0, 0.2949666324573896)	(89.0, 0.15561452353124405)	(90.0, 0.06833421889210059)	(91.0, 0.02421177382100939)	(92.0, 0.012966559221178755)	(93.0, 0.008830362368569296)	(94.0, 0.006243827471661686)	(95.0, 0.004163304641922029)	(96.0, 0.003076734086976562)	(97.0, 0.0025820169320221807)	(98.0, 0.0017213446213481206)	(99.0, 0.003239380822851975)	(100.0, 0.004477303201459284)
SRR26260950_2	(0.0, 0.3420038181930948)	(1.0, 0.17299697655773139)	(2.0, 0.003508878558571667)	(3.0, 0.0029553207692284227)	(4.0, 0.0027045251993627084)	(5.0, 0.0024017629798851786)	(6.0, 0.0023949847212401594)	(7.0, 0.0025463658309789238)	(8.0, 0.0026344831933641753)	(9.0, 0.0027610106880712024)	(10.0, 0.003113480137612207)	(11.0, 0.0037980842607591584)	(12.0, 0.0046792578846116695)	(13.0, 0.006016834257228815)	(14.0, 0.007779181504933838)	(15.0, 0.010382032824621256)	(16.0, 0.01481953281756057)	(17.0, 0.021812436319672168)	(18.0, 0.03235262851267721)	(19.0, 0.048839612956912526)	(20.0, 0.07450210018695567)	(21.0, 0.11180737634959366)	(22.0, 0.1654821471399533)	(23.0, 0.24037964574786844)	(24.0, 0.3451895997562538)	(25.0, 0.4809355262205074)	(26.0, 0.6500124098618693)	(27.0, 0.8506895353063112)	(28.0, 1.0810802872309695)	(29.0, 1.3377435696637228)	(30.0, 1.6016098816165831)	(31.0, 1.8703723557306957)	(32.0, 2.1278354726835613)	(33.0, 2.3370938735725977)	(34.0, 2.5017852238706317)	(35.0, 2.643035096354641)	(36.0, 2.750009574290336)	(37.0, 2.8203068946978314)	(38.0, 2.8597879918855207)	(39.0, 2.867664328431033)	(40.0, 2.8634301761974443)	(41.0, 2.832767593506925)	(42.0, 2.7783201012310332)	(43.0, 2.7212177909858424)	(44.0, 2.6635122157212443)	(45.0, 2.6170382150314437)	(46.0, 2.5765765297597754)	(47.0, 2.5420864903543685)	(48.0, 2.513642657660319)	(49.0, 2.4779280128597123)	(50.0, 2.425507219918681)	(51.0, 2.356240194825229)	(52.0, 2.2651765493489426)	(53.0, 2.1830556864449853)	(54.0, 2.128845433221669)	(55.0, 2.0837496784563556)	(56.0, 2.034266130928166)	(57.0, 1.951151123422939)	(58.0, 1.850643104234593)	(59.0, 1.7408059417311514)	(60.0, 1.6251937028621537)	(61.0, 1.5622575713431492)	(62.0, 1.480981731350271)	(63.0, 1.367330668649232)	(64.0, 1.2529294786581442)	(65.0, 1.0646023404649274)	(66.0, 0.8613675520917651)	(67.0, 0.7128468675011984)	(68.0, 0.594286086121617)	(69.0, 0.5194405541633138)	(70.0, 0.47871451680448934)	(71.0, 0.4738658024537522)	(72.0, 0.5120115826883727)	(73.0, 0.46340694936448745)	(74.0, 0.4296331459559045)	(75.0, 0.5417884729159426)	(76.0, 0.675665859413719)	(77.0, 0.9120440731414778)	(78.0, 1.0590034988241415)	(79.0, 0.8163463581715467)	(80.0, 0.5302066883111528)	(81.0, 0.5262097751301398)	(82.0, 0.5432299825877832)	(83.0, 0.4788455631382931)	(84.0, 0.48888868303066335)	(85.0, 0.49015395797773365)	(86.0, 0.45647279077063263)	(87.0, 0.404061035507795)	(88.0, 0.2580663819722722)	(89.0, 0.11422495526631721)	(90.0, 0.06279604750700732)	(91.0, 0.04050461424308711)	(92.0, 0.031252291192635735)	(93.0, 0.027090440384593878)	(94.0, 0.024024408057496806)	(95.0, 0.022047415952699503)	(96.0, 0.02019243250351255)	(97.0, 0.017528576856019957)	(98.0, 0.013486475284040105)	(99.0, 0.009968559047275078)	(100.0, 0.023247167732867922)
SRR26260951_1	(0.0, 0.4618046818429232)	(1.0, 0.23103589871244248)	(2.0, 0.00025439579234447376)	(3.0, 0.00030527495081336854)	(4.0, 0.0003561541092822633)	(5.0, 0.0004324728469856054)	(6.0, 0.0005564907957535364)	(7.0, 0.0007059483237559147)	(8.0, 0.0009253646946530233)	(9.0, 0.0011924802766147208)	(10.0, 0.0015009351748323952)	(11.0, 0.0019842871802868956)	(12.0, 0.002747474557320317)	(13.0, 0.003854096254018778)	(14.0, 0.005227833532678936)	(15.0, 0.007526935505992117)	(16.0, 0.011803964764783584)	(17.0, 0.01848185431382602)	(18.0, 0.028934341431779587)	(19.0, 0.045791242622005277)	(20.0, 0.07234062350055542)	(21.0, 0.1110405834109585)	(22.0, 0.16974241249444583)	(23.0, 0.24589897288016835)	(24.0, 0.3411733770605781)	(25.0, 0.4706226759950635)	(26.0, 0.6354775093290912)	(27.0, 0.8272951167042287)	(28.0, 1.0448480384224141)	(29.0, 1.2770191783581937)	(30.0, 1.5109202096819159)	(31.0, 1.7480616074106257)	(32.0, 1.9587172232088716)	(33.0, 2.1415769187460794)	(34.0, 2.3080471653614945)	(35.0, 2.4335978487783008)	(36.0, 2.5423774895847977)	(37.0, 2.6394930833123005)	(38.0, 2.7059380843252727)	(39.0, 2.7508421216214765)	(40.0, 2.7795920261038067)	(41.0, 2.780657308484249)	(42.0, 2.78280695292956)	(43.0, 2.757663108803713)	(44.0, 2.7003222972092686)	(45.0, 2.676475871624379)	(46.0, 2.6694386480186494)	(47.0, 2.661014967344643)	(48.0, 2.633206327293988)	(49.0, 2.5830839963073178)	(50.0, 2.5548619630941025)	(51.0, 2.5312603934593443)	(52.0, 2.4642175623343627)	(53.0, 2.3359671035713006)	(54.0, 2.2199976016836676)	(55.0, 2.1513934163831716)	(56.0, 2.077427839759016)	(57.0, 2.0126554910807086)	(58.0, 1.9405883430569235)	(59.0, 1.852936272804635)	(60.0, 1.804597892311781)	(61.0, 1.7747286463431353)	(62.0, 1.6263141410893693)	(63.0, 1.43942863213831)	(64.0, 1.2607601072799777)	(65.0, 1.0645891519083452)	(66.0, 0.966242918535376)	(67.0, 0.8678394461091292)	(68.0, 0.7340304392833403)	(69.0, 0.6058308596787471)	(70.0, 0.4988860485245346)	(71.0, 0.45915896560254077)	(72.0, 0.4393160937996718)	(73.0, 0.4439715367995757)	(74.0, 0.47992084220525405)	(75.0, 0.5303738877219718)	(76.0, 0.5238231960691017)	(77.0, 0.6368703262921772)	(78.0, 0.7265893623572645)	(79.0, 0.5903286160827557)	(80.0, 0.5353727650415407)	(81.0, 0.5588789362541702)	(82.0, 0.5857749313997896)	(83.0, 0.47454673109197704)	(84.0, 0.39189989805406616)	(85.0, 0.3884687348048201)	(86.0, 0.41464606183706637)	(87.0, 0.49099659901445164)	(88.0, 0.37207292598821873)	(89.0, 0.19325494360188383)	(90.0, 0.09083519760399868)	(91.0, 0.04010231671570198)	(92.0, 0.020532920389603342)	(93.0, 0.01210287982078834)	(94.0, 0.007326598819520845)	(95.0, 0.004722221895394295)	(96.0, 0.003354844511542748)	(97.0, 0.002575757397487797)	(98.0, 0.0021273848134806617)	(99.0, 0.004553684682966081)	(100.0, 0.006232696912439608)
SRR26260951_2	(0.0, 0.4697077346530111)	(1.0, 0.2368035879439455)	(2.0, 0.003457334928478332)	(3.0, 0.002849836334789867)	(4.0, 0.002506329276578588)	(5.0, 0.0023218532638354943)	(6.0, 0.0023504788520197673)	(7.0, 0.002204170290189038)	(8.0, 0.0022264346365545836)	(9.0, 0.0024681618256662237)	(10.0, 0.002856197576608594)	(11.0, 0.0034509736866596046)	(12.0, 0.003943969927610977)	(13.0, 0.004901336821329448)	(14.0, 0.006386686786002292)	(15.0, 0.008683095082562875)	(16.0, 0.012649329356539398)	(17.0, 0.018962861861626323)	(18.0, 0.028867315373384855)	(19.0, 0.04425833995379575)	(20.0, 0.06902583497501082)	(21.0, 0.10721555023374064)	(22.0, 0.16302272470943596)	(23.0, 0.2428213227044616)	(24.0, 0.3483225182680552)	(25.0, 0.48347982319055594)	(26.0, 0.653289992920574)	(27.0, 0.8514840236457537)	(28.0, 1.0686409162325596)	(29.0, 1.2992900027168863)	(30.0, 1.5266662302854779)	(31.0, 1.7471500523434782)	(32.0, 1.9448956155204378)	(33.0, 2.1148075651195555)	(34.0, 2.265330449655192)	(35.0, 2.3856088099636894)	(36.0, 2.495518346107661)	(37.0, 2.593955382631558)	(38.0, 2.6540595759558037)	(39.0, 2.683648892275614)	(40.0, 2.698133439896856)	(41.0, 2.695881560293027)	(42.0, 2.682662899793711)	(43.0, 2.6518395025610677)	(44.0, 2.6151860272015606)	(45.0, 2.5940317175333827)	(46.0, 2.5729823683552135)	(47.0, 2.548233957059455)	(48.0, 2.523590506253705)	(49.0, 2.4823855623728983)	(50.0, 2.4387728884637037)	(51.0, 2.396362489258248)	(52.0, 2.3302532836571235)	(53.0, 2.2710460254293183)	(54.0, 2.244080721359733)	(55.0, 2.2214728679359763)	(56.0, 2.1748704103719794)	(57.0, 2.0959178575388444)	(58.0, 2.009389065699605)	(59.0, 1.922081021737572)	(60.0, 1.822314485673561)	(61.0, 1.760352809738247)	(62.0, 1.688248133722972)	(63.0, 1.5765924366997597)	(64.0, 1.4265689096468932)	(65.0, 1.2110150499984065)	(66.0, 1.005737776508074)	(67.0, 0.8468657620853576)	(68.0, 0.7179551966288472)	(69.0, 0.6155869126609769)	(70.0, 0.5356738123132141)	(71.0, 0.5008428327347724)	(72.0, 0.49439889477240145)	(73.0, 0.4395490871904246)	(74.0, 0.41285095527722576)	(75.0, 0.4662503997245328)	(76.0, 0.5446399826567103)	(77.0, 0.7006876057119117)	(78.0, 0.8041373007889657)	(79.0, 0.6413213164386384)	(80.0, 0.44126980310239033)	(81.0, 0.44840711642300246)	(82.0, 0.48196266701678936)	(83.0, 0.461590790092315)	(84.0, 0.5257757200432742)	(85.0, 0.569264349737004)	(86.0, 0.5546303129330217)	(87.0, 0.5373468189115393)	(88.0, 0.3998422157579283)	(89.0, 0.2175322058541109)	(90.0, 0.1180996349855832)	(91.0, 0.07365045777722562)	(92.0, 0.05199997124718697)	(93.0, 0.040629251496211785)	(94.0, 0.03248368134733137)	(95.0, 0.0251841563603417)	(96.0, 0.01968486280805188)	(97.0, 0.015655016115888085)	(98.0, 0.011730129913733291)	(99.0, 0.00934148361080116)	(100.0, 0.023065862834705485)
SRR26260989_1	(0.0, 0.001693938795026491)	(1.0, 0.0008469693975132455)	(2.0, 3.6156644504300767e-06)	(3.0, 7.231328900860153e-06)	(4.0, 1.3558741689112787e-05)	(5.0, 2.7117483378225574e-05)	(6.0, 4.9715386193413546e-05)	(7.0, 6.779370844556392e-05)	(8.0, 7.683286957163913e-05)	(9.0, 0.00011298951407593988)	(10.0, 0.00018711063530975648)	(11.0, 0.00031817847163784674)	(12.0, 0.0005007695263845656)	(13.0, 0.0007168054772977627)	(14.0, 0.001103681573493781)	(15.0, 0.0016532625699591525)	(16.0, 0.002533676863638876)	(17.0, 0.004020618868878245)	(18.0, 0.006496445101310241)	(19.0, 0.010178095427960665)	(20.0, 0.015941464561946207)	(21.0, 0.024621770991316214)	(22.0, 0.037979843303430134)	(23.0, 0.06466254303149148)	(24.0, 0.13691888532499874)	(25.0, 0.2073746267221918)	(26.0, 0.268171120540061)	(27.0, 0.42906095725529847)	(28.0, 0.7097983195928291)	(29.0, 1.1132721234485465)	(30.0, 1.6642966739457525)	(31.0, 2.3152157057955534)	(32.0, 3.0813695793450107)	(33.0, 3.7485554855572962)	(34.0, 4.696309721794055)	(35.0, 5.998864590970953)	(36.0, 6.68903798784296)	(37.0, 7.014304065719763)	(38.0, 7.1491954672041835)	(39.0, 6.658062590496126)	(40.0, 6.067704130358805)	(41.0, 5.5120289314622335)	(42.0, 4.767725422102838)	(43.0, 3.9987459067853686)	(44.0, 3.222847817542002)	(45.0, 2.7684591308114403)	(46.0, 2.5870278004371974)	(47.0, 2.5982110505823774)	(48.0, 2.3929226622480835)	(49.0, 1.9441942982146707)	(50.0, 1.6711718598982455)	(51.0, 1.4064871438045115)	(52.0, 1.2877089509434332)	(53.0, 1.1516569211704248)	(54.0, 1.0010554576488861)	(55.0, 0.7305350591321582)	(56.0, 0.4357833813847606)	(57.0, 0.36562683622084063)	(58.0, 0.33268542132908485)	(59.0, 0.306208814474698)	(60.0, 0.28485831589490834)	(61.0, 0.2821574145504371)	(62.0, 0.2803830272213885)	(63.0, 0.2601344023828675)	(64.0, 0.21063505214036715)	(65.0, 0.15832723453599523)	(66.0, 0.14081295593811194)	(67.0, 0.1271403208188106)	(68.0, 0.10729755431485034)	(69.0, 0.08684645226710523)	(70.0, 0.07031111481917587)	(71.0, 0.06691781373244725)	(72.0, 0.06733632689258454)	(73.0, 0.07178901766328917)	(74.0, 0.08152871377663519)	(75.0, 0.09340797932852321)	(76.0, 0.08945334633586531)	(77.0, 0.11468978028375462)	(78.0, 0.1325385078433027)	(79.0, 0.09714205678970488)	(80.0, 0.07772955435534579)	(81.0, 0.0723096733441511)	(82.0, 0.07075222588212834)	(83.0, 0.06275979961445266)	(84.0, 0.05278056573126565)	(85.0, 0.04682647029751992)	(86.0, 0.04435064406508793)	(87.0, 0.04254010009153506)	(88.0, 0.033528960364950705)	(89.0, 0.02368712173088004)	(90.0, 0.014021546738767838)	(91.0, 0.008219309211940171)	(92.0, 0.00562958954931963)	(93.0, 0.004344220837191737)	(94.0, 0.0035804117220383834)	(95.0, 0.002946766527100512)	(96.0, 0.002471306651868957)	(97.0, 0.002191996573073234)	(98.0, 0.0017816186579494202)	(99.0, 0.0010404074456112546)	(100.0, 0.0003913956767590558)
SRR26260989_2	(0.0, 0.0021228235701621486)	(1.0, 0.002270191645944274)	(2.0, 0.0038116798005977935)	(3.0, 0.005958914033619558)	(4.0, 0.006422716627952259)	(5.0, 0.005642479515068983)	(6.0, 0.004930049799017972)	(7.0, 0.004639834140575873)	(8.0, 0.004644354633698023)	(9.0, 0.004728435805770034)	(10.0, 0.004876707980176589)	(11.0, 0.00509097935416655)	(12.0, 0.005290785150165628)	(13.0, 0.00571661560227226)	(14.0, 0.006311512497147343)	(15.0, 0.006836793797941299)	(16.0, 0.007706536674643167)	(17.0, 0.00926068221003871)	(18.0, 0.011773172287330281)	(19.0, 0.015387758587802287)	(20.0, 0.021077251231341642)	(21.0, 0.02977648819560919)	(22.0, 0.04298898549303237)	(23.0, 0.07410444375142272)	(24.0, 0.1305970462989448)	(25.0, 0.23436225362204965)	(26.0, 0.3166505981218147)	(27.0, 0.40947530799068943)	(28.0, 0.6177950007360267)	(29.0, 0.9644634813861734)	(30.0, 1.5538055943127567)	(31.0, 2.452783404134201)	(32.0, 3.4932336626078606)	(33.0, 4.143248930121332)	(34.0, 4.904894158891826)	(35.0, 6.211434204014664)	(36.0, 7.014636326057093)	(37.0, 7.0501221970659795)	(38.0, 6.832573465562458)	(39.0, 6.279176505745972)	(40.0, 5.731340656568356)	(41.0, 5.226824692980313)	(42.0, 4.582417549234182)	(43.0, 4.170223616679832)	(44.0, 3.707673198941966)	(45.0, 3.1579278934695525)	(46.0, 2.7376006896898275)	(47.0, 2.3540874777982763)	(48.0, 1.949160689987095)	(49.0, 1.6080849634276737)	(50.0, 1.3594569376107395)	(51.0, 1.3714850657101592)	(52.0, 1.4078479123847425)	(53.0, 1.1117348186154847)	(54.0, 0.8519601608579506)	(55.0, 0.6704044996916211)	(56.0, 0.48711929785675645)	(57.0, 0.3962384000304066)	(58.0, 0.3496863618584948)	(59.0, 0.32278309909132485)	(60.0, 0.30144185106164956)	(61.0, 0.30564681376387454)	(62.0, 0.2987783765140781)	(63.0, 0.2522389957229083)	(64.0, 0.21387899518695866)	(65.0, 0.18352569206896296)	(66.0, 0.14763026438321009)	(67.0, 0.11780857125637939)	(68.0, 0.095613854125242)	(69.0, 0.08167536563240135)	(70.0, 0.07382959776959593)	(71.0, 0.0722103571332414)	(72.0, 0.07476895624037892)	(73.0, 0.06922231117949953)	(74.0, 0.06356265379056639)	(75.0, 0.07523999162370706)	(76.0, 0.09036917800492231)	(77.0, 0.11579966411289545)	(78.0, 0.14148058553983575)	(79.0, 0.11500857781651899)	(80.0, 0.07187403244495337)	(81.0, 0.06376155548794103)	(82.0, 0.061575445014068766)	(83.0, 0.053513597580024524)	(84.0, 0.05212128569840199)	(85.0, 0.04825174358584067)	(86.0, 0.04266893457998407)	(87.0, 0.03977491488318295)	(88.0, 0.0330710235830329)	(89.0, 0.0238944225450662)	(90.0, 0.01810728725008838)	(91.0, 0.016135448150206077)	(92.0, 0.014706972323606335)	(93.0, 0.01389237946299471)	(94.0, 0.01522502083540485)	(95.0, 0.016002545652414834)	(96.0, 0.015674357851746666)	(97.0, 0.016917493460338214)	(98.0, 0.013888763068496988)	(99.0, 0.008710990246385138)	(100.0, 0.01582082182890436)
SRR26260990_1	(0.0, 0.008094931194526131)	(1.0, 0.0040483134115901)	(2.0, 1.6956286540691519e-06)	(3.0, 3.3912573081383037e-06)	(4.0, 1.017377192441491e-05)	(5.0, 1.9499729521795245e-05)	(6.0, 3.560820173545219e-05)	(7.0, 5.5107931257247436e-05)	(8.0, 7.460766077904267e-05)	(9.0, 0.00011021586251449487)	(10.0, 0.00018312789463946838)	(11.0, 0.0002882568711917558)	(12.0, 0.0003984727337062506)	(13.0, 0.000597709100559376)	(14.0, 0.0009325957597380334)	(15.0, 0.001485370700964577)	(16.0, 0.0023340328423261877)	(17.0, 0.003723600524335858)	(18.0, 0.006052546480699837)	(19.0, 0.009668474585502303)	(20.0, 0.015576892630606265)	(21.0, 0.024456899891966415)	(22.0, 0.03794223457777838)	(23.0, 0.0651087490589473)	(24.0, 0.1387626187200761)	(25.0, 0.20701251986068647)	(26.0, 0.27086819934427664)	(27.0, 0.4376604075304429)	(28.0, 0.717956302191344)	(29.0, 1.1339457277084561)	(30.0, 1.7079702872277942)	(31.0, 2.368503277234759)	(32.0, 3.112623977372717)	(33.0, 3.753574152053838)	(34.0, 4.725945968759025)	(35.0, 6.049591847770122)	(36.0, 6.693032900944069)	(37.0, 6.991767061589319)	(38.0, 7.129185046786718)	(39.0, 6.63784018825412)	(40.0, 6.051690188229532)	(41.0, 5.50520179023795)	(42.0, 4.783025916140955)	(43.0, 4.00568276378382)	(44.0, 3.2292026864116066)	(45.0, 2.7928097613000804)	(46.0, 2.5929248164867738)	(47.0, 2.586572991548631)	(48.0, 2.362998418809324)	(49.0, 1.9122545405840834)	(50.0, 1.6705138502594066)	(51.0, 1.4229096760489586)	(52.0, 1.2953916187483423)	(53.0, 1.1448248811529638)	(54.0, 0.9928117723156642)	(55.0, 0.7205387446314913)	(56.0, 0.42709918445857314)	(57.0, 0.3601286351374579)	(58.0, 0.32708083266965016)	(59.0, 0.2995039760541965)	(60.0, 0.27994150827220066)	(61.0, 0.2794489281481936)	(62.0, 0.27540739725121977)	(63.0, 0.25400941145119416)	(64.0, 0.20731264613245673)	(65.0, 0.15586218588203643)	(66.0, 0.13803349839882634)	(67.0, 0.12457020688551726)	(68.0, 0.10524343148643708)	(69.0, 0.08555124811240498)	(70.0, 0.0696818595389718)	(71.0, 0.06587178195327842)	(72.0, 0.06496546843767845)	(73.0, 0.06947160158586722)	(74.0, 0.07846352033839593)	(75.0, 0.0895359754494675)	(76.0, 0.08504595077349238)	(77.0, 0.10765291980386935)	(78.0, 0.12447355605223534)	(79.0, 0.08992512222557636)	(80.0, 0.07160215898970511)	(81.0, 0.06626601561534949)	(82.0, 0.06272130391401792)	(83.0, 0.054404245365808734)	(84.0, 0.046514485238424975)	(85.0, 0.042607756819449644)	(86.0, 0.03980742609725444)	(87.0, 0.03741489406636287)	(88.0, 0.029535307710903524)	(89.0, 0.02050608512798529)	(90.0, 0.011581991521619343)	(91.0, 0.0065510613049961685)	(92.0, 0.004389134771058)	(93.0, 0.0033064758754348463)	(94.0, 0.0025951596550528367)	(95.0, 0.0021246227035486473)	(96.0, 0.0019804942679527695)	(97.0, 0.0020076243264178758)	(98.0, 0.0017100414976287395)	(99.0, 0.0009571823752220362)	(100.0, 0.0003382779164867958)
SRR26260990_2	(0.0, 0.008135391367963004)	(1.0, 0.005320403466558792)	(2.0, 0.003954044470125472)	(3.0, 0.005973473874537474)	(4.0, 0.006251664905468653)	(5.0, 0.005568909478945485)	(6.0, 0.004798795283562832)	(7.0, 0.004300086972015475)	(8.0, 0.004289061107984666)	(9.0, 0.004451904638285844)	(10.0, 0.004646129473905478)	(11.0, 0.00484798760000798)	(12.0, 0.005148230359000776)	(13.0, 0.005489184000568866)	(14.0, 0.005974322017924459)	(15.0, 0.006751221360402995)	(16.0, 0.007816489454456533)	(17.0, 0.009131959847670732)	(18.0, 0.011396502690921488)	(19.0, 0.01516989261961909)	(20.0, 0.020882986474352078)	(21.0, 0.029434816245324867)	(22.0, 0.043062784187404675)	(23.0, 0.07523795171607905)	(24.0, 0.13220010972939883)	(25.0, 0.2410050322721951)	(26.0, 0.32119359693810734)	(27.0, 0.40785519193349146)	(28.0, 0.6177723764991274)	(29.0, 0.9729909416929241)	(30.0, 1.5703781918858597)	(31.0, 2.442437526097372)	(32.0, 3.4508876465133773)	(33.0, 4.092263005328919)	(34.0, 4.851478558188811)	(35.0, 6.159653221988165)	(36.0, 6.957281188844622)	(37.0, 7.010776136691945)	(38.0, 6.829812022927826)	(39.0, 6.313068790399614)	(40.0, 5.789674417430663)	(41.0, 5.284453212814646)	(42.0, 4.630407439940932)	(43.0, 4.222398734054395)	(44.0, 3.75960250979877)	(45.0, 3.183133019959053)	(46.0, 2.7479922071228575)	(47.0, 2.359872463661127)	(48.0, 1.9486645609188824)	(49.0, 1.603701745560512)	(50.0, 1.3636084674293263)	(51.0, 1.3807426601332031)	(52.0, 1.4161772426980623)	(53.0, 1.1204856211198289)	(54.0, 0.857184595490564)	(55.0, 0.6717923251029951)	(56.0, 0.4869895143693809)	(57.0, 0.3957750856726598)	(58.0, 0.3459941577169446)	(59.0, 0.31759492454712873)	(60.0, 0.2971818095091665)	(61.0, 0.3008203446393335)	(62.0, 0.2940801491429613)	(63.0, 0.24989611939796202)	(64.0, 0.21205365775745189)	(65.0, 0.18206500388042562)	(66.0, 0.14640651146140263)	(67.0, 0.11672403734707805)	(68.0, 0.09424654130519361)	(69.0, 0.08057531805037754)	(70.0, 0.07313285982958152)	(71.0, 0.07076060277618365)	(72.0, 0.0729208239828352)	(73.0, 0.06742315854839649)	(74.0, 0.06199758530185151)	(75.0, 0.07261209978997256)	(76.0, 0.08668449486683268)	(77.0, 0.11180819827611124)	(78.0, 0.1355316169534771)	(79.0, 0.10920439807806637)	(80.0, 0.06715514523810913)	(81.0, 0.05839806476748591)	(82.0, 0.05658303791933736)	(83.0, 0.04944675946124303)	(84.0, 0.04829158816816905)	(85.0, 0.04479130041008072)	(86.0, 0.038995088503423175)	(87.0, 0.0347467382780138)	(88.0, 0.02677334229696499)	(89.0, 0.018609114053844487)	(90.0, 0.014895942305622838)	(91.0, 0.013907855259784961)	(92.0, 0.012759469113806866)	(93.0, 0.01168487144249649)	(94.0, 0.012582207145926937)	(95.0, 0.01352364630548062)	(96.0, 0.013700060129973563)	(97.0, 0.015185159200584825)	(98.0, 0.013478694705970401)	(99.0, 0.010441493237176039)	(100.0, 0.032592454075071144)
SRR26260991_1	(0.0, 0.0020929935571905637)	(1.0, 0.0010482453112245138)	(2.0, 4.371331573079707e-06)	(3.0, 1.223972840462318e-05)	(4.0, 2.7102255753094185e-05)	(5.0, 4.283904941618113e-05)	(6.0, 5.420451150618837e-05)	(7.0, 7.693543568620284e-05)	(8.0, 0.00011278035458545644)	(9.0, 0.00016173926820394917)	(10.0, 0.00020894964919320998)	(11.0, 0.00031298734063250704)	(12.0, 0.0005009545982749344)	(13.0, 0.0007641087589743328)	(14.0, 0.0011514087363491948)	(15.0, 0.0017188075745349408)	(16.0, 0.0027653043531302227)	(17.0, 0.0042655453490111775)	(18.0, 0.006747587416205836)	(19.0, 0.010695774093011427)	(20.0, 0.016744822723839127)	(21.0, 0.026005051528251177)	(22.0, 0.04025034685860333)	(23.0, 0.06851974814170979)	(24.0, 0.1489959624021072)	(25.0, 0.22208724910294375)	(26.0, 0.2909077448568814)	(27.0, 0.4745307731819822)	(28.0, 0.7619222189214783)	(29.0, 1.14360066389336)	(30.0, 1.6767719758618918)	(31.0, 2.344203491499679)	(32.0, 3.12642617424654)	(33.0, 3.793319141834524)	(34.0, 4.762081405332044)	(35.0, 6.075738232880294)	(36.0, 6.681852206276178)	(37.0, 6.946444535063119)	(38.0, 7.154509426745938)	(39.0, 6.6440270741743195)	(40.0, 6.018917916560775)	(41.0, 5.462580295787549)	(42.0, 4.6776884779821675)	(43.0, 3.9047802285512248)	(44.0, 3.180296716020545)	(45.0, 2.817952670596395)	(46.0, 2.6737258309405174)	(47.0, 2.7284820044912284)	(48.0, 2.550328386230365)	(49.0, 2.0899808354703975)	(50.0, 1.771476000126349)	(51.0, 1.4427195179771142)	(52.0, 1.2845332680757642)	(53.0, 1.1546933548932068)	(54.0, 1.0391704268788002)	(55.0, 0.7285086346431716)	(56.0, 0.3810524702906165)	(57.0, 0.30724166241285106)	(58.0, 0.2756378094057994)	(59.0, 0.25136817651206084)	(60.0, 0.2337613272020104)	(61.0, 0.23427976712657766)	(62.0, 0.2317356521510453)	(63.0, 0.2145414565414936)	(64.0, 0.17500888232718992)	(65.0, 0.12996755606449123)	(66.0, 0.11612529750517704)	(67.0, 0.10525991574713012)	(68.0, 0.08897320857214974)	(69.0, 0.0719757228833866)	(70.0, 0.05791140068015996)	(71.0, 0.05607194435420802)	(72.0, 0.0574200630113458)	(73.0, 0.06129131425246519)	(74.0, 0.06916058535032328)	(75.0, 0.08068079257801754)	(76.0, 0.07765757966207561)	(77.0, 0.09963488627889115)	(78.0, 0.11538566820301194)	(79.0, 0.08302120350224441)	(80.0, 0.0652132729398323)	(81.0, 0.06006384434674441)	(82.0, 0.05863004759077427)	(83.0, 0.051697115715869844)	(84.0, 0.04285041487827114)	(85.0, 0.03782775490080255)	(86.0, 0.03472236095128673)	(87.0, 0.032616253399376925)	(88.0, 0.025924619027306514)	(89.0, 0.01910009617541447)	(90.0, 0.011584028668661223)	(91.0, 0.006647046790025003)	(92.0, 0.004380948502540482)	(93.0, 0.0032618876198320774)	(94.0, 0.0026227989438478245)	(95.0, 0.002220636439124491)	(96.0, 0.002236373232787578)	(97.0, 0.002283583613776839)	(98.0, 0.001926008691098919)	(99.0, 0.0010954556922137745)	(100.0, 0.0003934198415771736)
SRR26260991_2	(0.0, 0.002644393412004504)	(1.0, 0.002549076321426299)	(2.0, 0.003935983712775222)	(3.0, 0.006103791671888702)	(4.0, 0.006584749468384231)	(5.0, 0.0057933552759688615)	(6.0, 0.0049547397726248405)	(7.0, 0.00461719484635707)	(8.0, 0.004548986286126795)	(9.0, 0.004657420407518514)	(10.0, 0.004879535462627358)	(11.0, 0.005086784549480886)	(12.0, 0.005315895354356937)	(13.0, 0.0056971637166697555)	(14.0, 0.006187740669095194)	(15.0, 0.0069030560827921805)	(16.0, 0.00794105045450162)	(17.0, 0.009648013397700293)	(18.0, 0.012179600344708575)	(19.0, 0.01612695215085551)	(20.0, 0.02257441003005829)	(21.0, 0.03182104228486504)	(22.0, 0.04568749279219157)	(23.0, 0.08054119260114115)	(24.0, 0.14072300444226613)	(25.0, 0.2586897093605266)	(26.0, 0.34447071853730626)	(27.0, 0.4242362573830083)	(28.0, 0.6276271882399207)	(29.0, 0.976231520420926)	(30.0, 1.5789337267090067)	(31.0, 2.4796120241128103)	(32.0, 3.507523771470262)	(33.0, 4.154717197340342)	(34.0, 4.900101218005507)	(35.0, 6.195174527691574)	(36.0, 7.003133781086969)	(37.0, 6.992668139435226)	(38.0, 6.815443936113834)	(39.0, 6.276921612658837)	(40.0, 5.705201833152278)	(41.0, 5.201541079724719)	(42.0, 4.528383803062368)	(43.0, 4.214226542735093)	(44.0, 3.834227909005024)	(45.0, 3.2859806189048872)	(46.0, 2.8610692716693436)	(47.0, 2.467420181206009)	(48.0, 2.036550204106246)	(49.0, 1.6554960866300483)	(50.0, 1.3771815502350624)	(51.0, 1.4196798556021284)	(52.0, 1.4901331770389559)	(53.0, 1.1491620823226953)	(54.0, 0.8461612939366753)	(55.0, 0.6386113898431577)	(56.0, 0.4315197073593923)	(57.0, 0.3360504592237509)	(58.0, 0.2898566490421577)	(59.0, 0.2661812828924851)	(60.0, 0.24919997480130932)	(61.0, 0.25448264034427204)	(62.0, 0.2515697850349509)	(63.0, 0.2135793659241296)	(64.0, 0.17929756865864926)	(65.0, 0.15267611738826137)	(66.0, 0.12257865295229209)	(67.0, 0.09729164094999904)	(68.0, 0.07845208682690874)	(69.0, 0.06699654658310616)	(70.0, 0.06127752114841389)	(71.0, 0.06047913120623131)	(72.0, 0.06377587828402793)	(73.0, 0.05925924734057447)	(74.0, 0.0532735089460074)	(75.0, 0.06324070342683655)	(76.0, 0.07669877704150233)	(77.0, 0.09911753163924025)	(78.0, 0.12265473173101048)	(79.0, 0.09996576629851417)	(80.0, 0.062054923841294844)	(81.0, 0.055084533666993285)	(82.0, 0.05234919550801509)	(83.0, 0.04544963730010651)	(84.0, 0.044161544874219395)	(85.0, 0.04031300803353427)	(86.0, 0.03482134446627623)	(87.0, 0.0308731181914084)	(88.0, 0.024368819845347056)	(89.0, 0.017171942272332156)	(90.0, 0.013735280199191383)	(91.0, 0.01317911809269837)	(92.0, 0.01235886643249327)	(93.0, 0.011274525218576081)	(94.0, 0.012559119769579592)	(95.0, 0.013697678044192642)	(96.0, 0.013755392979772105)	(97.0, 0.016203905398294794)	(98.0, 0.014094686843481675)	(99.0, 0.00899740866934998)	(100.0, 0.019805842059685847)
SRR26260992_1	(0.0, 0.0013957018773708939)	(1.0, 0.0006997143590824708)	(2.0, 7.4536815880955614e-06)	(3.0, 1.2112232580655288e-05)	(4.0, 2.2361044764286683e-05)	(5.0, 3.5404987543453915e-05)	(6.0, 5.8697742506252545e-05)	(7.0, 7.360510568244367e-05)	(8.0, 9.317101985119452e-05)	(9.0, 0.00014348337057083955)	(10.0, 0.00020124940287858016)	(11.0, 0.0003242351490821569)	(12.0, 0.0004984649562038906)	(13.0, 0.0007332559262289008)	(14.0, 0.0010789204098768325)	(15.0, 0.0015652731335000678)	(16.0, 0.00244760269149088)	(17.0, 0.003983992808837078)	(18.0, 0.006427868659533909)	(19.0, 0.010222724298073062)	(20.0, 0.016206167192916773)	(21.0, 0.024998716336274002)	(22.0, 0.03849453856171953)	(23.0, 0.06536599239700254)	(24.0, 0.13972485163004236)	(25.0, 0.21329827916573663)	(26.0, 0.27506414335568896)	(27.0, 0.4431949755179636)	(28.0, 0.7273554055417247)	(29.0, 1.10618970396688)	(30.0, 1.6278654246361004)	(31.0, 2.266118588763532)	(32.0, 3.036061535769039)	(33.0, 3.7207287751455422)	(34.0, 4.687895205261859)	(35.0, 5.996100177890497)	(36.0, 6.620724285234096)	(37.0, 6.922422296324447)	(38.0, 7.136789247087877)	(39.0, 6.609326674375699)	(40.0, 5.970543367145313)	(41.0, 5.41447076936743)	(42.0, 4.659028028181364)	(43.0, 3.916226730968708)	(44.0, 3.1968644672200175)	(45.0, 2.8269559524966064)	(46.0, 2.700140877377146)	(47.0, 2.78478395378136)	(48.0, 2.614976043261764)	(49.0, 2.1460071685223645)	(50.0, 1.812415785626751)	(51.0, 1.476904148012004)	(52.0, 1.331680342790344)	(53.0, 1.1956981710277241)	(54.0, 1.070617008587694)	(55.0, 0.7610590902626958)	(56.0, 0.4116025461068205)	(57.0, 0.33446253193122255)	(58.0, 0.3005836856929312)	(59.0, 0.2754834129450194)	(60.0, 0.254353157352967)	(61.0, 0.25254843469844934)	(62.0, 0.25041947689484956)	(63.0, 0.23148153539989574)	(64.0, 0.18822129917278763)	(65.0, 0.14045717584607276)	(66.0, 0.12526843618993103)	(67.0, 0.11320837938039241)	(68.0, 0.0951583577046205)	(69.0, 0.07767202069894831)	(70.0, 0.06341126440052448)	(71.0, 0.0607540269143684)	(72.0, 0.0617127567086372)	(73.0, 0.06705425127670618)	(74.0, 0.07697603318065989)	(75.0, 0.08961188689287888)	(76.0, 0.08612729075044422)	(77.0, 0.11122383665756197)	(78.0, 0.1289617354168324)	(79.0, 0.09248993969608228)	(80.0, 0.07302558193896924)	(81.0, 0.06742786706630946)	(82.0, 0.0649579033300543)	(83.0, 0.05799430130637602)	(84.0, 0.04965269989909858)	(85.0, 0.04425530271911888)	(86.0, 0.040799589592838074)	(87.0, 0.03812837645370433)	(88.0, 0.029978707347320346)	(89.0, 0.021306348819571164)	(90.0, 0.012546409533161855)	(91.0, 0.007399642396581869)	(92.0, 0.004947381154098429)	(93.0, 0.003733362765437364)	(94.0, 0.0029488627782903063)	(95.0, 0.002377724426602484)	(96.0, 0.0020292648123590167)	(97.0, 0.001950069445485501)	(98.0, 0.00166217099414531)	(99.0, 0.0009345053291074809)	(100.0, 0.00037827434059584976)
SRR26260992_2	(0.0, 0.001845258555951352)	(1.0, 0.002161189187500599)	(2.0, 0.003733386755121776)	(3.0, 0.0057790142956840075)	(4.0, 0.006329796016172517)	(5.0, 0.00557957725983876)	(6.0, 0.004777169372629612)	(7.0, 0.004421164944158189)	(8.0, 0.0044407358682364605)	(9.0, 0.004564685054065517)	(10.0, 0.004658811879394348)	(11.0, 0.004839609939926956)	(12.0, 0.005167655905429418)	(13.0, 0.005411826482025001)	(14.0, 0.005861957735825255)	(15.0, 0.006685800444643939)	(16.0, 0.007701624599182815)	(17.0, 0.009110731132818392)	(18.0, 0.011303606578350481)	(19.0, 0.0147499531136576)	(20.0, 0.02030529970558993)	(21.0, 0.029132718413656198)	(22.0, 0.04228344744548929)	(23.0, 0.07334995954783187)	(24.0, 0.1286247727862312)	(25.0, 0.23587064088886442)	(26.0, 0.3188327200054247)	(27.0, 0.403175015243886)	(28.0, 0.6023734722051313)	(29.0, 0.9407724565449996)	(30.0, 1.51587897176527)	(31.0, 2.389400141484734)	(32.0, 3.4120442970905045)	(33.0, 4.069763410640223)	(34.0, 4.814985057692661)	(35.0, 6.091995309390029)	(36.0, 6.916258327102014)	(37.0, 6.9456445355799215)	(38.0, 6.770365475637387)	(39.0, 6.244703502177722)	(40.0, 5.696304774682933)	(41.0, 5.188040420780086)	(42.0, 4.52764754622177)	(43.0, 4.231319525008827)	(44.0, 3.8606415632225284)	(45.0, 3.3264503946597994)	(46.0, 2.910697798874944)	(47.0, 2.528068526118181)	(48.0, 2.101308683462446)	(49.0, 1.702561356804078)	(50.0, 1.4122388134368673)	(51.0, 1.4596330679130822)	(52.0, 1.5335375369764652)	(53.0, 1.1844239376781256)	(54.0, 0.8773356360171954)	(55.0, 0.6726396132874869)	(56.0, 0.46414869518412494)	(57.0, 0.366150554682858)	(58.0, 0.31853729224671934)	(59.0, 0.2931342327931224)	(60.0, 0.2725884903059994)	(61.0, 0.2763507674728558)	(62.0, 0.27019804172215334)	(63.0, 0.22616625839233842)	(64.0, 0.1908985212545268)	(65.0, 0.16441160538649982)	(66.0, 0.13179805833320815)	(67.0, 0.10512754855835167)	(68.0, 0.0846489063823542)	(69.0, 0.07274885259399924)	(70.0, 0.06708912774031613)	(71.0, 0.0656697697702586)	(72.0, 0.06904156040431517)	(73.0, 0.06398201055569906)	(74.0, 0.05862703294837761)	(75.0, 0.07102754322387694)	(76.0, 0.08546995324487598)	(77.0, 0.10943781159939965)	(78.0, 0.13513629881170194)	(79.0, 0.10968757386858904)	(80.0, 0.06732770662431792)	(81.0, 0.05936047662692998)	(82.0, 0.05704365199556884)	(83.0, 0.050391401706487655)	(84.0, 0.05035132790956548)	(85.0, 0.0465042434050366)	(86.0, 0.04092839394026037)	(87.0, 0.03815491441373955)	(88.0, 0.03131627437153196)	(89.0, 0.022295942268979872)	(90.0, 0.017136673902441144)	(91.0, 0.015543041513210431)	(92.0, 0.01408267779746509)	(93.0, 0.013147001236770567)	(94.0, 0.014417247404326978)	(95.0, 0.015292347295255422)	(96.0, 0.015064951796441215)	(97.0, 0.01649083340785817)	(98.0, 0.01374065260047815)	(99.0, 0.009175035597647)	(100.0, 0.022426415096168353)
SRR26260993_1	(0.0, 0.0025043536840017823)	(1.0, 0.001255822189430297)	(2.0, 7.290694858811593e-06)	(3.0, 1.002470543086594e-05)	(4.0, 2.369475829113768e-05)	(5.0, 3.8276148008760864e-05)	(6.0, 4.738951658227536e-05)	(7.0, 5.923689572784419e-05)	(8.0, 8.566566459103622e-05)	(9.0, 0.0001376118654600688)	(10.0, 0.0002351249091966739)	(11.0, 0.00034448533207884777)	(12.0, 0.0004711611552506992)	(13.0, 0.0007290694858811594)	(14.0, 0.0011255010188290396)	(15.0, 0.0017242493341089419)	(16.0, 0.002650167581178014)	(17.0, 0.004200351575532829)	(18.0, 0.00670379392267726)	(19.0, 0.01043936370096085)	(20.0, 0.01637490065289084)	(21.0, 0.025541126764131714)	(22.0, 0.03930322464699595)	(23.0, 0.06782533427152425)	(24.0, 0.15293417204271872)	(25.0, 0.22897156273583688)	(26.0, 0.29549641931192067)	(27.0, 0.49328021211547624)	(28.0, 0.7938172355854077)	(29.0, 1.1765942083995913)	(30.0, 1.7189407969148696)	(31.0, 2.3625432896398952)	(32.0, 3.0896679826674665)	(33.0, 3.739404683779325)	(34.0, 4.828624470980346)	(35.0, 6.226490357008012)	(36.0, 6.708505534229767)	(37.0, 6.919443563232333)	(38.0, 7.112866609173462)	(39.0, 6.580816304472541)	(40.0, 5.985220303382217)	(41.0, 5.403702634064259)	(42.0, 4.639366234477313)	(43.0, 3.904102391976736)	(44.0, 3.180937457594357)	(45.0, 2.813110965925024)	(46.0, 2.659014839389182)	(47.0, 2.716135610934256)	(48.0, 2.514263560988622)	(49.0, 2.05146483274098)	(50.0, 1.802827531960356)	(51.0, 1.485940213932682)	(52.0, 1.3092793868088182)	(53.0, 1.2018145445899353)	(54.0, 1.1045357144256696)	(55.0, 0.76288281729947)	(56.0, 0.37616613525095616)	(57.0, 0.30329928548456375)	(58.0, 0.27181624241050056)	(59.0, 0.2481442675407967)	(60.0, 0.22998041263692495)	(61.0, 0.23082431056683236)	(62.0, 0.23077509837653543)	(63.0, 0.2148558661523203)	(64.0, 0.17374090383290966)	(65.0, 0.1275753126500573)	(66.0, 0.1126676643375023)	(67.0, 0.1041102112469722)	(68.0, 0.08996535188402036)	(69.0, 0.07161011624010481)	(70.0, 0.05629236634174166)	(71.0, 0.05347633545252568)	(72.0, 0.05258960469032273)	(73.0, 0.05576561363819252)	(74.0, 0.063167491593601)	(75.0, 0.07271374517435743)	(76.0, 0.06903012159694287)	(77.0, 0.08712744891022794)	(78.0, 0.10240783399743968)	(79.0, 0.0738911923940555)	(80.0, 0.05596246239938043)	(81.0, 0.04993943710914471)	(82.0, 0.0468819019527306)	(83.0, 0.0411550611411341)	(84.0, 0.0349005562891311)	(85.0, 0.03159149216008798)	(86.0, 0.029825321330540878)	(87.0, 0.027894198529813154)	(88.0, 0.022001494410178686)	(89.0, 0.015401592889239491)	(90.0, 0.008497304857944912)	(91.0, 0.004715256899936397)	(92.0, 0.0031678069161536373)	(93.0, 0.002382234545116688)	(94.0, 0.0018126490092720323)	(95.0, 0.0013506012225948476)	(96.0, 0.0013506012225948476)	(97.0, 0.0015975735109370903)	(98.0, 0.0014900357617696192)	(99.0, 0.0009158935416382063)	(100.0, 0.00033992864779209056)
SRR26260993_2	(0.0, 0.002893393543874539)	(1.0, 0.002697401227575539)	(2.0, 0.0038824710470578643)	(3.0, 0.005917144767892134)	(4.0, 0.006310040992658967)	(5.0, 0.0056701032901385106)	(6.0, 0.004981851202669929)	(7.0, 0.004591689754409595)	(8.0, 0.004492326208006846)	(9.0, 0.0045989824917602555)	(10.0, 0.004900719499643831)	(11.0, 0.005183313071981925)	(12.0, 0.0054558791304628595)	(13.0, 0.005795903009437404)	(14.0, 0.006331919204710948)	(15.0, 0.007172407184374566)	(16.0, 0.008132313738155249)	(17.0, 0.009560778666715869)	(18.0, 0.0120703919075119)	(19.0, 0.01604402217145302)	(20.0, 0.022128899898410347)	(21.0, 0.031485481919307716)	(22.0, 0.04582209195853736)	(23.0, 0.08154465427857882)	(24.0, 0.14395590052553106)	(25.0, 0.2648111439006763)	(26.0, 0.35001584073711783)	(27.0, 0.4315832848199174)	(28.0, 0.642179307663615)	(29.0, 1.0039565105630104)	(30.0, 1.6194088474286237)	(31.0, 2.5197747587020087)	(32.0, 3.5810758862376)	(33.0, 4.243875408760207)	(34.0, 4.960766075804832)	(35.0, 6.212262705037817)	(36.0, 6.974003706789005)	(37.0, 6.97642763036593)	(38.0, 6.788798260623801)	(39.0, 6.238347003356792)	(40.0, 5.672488926844346)	(41.0, 5.1434628203214094)	(42.0, 4.4771172042620435)	(43.0, 4.203258508085704)	(44.0, 3.837434747548861)	(45.0, 3.277690719712774)	(46.0, 2.849383697147641)	(47.0, 2.4640846815158586)	(48.0, 2.0415225127987084)	(49.0, 1.6574340915671362)	(50.0, 1.3810521082674683)	(51.0, 1.4161292633319762)	(52.0, 1.4869417430068892)	(53.0, 1.1604240136057684)	(54.0, 0.8651119073281236)	(55.0, 0.6532004569848006)	(56.0, 0.4358358622875213)	(57.0, 0.33696913361678626)	(58.0, 0.2888480062084532)	(59.0, 0.2655048655411578)	(60.0, 0.24768779660132553)	(61.0, 0.2511719018706035)	(62.0, 0.2490378646033665)	(63.0, 0.21232440159580407)	(64.0, 0.17929559413466284)	(65.0, 0.1527463838095834)	(66.0, 0.1216328314951594)	(67.0, 0.09663788581793947)	(68.0, 0.077612957254404)	(69.0, 0.06565377959148966)	(70.0, 0.05907390731685625)	(71.0, 0.05688699770382695)	(72.0, 0.05829449601250442)	(73.0, 0.054135812538290286)	(74.0, 0.04962981244775095)	(75.0, 0.058630873522803634)	(76.0, 0.07048066012545805)	(77.0, 0.09024215516141024)	(78.0, 0.10855239546458101)	(79.0, 0.087194702541003)	(80.0, 0.05360891226470507)	(81.0, 0.047121110799123754)	(82.0, 0.04556593455909541)	(83.0, 0.03976547358881385)	(84.0, 0.039872129872567254)	(85.0, 0.03666150225393898)	(86.0, 0.030418007489604795)	(87.0, 0.026034160749689023)	(88.0, 0.01987817883356276)	(89.0, 0.013859847334930212)	(90.0, 0.01143227738932911)	(91.0, 0.010805101977172311)	(92.0, 0.009991961762573668)	(93.0, 0.009012000181078669)	(94.0, 0.009503348360079418)	(95.0, 0.010078563018612761)	(96.0, 0.010140551286093376)	(97.0, 0.011806941770719292)	(98.0, 0.011138744710965025)	(99.0, 0.009240809815455641)	(100.0, 0.0243395109078293)
SRR26260994_1	(0.0, 0.006795692269364688)	(1.0, 0.0034127489686063897)	(2.0, 5.044036097369202e-05)	(3.0, 9.973435010707284e-05)	(4.0, 0.00014558922371952013)	(5.0, 0.0001880049818110339)	(6.0, 0.0002441772019862818)	(7.0, 0.0003542288986561553)	(8.0, 0.000528477418383455)	(9.0, 0.0007302388622782231)	(10.0, 0.0010397592591622421)	(11.0, 0.0013836708112555968)	(12.0, 0.0018708788433878492)	(13.0, 0.0028074646369220854)	(14.0, 0.004249600412033552)	(15.0, 0.006538904977134984)	(16.0, 0.010545474559022565)	(17.0, 0.016780590998475085)	(18.0, 0.027237794925793687)	(19.0, 0.04409748558125025)	(20.0, 0.07037232816118254)	(21.0, 0.11062832170555001)	(22.0, 0.17256335312204224)	(23.0, 0.25283689486799243)	(24.0, 0.356316441777362)	(25.0, 0.49147253537821)	(26.0, 0.668053921800543)	(27.0, 0.8879200161693456)	(28.0, 1.145243810420316)	(29.0, 1.429356021835678)	(30.0, 1.738905078015705)	(31.0, 2.0642156006281707)	(32.0, 2.3726893600219854)	(33.0, 2.6433431660320945)	(34.0, 2.9121776799316295)	(35.0, 3.1744469223017027)	(36.0, 3.364187511078967)	(37.0, 3.500457878108598)	(38.0, 3.591335359377427)	(39.0, 3.599840292060695)	(40.0, 3.5515998186485604)	(41.0, 3.490055700029614)	(42.0, 3.4189290591975072)	(43.0, 3.3014752395547444)	(44.0, 3.1502527446119344)	(45.0, 3.038409268755655)	(46.0, 2.9527088027176718)	(47.0, 2.8796493789628)	(48.0, 2.774754062830646)	(49.0, 2.6461322887195715)	(50.0, 2.5518856206120684)	(51.0, 2.463824774954884)	(52.0, 2.343621955639055)	(53.0, 2.1763548404192505)	(54.0, 2.033996092545727)	(55.0, 1.917843404941718)	(56.0, 1.7926561608642158)	(57.0, 1.6987969664387377)	(58.0, 1.615518784099332)	(59.0, 1.5163323997319278)	(60.0, 1.4300220638748988)	(61.0, 1.409922726398723)	(62.0, 1.3637881380572399)	(63.0, 1.2484436426006496)	(64.0, 1.0469172049331452)	(65.0, 0.8255550953127365)	(66.0, 0.7142034129759502)	(67.0, 0.6239312160388059)	(68.0, 0.5323578870629083)	(69.0, 0.4321225724616195)	(70.0, 0.340372702222314)	(71.0, 0.2930768392065956)	(72.0, 0.2687691707046373)	(73.0, 0.25659699450421314)	(74.0, 0.255778485010231)	(75.0, 0.26907869110152133)	(76.0, 0.25231300293697023)	(77.0, 0.3015370633880921)	(78.0, 0.3363432052036202)	(79.0, 0.25607654168871186)	(80.0, 0.21399093868720775)	(81.0, 0.2099155867949015)	(82.0, 0.21760544909970891)	(83.0, 0.18920752587152032)	(84.0, 0.14483147193307444)	(85.0, 0.12067741725771783)	(86.0, 0.10980408035236627)	(87.0, 0.10481965559069326)	(88.0, 0.07915582920164682)	(89.0, 0.05212323483526883)	(90.0, 0.03112628820812922)	(91.0, 0.01971759565335233)	(92.0, 0.01445001704712245)	(93.0, 0.011388057861651283)	(94.0, 0.009137729939120433)	(95.0, 0.007456002449383929)	(96.0, 0.005816690717738939)	(97.0, 0.004216355628664527)	(98.0, 0.0032064020373503764)	(99.0, 0.00241425909569535)	(100.0, 0.001471941442959558)
SRR26260994_2	(0.0, 0.006952355252554282)	(1.0, 0.00452786185039332)	(2.0, 0.0031172058027783803)	(3.0, 0.0048707774261956506)	(4.0, 0.005755017924334772)	(5.0, 0.0055187617082301564)	(6.0, 0.004876511800372948)	(7.0, 0.004507218103355053)	(8.0, 0.004403999368163716)	(9.0, 0.00452786185039332)	(10.0, 0.0047870555632071226)	(11.0, 0.0051804336317696625)	(12.0, 0.005893789779425347)	(13.0, 0.0066633427940185385)	(14.0, 0.007656536401526293)	(15.0, 0.009653245490060936)	(16.0, 0.013098457495780676)	(17.0, 0.018448628603198316)	(18.0, 0.02646298995338791)	(19.0, 0.03960273494324512)	(20.0, 0.061457581807757566)	(21.0, 0.09482246452093955)	(22.0, 0.1450647573127406)	(23.0, 0.21957950912220228)	(24.0, 0.3203703102868721)	(25.0, 0.4574516718699804)	(26.0, 0.6337297747045814)	(27.0, 0.8494076156365512)	(28.0, 1.1055001788952712)	(29.0, 1.3897164068691241)	(30.0, 1.7007259247489777)	(31.0, 2.032181927195399)	(32.0, 2.3553368495827667)	(33.0, 2.6276473698897163)	(34.0, 2.876402227951168)	(35.0, 3.1337861722746148)	(36.0, 3.3302664753358315)	(37.0, 3.4500885175201135)	(38.0, 3.5177082578187933)	(39.0, 3.5109313744160646)	(40.0, 3.4714972300736315)	(41.0, 3.4125719479025687)	(42.0, 3.324366951182229)	(43.0, 3.228629280542593)	(44.0, 3.116658743481866)	(45.0, 3.0137909519901793)	(46.0, 2.9172871689604563)	(47.0, 2.8040114883369767)	(48.0, 2.6884191205458694)	(49.0, 2.57583041794883)	(50.0, 2.4737654388419648)	(51.0, 2.3953467250925993)	(52.0, 2.298566545227531)	(53.0, 2.179692968532174)	(54.0, 2.0934823871506985)	(55.0, 2.0114395489212824)	(56.0, 1.9038236956107943)	(57.0, 1.7952754330590779)	(58.0, 1.693638238265839)	(59.0, 1.5954474023531555)	(60.0, 1.5059384089448988)	(61.0, 1.495158932366417)	(62.0, 1.4566606378897191)	(63.0, 1.2702372802606452)	(64.0, 1.0857269098571174)	(65.0, 0.9351307752129566)	(66.0, 0.7697399551913708)	(67.0, 0.6306790876422597)	(68.0, 0.523446290526815)	(69.0, 0.44044007743561264)	(70.0, 0.3774823833430743)	(71.0, 0.33381627085779686)	(72.0, 0.31490774544557937)	(73.0, 0.2830877031357611)	(74.0, 0.2498019547862258)	(75.0, 0.2585147629112101)	(76.0, 0.2812985783924446)	(77.0, 0.33606299866046163)	(78.0, 0.4065453385484485)	(79.0, 0.34094639170984736)	(80.0, 0.22553293639307154)	(81.0, 0.21322352878408685)	(82.0, 0.20646499537872517)	(83.0, 0.17085109111320754)	(84.0, 0.1478596912867549)	(85.0, 0.12723658799552576)	(86.0, 0.10604922228525063)	(87.0, 0.08753980931577297)	(88.0, 0.06541429999009216)	(89.0, 0.047057421373730576)	(90.0, 0.03835608199710086)	(91.0, 0.03345319207551235)	(92.0, 0.028699395882533545)	(93.0, 0.024308012137559884)	(94.0, 0.024564912100702767)	(95.0, 0.026058143136470775)	(96.0, 0.026786408656987434)	(97.0, 0.03260450469727247)	(98.0, 0.031537911100295316)	(99.0, 0.02308314981328935)	(100.0, 0.02547438384522199)
SRR26260995_1	(0.0, 0.0076415515982937035)	(1.0, 0.0038652034247183263)	(2.0, 9.872805682550004e-05)	(3.0, 0.00012999194148690838)	(4.0, 0.00021555625740234176)	(5.0, 0.00028302042956643346)	(6.0, 0.00031757524945535845)	(7.0, 0.00039491222730200017)	(8.0, 0.0005265496364026669)	(9.0, 0.0007157784119848753)	(10.0, 0.0009428529426835253)	(11.0, 0.0012686555302076756)	(12.0, 0.0018149507779754424)	(13.0, 0.002695275951336151)	(14.0, 0.0039606405463163095)	(15.0, 0.006058611753858185)	(16.0, 0.009755977481973162)	(17.0, 0.015552959885243772)	(18.0, 0.02483997909729581)	(19.0, 0.040052327186491606)	(20.0, 0.06391654398882873)	(21.0, 0.0995672453085168)	(22.0, 0.15466737382282836)	(23.0, 0.22554260035024107)	(24.0, 0.31440443336364615)	(25.0, 0.43327136831393437)	(26.0, 0.588536046880557)	(27.0, 0.779905575828265)	(28.0, 1.0082783804741706)	(29.0, 1.2641897311039354)	(30.0, 1.5453655914753457)	(31.0, 1.8430586557536623)	(32.0, 2.1335807721712197)	(33.0, 2.396918118141876)	(34.0, 2.6498873726782413)	(35.0, 2.898280581780744)	(36.0, 3.0999918746809234)	(37.0, 3.256635455107875)	(38.0, 3.368866219171876)	(39.0, 3.4071052410480065)	(40.0, 3.3930348474827587)	(41.0, 3.3658105858131266)	(42.0, 3.3227552802315263)	(43.0, 3.235446768645509)	(44.0, 3.1190118348283558)	(45.0, 3.027770655645456)	(46.0, 2.9583187586039443)	(47.0, 2.898594866094972)	(48.0, 2.815730762533716)	(49.0, 2.710042377702018)	(50.0, 2.6286542585903034)	(51.0, 2.5524904991522717)	(52.0, 2.4299327803443234)	(53.0, 2.2608675649011096)	(54.0, 2.1172165967523933)	(55.0, 2.001882480768844)	(56.0, 1.8820759838110996)	(57.0, 1.7909845421810522)	(58.0, 1.7085169963147118)	(59.0, 1.6104175081176675)	(60.0, 1.5220246333741838)	(61.0, 1.4987939216031436)	(62.0, 1.4581196076586513)	(63.0, 1.3389087699770876)	(64.0, 1.1190216418153338)	(65.0, 0.8829546306074946)	(66.0, 0.7691540904399681)	(67.0, 0.6744673020738585)	(68.0, 0.5726885482924505)	(69.0, 0.46883650531770704)	(70.0, 0.37658829995518733)	(71.0, 0.3326197598479509)	(72.0, 0.3179454796684541)	(73.0, 0.31161042935548444)	(74.0, 0.3187270767849893)	(75.0, 0.3466950898160397)	(76.0, 0.33103517453590164)	(77.0, 0.4013492966070228)	(78.0, 0.4456304755608733)	(79.0, 0.34181463287363245)	(80.0, 0.29830024182779336)	(81.0, 0.3140950854522596)	(82.0, 0.34708012923765913)	(83.0, 0.3116252385640083)	(84.0, 0.2515360522447815)	(85.0, 0.22129729390674457)	(86.0, 0.21203989311174018)	(87.0, 0.2061145642345964)	(88.0, 0.16207526901996838)	(89.0, 0.11516956922217332)	(90.0, 0.07153670450814358)	(91.0, 0.04446876226181897)	(92.0, 0.031341221639254985)	(93.0, 0.024619486437052193)	(94.0, 0.02112780416065701)	(95.0, 0.018610238711606754)	(96.0, 0.014856927084623998)	(97.0, 0.009999506688809395)	(98.0, 0.00638112340615482)	(99.0, 0.003835585007670676)	(100.0, 0.0022477087603938843)
SRR26260995_2	(0.0, 0.00784053878628262)	(1.0, 0.004814308150165977)	(2.0, 0.002917562941892651)	(3.0, 0.004633195326459323)	(4.0, 0.005265443729217097)	(5.0, 0.005130432351544864)	(6.0, 0.004764913743700526)	(7.0, 0.00432859648658904)	(8.0, 0.003981189161115366)	(9.0, 0.003977896200684336)	(10.0, 0.004257797837321893)	(11.0, 0.004578861479347326)	(12.0, 0.005028350578182932)	(13.0, 0.00578243851688882)	(14.0, 0.006897105622792503)	(15.0, 0.008247219399514834)	(16.0, 0.010547352260589345)	(17.0, 0.014734351448644092)	(18.0, 0.02048386036122261)	(19.0, 0.029565845230003572)	(20.0, 0.04511026494468106)	(21.0, 0.07024049247408712)	(22.0, 0.10759089616304579)	(23.0, 0.1619247432750421)	(24.0, 0.23941798109847295)	(25.0, 0.3474797706031561)	(26.0, 0.4923601506871865)	(27.0, 0.6771199280712067)	(28.0, 0.901357361582631)	(29.0, 1.1593558719131913)	(30.0, 1.4454746178445328)	(31.0, 1.75475604744774)	(32.0, 2.0609980745731065)	(33.0, 2.3337078856292934)	(34.0, 2.5920636821666205)	(35.0, 2.8513530329861445)	(36.0, 3.066592452119779)	(37.0, 3.2117099253548433)	(38.0, 3.300833899420673)	(39.0, 3.3393878801471732)	(40.0, 3.344072116360313)	(41.0, 3.316256479599402)	(42.0, 3.2636250930302486)	(43.0, 3.194356023883315)	(44.0, 3.102780440776584)	(45.0, 3.022796078387079)	(46.0, 2.950443151796486)	(47.0, 2.8614871187126396)	(48.0, 2.7640089040332874)	(49.0, 2.665620185794755)	(50.0, 2.576571949818839)	(51.0, 2.5002164298243295)	(52.0, 2.402991773098166)	(53.0, 2.2879275032368978)	(54.0, 2.2018593964510647)	(55.0, 2.123913376568367)	(56.0, 2.0208074925123842)	(57.0, 1.9103336094919716)	(58.0, 1.8078369231157294)	(59.0, 1.7091699497207749)	(60.0, 1.6173391621806394)	(61.0, 1.6135868337694803)	(62.0, 1.5715077389015626)	(63.0, 1.3596353718086562)	(64.0, 1.1604705390190948)	(65.0, 1.00692802652124)	(66.0, 0.8335157907825493)	(67.0, 0.6825368479802512)	(68.0, 0.5655626610689851)	(69.0, 0.47781843742375774)	(70.0, 0.414356503996946)	(71.0, 0.3757564218244114)	(72.0, 0.3620214838665849)	(73.0, 0.3267127156448649)	(74.0, 0.2902398859107757)	(75.0, 0.30936704657441394)	(76.0, 0.34549576194346043)	(77.0, 0.4136600428657831)	(78.0, 0.5058283588500996)	(79.0, 0.4306467792492518)	(80.0, 0.2960914765967162)	(81.0, 0.2858371978144885)	(82.0, 0.2772475105301465)	(83.0, 0.2444446851964404)	(84.0, 0.23436822627748835)	(85.0, 0.21817673983811348)	(86.0, 0.1963081896156427)	(87.0, 0.18202332726583423)	(88.0, 0.15319016573173483)	(89.0, 0.11340626428424491)	(90.0, 0.0878528913394515)	(91.0, 0.08087346170588325)	(92.0, 0.07420357035283182)	(93.0, 0.06885250965240794)	(94.0, 0.07721498266700882)	(95.0, 0.08260226593217404)	(96.0, 0.07803986925498187)	(97.0, 0.08419935174122363)	(98.0, 0.07108513682464633)	(99.0, 0.04362349331007098)	(100.0, 0.043686059558260555)
SRR26260996_1	(0.0, 0.004845908490471976)	(1.0, 0.002447270631926528)	(2.0, 4.429056147205569e-05)	(3.0, 5.644875481732588e-05)	(4.0, 0.00012331881821631192)	(5.0, 0.0001797675730336378)	(6.0, 0.0002483745211962339)	(7.0, 0.0003421662984311753)	(8.0, 0.00044030028757514184)	(9.0, 0.0005940145891546293)	(10.0, 0.0007972301064970025)	(11.0, 0.0011107378063286125)	(12.0, 0.00159011800108498)	(13.0, 0.002361294836127832)	(14.0, 0.0035519293415825054)	(15.0, 0.005566715667370137)	(16.0, 0.00893453522400998)	(17.0, 0.014190348518693921)	(18.0, 0.022780980559509115)	(19.0, 0.036431157916720316)	(20.0, 0.05819953465904478)	(21.0, 0.09117342345379935)	(22.0, 0.14224217771584316)	(23.0, 0.21010660764199598)	(24.0, 0.295860950633332)	(25.0, 0.41114320304842034)	(26.0, 0.5635774205571271)	(27.0, 0.7535101116697926)	(28.0, 0.9801579413580288)	(29.0, 1.2352220742213067)	(30.0, 1.5186295610995546)	(31.0, 1.8186147446040788)	(32.0, 2.1096219707655024)	(33.0, 2.3710665498079018)	(34.0, 2.6276825892074656)	(35.0, 2.8835587156977307)	(36.0, 3.087121609992826)	(37.0, 3.2454508143892253)	(38.0, 3.357737809029468)	(39.0, 3.3945467393822737)	(40.0, 3.3822539374678238)	(41.0, 3.3550508483001633)	(42.0, 3.3189123554661117)	(43.0, 3.2378745230503583)	(44.0, 3.1154736484316143)	(45.0, 3.0293276379260843)	(46.0, 2.9670247130130107)	(47.0, 2.9065238060421827)	(48.0, 2.821857621355248)	(49.0, 2.714400034800223)	(50.0, 2.6378754974427108)	(51.0, 2.5683948962440186)	(52.0, 2.4495911099707115)	(53.0, 2.281616116039604)	(54.0, 2.1432880081385557)	(55.0, 2.034943741911708)	(56.0, 1.9206315396370954)	(57.0, 1.8327008800369562)	(58.0, 1.7488414783227184)	(59.0, 1.650631066249153)	(60.0, 1.5703105672407711)	(61.0, 1.5539551918642374)	(62.0, 1.5121457702769985)	(63.0, 1.391403620607502)	(64.0, 1.1645499700747781)	(65.0, 0.9180547581927703)	(66.0, 0.7980447054511355)	(67.0, 0.701532098233999)	(68.0, 0.6013564010504089)	(69.0, 0.4942192697342697)	(70.0, 0.3941191270378967)	(71.0, 0.344260981456089)	(72.0, 0.322633292379617)	(73.0, 0.31626413595145897)	(74.0, 0.3267922629460812)	(75.0, 0.3509983574541323)	(76.0, 0.331465351402574)	(77.0, 0.39032142850226337)	(78.0, 0.4289532194144775)	(79.0, 0.3318596242439134)	(80.0, 0.2901518104153458)	(81.0, 0.2937063450840738)	(82.0, 0.3025653258208667)	(83.0, 0.2652822259275957)	(84.0, 0.22108545623277495)	(85.0, 0.1995680593387921)	(86.0, 0.1899135853802658)	(87.0, 0.18318402536365874)	(88.0, 0.14159866191092566)	(89.0, 0.09534976286789966)	(90.0, 0.05744138445972901)	(91.0, 0.03587535479236511)	(92.0, 0.02528122617672575)	(93.0, 0.019763143282736696)	(94.0, 0.01618255534255462)	(95.0, 0.013674493743901742)	(96.0, 0.010421308581660163)	(97.0, 0.007141201705582626)	(98.0, 0.004767748676109524)	(99.0, 0.0029309930385919207)	(100.0, 0.0018002810574817931)
SRR26260996_2	(0.0, 0.004768461852083616)	(1.0, 0.003285268633879037)	(2.0, 0.002775230895691522)	(3.0, 0.004493892984507373)	(4.0, 0.005309779587843109)	(5.0, 0.005164675154661993)	(6.0, 0.0047467396315475216)	(7.0, 0.004298392999682516)	(8.0, 0.004060317462606914)	(9.0, 0.00421237300635958)	(10.0, 0.0043652974389336895)	(11.0, 0.004649424083545815)	(12.0, 0.005160330710554774)	(13.0, 0.005784192884351428)	(14.0, 0.006656557261081011)	(15.0, 0.008086748261177518)	(16.0, 0.010353679196324413)	(17.0, 0.013976076692923646)	(18.0, 0.019648182919308824)	(19.0, 0.028436993348212942)	(20.0, 0.04335407663476023)	(21.0, 0.06680451703670715)	(22.0, 0.10162523655606774)	(23.0, 0.15516182128932796)	(24.0, 0.23341742410384306)	(25.0, 0.3420954312235702)	(26.0, 0.48766732659062284)	(27.0, 0.6742976943261811)	(28.0, 0.9007631389696523)	(29.0, 1.1595599366590477)	(30.0, 1.4449316989523018)	(31.0, 1.753435019450033)	(32.0, 2.0632312465140723)	(33.0, 2.3353585365020586)	(34.0, 2.5901393300587405)	(35.0, 2.8486554766588092)	(36.0, 3.0564884694152394)	(37.0, 3.200074953825293)	(38.0, 3.2935517510138608)	(39.0, 3.326645119556191)	(40.0, 3.3262115440342903)	(41.0, 3.2989475505950265)	(42.0, 3.2488978167022204)	(43.0, 3.1829170062682417)	(44.0, 3.093262451005206)	(45.0, 3.0131639350004082)	(46.0, 2.9424103182702392)	(47.0, 2.857605900408502)	(48.0, 2.7631333566305596)	(49.0, 2.667203686299056)	(50.0, 2.582240261782995)	(51.0, 2.5091762696766065)	(52.0, 2.410220259580014)	(53.0, 2.2963532484186246)	(54.0, 2.216020132432037)	(55.0, 2.141523342659088)	(56.0, 2.0434423036056897)	(57.0, 1.934931992028501)	(58.0, 1.830079702389591)	(59.0, 1.7380574250881204)	(60.0, 1.6540914849390767)	(61.0, 1.655226253739882)	(62.0, 1.6067022886175315)	(63.0, 1.3936411918224736)	(64.0, 1.2051062197903104)	(65.0, 1.045330598859116)	(66.0, 0.8609732442804546)	(67.0, 0.7054647363513706)	(68.0, 0.5859204056306672)	(69.0, 0.4944828905060281)	(70.0, 0.426355055794262)	(71.0, 0.38344585023608097)	(72.0, 0.3666710826492869)	(73.0, 0.3306964787750489)	(74.0, 0.2961355570133)	(75.0, 0.31430402226969)	(76.0, 0.34871897070943636)	(77.0, 0.4158606166088637)	(78.0, 0.49335159726050826)	(79.0, 0.4117090658200052)	(80.0, 0.2768748985083551)	(81.0, 0.2594840887471573)	(82.0, 0.2530186870267939)	(83.0, 0.2232531626705934)	(84.0, 0.21260145460851373)	(85.0, 0.1997219156082522)	(86.0, 0.18327298132949946)	(87.0, 0.16884247578296072)	(88.0, 0.13882236700207715)	(89.0, 0.10216394762536292)	(90.0, 0.0793582227289273)	(91.0, 0.07173719887604366)	(92.0, 0.06576445711743892)	(93.0, 0.06163810410440227)	(94.0, 0.06760650141889979)	(95.0, 0.07027920343366094)	(96.0, 0.0669461459146025)	(97.0, 0.07050859008252211)	(98.0, 0.05481385130078261)	(99.0, 0.028926177754685804)	(100.0, 0.026888633468400074)
SRR26260997_1	(0.0, 0.018252858376468183)	(1.0, 0.009155606529451304)	(2.0, 7.659052069518419e-05)	(3.0, 0.00013129803547745863)	(4.0, 0.00021153572382479445)	(5.0, 0.0002577331807520484)	(6.0, 0.00031365641808504)	(7.0, 0.0004388758408089126)	(8.0, 0.0005798996566921089)	(9.0, 0.0007768467099082968)	(10.0, 0.0010783459024861647)	(11.0, 0.001474671454019975)	(12.0, 0.002159123250073764)	(13.0, 0.003115896897488208)	(14.0, 0.004563822455392405)	(15.0, 0.007210450448303768)	(16.0, 0.011441164924799657)	(17.0, 0.01830513444614902)	(18.0, 0.029898264689788335)	(19.0, 0.04758338063507158)	(20.0, 0.07571763190376923)	(21.0, 0.11843569089087054)	(22.0, 0.18225747763587188)	(23.0, 0.26410721408545873)	(24.0, 0.3671226801430322)	(25.0, 0.5042367323031219)	(26.0, 0.6795548656195)	(27.0, 0.8929299776635296)	(28.0, 1.1398578163848034)	(29.0, 1.411273954445174)	(30.0, 1.7065997079105)	(31.0, 2.013048106992338)	(32.0, 2.3029225605402477)	(33.0, 2.560466088574384)	(34.0, 2.8025334685378906)	(35.0, 3.0279794897879917)	(36.0, 3.2049789673920115)	(37.0, 3.3366344252993807)	(38.0, 3.421435936102109)	(39.0, 3.442109298077055)	(40.0, 3.41697909723118)	(41.0, 3.372712207714465)	(42.0, 3.3192556714368786)	(43.0, 3.2211699603224635)	(44.0, 3.089874356290106)	(45.0, 2.9917631150021258)	(46.0, 2.912724129089797)	(47.0, 2.838948006099523)	(48.0, 2.742633602741503)	(49.0, 2.621681366170648)	(50.0, 2.533263080779536)	(51.0, 2.464922453313519)	(52.0, 2.3544947268642225)	(53.0, 2.1891917159206526)	(54.0, 2.046312707425062)	(55.0, 1.9354983812046378)	(56.0, 1.8196448850114904)	(57.0, 1.7387227448681006)	(58.0, 1.6602211083231893)	(59.0, 1.562147554434281)	(60.0, 1.4798674522017405)	(61.0, 1.4666525480754442)	(62.0, 1.4257629358046218)	(63.0, 1.3099082238889237)	(64.0, 1.107345748210973)	(65.0, 0.8794938120330029)	(66.0, 0.7727849808663506)	(67.0, 0.6823862834401203)	(68.0, 0.5820198768205597)	(69.0, 0.4716638780017557)	(70.0, 0.3703504235151864)	(71.0, 0.3252957457856066)	(72.0, 0.31206868443380337)	(73.0, 0.30400236530979463)	(74.0, 0.307818518396496)	(75.0, 0.33285875577361834)	(76.0, 0.31114108812760616)	(77.0, 0.3733654154409651)	(78.0, 0.4191762725970909)	(79.0, 0.32007300170772546)	(80.0, 0.2669009445070069)	(81.0, 0.2596771211106452)	(82.0, 0.2687622157321549)	(83.0, 0.23404847401897574)	(84.0, 0.18753249778343384)	(85.0, 0.16678497673289397)	(86.0, 0.15126263120533665)	(87.0, 0.13974852292749396)	(88.0, 0.10728751510079373)	(89.0, 0.07411895674957611)	(90.0, 0.04503157900111615)	(91.0, 0.027119122938848793)	(92.0, 0.018487492828756603)	(93.0, 0.014103597310870348)	(94.0, 0.011556658567117793)	(95.0, 0.009555579248637265)	(96.0, 0.007270020853288912)	(97.0, 0.005204508239620374)	(98.0, 0.0038696448789328776)	(99.0, 0.002732944294012287)	(100.0, 0.001520868910947229)
SRR26260997_2	(0.0, 0.017396823875584007)	(1.0, 0.00965557779280351)	(2.0, 0.0030454171549540235)	(3.0, 0.004734747996899367)	(4.0, 0.005570291761058078)	(5.0, 0.0055848864119604135)	(6.0, 0.005027857235854606)	(7.0, 0.004480557827017021)	(8.0, 0.004302989574371939)	(9.0, 0.004413665677047983)	(10.0, 0.004551098639711644)	(11.0, 0.004913532470452978)	(12.0, 0.005538670017436351)	(13.0, 0.006509214302441667)	(14.0, 0.007811786895475117)	(15.0, 0.00951206372559721)	(16.0, 0.012508832044210116)	(17.0, 0.017595067883674063)	(18.0, 0.025438476522770908)	(19.0, 0.0381723094350587)	(20.0, 0.058732523893723944)	(21.0, 0.09039926768906656)	(22.0, 0.13819310073149)	(23.0, 0.20710296118777594)	(24.0, 0.302177382049224)	(25.0, 0.43188247706009736)	(26.0, 0.6009809672981914)	(27.0, 0.8087698770783771)	(28.0, 1.0568752937553563)	(29.0, 1.3342223097360735)	(30.0, 1.6323837303453381)	(31.0, 1.944941557848848)	(32.0, 2.2465436674083383)	(33.0, 2.5083461639571594)	(34.0, 2.745154104614823)	(35.0, 2.982174883931478)	(36.0, 3.1698535809891535)	(37.0, 3.2854188917174807)	(38.0, 3.3560192992366207)	(39.0, 3.374651803555269)	(40.0, 3.359474582837749)	(41.0, 3.3139417044642787)	(42.0, 3.242413320391932)	(43.0, 3.164396397772589)	(44.0, 3.0716546886136973)	(45.0, 2.981741909288042)	(46.0, 2.892397105126669)	(47.0, 2.7881511623940116)	(48.0, 2.682191564401238)	(49.0, 2.5782995419529624)	(50.0, 2.4827945788898957)	(51.0, 2.401810077253744)	(52.0, 2.303298616104796)	(53.0, 2.197247801543883)	(54.0, 2.1261523921149723)	(55.0, 2.051123724267882)	(56.0, 1.945910885912945)	(57.0, 1.8372135746550753)	(58.0, 1.7318778979883769)	(59.0, 1.6397090288774019)	(60.0, 1.5613138615555064)	(61.0, 1.5614938622499686)	(62.0, 1.5519161225953109)	(63.0, 1.377413962860627)	(64.0, 1.1734196623150486)	(65.0, 1.0061017194870394)	(66.0, 0.8318622634685975)	(67.0, 0.684379667437771)	(68.0, 0.5667285378513184)	(69.0, 0.47651413574034807)	(70.0, 0.4105876651726812)	(71.0, 0.3723861664358178)	(72.0, 0.36222950562870077)	(73.0, 0.32530990372942586)	(74.0, 0.2857766430977244)	(75.0, 0.3051607719378431)	(76.0, 0.34182010256269296)	(77.0, 0.41266375426353846)	(78.0, 0.4996539547460011)	(79.0, 0.4163270116400246)	(80.0, 0.2729734855936505)	(81.0, 0.25563868898440145)	(82.0, 0.2407156584367633)	(83.0, 0.20460362722075098)	(84.0, 0.19275885179259714)	(85.0, 0.17507621600350903)	(86.0, 0.15276585965747205)	(87.0, 0.13155375079183582)	(88.0, 0.09824024388634635)	(89.0, 0.06779701832498286)	(90.0, 0.05579656662053744)	(91.0, 0.05175628076240753)	(92.0, 0.0446049018202631)	(93.0, 0.03699622381651216)	(94.0, 0.03797893031060275)	(95.0, 0.03828906664227738)	(96.0, 0.03568148901439343)	(97.0, 0.0392815029036362)	(98.0, 0.03388756317431468)	(99.0, 0.021444407059165074)	(100.0, 0.0257121262271897)
SRR26260998_1	(0.0, 0.010074552200554249)	(1.0, 0.00504499015249807)	(2.0, 3.3427559624095264e-05)	(3.0, 5.14270148063004e-05)	(4.0, 0.00010028267887228578)	(5.0, 0.0001774232010817364)	(6.0, 0.00021985048829693422)	(7.0, 0.0002892769582854398)	(8.0, 0.000377988558826308)	(9.0, 0.0005142701480630041)	(10.0, 0.0007444060393211984)	(11.0, 0.0010889670385234112)	(12.0, 0.0015762380038131074)	(13.0, 0.0022692170283280053)	(14.0, 0.003369755145182834)	(15.0, 0.005309839278750517)	(16.0, 0.008867303027976347)	(17.0, 0.01419514176190907)	(18.0, 0.02252760383589989)	(19.0, 0.036544036721357066)	(20.0, 0.05805467133946237)	(21.0, 0.09154008635521473)	(22.0, 0.143357946474043)	(23.0, 0.2099842155063455)	(24.0, 0.2938128209913555)	(25.0, 0.40761951908232813)	(26.0, 0.5605724608438566)	(27.0, 0.7519516680686529)	(28.0, 0.9818278529020752)	(29.0, 1.2429459492303252)	(30.0, 1.5343584143055966)	(31.0, 1.845597279264067)	(32.0, 2.1483956854174533)	(33.0, 2.4212545692259817)	(34.0, 2.680302728208278)	(35.0, 2.9235846501263327)	(36.0, 3.1141847380768137)	(37.0, 3.2632189413101025)	(38.0, 3.369550722798979)	(39.0, 3.4043848112780264)	(40.0, 3.386749202225576)	(41.0, 3.3567891090747954)	(42.0, 3.3207272006172475)	(43.0, 3.2383308374945927)	(44.0, 3.124256718926628)	(45.0, 3.0365415167976315)	(46.0, 2.9665364928925553)	(47.0, 2.9087968120187813)	(48.0, 2.8308733135089046)	(49.0, 2.7244733912254095)	(50.0, 2.640877492982398)	(51.0, 2.5725001340959412)	(52.0, 2.449504714134453)	(53.0, 2.278192328087075)	(54.0, 2.1378300052254993)	(55.0, 2.0191107415451546)	(56.0, 1.9010201731208172)	(57.0, 1.813690673602868)	(58.0, 1.7309291786750887)	(59.0, 1.6266814769612374)	(60.0, 1.530899947559873)	(61.0, 1.5069568151414297)	(62.0, 1.4801003423342094)	(63.0, 1.3748061008690498)	(64.0, 1.1408684675412997)	(65.0, 0.8875389926054639)	(66.0, 0.7714065077698762)	(67.0, 0.6821472095213209)	(68.0, 0.5888958892484266)	(69.0, 0.48036560287658037)	(70.0, 0.37878182052969517)	(71.0, 0.3317903857504382)	(72.0, 0.310142183867726)	(73.0, 0.2988115268305279)	(74.0, 0.3068019992560568)	(75.0, 0.33235736858867765)	(76.0, 0.31708225951583624)	(77.0, 0.3796432230277007)	(78.0, 0.42216179319417974)	(79.0, 0.3298027316281747)	(80.0, 0.28905710779714283)	(81.0, 0.2977572730269987)	(82.0, 0.31609871785766575)	(83.0, 0.2812852001845407)	(84.0, 0.2382690736498107)	(85.0, 0.21903922713836485)	(86.0, 0.21096518581377569)	(87.0, 0.20296957068676613)	(88.0, 0.15601927751935418)	(89.0, 0.10557709004659441)	(90.0, 0.06282966966422737)	(91.0, 0.03928123958442241)	(92.0, 0.027131607336433935)	(93.0, 0.020672374276762603)	(94.0, 0.01668806630464448)	(95.0, 0.013453307073328185)	(96.0, 0.010349686729767956)	(97.0, 0.007237066658616624)	(98.0, 0.004849567496234128)	(99.0, 0.0030547646794942436)	(100.0, 0.001766517958596419)
SRR26260998_2	(0.0, 0.009830824654905508)	(1.0, 0.005876368362157598)	(2.0, 0.0029780632133088528)	(3.0, 0.004591234388034253)	(4.0, 0.005296192764230041)	(5.0, 0.005419689122103756)	(6.0, 0.00491798516824179)	(7.0, 0.004360965137415555)	(8.0, 0.004120404523640715)	(9.0, 0.004138414409163965)	(10.0, 0.004462592348582466)	(11.0, 0.0048034937531297)	(12.0, 0.0053592273635614165)	(13.0, 0.006165812950924117)	(14.0, 0.0072592702862643)	(15.0, 0.008961204468211432)	(16.0, 0.011777178711811035)	(17.0, 0.01613685742883207)	(18.0, 0.022635853261936314)	(19.0, 0.03298253249504349)	(20.0, 0.05001216567767096)	(21.0, 0.07626671950938602)	(22.0, 0.11587431703619651)	(23.0, 0.17367961746385668)	(24.0, 0.2548295887908325)	(25.0, 0.36722285223946366)	(26.0, 0.518224164568365)	(27.0, 0.710905497679645)	(28.0, 0.9448127451740389)	(29.0, 1.2143911437880188)	(30.0, 1.5120662502386633)	(31.0, 1.8274566519422129)	(32.0, 2.139556390276586)	(33.0, 2.4175325412259787)	(34.0, 2.6655685439133623)	(35.0, 2.904967520071953)	(36.0, 3.097915142204898)	(37.0, 3.2248603931563156)	(38.0, 3.308689978165072)	(39.0, 3.3363788907366745)	(40.0, 3.326205878256827)	(41.0, 3.287766350448239)	(42.0, 3.228453365318204)	(43.0, 3.163845473844333)	(44.0, 3.0772809590768317)	(45.0, 2.995119861319765)	(46.0, 2.9208818267725336)	(47.0, 2.833365360913089)	(48.0, 2.7406453245578195)	(49.0, 2.645155625093153)	(50.0, 2.5527610530976963)	(51.0, 2.473469959240799)	(52.0, 2.372205518625142)	(53.0, 2.2621741230208454)	(54.0, 2.1941572175015027)	(55.0, 2.123923809642405)	(56.0, 2.019174456177999)	(57.0, 1.9088639073480924)	(58.0, 1.8030236693891353)	(59.0, 1.7030868146206204)	(60.0, 1.6125459744136643)	(61.0, 1.6175295670220267)	(62.0, 1.579397493687728)	(63.0, 1.366088409550354)	(64.0, 1.1720344658781234)	(65.0, 1.0093537427873946)	(66.0, 0.8277664991584367)	(67.0, 0.6774174019695559)	(68.0, 0.5590744441962796)	(69.0, 0.47055714326990006)	(70.0, 0.40698482021361626)	(71.0, 0.3655016217515987)	(72.0, 0.34640985667655916)	(73.0, 0.3112416959312298)	(74.0, 0.27759408409222064)	(75.0, 0.29633594281995135)	(76.0, 0.32973012984124056)	(77.0, 0.389461201599494)	(78.0, 0.47165317344602925)	(79.0, 0.4001140488864964)	(80.0, 0.2697237641185603)	(81.0, 0.2572223307246357)	(82.0, 0.25118901907434693)	(83.0, 0.2227668468778693)	(84.0, 0.2195572279935472)	(85.0, 0.21030400609578023)	(86.0, 0.19426620303732603)	(87.0, 0.18525096891254483)	(88.0, 0.15770999468631192)	(89.0, 0.11810239715950144)	(90.0, 0.09284481913353772)	(91.0, 0.08654007278000568)	(92.0, 0.07784515733345944)	(93.0, 0.06753449787139877)	(94.0, 0.07233027310216136)	(95.0, 0.07566081550356811)	(96.0, 0.07191090005354854)	(97.0, 0.07945318282660677)	(98.0, 0.06504784724879574)	(99.0, 0.03665268988060295)	(100.0, 0.036449435458269126)
SRR26260999_1	(0.0, 0.012304509048618302)	(1.0, 0.006181667693349673)	(2.0, 8.725906815354813e-05)	(3.0, 0.00013628101655441784)	(4.0, 0.00019020515979537454)	(5.0, 0.00027746422794892265)	(6.0, 0.0003353101270619489)	(7.0, 0.00039315602617497525)	(8.0, 0.0005225739699532714)	(9.0, 0.0007421922987891677)	(10.0, 0.0009971064304736903)	(11.0, 0.0013284948016635697)	(12.0, 0.0018569514054249453)	(13.0, 0.0028148402771779398)	(14.0, 0.004214907123506779)	(15.0, 0.00641599260670583)	(16.0, 0.01044265544835327)	(17.0, 0.016880217712355483)	(18.0, 0.02706893946799225)	(19.0, 0.04352560754616422)	(20.0, 0.06961999067994716)	(21.0, 0.10973269017844284)	(22.0, 0.17023655933376428)	(23.0, 0.24835009279364612)	(24.0, 0.3471793212087675)	(25.0, 0.47675315478297836)	(26.0, 0.6454366987914031)	(27.0, 0.8537358597415386)	(28.0, 1.0926462861511133)	(29.0, 1.3541528894565849)	(30.0, 1.6393233676941243)	(31.0, 1.9313961362665062)	(32.0, 2.2095211800798724)	(33.0, 2.4620381384875927)	(34.0, 2.703640850303343)	(35.0, 2.9253553576528604)	(36.0, 3.0993499395510353)	(37.0, 3.2382114714692753)	(38.0, 3.334092519907568)	(39.0, 3.3720041339228644)	(40.0, 3.3605526067764213)	(41.0, 3.328334401848402)	(42.0, 3.291279691491152)	(43.0, 3.2095630448238066)	(44.0, 3.096001740475256)	(45.0, 3.0129909143701274)	(46.0, 2.941054146408755)	(47.0, 2.8756823977772275)	(48.0, 2.7885605910792015)	(49.0, 2.6762836617787533)	(50.0, 2.590637415727594)	(51.0, 2.5228567285516474)	(52.0, 2.413271104218407)	(53.0, 2.251038848619537)	(54.0, 2.1080241772327755)	(55.0, 1.9930882974510646)	(56.0, 1.8832095218663871)	(57.0, 1.7970514866739224)	(58.0, 1.711397397111019)	(59.0, 1.6089670163663699)	(60.0, 1.5252257632300679)	(61.0, 1.5057973846398354)	(62.0, 1.4518742218378466)	(63.0, 1.3276408393224264)	(64.0, 1.1170072531894415)	(65.0, 0.8846971419125599)	(66.0, 0.7756772308638658)	(67.0, 0.686296492783528)	(68.0, 0.5883094614419336)	(69.0, 0.47752476025080803)	(70.0, 0.3772101667991403)	(71.0, 0.3346414676857611)	(72.0, 0.31642197034309383)	(73.0, 0.30473317696639046)	(74.0, 0.3079941169740163)	(75.0, 0.3314981803542973)	(76.0, 0.3179122375744803)	(77.0, 0.38136134538972594)	(78.0, 0.4192768811608946)	(79.0, 0.32162025775152203)	(80.0, 0.2759896477410245)	(81.0, 0.2783740753112428)	(82.0, 0.296254340770976)	(83.0, 0.26120266722538615)	(84.0, 0.22216747015274158)	(85.0, 0.2096423623363194)	(86.0, 0.2001252412737745)	(87.0, 0.1922542772385309)	(88.0, 0.14761979321953902)	(89.0, 0.09953024227725384)	(90.0, 0.058188072312864346)	(91.0, 0.0349516687708521)	(92.0, 0.023851138774959157)	(93.0, 0.017560642356159555)	(94.0, 0.013812424181429054)	(95.0, 0.011364268078289622)	(96.0, 0.008774928763755682)	(97.0, 0.006463053677170666)	(98.0, 0.004678654755379007)	(99.0, 0.0032128984981930017)	(100.0, 0.0019236212552501283)
SRR26260999_2	(0.0, 0.012357467633093366)	(1.0, 0.007126440527690553)	(2.0, 0.002847044384823511)	(3.0, 0.004524661854860797)	(4.0, 0.005372300155511215)	(5.0, 0.0053203038245685395)	(6.0, 0.004819961772101279)	(7.0, 0.004294112085586667)	(8.0, 0.004052770624984812)	(9.0, 0.0041175207729511635)	(10.0, 0.0044138017530396196)	(11.0, 0.004668878093513125)	(12.0, 0.005151561014716835)	(13.0, 0.005911884721897477)	(14.0, 0.006942000712271249)	(15.0, 0.008805039060575812)	(16.0, 0.011614803057176274)	(17.0, 0.015847108183340515)	(18.0, 0.022414342887685304)	(19.0, 0.03323350397515384)	(20.0, 0.05130860588624563)	(21.0, 0.07985557263662278)	(22.0, 0.12339317970405828)	(23.0, 0.18782448224481776)	(24.0, 0.27779873709545494)	(25.0, 0.4007808514662117)	(26.0, 0.5635676287678589)	(27.0, 0.7656165412454665)	(28.0, 1.0043817308085394)	(29.0, 1.2728073934544408)	(30.0, 1.5596054200543708)	(31.0, 1.8575247750989454)	(32.0, 2.151248124342731)	(33.0, 2.4109423276416546)	(34.0, 2.646272816173967)	(35.0, 2.8783707026222016)	(36.0, 3.0705471796606365)	(37.0, 3.203109372741869)	(38.0, 3.2845856612033466)	(39.0, 3.310866372774902)	(40.0, 3.307547437160202)	(41.0, 3.2800482455314626)	(42.0, 3.2269079953080473)	(43.0, 3.164123897289038)	(44.0, 3.0828811017853788)	(45.0, 3.0015176355514184)	(46.0, 2.926821472432296)	(47.0, 2.8356444345300416)	(48.0, 2.736368722817753)	(49.0, 2.6369801888779474)	(50.0, 2.5455833928977465)	(51.0, 2.466069230132219)	(52.0, 2.36265147107578)	(53.0, 2.2572578514435193)	(54.0, 2.1932042580992306)	(55.0, 2.1190506227350387)	(56.0, 2.0085495899162202)	(57.0, 1.9007141048553495)	(58.0, 1.7939577889272518)	(59.0, 1.69003282037841)	(60.0, 1.6021403808911756)	(61.0, 1.6024258701799365)	(62.0, 1.5713654204130474)	(63.0, 1.3794185120810385)	(64.0, 1.1813556579547535)	(65.0, 1.0054452029357441)	(66.0, 0.8300262604035706)	(67.0, 0.6841598740409486)	(68.0, 0.5632478022794191)	(69.0, 0.47202269229761373)	(70.0, 0.4058500032016986)	(71.0, 0.36803787891504536)	(72.0, 0.3505710359696981)	(73.0, 0.3134260344196678)	(74.0, 0.27990900328144924)	(75.0, 0.29827744298408554)	(76.0, 0.33027382670794286)	(77.0, 0.394169468933708)	(78.0, 0.47869391966384395)	(79.0, 0.39990280021727403)	(80.0, 0.26657341598892476)	(81.0, 0.25371560630336415)	(82.0, 0.24465843409085872)	(83.0, 0.21448094088714706)	(84.0, 0.21029376465198968)	(85.0, 0.20174282086903939)	(86.0, 0.1864441268177169)	(87.0, 0.17371385530239306)	(88.0, 0.1394355193941458)	(89.0, 0.10185786912815858)	(90.0, 0.08301950032134223)	(91.0, 0.07846344445534623)	(92.0, 0.07088669608043514)	(93.0, 0.061176136011178384)	(94.0, 0.06552028230201178)	(95.0, 0.06842324726916987)	(96.0, 0.06374750173572091)	(97.0, 0.06774533284121913)	(98.0, 0.05536235757407841)	(99.0, 0.03188944787342806)	(100.0, 0.03997536786643818)
SRR26261000_1	(0.0, 0.03151825600134625)	(1.0, 0.01577944269999723)	(2.0, 7.491045375763089e-05)	(3.0, 0.00011807918982135038)	(4.0, 0.00017013560683936505)	(5.0, 0.0002742484408753944)	(6.0, 0.00039105796198898835)	(7.0, 0.0005027888082715565)	(8.0, 0.0006488007096635488)	(9.0, 0.0008075092981331058)	(10.0, 0.001005577616543113)	(11.0, 0.0014334559710570383)	(12.0, 0.002036548607241355)	(13.0, 0.0029024626659312574)	(14.0, 0.004384166047883041)	(15.0, 0.00682066029806768)	(16.0, 0.010980094984677828)	(17.0, 0.017625541001075117)	(18.0, 0.028653883396647692)	(19.0, 0.04595058020241389)	(20.0, 0.07361793101313481)	(21.0, 0.11607946160663396)	(22.0, 0.1788671185426062)	(23.0, 0.2606756823894779)	(24.0, 0.36456124572681886)	(25.0, 0.5019520965931449)	(26.0, 0.6801488300580557)	(27.0, 0.894471447264761)	(28.0, 1.1382592661723703)	(29.0, 1.397803673743237)	(30.0, 1.669845430404551)	(31.0, 1.9479079560780457)	(32.0, 2.2025057343634935)	(33.0, 2.4284128088597687)	(34.0, 2.6354741907268147)	(35.0, 2.81191370270019)	(36.0, 2.959525386663956)	(37.0, 3.08300701683681)	(38.0, 3.173686755944776)	(39.0, 3.2239237377045757)	(40.0, 3.228040003655122)	(41.0, 3.217430651933109)	(42.0, 3.2096437737484393)	(43.0, 3.150414998200308)	(44.0, 3.0579069361531728)	(45.0, 2.9855701008661644)	(46.0, 2.910955479917441)	(47.0, 2.8419439069760464)	(48.0, 2.7627470516610293)	(49.0, 2.668024687387567)	(50.0, 2.6081775831787586)	(51.0, 2.5497385415668523)	(52.0, 2.429165722403468)	(53.0, 2.2713166996490624)	(54.0, 2.1401345287636655)	(55.0, 2.044687183658074)	(56.0, 1.9414009039507938)	(57.0, 1.8534560312393353)	(58.0, 1.7714443203992225)	(59.0, 1.672295891010521)	(60.0, 1.5923016837470332)	(61.0, 1.5790044433706998)	(62.0, 1.524764196175344)	(63.0, 1.3913994647813135)	(64.0, 1.1744295883189362)	(65.0, 0.9337956264813939)	(66.0, 0.8149825681469602)	(67.0, 0.716051252107285)	(68.0, 0.6079986360710874)	(69.0, 0.4963338125613226)	(70.0, 0.3954154649940085)	(71.0, 0.3462196115745691)	(72.0, 0.3314063867611745)	(73.0, 0.3216210500304955)	(74.0, 0.3235801488465638)	(75.0, 0.3485354872975169)	(76.0, 0.32920859022804816)	(77.0, 0.39888800890972237)	(78.0, 0.44391807929901284)	(79.0, 0.3373116159209498)	(80.0, 0.2868486331311695)	(81.0, 0.291814307447205)	(82.0, 0.31106248505679285)	(83.0, 0.2705651319541929)	(84.0, 0.2178891166067931)	(85.0, 0.1958337014843557)	(86.0, 0.18355473541164302)	(87.0, 0.17787804661926393)	(88.0, 0.1405535956173474)	(89.0, 0.0956619191172024)	(90.0, 0.056347897250231496)	(91.0, 0.03407155977264449)	(92.0, 0.023890086405145467)	(93.0, 0.018730152776823234)	(94.0, 0.01599782571773134)	(95.0, 0.013750512105002414)	(96.0, 0.010775678322729038)	(97.0, 0.007592618872383604)	(98.0, 0.0051675516405687745)	(99.0, 0.0034788922592526882)	(100.0, 0.0021571671344782183)
SRR26261000_2	(0.0, 0.030162831266133817)	(1.0, 0.01609649870027443)	(2.0, 0.0030033246193724348)	(3.0, 0.004596458744877102)	(4.0, 0.005277415595970006)	(5.0, 0.005201189082787964)	(6.0, 0.004783213702173104)	(7.0, 0.004316961529876284)	(8.0, 0.00407811845523922)	(9.0, 0.004111149944284771)	(10.0, 0.004399540252490162)	(11.0, 0.004803540772354981)	(12.0, 0.005340937690288374)	(13.0, 0.006103202822108789)	(14.0, 0.007325367916794187)	(15.0, 0.009313609468959103)	(16.0, 0.01240332413660452)	(17.0, 0.017364399702869054)	(18.0, 0.02516110155950553)	(19.0, 0.03789601102845193)	(20.0, 0.05842508147026207)	(21.0, 0.09125711113965371)	(22.0, 0.14090343917511733)	(23.0, 0.2122374806527581)	(24.0, 0.31113757018079785)	(25.0, 0.44488461021000786)	(26.0, 0.6197075773092473)	(27.0, 0.8344008221283535)	(28.0, 1.0808551141066438)	(29.0, 1.3433817663893672)	(30.0, 1.6163654258387807)	(31.0, 1.8910730749279945)	(32.0, 2.146797781351107)	(33.0, 2.3775799022191695)	(34.0, 2.5787924881820317)	(35.0, 2.7560305653072557)	(36.0, 2.910697971879277)	(37.0, 3.0357158057072566)	(38.0, 3.1198228699104353)	(39.0, 3.1624919311059694)	(40.0, 3.1749803748489605)	(41.0, 3.161225300545261)	(42.0, 3.1305415881057166)	(43.0, 3.0750220072295766)	(44.0, 3.0001154831674706)	(45.0, 2.9404136076014096)	(46.0, 2.8789928241630935)	(47.0, 2.797345335451922)	(48.0, 2.7188294859906468)	(49.0, 2.631916015660483)	(50.0, 2.550879609496655)	(51.0, 2.4758066575474347)	(52.0, 2.374543546110752)	(53.0, 2.281993125130776)	(54.0, 2.2235477165903323)	(55.0, 2.1591820488594164)	(56.0, 2.057785541024665)	(57.0, 1.943821822049967)	(58.0, 1.8388896744454553)	(59.0, 1.7476541608178697)	(60.0, 1.6662226472273813)	(61.0, 1.6627352842493028)	(62.0, 1.636237677825339)	(63.0, 1.4370946416953692)	(64.0, 1.2231839890782652)	(65.0, 1.054804703226681)	(66.0, 0.877496751797707)	(67.0, 0.722875081133595)	(68.0, 0.600516282173782)	(69.0, 0.5078527918659196)	(70.0, 0.43604995733220925)	(71.0, 0.39195291945639826)	(72.0, 0.3801581369833637)	(73.0, 0.3443977387658953)	(74.0, 0.3045414359067785)	(75.0, 0.31983374489298244)	(76.0, 0.3560781814691568)	(77.0, 0.43083987515621675)	(78.0, 0.5200503044169326)	(79.0, 0.43668898960105207)	(80.0, 0.29563436784145697)	(81.0, 0.28095822317014124)	(82.0, 0.2711211916439988)	(83.0, 0.2348704028583926)	(84.0, 0.21880566520527736)	(85.0, 0.19920020601485627)	(86.0, 0.1756728927212192)	(87.0, 0.1556507285920696)	(88.0, 0.12006565135491992)	(89.0, 0.08501288926815814)	(90.0, 0.06859115744497367)	(91.0, 0.06305457170418471)	(92.0, 0.05559580738932196)	(93.0, 0.04673320479002327)	(94.0, 0.04896283030059799)	(95.0, 0.051418594466946084)	(96.0, 0.04808495495711814)	(97.0, 0.05070333568492127)	(98.0, 0.044379075974584556)	(99.0, 0.030472819086407452)	(100.0, 0.037617784255337475)
SRR26261001_1	(0.0, 0.006032527653844592)	(1.0, 0.003028520079774479)	(2.0, 4.779938612351464e-05)	(3.0, 9.314752167659264e-05)	(4.0, 0.00021203317434277007)	(5.0, 0.00029292444316717946)	(6.0, 0.0003051806960193627)	(7.0, 0.00039955384298117366)	(8.0, 0.0005515313783482459)	(9.0, 0.0007623389274057977)	(10.0, 0.0009400545937624546)	(11.0, 0.0012820040483383672)	(12.0, 0.0018016691692709368)	(13.0, 0.00271353438147337)	(14.0, 0.004138936588182281)	(15.0, 0.006282555212029129)	(16.0, 0.010123664855903358)	(17.0, 0.01646259883105253)	(18.0, 0.026472280535430583)	(19.0, 0.04173254096168394)	(20.0, 0.06609184350539814)	(21.0, 0.10358984910665277)	(22.0, 0.1614148500632533)	(23.0, 0.23602478930091877)	(24.0, 0.3267002247772261)	(25.0, 0.44916225202567056)	(26.0, 0.6112009453591)	(27.0, 0.8087263932007408)	(28.0, 1.0376830014818055)	(29.0, 1.2884054892030623)	(30.0, 1.558639931464995)	(31.0, 1.8376498507690908)	(32.0, 2.10309454941639)	(33.0, 2.34398139422377)	(34.0, 2.561962528075705)	(35.0, 2.755410320593424)	(36.0, 2.9214065579728237)	(37.0, 3.064178421822621)	(38.0, 3.172040800673545)	(39.0, 3.2364682450416162)	(40.0, 3.2553416488086935)	(41.0, 3.2527911225901542)	(42.0, 3.252413630002307)	(43.0, 3.2065360243260144)	(44.0, 3.1152992524690775)	(45.0, 3.037458564979576)	(46.0, 2.9659175914560976)	(47.0, 2.8980142737791468)	(48.0, 2.8235955320859754)	(49.0, 2.726874087077686)	(50.0, 2.6602883165823448)	(51.0, 2.6060923920952757)	(52.0, 2.4888809435687063)	(53.0, 2.322456962964766)	(54.0, 2.181736795842424)	(55.0, 2.0741832745633753)	(56.0, 1.9587024089395344)	(57.0, 1.8672254145266944)	(58.0, 1.7806607262570093)	(59.0, 1.6750890410641583)	(60.0, 1.5876039082052744)	(61.0, 1.5719024226763425)	(62.0, 1.5409847992314252)	(63.0, 1.4332425316584527)	(64.0, 1.202766148023717)	(65.0, 0.9426480168659765)	(66.0, 0.822453396395186)	(67.0, 0.7275544561860163)	(68.0, 0.6212179808151893)	(69.0, 0.5025173975670798)	(70.0, 0.3972729543253824)	(71.0, 0.3462991987131523)	(72.0, 0.3291857928556488)	(73.0, 0.321664130480264)	(74.0, 0.3251657419201327)	(75.0, 0.3520535094272523)	(76.0, 0.33387626082217936)	(77.0, 0.3978122294508784)	(78.0, 0.4402629868297004)	(79.0, 0.3383608237407932)	(80.0, 0.29385591838394537)	(81.0, 0.3042296107980333)	(82.0, 0.326817884804607)	(83.0, 0.28945714923529686)	(84.0, 0.23795269787456721)	(85.0, 0.21402481543124985)	(86.0, 0.20498705457804994)	(87.0, 0.1985561987065094)	(88.0, 0.1549153591757405)	(89.0, 0.10717235181534593)	(90.0, 0.06461006253556917)	(91.0, 0.03927271101425076)	(92.0, 0.027059355047050163)	(93.0, 0.021089334282751705)	(94.0, 0.017678419113989107)	(95.0, 0.0149354697256705)	(96.0, 0.01163608645786277)	(97.0, 0.008244781293663668)	(98.0, 0.005601107553447742)	(99.0, 0.003730803368204579)	(100.0, 0.0022625042765130263)
SRR26261001_2	(0.0, 0.006234694248705486)	(1.0, 0.004034646750244108)	(2.0, 0.002748219868479346)	(3.0, 0.004469996171623032)	(4.0, 0.005384843124717897)	(5.0, 0.0053370160051861276)	(6.0, 0.004884497874231697)	(7.0, 0.004384152623745498)	(8.0, 0.004124169307316394)	(9.0, 0.004126621980112895)	(10.0, 0.004358399559382237)	(11.0, 0.004728753151653885)	(12.0, 0.005188629300997818)	(13.0, 0.005816513536902069)	(14.0, 0.006877294521388741)	(15.0, 0.008459268475131872)	(16.0, 0.011022311547475393)	(17.0, 0.015228645393474571)	(18.0, 0.021365232730320018)	(19.0, 0.03129487854695422)	(20.0, 0.04754996750576446)	(21.0, 0.07294248896793908)	(22.0, 0.11186640624840959)	(23.0, 0.17023020811394685)	(24.0, 0.2515179162719805)	(25.0, 0.36376448680384776)	(26.0, 0.5153347602820152)	(27.0, 0.7057553708567581)	(28.0, 0.9339054470600756)	(29.0, 1.19153297126814)	(30.0, 1.4686163224344484)	(31.0, 1.751457322990543)	(32.0, 2.020980310261637)	(33.0, 2.272856316761907)	(34.0, 2.4975505769949544)	(35.0, 2.694094285206162)	(36.0, 2.865472344188871)	(37.0, 3.0116111737591873)	(38.0, 3.1193092625899435)	(39.0, 3.1785474423074334)	(40.0, 3.2048744321050746)	(41.0, 3.2030189851345217)	(42.0, 3.1753356672804154)	(43.0, 3.126972638742611)	(44.0, 3.0635661416074678)	(45.0, 3.005510150177891)	(46.0, 2.943128870271685)	(47.0, 2.861996906836229)	(48.0, 2.7809581449670406)	(49.0, 2.694075890160188)	(50.0, 2.6176775852219794)	(51.0, 2.5442421090219436)	(52.0, 2.43771271877872)	(53.0, 2.3370341794915497)	(54.0, 2.278019192998541)	(55.0, 2.211939282515212)	(56.0, 2.1041418604361977)	(57.0, 1.9848978144159128)	(58.0, 1.8757477432896283)	(59.0, 1.7822248768862494)	(60.0, 1.6972728755702433)	(61.0, 1.6940537425248359)	(62.0, 1.6838874137833395)	(63.0, 1.482297331293331)	(64.0, 1.2478107749202532)	(65.0, 1.0744423719631833)	(66.0, 0.8930782556895204)	(67.0, 0.7334031249553153)	(68.0, 0.6063926905249105)	(69.0, 0.509889826673783)	(70.0, 0.43799340265355163)	(71.0, 0.39142082525719274)	(72.0, 0.37390015713538804)	(73.0, 0.3352399021805414)	(74.0, 0.2952821833163457)	(75.0, 0.3133154600526192)	(76.0, 0.3479337102388322)	(77.0, 0.41457405645616197)	(78.0, 0.5012466077389136)	(79.0, 0.4246520889769846)	(80.0, 0.2918594784288286)	(81.0, 0.27987449280872656)	(82.0, 0.2699166412549326)	(83.0, 0.23805028994639366)	(84.0, 0.23159362880960482)	(85.0, 0.21743680142820115)	(86.0, 0.1947949525073024)	(87.0, 0.17802725493402347)	(88.0, 0.14425149785340852)	(89.0, 0.10462121080754572)	(90.0, 0.08379924510165065)	(91.0, 0.07934519130320487)	(92.0, 0.07316568219242067)	(93.0, 0.0663337621177672)	(94.0, 0.07319388792958043)	(95.0, 0.07804282204826286)	(96.0, 0.07509348301047043)	(97.0, 0.08181012746368836)	(98.0, 0.0678593245971908)	(99.0, 0.03957264923514502)	(100.0, 0.035231418385338296)
SRR26261002_1	(0.0, 0.021761461319647374)	(1.0, 0.010890780595777957)	(2.0, 2.512483988567662e-05)	(3.0, 5.024967977135324e-05)	(4.0, 9.547439156557116e-05)	(5.0, 0.0001373491247083655)	(6.0, 0.00017922385785115987)	(7.0, 0.00022779854829680136)	(8.0, 0.00029814809997669585)	(9.0, 0.000408697395473673)	(10.0, 0.0006197460505133565)	(11.0, 0.0008207447695987695)	(12.0, 0.0011909174105810716)	(13.0, 0.0018676130981686288)	(14.0, 0.0029546811705555703)	(15.0, 0.004706720005250087)	(16.0, 0.007529077019074426)	(17.0, 0.012398270988918554)	(18.0, 0.020486794442780717)	(19.0, 0.0336438355962467)	(20.0, 0.054368478523278495)	(21.0, 0.08630047502864777)	(22.0, 0.13706940149097166)	(23.0, 0.2016151151572749)	(24.0, 0.2795841932798323)	(25.0, 0.3870749582680597)	(26.0, 0.5323702323376018)	(27.0, 0.7104165726927864)	(28.0, 0.9203580597881745)	(29.0, 1.155240137943411)	(30.0, 1.4135335419041208)	(31.0, 1.6894361086460388)	(32.0, 1.9544311448989211)	(33.0, 2.2005892511948493)	(34.0, 2.432449648606502)	(35.0, 2.634527060817673)	(36.0, 2.8152651090192764)	(37.0, 2.9722786084114983)	(38.0, 3.094211131366013)	(39.0, 3.177848373366779)	(40.0, 3.2123967031989094)	(41.0, 3.2263577392287175)	(42.0, 3.24102394576465)	(43.0, 3.2066967145235123)	(44.0, 3.133779404207302)	(45.0, 3.0743424079844197)	(46.0, 3.018602113203383)	(47.0, 2.96658699468273)	(48.0, 2.9000178939109666)	(49.0, 2.812496351663875)	(50.0, 2.7588246687000924)	(51.0, 2.7198543670480824)	(52.0, 2.6053303218811914)	(53.0, 2.4293793931724723)	(54.0, 2.2856971338235903)	(55.0, 2.1836383592186466)	(56.0, 2.067968621352968)	(57.0, 1.9719180334593522)	(58.0, 1.8870814991013767)	(59.0, 1.7815822964214203)	(60.0, 1.6902870032235002)	(61.0, 1.6728168645563264)	(62.0, 1.644795968126494)	(63.0, 1.530166398632083)	(64.0, 1.2760403681137442)	(65.0, 0.9979150905366068)	(66.0, 0.8670598994440257)	(67.0, 0.7624249912561369)	(68.0, 0.6510315011390011)	(69.0, 0.5262246965015654)	(70.0, 0.41237734702226175)	(71.0, 0.3578564444703435)	(72.0, 0.3367917787101922)	(73.0, 0.32829958282883354)	(74.0, 0.33394429685648225)	(75.0, 0.355831382375558)	(76.0, 0.3344518186221729)	(77.0, 0.3949775579067678)	(78.0, 0.4310568279825995)	(79.0, 0.3277300864580915)	(80.0, 0.2819492782077373)	(81.0, 0.28441653748451073)	(82.0, 0.2961397877751675)	(83.0, 0.26061828914479784)	(84.0, 0.21351423932713132)	(85.0, 0.19099735782158794)	(86.0, 0.18397245258955278)	(87.0, 0.17762424304510513)	(88.0, 0.13648315522697255)	(89.0, 0.09188488944057081)	(90.0, 0.05545052162768829)	(91.0, 0.03532049991128419)	(92.0, 0.025669211416532948)	(93.0, 0.0202857957236953)	(94.0, 0.01689561732845467)	(95.0, 0.014644431674698045)	(96.0, 0.011359777606977255)	(97.0, 0.007785350385908329)	(98.0, 0.005180741984426519)	(99.0, 0.003097055263241071)	(100.0, 0.0017955885571630224)
SRR26261002_2	(0.0, 0.02072895460536599)	(1.0, 0.011252765299193666)	(2.0, 0.0027101163969014234)	(3.0, 0.004345907122551262)	(4.0, 0.005225815043623154)	(5.0, 0.005229167073798665)	(6.0, 0.0047179824720330905)	(7.0, 0.004265458398338975)	(8.0, 0.0039386354562265585)	(9.0, 0.0038296944755224203)	(10.0, 0.004030816286053137)	(11.0, 0.0041967417797409805)	(12.0, 0.004548704948169736)	(13.0, 0.005333080009239536)	(14.0, 0.006152651387152211)	(15.0, 0.007190104726473164)	(16.0, 0.009089029820900691)	(17.0, 0.011980155847279761)	(18.0, 0.016723278545629192)	(19.0, 0.02419160177666985)	(20.0, 0.03603097235657811)	(21.0, 0.05558839241560267)	(22.0, 0.08586057693065122)	(23.0, 0.1316359010074426)	(24.0, 0.19617421399166224)	(25.0, 0.2874164753690979)	(26.0, 0.4168584726266679)	(27.0, 0.586603604699506)	(28.0, 0.7937540415008822)	(29.0, 1.035799112429338)	(30.0, 1.3011961015754978)	(31.0, 1.5793542695998315)	(32.0, 1.8540648745886517)	(33.0, 2.1148360620926048)	(34.0, 2.3502256771075816)	(35.0, 2.5625566765452112)	(36.0, 2.7563408930217337)	(37.0, 2.9201914800309337)	(38.0, 3.0430115416767802)	(39.0, 3.1220993416378096)	(40.0, 3.166753411620892)	(41.0, 3.1806207604569847)	(42.0, 3.1766050283067218)	(43.0, 3.1454831041421807)	(44.0, 3.0888723425230467)	(45.0, 3.0444512386371625)	(46.0, 3.003735804110306)	(47.0, 2.9392343634580174)	(48.0, 2.8678294166592613)	(49.0, 2.792128843190587)	(50.0, 2.7231809345104816)	(51.0, 2.6510553012239906)	(52.0, 2.5470803532248723)	(53.0, 2.4527357879200005)	(54.0, 2.3984463071974087)	(55.0, 2.3339197263188036)	(56.0, 2.2253575250244975)	(57.0, 2.106358777778735)	(58.0, 1.9954568594219215)	(59.0, 1.8963172149509797)	(60.0, 1.807087847693939)	(61.0, 1.8125432768045846)	(62.0, 1.7825359026734016)	(63.0, 1.5573833878144383)	(64.0, 1.330020209054725)	(65.0, 1.1448674702801462)	(66.0, 0.9422355701553602)	(67.0, 0.7702546339554556)	(68.0, 0.6371941201234204)	(69.0, 0.5357214626503223)	(70.0, 0.4580515714535344)	(71.0, 0.4055235825881742)	(72.0, 0.38324934207189726)	(73.0, 0.342761845596976)	(74.0, 0.30179165677678094)	(75.0, 0.3161132057016558)	(76.0, 0.3478284392072623)	(77.0, 0.41315783131290273)	(78.0, 0.48938802554930805)	(79.0, 0.4083091196640247)	(80.0, 0.27627432706569616)	(81.0, 0.25990971574884675)	(82.0, 0.2526710065848286)	(83.0, 0.2229753712599681)	(84.0, 0.21193378386183173)	(85.0, 0.19509821230532287)	(86.0, 0.17502625561435725)	(87.0, 0.15982479876841046)	(88.0, 0.1323180391481593)	(89.0, 0.09832677715338023)	(90.0, 0.07695255673922818)	(91.0, 0.07218764584473793)	(92.0, 0.06673892079444321)	(93.0, 0.06119466288414643)	(94.0, 0.06728865374322718)	(95.0, 0.07245413224369111)	(96.0, 0.07093901460435971)	(97.0, 0.07811906324030633)	(98.0, 0.06439249967158485)	(99.0, 0.036810319372384645)	(100.0, 0.03764329887099937)
SRR26261003_1	(0.0, 0.025961614155144395)	(1.0, 0.013003213533977674)	(2.0, 5.7260944147326534e-05)	(3.0, 0.00011701149456192813)	(4.0, 0.0001829860606447174)	(5.0, 0.0002464710204602316)	(6.0, 0.0003336072398148589)	(7.0, 0.00039086818396218544)	(8.0, 0.0004904524346531881)	(9.0, 0.0006423184169569672)	(10.0, 0.0009111958938226744)	(11.0, 0.0013170017153885103)	(12.0, 0.0019120176132672514)	(13.0, 0.002753504531606224)	(14.0, 0.00410287112846931)	(15.0, 0.006425673775836947)	(16.0, 0.010417757425412517)	(17.0, 0.01689571293286224)	(18.0, 0.027327163192744773)	(19.0, 0.04382080471344209)	(20.0, 0.06960192241420904)	(21.0, 0.10879454907678679)	(22.0, 0.16901439027276974)	(23.0, 0.24766976587792455)	(24.0, 0.3465868020892975)	(25.0, 0.47759112867644515)	(26.0, 0.6490926356102227)	(27.0, 0.8592502590559801)	(28.0, 1.1036038693858943)	(29.0, 1.3691253570033148)	(30.0, 1.6491176810492714)	(31.0, 1.9415206923375943)	(32.0, 2.216650815343563)	(33.0, 2.4604492434758747)	(34.0, 2.682634154798838)	(35.0, 2.872150452682618)	(36.0, 3.02783300139413)	(37.0, 3.160720715122471)	(38.0, 3.2588634837847215)	(39.0, 3.3132738287560177)	(40.0, 3.3197281330039283)	(41.0, 3.3069178639556647)	(42.0, 3.297356531086195)	(43.0, 3.2359379444725187)	(44.0, 3.1375798248681495)	(45.0, 3.055736508437749)	(46.0, 2.976054170247343)	(47.0, 2.9031099514193173)	(48.0, 2.818721012580628)	(49.0, 2.7128679333086265)	(50.0, 2.6392390727571002)	(51.0, 2.577798079687019)	(52.0, 2.4556281209392967)	(53.0, 2.2872087465644055)	(54.0, 2.1501882864323876)	(55.0, 2.0475978361736504)	(56.0, 1.9316133041969732)	(57.0, 1.8328543579835723)	(58.0, 1.7455139909150283)	(59.0, 1.639520248888926)	(60.0, 1.5462160300071248)	(61.0, 1.520327859236865)	(62.0, 1.4771817378218544)	(63.0, 1.3648693750894079)	(64.0, 1.1442827909900353)	(65.0, 0.9011677597780904)	(66.0, 0.7844886276528434)	(67.0, 0.689196458166623)	(68.0, 0.5907387543115624)	(69.0, 0.4788533590539536)	(70.0, 0.37462723747761656)	(71.0, 0.32565045818464783)	(72.0, 0.30151745983281697)	(73.0, 0.2927005192372623)	(74.0, 0.2985212186901514)	(75.0, 0.3186882742582131)	(76.0, 0.299137396241302)	(77.0, 0.3563336106256794)	(78.0, 0.4010320015483359)	(79.0, 0.3048610010497674)	(80.0, 0.25169296960584103)	(81.0, 0.24953199136584628)	(82.0, 0.26047132130425293)	(83.0, 0.22785249999041501)	(84.0, 0.18613541257282037)	(85.0, 0.1677036125730494)	(86.0, 0.16026964825896606)	(87.0, 0.15626636138118777)	(88.0, 0.12115046498127294)	(89.0, 0.08073668644459678)	(90.0, 0.046677627905140226)	(91.0, 0.028420100344078523)	(92.0, 0.01969154077101214)	(93.0, 0.015035977051207764)	(94.0, 0.012216497953518752)	(95.0, 0.010189958451956848)	(96.0, 0.007935619976939276)	(97.0, 0.0059775446477274355)	(98.0, 0.004539797028376084)	(99.0, 0.0031406383061674966)	(100.0, 0.0019456272978754646)
SRR26261003_2	(0.0, 0.02527155083565276)	(1.0, 0.013596164105439169)	(2.0, 0.0028961137466922645)	(3.0, 0.004635027635028781)	(4.0, 0.005515695342087461)	(5.0, 0.005494519456627776)	(6.0, 0.004942700794354798)	(7.0, 0.004389636491760662)	(8.0, 0.004245142214506338)	(9.0, 0.004180368917806125)	(10.0, 0.00433607395795087)	(11.0, 0.004845540849304476)	(12.0, 0.0054359743615333515)	(13.0, 0.006291729262168871)	(14.0, 0.007370453780291669)	(15.0, 0.009043348731606813)	(16.0, 0.012217240269917303)	(17.0, 0.01708022008371799)	(18.0, 0.024565272773556194)	(19.0, 0.036961885249720244)	(20.0, 0.05730319169422978)	(21.0, 0.08836447874262475)	(22.0, 0.1351731507310987)	(23.0, 0.2024850624058327)	(24.0, 0.29534879398848)	(25.0, 0.42258970715444477)	(26.0, 0.5924663972330044)	(27.0, 0.8020478725484739)	(28.0, 1.0472148005587842)	(29.0, 1.3212369866087188)	(30.0, 1.607061614701625)	(31.0, 1.8951508168983964)	(32.0, 2.166517297783622)	(33.0, 2.413051938866564)	(34.0, 2.6237607186726812)	(35.0, 2.8086536028228)	(36.0, 2.977664572878155)	(37.0, 3.1099827159931595)	(38.0, 3.1964027501944567)	(39.0, 3.23790748569544)	(40.0, 3.2511062905384303)	(41.0, 3.235674052599604)	(42.0, 3.1976458992349723)	(43.0, 3.1398718554993454)	(44.0, 3.061899753956141)	(45.0, 2.997038016793125)	(46.0, 2.9320554525189566)	(47.0, 2.8491418958217185)	(48.0, 2.7627118964978523)	(49.0, 2.665676515479647)	(50.0, 2.5791344085268766)	(51.0, 2.4991406327424333)	(52.0, 2.392409187464334)	(53.0, 2.2940621471879497)	(54.0, 2.2322821241794784)	(55.0, 2.1618972178324474)	(56.0, 2.0580419560559022)	(57.0, 1.9430556523694895)	(58.0, 1.8317352681482446)	(59.0, 1.73409824285492)	(60.0, 1.6415147803445334)	(61.0, 1.6222123379278692)	(62.0, 1.592219810275028)	(63.0, 1.4007175585808451)	(64.0, 1.1956801791569596)	(65.0, 1.0281266082773597)	(66.0, 0.8484517114325716)	(67.0, 0.6993336173061095)	(68.0, 0.5810202083218838)	(69.0, 0.4880057542603764)	(70.0, 0.41730570091209274)	(71.0, 0.37179124921730194)	(72.0, 0.3534379847253605)	(73.0, 0.31717490369580986)	(74.0, 0.27998382062699656)	(75.0, 0.29460514671674876)	(76.0, 0.3276432649548214)	(77.0, 0.38967241602752445)	(78.0, 0.4612992257747497)	(79.0, 0.38773419968780265)	(80.0, 0.26205905640553345)	(81.0, 0.24821127295522036)	(82.0, 0.24091555759419817)	(83.0, 0.2074339914017933)	(84.0, 0.1951395214319642)	(85.0, 0.17772796102281818)	(86.0, 0.1539598980548031)	(87.0, 0.1340769872484797)	(88.0, 0.10381540128626814)	(89.0, 0.07345665537900625)	(90.0, 0.05920403882431684)	(91.0, 0.05486049102443901)	(92.0, 0.04743149214905292)	(93.0, 0.03824489478051294)	(94.0, 0.038989787692565406)	(95.0, 0.04044967814896254)	(96.0, 0.03902092870059436)	(97.0, 0.04619208002950075)	(98.0, 0.043755607561315774)	(99.0, 0.03191205938774586)	(100.0, 0.04283507936398004)
SRR26261004_1	(0.0, 0.0035560561161577767)	(1.0, 0.001787979707657688)	(2.0, 2.985494873639925e-05)	(3.0, 5.8051289209665206e-05)	(4.0, 9.95164957879975e-05)	(5.0, 0.0001575677849976627)	(6.0, 0.00020732603289166143)	(7.0, 0.00027532897168012637)	(8.0, 0.0004013831996782565)	(9.0, 0.0005722198507809856)	(10.0, 0.0007812044919357804)	(11.0, 0.0010382887727214405)	(12.0, 0.0015441642929770942)	(13.0, 0.002371809816280607)	(14.0, 0.0035610319409471766)	(15.0, 0.005712246858231056)	(16.0, 0.009580121327857892)	(17.0, 0.015816488397239068)	(18.0, 0.026006977565930012)	(19.0, 0.041191536214915295)	(20.0, 0.06546195092934474)	(21.0, 0.10363482010535745)	(22.0, 0.16183372545044153)	(23.0, 0.23552734918971677)	(24.0, 0.3290380244569086)	(25.0, 0.4556744239553986)	(26.0, 0.6218238481065129)	(27.0, 0.8246766145125037)	(28.0, 1.0565898562968532)	(29.0, 1.3087895357475858)	(30.0, 1.5799371559963533)	(31.0, 1.8602883934972472)	(32.0, 2.1254484379161034)	(33.0, 2.3668157468003126)	(34.0, 2.5858200404726954)	(35.0, 2.777299730018381)	(36.0, 2.937406844266901)	(37.0, 3.07543954114138)	(38.0, 3.178110709845857)	(39.0, 3.237417565510714)	(40.0, 3.252802815759538)	(41.0, 3.2484108210787612)	(42.0, 3.250731214038885)	(43.0, 3.200122100105899)	(44.0, 3.112511094430672)	(45.0, 3.0441150654838443)	(46.0, 2.975495124421494)	(47.0, 2.913031937231894)	(48.0, 2.833788610244175)	(49.0, 2.734821113791275)	(50.0, 2.670210028900917)	(51.0, 2.6137244658916496)	(52.0, 2.499298740426347)	(53.0, 2.332825887663922)	(54.0, 2.1915970526663853)	(55.0, 2.088473083906073)	(56.0, 1.9759647095929522)	(57.0, 1.8853847951267169)	(58.0, 1.802485895527052)	(59.0, 1.6954890764723234)	(60.0, 1.6012651996519842)	(61.0, 1.5771407424647104)	(62.0, 1.5336238374648823)	(63.0, 1.416726785687511)	(64.0, 1.1915790070084824)	(65.0, 0.9438028357955262)	(66.0, 0.8250464841551826)	(67.0, 0.7256112601720787)	(68.0, 0.6208485864477906)	(69.0, 0.5035219551302678)	(70.0, 0.3951601014749805)	(71.0, 0.34617144781507553)	(72.0, 0.32793339135366184)	(73.0, 0.3172950779539249)	(74.0, 0.3206421494289279)	(75.0, 0.34540682940577105)	(76.0, 0.3268055377347312)	(77.0, 0.3896385945670097)	(78.0, 0.42824436049970016)	(79.0, 0.3251270261724403)	(80.0, 0.2794771509462227)	(81.0, 0.27903596114822926)	(82.0, 0.28977710826028047)	(83.0, 0.25490652813616616)	(84.0, 0.20758809299723646)	(85.0, 0.18325133395228171)	(86.0, 0.17102739105298934)	(87.0, 0.16235452844506537)	(88.0, 0.12476880659420186)	(89.0, 0.0870968371136554)	(90.0, 0.053768762674255045)	(91.0, 0.032988059745458036)	(92.0, 0.022623416709138096)	(93.0, 0.01733079774147976)	(94.0, 0.014205979773736641)	(95.0, 0.011573768460144108)	(96.0, 0.008759110237606912)	(97.0, 0.006238025677644309)	(98.0, 0.004322333133725357)	(99.0, 0.0027217761598017313)	(100.0, 0.001525919602082628)
SRR26261004_2	(0.0, 0.0036340822955691393)	(1.0, 0.0026566966918749736)	(2.0, 0.00269818164958695)	(3.0, 0.004448846865032357)	(4.0, 0.005358197138078881)	(5.0, 0.0053200309769838635)	(6.0, 0.004701075407921174)	(7.0, 0.004189980728909624)	(8.0, 0.0041219453982619825)	(9.0, 0.004156792762740042)	(10.0, 0.004294522822343804)	(11.0, 0.004689459619761821)	(12.0, 0.005089374612105274)	(13.0, 0.0056917361980831725)	(14.0, 0.006921350344666156)	(15.0, 0.00864214639055894)	(16.0, 0.011000151386907683)	(17.0, 0.014977729132331988)	(18.0, 0.02114073445002321)	(19.0, 0.03157171221712258)	(20.0, 0.04918456586331931)	(21.0, 0.07532672681509842)	(22.0, 0.11514232982874496)	(23.0, 0.17532538768066347)	(24.0, 0.25974727662453556)	(25.0, 0.3758221883026458)	(26.0, 0.5319367217660471)	(27.0, 0.7277341063784167)	(28.0, 0.9605045447020084)	(29.0, 1.2225666819668721)	(30.0, 1.5003217490350225)	(31.0, 1.7827629569263177)	(32.0, 2.0513116821790263)	(33.0, 2.302227641005836)	(34.0, 2.5208533681479524)	(35.0, 2.709594991152669)	(36.0, 2.8812049860206477)	(37.0, 3.0282144009654246)	(38.0, 3.1329406876118466)	(39.0, 3.1834229029523966)	(40.0, 3.2018023986171102)	(41.0, 3.198070411821341)	(42.0, 3.172822666557832)	(43.0, 3.12785297239805)	(44.0, 3.0635114623850828)	(45.0, 3.0070072905830623)	(46.0, 2.9523367539119114)	(47.0, 2.874763201787132)	(48.0, 2.7942010733087823)	(49.0, 2.70911376564321)	(50.0, 2.628264561257493)	(51.0, 2.5511108369047597)	(52.0, 2.4453042819595177)	(53.0, 2.3436727731584095)	(54.0, 2.285734881217863)	(55.0, 2.2184578955971963)	(56.0, 2.11081272732616)	(57.0, 1.994049165350031)	(58.0, 1.884716388999271)	(59.0, 1.7883302382512651)	(60.0, 1.698110411617567)	(61.0, 1.6881291307920654)	(62.0, 1.6663926723492983)	(63.0, 1.473731550539954)	(64.0, 1.255195430906496)	(65.0, 1.0746080911896454)	(66.0, 0.8889446520471574)	(67.0, 0.7299079181625243)	(68.0, 0.6013974755606721)	(69.0, 0.5060700209334755)	(70.0, 0.4348486455335544)	(71.0, 0.38855641092191406)	(72.0, 0.3710281865894498)	(73.0, 0.331073194117891)	(74.0, 0.29038640699229296)	(75.0, 0.30671488634772687)	(76.0, 0.33947638715202894)	(77.0, 0.40944325743073995)	(78.0, 0.4950001748176118)	(79.0, 0.4115822218503695)	(80.0, 0.2727934661257979)	(81.0, 0.2566574769741476)	(82.0, 0.24485915500086144)	(83.0, 0.21123144827953333)	(84.0, 0.2029693041016161)	(85.0, 0.19085569644971898)	(86.0, 0.17267035038709697)	(87.0, 0.15547234631801998)	(88.0, 0.12175503208803401)	(89.0, 0.08710513600868278)	(90.0, 0.06976940188000204)	(91.0, 0.06492395881924319)	(92.0, 0.05996567667350776)	(93.0, 0.0556512410714622)	(94.0, 0.061223500591334884)	(95.0, 0.06472483102222569)	(96.0, 0.0639797611817186)	(97.0, 0.07071028072090967)	(98.0, 0.056567228937742645)	(99.0, 0.030191092824468004)	(100.0, 0.03194009864160493)
SRR26261005_1	(0.0, 0.010006602295754069)	(1.0, 0.005023071460061703)	(2.0, 6.354743202214693e-05)	(3.0, 0.0001059123867035782)	(4.0, 0.00017369631419386828)	(5.0, 0.0002541897280885877)	(6.0, 0.0003276223162030686)	(7.0, 0.0004052913997856927)	(8.0, 0.0005112037864892708)	(9.0, 0.0007117312386480456)	(10.0, 0.0009461506545519655)	(11.0, 0.001225759355449412)	(12.0, 0.0017426118025628736)	(13.0, 0.0027311274117962706)	(14.0, 0.0042336711378310335)	(15.0, 0.006624466747019806)	(16.0, 0.01075222549814726)	(17.0, 0.01704059693802771)	(18.0, 0.027421423000134424)	(19.0, 0.04370368724936452)	(20.0, 0.06940932958490097)	(21.0, 0.10931429256449715)	(22.0, 0.1700444551003289)	(23.0, 0.24834760083801832)	(24.0, 0.34595363209372393)	(25.0, 0.4742799041540914)	(26.0, 0.6419928745817856)	(27.0, 0.8481181494191334)	(28.0, 1.0834272293713632)	(29.0, 1.3371001050128375)	(30.0, 1.6120472487301707)	(31.0, 1.8964926152870802)	(32.0, 2.1563747811196965)	(33.0, 2.3911966640930897)	(34.0, 2.6095809446500877)	(35.0, 2.7927571235365045)	(36.0, 2.944173708063408)	(37.0, 3.07536385106024)	(38.0, 3.17457975059384)	(39.0, 3.231570499796457)	(40.0, 3.242300130652108)	(41.0, 3.2297939960301494)	(42.0, 3.2207744971784726)	(43.0, 3.1696908348236033)	(44.0, 3.0798997255414653)	(45.0, 3.0068343003675566)	(46.0, 2.9367598409941573)	(47.0, 2.8723411030707293)	(48.0, 2.792356068632187)	(49.0, 2.692340883620264)	(50.0, 2.62538730924173)	(51.0, 2.572061128619056)	(52.0, 2.4627355387333107)	(53.0, 2.3000597614172387)	(54.0, 2.1632463767690244)	(55.0, 2.06496815489904)	(56.0, 1.9562907488199208)	(57.0, 1.868156109265827)	(58.0, 1.7855952855826536)	(59.0, 1.6771748935619348)	(60.0, 1.584029892034184)	(61.0, 1.5568541857712017)	(62.0, 1.5021963334063753)	(63.0, 1.37375850029868)	(64.0, 1.1632018512016544)	(65.0, 0.9331432012996099)	(66.0, 0.8212757141329786)	(67.0, 0.7243814141159209)	(68.0, 0.6148439994567683)	(69.0, 0.5014344279397328)	(70.0, 0.39722370024919207)	(71.0, 0.34998253928392803)	(72.0, 0.33462947970737733)	(73.0, 0.32331380031196705)	(74.0, 0.32658437481337355)	(75.0, 0.35245382830701155)	(76.0, 0.33744392486338043)	(77.0, 0.40684195712703297)	(78.0, 0.4491800806704994)	(79.0, 0.3453661713888081)	(80.0, 0.2957892892554412)	(81.0, 0.29744999547895323)	(82.0, 0.31964923173202325)	(83.0, 0.28528842915507036)	(84.0, 0.24007513735389086)	(85.0, 0.2217664161057323)	(86.0, 0.20974747846261027)	(87.0, 0.20112479801978295)	(88.0, 0.1548834499850007)	(89.0, 0.10637416470960581)	(90.0, 0.06358556048136021)	(91.0, 0.03828238521529736)	(92.0, 0.026348177481538164)	(93.0, 0.019757602698263505)	(94.0, 0.015820486243202488)	(95.0, 0.01329835927450128)	(96.0, 0.010397772043979285)	(97.0, 0.007540961933294768)	(98.0, 0.005025895790373798)	(99.0, 0.003044628076438862)	(100.0, 0.0017143684994419194)
SRR26261005_2	(0.0, 0.009738063059129711)	(1.0, 0.005812883259613991)	(2.0, 0.0028499235621393827)	(3.0, 0.004401344519615358)	(4.0, 0.005233573066020959)	(5.0, 0.005226508307562508)	(6.0, 0.004743278829004416)	(7.0, 0.004306676756272107)	(8.0, 0.00410179876097701)	(9.0, 0.004124405988044055)	(10.0, 0.0042459198335294225)	(11.0, 0.004657088775811307)	(12.0, 0.005230747162637578)	(13.0, 0.005887769699273579)	(14.0, 0.006987046115408651)	(15.0, 0.00864019959468633)	(16.0, 0.01130361353352259)	(17.0, 0.015418128859724814)	(18.0, 0.02230202950164007)	(19.0, 0.03335413763404178)	(20.0, 0.050939734388819546)	(21.0, 0.07888791885045415)	(22.0, 0.12157036355303545)	(23.0, 0.18400728585713916)	(24.0, 0.2704601480649033)	(25.0, 0.38931481846650995)	(26.0, 0.5496523375844528)	(27.0, 0.7513215195877211)	(28.0, 0.9896214741980609)	(29.0, 1.253873112529677)	(30.0, 1.5301277754822022)	(31.0, 1.8106325971233321)	(32.0, 2.082117135164711)	(33.0, 2.331257255153699)	(34.0, 2.545633111720338)	(35.0, 2.732703676845062)	(36.0, 2.8982253157198166)	(37.0, 3.035480856002306)	(38.0, 3.133209072709759)	(39.0, 3.18165918621782)	(40.0, 3.1981271381844714)	(41.0, 3.187156981250187)	(42.0, 3.1566895039222693)	(43.0, 3.105451636726503)	(44.0, 3.0352335894562605)	(45.0, 2.9770411740339946)	(46.0, 2.9184093306356127)	(47.0, 2.8386185356541684)	(48.0, 2.756147371313588)	(49.0, 2.67216576161459)	(50.0, 2.5902371707236185)	(51.0, 2.510255627263796)	(52.0, 2.404311096469164)	(53.0, 2.3080269163906184)	(54.0, 2.2564767868709885)	(55.0, 2.193006996880259)	(56.0, 2.0866399935298117)	(57.0, 1.9729397708994914)	(58.0, 1.8645621372917685)	(59.0, 1.764217134051305)	(60.0, 1.6737557278942155)	(61.0, 1.6608710214176914)	(62.0, 1.6273586331941803)	(63.0, 1.4369775222558259)	(64.0, 1.2318338920426912)	(65.0, 1.0554226344800792)	(66.0, 0.8784320667238743)	(67.0, 0.7279965130612972)	(68.0, 0.6006556547993984)	(69.0, 0.504745906919151)	(70.0, 0.4340135452331333)	(71.0, 0.3911375261487905)	(72.0, 0.3741976483171152)	(73.0, 0.33358376489116853)	(74.0, 0.29574774449108504)	(75.0, 0.31719776412263584)	(76.0, 0.35122446676192226)	(77.0, 0.419660781948943)	(78.0, 0.5067960998237937)	(79.0, 0.4220938847620338)	(80.0, 0.28491040501582027)	(81.0, 0.2721811232253821)	(82.0, 0.26180299304991667)	(83.0, 0.22953682821847646)	(84.0, 0.22514820026408633)	(85.0, 0.21456236618994243)	(86.0, 0.19719577694737667)	(87.0, 0.18713556090254155)	(88.0, 0.15636429896090967)	(89.0, 0.11473591622032935)	(90.0, 0.08939180172648002)	(91.0, 0.08234117278494531)	(92.0, 0.073901612330479)	(93.0, 0.06554541602582244)	(94.0, 0.0721919407835337)	(95.0, 0.07533010649077791)	(96.0, 0.06893226123080413)	(97.0, 0.07254941756153137)	(98.0, 0.05863466930176505)	(99.0, 0.03242017656583448)	(100.0, 0.036510671713277966)
SRR26261006_1	(0.0, 0.0012661855356077194)	(1.0, 0.0006365241649193278)	(2.0, 6.862794230936149e-06)	(3.0, 1.0294191346404221e-05)	(4.0, 2.8309026202611613e-05)	(5.0, 4.7181710337686025e-05)	(6.0, 6.348084663615938e-05)	(7.0, 8.063783221349974e-05)	(8.0, 0.00012095674832024961)	(9.0, 0.00019902103269714834)	(10.0, 0.00028137456346838207)	(11.0, 0.00039975776395203064)	(12.0, 0.0006030680430435141)	(13.0, 0.0008904475514639653)	(14.0, 0.0013073623009933362)	(15.0, 0.002002220216875621)	(16.0, 0.003288136285897282)	(17.0, 0.0052766309143110314)	(18.0, 0.00827224059611466)	(19.0, 0.012975828192142522)	(20.0, 0.020401371550015437)	(21.0, 0.03161088807697077)	(22.0, 0.04855169563603665)	(23.0, 0.08144506838491361)	(24.0, 0.16900488642959133)	(25.0, 0.2465158580216208)	(26.0, 0.3209411457575656)	(27.0, 0.516432986521455)	(28.0, 0.8218050257168631)	(29.0, 1.232837502741043)	(30.0, 1.7846533406186467)	(31.0, 2.4528398645716774)	(32.0, 3.205538268081571)	(33.0, 3.839357634224631)	(34.0, 4.782158011479293)	(35.0, 6.092277440054908)	(36.0, 6.672153527844252)	(37.0, 6.89949988588031)	(38.0, 7.047680481065405)	(39.0, 6.532432184398066)	(40.0, 5.932232789343082)	(41.0, 5.403293218185025)	(42.0, 4.701195054389102)	(43.0, 3.921621948670863)	(44.0, 3.1566700260616325)	(45.0, 2.7482265381610733)	(46.0, 2.5756384152936547)	(47.0, 2.5653510867414813)	(48.0, 2.3304796748312016)	(49.0, 1.9210016207003286)	(50.0, 1.7018871843442782)	(51.0, 1.4323020435153655)	(52.0, 1.2682924134366167)	(53.0, 1.1273426298230924)	(54.0, 0.9980269981295626)	(55.0, 0.723319639256535)	(56.0, 0.4295791784332848)	(57.0, 0.36296289268286647)	(58.0, 0.3281050450853841)	(59.0, 0.2998835195092169)	(60.0, 0.27945812817939314)	(61.0, 0.27992136678998136)	(62.0, 0.27575221929468763)	(63.0, 0.25317619982274436)	(64.0, 0.20732244016874443)	(65.0, 0.15546545126123315)	(66.0, 0.13797990941008675)	(67.0, 0.12552393788093763)	(68.0, 0.10580970360329467)	(69.0, 0.085300243044142)	(70.0, 0.06900625384134185)	(71.0, 0.06475132141816142)	(72.0, 0.0643644313933924)	(73.0, 0.0685181376016665)	(74.0, 0.0776868306941972)	(75.0, 0.08977993197838556)	(76.0, 0.08429312799075211)	(77.0, 0.10564328084319446)	(78.0, 0.12310995001020583)	(79.0, 0.0893913262550588)	(80.0, 0.07066876574378612)	(81.0, 0.0653269382842812)	(82.0, 0.06253034963517472)	(83.0, 0.05443997308617987)	(84.0, 0.04541539867249883)	(85.0, 0.04060029067021825)	(86.0, 0.037207496772299196)	(87.0, 0.03472230741142144)	(88.0, 0.027450319074465726)	(89.0, 0.019369378867538412)	(90.0, 0.011306453495467305)	(91.0, 0.006435585290060373)	(92.0, 0.00425836382029588)	(93.0, 0.0031345812649800856)	(94.0, 0.00244572829404987)	(95.0, 0.002033102790914834)	(96.0, 0.001977342587788478)	(97.0, 0.0019756268892307436)	(98.0, 0.0016848159836948245)	(99.0, 0.0010551546130064327)	(100.0, 0.00040233131178863166)
SRR26261006_2	(0.0, 0.0018054344090570338)	(1.0, 0.0021392338316440994)	(2.0, 0.0037610356534681457)	(3.0, 0.005745812168748051)	(4.0, 0.006307007084871291)	(5.0, 0.005777561728222913)	(6.0, 0.004976957971735169)	(7.0, 0.004588240392218612)	(8.0, 0.0045436193897134)	(9.0, 0.0045951051618347985)	(10.0, 0.004822500655370974)	(11.0, 0.00516144865517018)	(12.0, 0.005551882427090784)	(13.0, 0.005920005697758781)	(14.0, 0.006497504441720466)	(15.0, 0.0072972501020061855)	(16.0, 0.008455679974737647)	(17.0, 0.010391545006502223)	(18.0, 0.013445509389503165)	(19.0, 0.018209659503136556)	(20.0, 0.025798662313830666)	(21.0, 0.03725338851463977)	(22.0, 0.054364684879186484)	(23.0, 0.09355479652179285)	(24.0, 0.16073686437060145)	(25.0, 0.28811266459894086)	(26.0, 0.38153016572841)	(27.0, 0.4704323646428325)	(28.0, 0.6885055010402271)	(29.0, 1.0535825301910422)	(30.0, 1.6673186767641708)	(31.0, 2.555140189321765)	(32.0, 3.561760830568476)	(33.0, 4.171411581123771)	(34.0, 4.890652371928069)	(35.0, 6.166883407465694)	(36.0, 6.9055660839192345)	(37.0, 6.918513897511564)	(38.0, 6.741964894426279)	(39.0, 6.2049622845266805)	(40.0, 5.67341716647195)	(41.0, 5.188477827437712)	(42.0, 4.546234008840965)	(43.0, 4.158617366751604)	(44.0, 3.7153514697686276)	(45.0, 3.1539712048657487)	(46.0, 2.732258968285193)	(47.0, 2.345410322296643)	(48.0, 1.9380008332114123)	(49.0, 1.5975279964612115)	(50.0, 1.3538870256283302)	(51.0, 1.3705847196235017)	(52.0, 1.420484729963561)	(53.0, 1.12853380105297)	(54.0, 0.8551580806275774)	(55.0, 0.6716550659210955)	(56.0, 0.4864787636206683)	(57.0, 0.39605430204385644)	(58.0, 0.3490855483299088)	(59.0, 0.3206688345037051)	(60.0, 0.2981549644512196)	(61.0, 0.3012595565101399)	(62.0, 0.29644906920159725)	(63.0, 0.25268444670600465)	(64.0, 0.21360417137725726)	(65.0, 0.18290234736506544)	(66.0, 0.146654647599197)	(67.0, 0.11679461596119003)	(68.0, 0.09458279577181677)	(69.0, 0.08012730715253218)	(70.0, 0.07228087548123108)	(71.0, 0.06980183555358575)	(72.0, 0.07261982348103027)	(73.0, 0.0668765856008883)	(74.0, 0.059964620693590584)	(75.0, 0.07063418886954835)	(76.0, 0.08474901329662969)	(77.0, 0.10944158960605231)	(78.0, 0.13477602187458837)	(79.0, 0.10963637744391161)	(80.0, 0.06721295931208143)	(81.0, 0.058479256167888245)	(82.0, 0.05597361525798019)	(83.0, 0.04916891237593538)	(84.0, 0.048418078199164986)	(85.0, 0.04436958031801903)	(86.0, 0.03754085074231757)	(87.0, 0.03245577264912746)	(88.0, 0.02508644246615132)	(89.0, 0.01758239117945752)	(90.0, 0.014278720801667795)	(91.0, 0.013687492518473739)	(92.0, 0.01274015431144001)	(93.0, 0.011541393917213453)	(94.0, 0.012582264610267721)	(95.0, 0.013822213622191397)	(96.0, 0.014167168295404766)	(97.0, 0.016181978177755487)	(98.0, 0.014320767515566936)	(99.0, 0.010463625087472181)	(100.0, 0.026034638769387077)
SRR26261235_1	(0.0, 0.0004344299426131622)	(1.0, 0.0004661071259287053)	(2.0, 0.000546054302867933)	(3.0, 0.0007195245924530499)	(4.0, 0.0009337226891581507)	(5.0, 0.0011056845414425273)	(6.0, 0.0013425091976587305)	(7.0, 0.0015401144840556894)	(8.0, 0.0018493441307074194)	(9.0, 0.0024134996811842344)	(10.0, 0.00319487020296763)	(11.0, 0.004382010358650125)	(12.0, 0.005949276714119138)	(13.0, 0.008383894517513734)	(14.0, 0.012331474933550697)	(15.0, 0.018312428830985376)	(16.0, 0.02849739748558285)	(17.0, 0.04463918504080315)	(18.0, 0.06993266169961393)	(19.0, 0.10974183050344714)	(20.0, 0.1688318448853409)	(21.0, 0.24898869460937154)	(22.0, 0.35330618457935714)	(23.0, 0.48808958271239145)	(24.0, 0.6551776740780767)	(25.0, 0.8570714477210402)	(26.0, 1.0904493247050517)	(27.0, 1.347137083297401)	(28.0, 1.6249791665953301)	(29.0, 1.9120181921158719)	(30.0, 2.1979334318473622)	(31.0, 2.4820174286957544)	(32.0, 2.7683248621254366)	(33.0, 3.0435498067065816)	(34.0, 3.2958796899370926)	(35.0, 3.5421094527234103)	(36.0, 3.781920814795079)	(37.0, 3.9898815232616194)	(38.0, 4.122771832582225)	(39.0, 4.155281673287776)	(40.0, 4.117282629244831)	(41.0, 4.003276446492192)	(42.0, 3.8340674922816653)	(43.0, 3.6619140684600953)	(44.0, 3.47267306689574)	(45.0, 3.2941178351698284)	(46.0, 3.126824596331242)	(47.0, 2.9506466617912968)	(48.0, 2.822539607151338)	(49.0, 2.731549160733392)	(50.0, 2.58939252107434)	(51.0, 2.3908912229207413)	(52.0, 2.1813828577836416)	(53.0, 1.9820956637963567)	(54.0, 1.8128082708461926)	(55.0, 1.6692216326260385)	(56.0, 1.5411779323527113)	(57.0, 1.3964584577197017)	(58.0, 1.2406218001802372)	(59.0, 1.0923816328873)	(60.0, 0.9358450604402921)	(61.0, 0.7864268036154769)	(62.0, 0.6541640042119793)	(63.0, 0.5432139154306393)	(64.0, 0.4534377610397888)	(65.0, 0.37860116967546864)	(66.0, 0.3148832696549041)	(67.0, 0.2632811380338844)	(68.0, 0.2221189009712873)	(69.0, 0.18939486216903056)	(70.0, 0.16334113311064674)	(71.0, 0.13926496535353328)	(72.0, 0.11468196266337112)	(73.0, 0.09186232317777418)	(74.0, 0.07175937927081025)	(75.0, 0.05593587198604611)	(76.0, 0.044785503458974946)	(77.0, 0.03637596550734863)	(78.0, 0.030147627892592566)	(79.0, 0.02452266519813256)	(80.0, 0.01966248021514781)	(81.0, 0.016070891002085523)	(82.0, 0.012981611410169699)	(83.0, 0.009771656834194668)	(84.0, 0.007389834336325977)	(85.0, 0.005493728649295614)	(86.0, 0.0037771270010533266)	(87.0, 0.0025402084144464064)	(88.0, 0.0017331944585504285)	(89.0, 0.0011750726572765742)	(90.0, 0.000865843010624844)	(91.0, 0.0006742714734308455)	(92.0, 0.0005098518076501695)	(93.0, 0.0004796830616353666)	(94.0, 0.0006063917948975389)	(95.0, 0.0009095876923463083)	(96.0, 0.0020756097258184413)	(97.0, 0.006312810103597513)	(98.0, 0.021410759046705637)	(99.0, 0.017169033357024348)	(100.0, 0.000586782109987917)
SRR26261235_2	(0.0, 0.0007543339616583212)	(1.0, 0.0011375356141807482)	(2.0, 0.002247915205741797)	(3.0, 0.003699253747972407)	(4.0, 0.004874506060236071)	(5.0, 0.005815914844385656)	(6.0, 0.006520462764574528)	(7.0, 0.006914225092560172)	(8.0, 0.0074633802166474295)	(9.0, 0.008175471476452884)	(10.0, 0.009061059547439753)	(11.0, 0.010485242067050664)	(12.0, 0.012292626239184)	(13.0, 0.01484529236543576)	(14.0, 0.01895188645270366)	(15.0, 0.025571921300217088)	(16.0, 0.03623669485014243)	(17.0, 0.05375082077192533)	(18.0, 0.0809249474067047)	(19.0, 0.12076283258980396)	(20.0, 0.1791844892523176)	(21.0, 0.2610191634167822)	(22.0, 0.3668084668676685)	(23.0, 0.500361786111351)	(24.0, 0.6658641659671098)	(25.0, 0.8637817848232502)	(26.0, 1.095333646361812)	(27.0, 1.3541395939350886)	(28.0, 1.6339461990009332)	(29.0, 1.922789724927444)	(30.0, 2.2069292242690537)	(31.0, 2.481933739334981)	(32.0, 2.759047372157706)	(33.0, 3.0324738205758437)	(34.0, 3.2886742986455526)	(35.0, 3.537931886932158)	(36.0, 3.7687701485429907)	(37.0, 3.96560906983396)	(38.0, 4.094643928647309)	(39.0, 4.128709650355799)	(40.0, 4.096956716573754)	(41.0, 3.982578566635426)	(42.0, 3.8140467815896466)	(43.0, 3.648378448262323)	(44.0, 3.4615570819821766)	(45.0, 3.28345129029503)	(46.0, 3.119081920049682)	(47.0, 2.943453361092622)	(48.0, 2.8140549133097537)	(49.0, 2.7209414377505734)	(50.0, 2.580392425346472)	(51.0, 2.3841690405682163)	(52.0, 2.17383508470318)	(53.0, 1.980475151643379)	(54.0, 1.8146408648444905)	(55.0, 1.6682578335809235)	(56.0, 1.5362177082643276)	(57.0, 1.3913011022222241)	(58.0, 1.2390191793784888)	(59.0, 1.0931083611749197)	(60.0, 0.9368254509985489)	(61.0, 0.7876061240391464)	(62.0, 0.6567910370762836)	(63.0, 0.5448433511624188)	(64.0, 0.4531133240889203)	(65.0, 0.3766178257050733)	(66.0, 0.3113588860140887)	(67.0, 0.2559666345415948)	(68.0, 0.20888865199449896)	(69.0, 0.171282086669985)	(70.0, 0.1414195137958554)	(71.0, 0.11644200765742509)	(72.0, 0.09598597928517473)	(73.0, 0.08047234702970969)	(74.0, 0.06789910855678881)	(75.0, 0.057721634746094735)	(76.0, 0.04979961948075904)	(77.0, 0.04368498838755669)	(78.0, 0.039208770659076214)	(79.0, 0.0338680862105353)	(80.0, 0.02870240724109912)	(81.0, 0.025754470118938402)	(82.0, 0.022634544853519584)	(83.0, 0.01955837095787695)	(84.0, 0.017539773276479285)	(85.0, 0.016025070681469373)	(86.0, 0.014622009512784898)	(87.0, 0.013540294611766866)	(88.0, 0.012924758099053675)	(89.0, 0.012205123499631636)	(90.0, 0.011764592466023177)	(91.0, 0.011235050024939035)	(92.0, 0.010458086044430964)	(93.0, 0.009892335573187224)	(94.0, 0.009044464200283271)	(95.0, 0.00785865121255639)	(96.0, 0.006861421715244089)	(97.0, 0.005838544863235405)	(98.0, 0.0052441297014486484)	(99.0, 0.005637892029434292)	(100.0, 0.018506829415325252)
SRR26261236_1	(0.0, 0.0005545407049883376)	(1.0, 0.0005526922359717099)	(2.0, 0.000604449368437288)	(3.0, 0.0008151748363328564)	(4.0, 0.0010222033661951692)	(5.0, 0.0012255349580242263)	(6.0, 0.0014806236823188615)	(7.0, 0.001876196051877209)	(8.0, 0.0023937673765329908)	(9.0, 0.0030629131605522516)	(10.0, 0.004001935420999169)	(11.0, 0.005506589200534193)	(12.0, 0.007985386151832061)	(13.0, 0.011567719106056723)	(14.0, 0.01682661345836279)	(15.0, 0.025680780048009916)	(16.0, 0.04099164891273792)	(17.0, 0.06722696966573617)	(18.0, 0.10831473896733873)	(19.0, 0.17002402861844096)	(20.0, 0.25604807971426513)	(21.0, 0.3664663764225263)	(22.0, 0.5053751260840716)	(23.0, 0.6708463755145583)	(24.0, 0.8627932466702048)	(25.0, 1.0873434143411325)	(26.0, 1.3323284069908803)	(27.0, 1.597912738361928)	(28.0, 1.8847452210791125)	(29.0, 2.1727718147810386)	(30.0, 2.4598427500013678)	(31.0, 2.7381537905518982)	(32.0, 3.010150460941628)	(33.0, 3.27013023425426)	(34.0, 3.515407285008635)	(35.0, 3.7559984668058584)	(36.0, 3.9725687937320044)	(37.0, 4.136699903125436)	(38.0, 4.223901428984852)	(39.0, 4.232653929778585)	(40.0, 4.165414020829732)	(41.0, 4.006414261426459)	(42.0, 3.791104590369654)	(43.0, 3.5573139260846043)	(44.0, 3.3146524589887574)	(45.0, 3.099719875611344)	(46.0, 2.9186253660523196)	(47.0, 2.7531282380556)	(48.0, 2.6212418221882237)	(49.0, 2.507374282294935)	(50.0, 2.356350666698411)	(51.0, 2.1748384031416284)	(52.0, 1.9850302106382203)	(53.0, 1.8069690387354815)	(54.0, 1.651514642906101)	(55.0, 1.5149737820548559)	(56.0, 1.3909821773574966)	(57.0, 1.2628315173727251)	(58.0, 1.125054030749356)	(59.0, 0.9759953377175075)	(60.0, 0.8212137846101795)	(61.0, 0.6765858718111876)	(62.0, 0.5507125256549015)	(63.0, 0.4478138009062822)	(64.0, 0.3660763494600179)	(65.0, 0.2995018893571513)	(66.0, 0.25151193674746053)	(67.0, 0.21769974149530497)	(68.0, 0.1827840102402226)	(69.0, 0.14537099734367606)	(70.0, 0.11056987116762464)	(71.0, 0.08136406070490552)	(72.0, 0.06070002556802344)	(73.0, 0.04595109128435028)	(74.0, 0.03565696733075011)	(75.0, 0.02845533204196823)	(76.0, 0.02303377241619892)	(77.0, 0.01941631855065833)	(78.0, 0.016432889557821073)	(79.0, 0.013340400893002775)	(80.0, 0.010802452933172817)	(81.0, 0.008865257403746891)	(82.0, 0.0071239995900835105)	(83.0, 0.005595315713332327)	(84.0, 0.004146116004296137)	(85.0, 0.003025943780219696)	(86.0, 0.002269919952418929)	(87.0, 0.0016026226374162957)	(88.0, 0.001049930401444586)	(89.0, 0.0007911447391166951)	(90.0, 0.0005471468289218265)	(91.0, 0.0003900269625084641)	(92.0, 0.0003530575821759083)	(93.0, 0.00039926930759160307)	(94.0, 0.000604449368437288)	(95.0, 0.001049930401444586)	(96.0, 0.0024325852258821746)	(97.0, 0.00725893782829734)	(98.0, 0.024268549719306285)	(99.0, 0.01929986500261078)	(100.0, 0.000550843766955082)
SRR26261236_2	(0.0, 0.0008578434521853866)	(1.0, 0.0012165107576249665)	(2.0, 0.0022019214473120593)	(3.0, 0.0037031474886364863)	(4.0, 0.005248744743004984)	(5.0, 0.0062082722250830355)	(6.0, 0.006838713210417555)	(7.0, 0.007620755840319319)	(8.0, 0.00857473692076686)	(9.0, 0.009284676329472009)	(10.0, 0.010205379000136497)	(11.0, 0.01202644753548694)	(12.0, 0.014487201058889418)	(13.0, 0.018317915785027613)	(14.0, 0.023941967038363703)	(15.0, 0.03328765378577131)	(16.0, 0.048952540790872134)	(17.0, 0.0753460173499208)	(18.0, 0.11642636542655721)	(19.0, 0.1777362890502033)	(20.0, 0.26441360493125393)	(21.0, 0.3757058512485033)	(22.0, 0.5117535368432578)	(23.0, 0.6747308511546767)	(24.0, 0.8659448961670168)	(25.0, 1.0883260207417302)	(26.0, 1.3358323447026494)	(27.0, 1.5999704783529214)	(28.0, 1.8813875018827722)	(29.0, 2.1669199554224607)	(30.0, 2.4447225738897633)	(31.0, 2.725608991663629)	(32.0, 3.0019787897097165)	(33.0, 3.2552459761641908)	(34.0, 3.4965495743016577)	(35.0, 3.7356771341994213)	(36.0, 3.949777481139785)	(37.0, 4.112290746514784)	(38.0, 4.204610601654606)	(39.0, 4.220075818201009)	(40.0, 4.157072393279513)	(41.0, 4.001290610683409)	(42.0, 3.790333224667)	(43.0, 3.555812875723646)	(44.0, 3.3123036585377803)	(45.0, 3.1004181746485333)	(46.0, 2.917355491232498)	(47.0, 2.7574897082357945)	(48.0, 2.6266815233813277)	(49.0, 2.5015232729878054)	(50.0, 2.3511603247847077)	(51.0, 2.175537214755728)	(52.0, 1.9863845823493942)	(53.0, 1.8046012689094626)	(54.0, 1.6501044026910918)	(55.0, 1.5126423846805577)	(56.0, 1.3841378053032956)	(57.0, 1.2573156344206209)	(58.0, 1.1244645249655831)	(59.0, 0.97993084487615)	(60.0, 0.8263398909240959)	(61.0, 0.6820003348917305)	(62.0, 0.555832639401456)	(63.0, 0.4509002669538569)	(64.0, 0.364971715292925)	(65.0, 0.29505192753818543)	(66.0, 0.23929395194667882)	(67.0, 0.1932015055966058)	(68.0, 0.1547113270814171)	(69.0, 0.12214100790652493)	(70.0, 0.09556450009366949)	(71.0, 0.07491154922219759)	(72.0, 0.05990483521058383)	(73.0, 0.04835722701586417)	(74.0, 0.03969005006792216)	(75.0, 0.033533544258057206)	(76.0, 0.028687838033535876)	(77.0, 0.024945865733485825)	(78.0, 0.02228913935247203)	(79.0, 0.019686028187219824)	(80.0, 0.01718460105186028)	(81.0, 0.015457821344228486)	(82.0, 0.013973234507795588)	(83.0, 0.012939755003977418)	(84.0, 0.012070818748531012)	(85.0, 0.01117784808601907)	(86.0, 0.010490094283835957)	(87.0, 0.010164705388179431)	(88.0, 0.010092602166982816)	(89.0, 0.009931756519698055)	(90.0, 0.009826374888718384)	(91.0, 0.009671075643064134)	(92.0, 0.009417789968604224)	(93.0, 0.009207026706644883)	(94.0, 0.00889642821533638)	(95.0, 0.008345485653372491)	(96.0, 0.00750982780770914)	(97.0, 0.006698204369111328)	(98.0, 0.006091797790842348)	(99.0, 0.006548451525087586)	(100.0, 0.021723406386160115)
