"ID","Description","setSize","enrichmentScore","NES","pvalue","p.adjust","qvalue","rank","leading_edge","core_enrichment","log2err"
"GO:0032609","type II interferon production",112,0.707230923045663,2.35290015528751,2.69875454687926e-10,1.98257255900118e-07,1.1868477127542e-07,2148,"tags=40%, list=11%, signal=36%","IL1RL1/IL12RB1/TLR7/CR1/LILRB4/LILRB1/IL27/PSMA6/PSMA1/LGALS9/IL1B/CD14/PSMA7/IL12A/IRGM/CD274/HAVCR2/CCR2/PSMB8/CD276/RIPK3/CD2/PSMB3/PSMB10/PSMA3/PSMA2/PSMB2/FZD5/IFNL1/SLAMF6/ZC3H12A/PDCD1LG2/PSMA4/ZNF683/TLR8/CRTAM/HLA-DPB1/DDIT3/CD47/SCRIB/IL12RB2/BTN3A2/PSMB9/RARA/SIRPA",0.814035837847908
"GO:0032649","regulation of type II interferon production",112,0.707230923045663,2.35290015528751,2.69875454687926e-10,1.98257255900118e-07,1.1868477127542e-07,2148,"tags=40%, list=11%, signal=36%","IL1RL1/IL12RB1/TLR7/CR1/LILRB4/LILRB1/IL27/PSMA6/PSMA1/LGALS9/IL1B/CD14/PSMA7/IL12A/IRGM/CD274/HAVCR2/CCR2/PSMB8/CD276/RIPK3/CD2/PSMB3/PSMB10/PSMA3/PSMA2/PSMB2/FZD5/IFNL1/SLAMF6/ZC3H12A/PDCD1LG2/PSMA4/ZNF683/TLR8/CRTAM/HLA-DPB1/DDIT3/CD47/SCRIB/IL12RB2/BTN3A2/PSMB9/RARA/SIRPA",0.814035837847908
"GO:0016064","immunoglobulin mediated immune response",146,0.662500965102819,2.28537871242821,4.20711227636312e-10,2.74724431646512e-07,1.64461099724707e-07,3298,"tags=42%, list=17%, signal=35%","C1QA/FCGR1A/CR1/IL21R/CSF2RB/IGHA1/IGHE/CLCF1/IGLL5/IGHA2/IGLC2/IGHG3/FCGR3A/FCER1G/C1QB/IGKC/IGLC3/IGHV3-7/BATF/IGHV4-34/C4BPB/MAD2L2/BTK/IGHV3-33/IL9R/IGHG2/IGHG4/NECTIN2/LIG4/IGHG1/C7/IGHV3-30/C1QC/TLR8/CLU/SLC15A4/HLA-E/FOXJ1/IGHV3-23/PCYT1A/IGLC1/IGHV3-43/RNF8/IGHV4-39/IGHV1-18/C2/IGLL1/IGHV3-49/NBN/IGHV5-51/IGHV4-59/IGHV2-5/FCGR3B/IL10/IGHV3-48/IGHV3-11/CD226/IGHV3-74/IGHV3-21/CD27/PARP3",0.814035837847908
"GO:0042088","T-helper 1 type immune response",61,0.754909048605785,2.25853596233619,5.87598521038834e-08,1.50144196006314e-05,8.98823575482095e-06,1032,"tags=33%, list=5%, signal=31%","IL1RL1/IL12RB1/IL27/PSMA6/PSMA1/LGALS9/IL1B/PSMA7/IL12A/HAVCR2/CCR2/STAT4/PSMB8/PSMB3/PSMB10/PSMA3/PSMA2/SPN/PSMB2/CD80",0.719512826338911
"GO:0002460","adaptive immune response based on somatic recombination of immune receptors built from immunoglobulin superfamily domains",341,0.600768564964317,2.24477462847631,1e-10,1.23309102493598e-07,7.38177907244065e-08,1984,"tags=26%, list=10%, signal=24%","C1QA/IL1RL1/FCGR1A/RAET1L/IL12RB1/CR1/LILRB4/IL21R/LILRB1/CSF2RB/IGHA1/IL27/EP300/PSMA6/DENND1B/PSMA1/LGALS9/KLHL6/IL1B/IGHE/MYO1G/CD69/CLCF1/IGLL5/IGHA2/PSMA7/IGLC2/IL12A/IGHG3/FCGR3A/CD274/HAVCR2/FCER1G/C1QB/IGKC/CCR2/STAT4/IGLC3/PSMB8/IGHV3-7/RIPK3/BATF/PSMB3/IGHV4-34/PSMB10/CLEC6A/C4BPB/LOXL3/WAS/PSMA3/MAD2L2/PSMA2/SPN/BTK/CTSC/ULBP2/PSMB2/CD80/FZD5/SLAMF6/SOCS3/IGHV3-33/IL9R/IGHG2/IGHG4/NECTIN2/RSAD2/ZC3H12A/LIG4/PSMA4/IGHG1/C7/IGHV3-30/C1QC/TLR8/CLU/RAET1E/SLC15A4/HLA-E/FOXJ1/IGHV3-23/PTPRC/PCYT1A/HLA-DRA/IL12RB2/IGLC1/IGHV3-43/BTN3A2/RNF8/PSMB9",NA
"GO:0019724","B cell mediated immunity",151,0.640284363712865,2.22559821220901,1.13974564328422e-09,6.08935013234668e-07,3.64533002533647e-07,3298,"tags=41%, list=17%, signal=34%","C1QA/FCGR1A/CR1/IL21R/CSF2RB/IGHA1/IGHE/CLCF1/IGLL5/IGHA2/IGLC2/IGHG3/FCGR3A/FCER1G/C1QB/IGKC/IGLC3/IGHV3-7/BATF/IGHV4-34/C4BPB/MAD2L2/BTK/IGHV3-33/IL9R/IGHG2/IGHG4/NECTIN2/LIG4/IGHG1/C7/IGHV3-30/C1QC/TLR8/CLU/SLC15A4/HLA-E/FOXJ1/IGHV3-23/PCYT1A/IGLC1/IGHV3-43/RNF8/CD70/IGHV4-39/IGHV1-18/C2/IGLL1/IGHV3-49/NBN/IGHV5-51/IGHV4-59/IGHV2-5/FCGR3B/IL10/IGHV3-48/IGHV3-11/CD226/IGHV3-74/IGHV3-21/CD27/PARP3",0.788186810800237
"GO:0002455","humoral immune response mediated by circulating immunoglobulin",44,0.761919781217472,2.21217994621054,1.18540275479466e-06,0.00016587171404591,9.92974827237536e-05,1726,"tags=34%, list=9%, signal=31%","C1QA/CR1/IGHA1/IGHE/IGHA2/IGHG3/C1QB/C4BPB/IGHG2/IGHG4/IGHG1/C7/C1QC/CLU/FOXJ1",0.643551836150722
"GO:0002825","regulation of T-helper 1 type immune response",34,0.796508375933064,2.15539773128695,1.57099864911355e-06,0.000196441682145538,0.000117597895767043,482,"tags=24%, list=2%, signal=23%","IL1RL1/IL12RB1/IL27/LGALS9/IL1B/IL12A/HAVCR2/CCR2",0.643551836150722
"GO:0072539","T-helper 17 cell differentiation",53,0.726263806411727,2.14849472514888,1.00459794356898e-06,0.00014400053937451,8.62045174669984e-05,1385,"tags=34%, list=7%, signal=32%","IL12RB1/EP300/PSMA6/PSMA1/CD69/PSMA7/PSMB8/BATF/PSMB3/PSMB10/LOXL3/PSMA3/PSMA2/PSMB2/SLAMF6/SOCS3/ZC3H12A/PSMA4",0.643551836150722
"GO:0002449","lymphocyte mediated immunity",305,0.573455010997522,2.1479866600858,1e-10,1.23309102493598e-07,7.38177907244065e-08,3298,"tags=36%, list=17%, signal=31%","C1QA/FCGR1A/RAET1L/IL12RB1/CR1/LILRB4/IL21R/LILRB1/SERPINB4/CSF2RB/IGHA1/DENND1B/LGALS9/IL1B/IGHE/MYO1G/CLCF1/IGLL5/IGHA2/IGLC2/IL12A/IGHG3/FCGR3A/CD274/HAVCR2/FCER1G/KIF5B/C1QB/IGKC/CCR2/IGLC3/IGHV3-7/RIPK3/CD2/BATF/IGHV4-34/GZMB/NECTIN4/C4BPB/WAS/MAD2L2/BTK/CTSC/ULBP2/CD80/FZD5/SLAMF6/IGHV3-33/IL9R/IGHG2/IGHG4/NECTIN2/RSAD2/LIG4/IGHG1/C7/IGHV3-30/C1QC/TLR8/CRTAM/CLU/RAET1E/SLC15A4/HLA-E/FOXJ1/LYST/IGHV3-23/PTPRC/PCYT1A/HLA-DRA/IGLC1/IGHV3-43/BTN3A2/RNF8/CLEC12B/CLC/CD70/PLEKHM2/PRF1/IGHV4-39/SLAMF7/KIR2DL4/GRB2/IGHV1-18/IFNB1/TRAF6/C2/IGLL1/CLNK/IGHV3-49/NBN/SECTM1/SLC22A13/IGHV5-51/CORO1A/IGHV4-59/IGHV2-5/FCGR3B/CD7/ULBP3/IL10/IGHV3-48/IGHV3-11/CD226/IGHV3-74/ULBP1/IGHV3-21/FUT7/TIGIT/CD27/PARP3",NA
"GO:0006956","complement activation",60,0.724337283216063,2.14329906200459,8.90511429635246e-07,0.000136909883164844,8.19597653311124e-05,1603,"tags=37%, list=8%, signal=34%","C1QA/CR1/IGHA1/CFD/IL1B/IGHE/IGHA2/IGHG3/C1QB/CD5L/C4BPB/COLEC10/CFB/IGHG2/IGHG4/MASP1/IGHG1/C7/CFH/C1QC/CLU/FCN1",0.659444398037935
"GO:0032689","negative regulation of type II interferon production",35,0.779445089813221,2.13955590666603,2.93637496820123e-06,0.000319575475705901,0.000191310739509564,1558,"tags=34%, list=8%, signal=32%","IL1RL1/CR1/LILRB4/LILRB1/LGALS9/IRGM/CD274/HAVCR2/ZC3H12A/PDCD1LG2/ZNF683/DDIT3",0.627256739718528
"GO:0006958","complement activation, classical pathway",39,0.777789716041291,2.13899943375427,3.78523667156156e-07,7.4152786395891e-05,4.43908418527959e-05,1551,"tags=36%, list=8%, signal=33%","C1QA/CR1/IGHA1/IGHE/IGHA2/IGHG3/C1QB/C4BPB/IGHG2/IGHG4/IGHG1/C7/C1QC/CLU",0.674962860011025
"GO:0032729","positive regulation of type II interferon production",74,0.692105184161382,2.13134811398082,1.83360277162118e-06,0.000224501739350368,0.000134395775149618,1984,"tags=43%, list=10%, signal=39%","IL12RB1/TLR7/LILRB1/IL27/PSMA6/PSMA1/LGALS9/IL1B/CD14/PSMA7/IL12A/HAVCR2/CCR2/PSMB8/CD276/CD2/PSMB3/PSMB10/PSMA3/PSMA2/PSMB2/FZD5/IFNL1/SLAMF6/PSMA4/TLR8/CRTAM/HLA-DPB1/SCRIB/IL12RB2/BTN3A2/PSMB9",0.643551836150722
"GO:0002443","leukocyte mediated immunity",391,0.554024671451264,2.11349201903421,1e-10,1.23309102493598e-07,7.38177907244065e-08,3298,"tags=35%, list=17%, signal=30%","C1QA/FCGR1A/RAET1L/IL12RB1/CR1/LILRB4/SPI1/IL21R/ITGB2/LILRB1/CD300A/SERPINB4/CSF2RB/IGHA1/CD84/DENND1B/LGALS9/IL1B/IGHE/MYO1G/CLCF1/IGLL5/IGHA2/IGLC2/IL12A/IGHG3/FCGR3A/UNC13D/CD274/HAVCR2/GNAQ/POMC/FCER1G/KIF5B/C1QB/IGKC/CCR2/IGLC3/IGHV3-7/RIPK3/GAB2/STAP1/CD2/BATF/PTGDR/CCL3/IGHV4-34/GZMB/NECTIN4/C4BPB/SCIMP/WAS/MPO/TICAM1/MAD2L2/BTK/PTGDS/CTSC/ULBP2/CD80/FZD5/SLAMF6/IGHV3-33/IL9R/IGHG2/IGHG4/NECTIN2/RSAD2/LIG4/IGHG1/C7/IGHV3-30/FGR/C1QC/TLR8/JAGN1/IRAK4/CRTAM/CLU/RAET1E/SLC15A4/HLA-E/FOXJ1/LYST/IGHV3-23/TAC1/PTPRC/PCYT1A/HLA-DRA/IGLC1/IGHV3-43/BTN3A2/RNF8/CLEC12B/NOD2/CLC/CD70/PLEKHM2/PRF1/IGHV4-39/SLAMF7/KIR2DL4/GRB2/IGHV1-18/IFNB1/TRAF6/DHX36/C2/IGLL1/CLNK/IGHV3-49/ITGAM/ICAM1/NBN/SECTM1/SLC22A13/IGHV5-51/CORO1A/IGHV4-59/IGHV2-5/FCGR3B/CD7/ULBP3/IL10/DDX21/BST2/IGHV3-48/IGHV3-11/CD226/FCAR/IGHV3-74/ULBP1/IGHV3-21/FUT7/DDX1/TIGIT/CD27/PARP3",NA
"GO:0002274","myeloid leukocyte activation",210,0.587682863336717,2.10418070839256,3.32620273522442e-09,1.39629239106528e-06,8.35876812249845e-07,1884,"tags=27%, list=10%, signal=25%","C1QA/IL1RL1/LILRB4/SPI1/ITGB2/CD300A/LCP2/TLR1/CD84/EDN2/LGALS9/IL1B/IGHE/IRGM/FPR2/FCGR3A/UNC13D/IFI35/HAVCR2/GNAQ/FCER1G/CCR2/SPHK1/GAB2/STAP1/CD2/FER/BATF/ADAM9/PTGDR/CCL3/TNIP2/CLEC12A/BTK/PTGDS/CAMP/MYO18A/BATF2/SYT11/NECTIN2/ZC3H12A/PLSCR1/PREX1/DYSF/FGR/TMEM106A/CLU/MFHAS1/MMP8/JAK2/AIF1/BATF3/CCL5/DHRS2/TAC1/CSF1/PTPRC",0.774939030136436
"GO:0051607","defense response to virus",288,0.56462352957146,2.09394262269912,1.0490820358482e-10,1.23309102493598e-07,7.38177907244065e-08,3255,"tags=38%, list=17%, signal=32%","IL12RB1/TLR7/AIM2/LILRB1/GBP5/GBP2/IL27/DDX60/GBP1/IFI27/ATG12/OASL/ZBP1/CASP1/IFITM1/IL1B/RNASE2/IRGM/TRIM34/DDX60L/STAT1/APOBEC3F/MX2/ACOD1/RTP4/NLRC5/DHX15/ISG20/IFI16/CXCL10/RIPK3/POLR3A/IFIT5/IRF2/IFNL3/IFNLR1/IFI44L/OAS1/IFIT3/APOBEC3G/USP18/TICAM1/DUOX1/DDIT4/EIF2AK2/IFNL2/OAS2/IFNL1/EIF2AK4/TLR2/RSAD2/ZC3H12A/PLSCR1/GBP3/HERC5/TLR8/RIOK3/AIMP1/PARP9/IRF1/IFIT1/LYST/IRF9/ADAR/ZDHHC11/IL10RB/IFNAR2/DTX3L/DHX58/PTPRC/EXOC1/TRIM25/RNASEL/NT5C3A/POLR3K/POLR3H/SLFN11/NCBP1/UBE2N/POLR3D/PRF1/STAT2/IFNB1/APOBEC3C/TRAF6/IFIT2/DHX36/TRIM22/SERINC5/CLPB/PML/NLRP6/PPARA/MX1/ZC3HAV1/IFNG/IFIT1B/ZNFX1/IRF7/DDX21/BST2/ISG15/OAS3/ATAD3A/MOV10/NDUFAF4/TRIM56/DDX1/TRAF3IP3",0.839088935621274
"GO:0032623","interleukin-2 production",62,0.685118174554208,2.09362233229011,5.41190348982689e-06,0.000489319335534041,0.000292926244514129,2087,"tags=37%, list=11%, signal=33%","CR1/LILRB4/GBP1/PSMA6/PSMA1/IL1B/PSMA7/ZFP36/HAVCR2/CCR2/PSMB8/PSMB3/HDAC7/PSMB10/PSMA3/PSMA2/PSMB2/CD80/PSMA4/PTPRC/KAT5/PSMB9/RUNX1",0.610526878385931
"GO:0032663","regulation of interleukin-2 production",62,0.685118174554208,2.09362233229011,5.41190348982689e-06,0.000489319335534041,0.000292926244514129,2087,"tags=37%, list=11%, signal=33%","CR1/LILRB4/GBP1/PSMA6/PSMA1/IL1B/PSMA7/ZFP36/HAVCR2/CCR2/PSMB8/PSMB3/HDAC7/PSMB10/PSMA3/PSMA2/PSMB2/CD80/PSMA4/PTPRC/KAT5/PSMB9/RUNX1",0.610526878385931
"GO:0071706","tumor necrosis factor superfamily cytokine production",167,0.594222953546883,2.09251053915426,5.42804569930221e-08,1.45002838976359e-05,8.68045343413107e-06,2191,"tags=32%, list=11%, signal=29%","FCGR1A/LILRB4/LILRB1/TLR1/PSMA6/ADAM8/CYBB/PSMA1/LGALS9/CD14/PSMA7/ZFP36/FCGR3A/ARG2/CD274/HAVCR2/POMC/ELF4/CCR2/ORM1/PSMB8/CD2/LY96/PSMB3/CCL3/C1QTNF4/PSMB10/RIPK2/OAS1/NRDC/PSMA3/PSMA2/SPN/BTK/CAMP/OAS2/PSMB2/FZD5/TLR2/SYT11/ZC3H12A/PSMA4/CLU/CD47/HLA-E/MMP8/JAK2/PTPRC/ZBTB20/PSMB9/NOD2/RARA/SIRPA/LILRA2",0.719512826338911
"GO:1903555","regulation of tumor necrosis factor superfamily cytokine production",167,0.594222953546883,2.09251053915426,5.42804569930221e-08,1.45002838976359e-05,8.68045343413107e-06,2191,"tags=32%, list=11%, signal=29%","FCGR1A/LILRB4/LILRB1/TLR1/PSMA6/ADAM8/CYBB/PSMA1/LGALS9/CD14/PSMA7/ZFP36/FCGR3A/ARG2/CD274/HAVCR2/POMC/ELF4/CCR2/ORM1/PSMB8/CD2/LY96/PSMB3/CCL3/C1QTNF4/PSMB10/RIPK2/OAS1/NRDC/PSMA3/PSMA2/SPN/BTK/CAMP/OAS2/PSMB2/FZD5/TLR2/SYT11/ZC3H12A/PSMA4/CLU/CD47/HLA-E/MMP8/JAK2/PTPRC/ZBTB20/PSMB9/NOD2/RARA/SIRPA/LILRA2",0.719512826338911
"GO:0002230","positive regulation of defense response to virus by host",27,0.782783252583222,2.08524857396129,6.53709604085663e-05,0.00351775431338649,0.00210586928681055,1879,"tags=41%, list=10%, signal=37%","IL12RB1/AIM2/LILRB1/STAT1/APOBEC3F/APOBEC3G/EIF2AK4/ZC3H12A/PARP9/ZDHHC11/DTX3L",0.538434096309916
"GO:0002819","regulation of adaptive immune response",183,0.5887388576977,2.08446786304536,3.97329119607969e-08,1.29727957552002e-05,7.76603756577951e-06,1925,"tags=23%, list=10%, signal=21%","IL1RL1/RAET1L/IL12RB1/CR1/LILRB4/LILRB1/IL27/EP300/AKIRIN2/DENND1B/LGALS9/IL1B/CD69/CLCF1/IL12A/SASH3/CD274/HAVCR2/CCR2/RIPK3/SKAP1/BATF/CLEC6A/C4BPB/LOXL3/WAS/MAD2L2/BTK/ULBP2/CD80/FZD5/EIF2AK4/NECTIN2/RSAD2/ZC3H12A/RAET1E/SLC15A4/HLA-E/IRF1/FOXJ1/PTPRC/HLA-DRA/IL12RB2",0.719512826338911
"GO:0034341","response to type II interferon",106,0.632556508440608,2.06794511378143,7.01539283179382e-07,0.000114458258193281,6.85193191672963e-05,2262,"tags=40%, list=12%, signal=35%","IL12RB1/GBP6/GBP5/GBP2/GBP4/GBP1/PSMA6/CASP1/IFITM1/PSMA1/LGALS9/PSMA7/IRGM/STAT1/ACOD1/NLRC5/PSMB8/PSMB3/HCK/CCL3/PSMB10/PSMA3/PSMA2/GCH1/PSMB2/TLR2/GBP3/SLC22A5/PSMA4/EDN1/CD47/PARP9/JAK2/IRF1/AIF1/CCL5/MEFV/PARP14/PSMB9/SIRPA/FASLG/CITED1",0.659444398037935
"GO:0002823","negative regulation of adaptive immune response based on somatic recombination of immune receptors built from immunoglobulin superfamily domains",62,0.674597934219242,2.06147399507708,1.08314162035365e-05,0.000860219365245731,0.000514961927357212,1925,"tags=26%, list=10%, signal=23%","IL1RL1/CR1/LILRB4/LILRB1/LGALS9/CD69/IL12A/CD274/HAVCR2/C4BPB/LOXL3/CD80/ZC3H12A/FOXJ1/PTPRC/IL12RB2",0.593325476396405
"GO:0002285","lymphocyte activation involved in immune response",182,0.579026325088013,2.04634625280708,4.40324739683747e-08,1.36199394480073e-05,8.15344382142664e-06,2110,"tags=25%, list=11%, signal=23%","IL12RB1/CR1/SPI1/LILRB1/DOCK10/ITGAL/IL27/EP300/PHF14/PSMA6/PSMA1/LGALS9/CD69/CLCF1/PSMA7/FCGR3A/CD180/HAVCR2/STAT4/PSMB8/BATF/PSMB3/PSMB10/LOXL3/PSMA3/MAD2L2/PSMA2/SPN/PTK2B/PSMB2/CD80/IFNL1/SLAMF6/SOCS3/EIF2AK4/ZC3H12A/LIG4/PSMA4/DOCK11/SLC15A4/PCYT1A/HLA-DRA/RNF8/PSMB9/RARA/RORA",0.719512826338911
"GO:0042116","macrophage activation",94,0.626008744869442,2.04529771674339,6.98298118050745e-06,0.000591643368133422,0.000354181527958355,2360,"tags=34%, list=12%, signal=30%","C1QA/IL1RL1/ITGB2/TLR1/EDN2/IL1B/IGHE/IRGM/FPR2/FCGR3A/IFI35/HAVCR2/SPHK1/STAP1/CCL3/TNIP2/MYO18A/SYT11/ZC3H12A/DYSF/TMEM106A/CLU/MFHAS1/MMP8/JAK2/AIF1/PTPRC/C5AR1/MAPT/MCUB/GPR137B/CST7",0.610526878385931
"GO:1903557","positive regulation of tumor necrosis factor superfamily cytokine production",111,0.618892315232353,2.04324748733573,7.20598188387168e-07,0.000114458258193281,6.85193191672963e-05,2191,"tags=38%, list=11%, signal=34%","FCGR1A/TLR1/PSMA6/ADAM8/CYBB/PSMA1/LGALS9/CD14/PSMA7/FCGR3A/HAVCR2/CCR2/ORM1/PSMB8/CD2/LY96/PSMB3/CCL3/C1QTNF4/PSMB10/RIPK2/OAS1/NRDC/PSMA3/PSMA2/SPN/BTK/CAMP/OAS2/PSMB2/FZD5/TLR2/PSMA4/CLU/HLA-E/MMP8/JAK2/PTPRC/ZBTB20/PSMB9/NOD2/LILRA2",0.659444398037935
"GO:0018149","peptide cross-linking",16,0.861410591198604,2.04127100919618,2.61617365160732e-05,0.00174718778982911,0.00104593691801901,76,"tags=19%, list=0%, signal=19%","TGM5/TGM1/IVL",0.575610261071129
"GO:0002366","leukocyte activation involved in immune response",260,0.559814279151729,2.03988642118027,1.87406834299618e-09,9.17824970982378e-07,5.49446961007029e-07,1469,"tags=22%, list=7%, signal=21%","IL12RB1/CR1/SPI1/ITGB2/LILRB1/DOCK10/CD300A/ITGAL/IL27/EP300/PHF14/CD84/PSMA6/PSMA1/LGALS9/IL1B/IGHE/CD69/CLCF1/PSMA7/FCGR3A/UNC13D/IFI35/CD180/HAVCR2/GNAQ/FCER1G/CCR2/STAT4/PSMB8/GAB2/FER/BATF/PSMB3/PTGDR/CCL3/PSMB10/LOXL3/PSMA3/MAD2L2/PSMA2/SPN/BTK/PTGDS/PTK2B/PSMB2/CD80/IFNL1/SLAMF6/SOCS3/EIF2AK4/ZC3H12A/LIG4/PSMA4/DOCK11/DYSF/FGR",0.774939030136436
"GO:0002768","immune response-regulating cell surface receptor signaling pathway",365,0.537169172145964,2.03903414605142,1e-10,1.23309102493598e-07,7.38177907244065e-08,3454,"tags=36%, list=18%, signal=30%","FCGR1A/CR1/LILRB4/C3AR1/LILRB1/CD300A/LCP2/IGHA1/EP300/TLR1/GBP1/EIF2B3/LAIR1/DENND1B/LILRA6/KLHL6/IGHE/MYO1G/CD14/IGHA2/LILRB5/FPR2/IGHG3/FCGR3A/IFI35/SQSTM1/LILRB2/CD274/ACOD1/FCER1G/RBCK1/IGKC/CD38/IGLC3/TESPA1/CD276/NFATC2/LILRA3/STAP1/LY96/SKAP1/FER/HCK/TNIP2/RIPK2/DUSP3/OAS1/CLEC6A/SCIMP/TICAM1/PIK3CA/BTK/CD80/BAX/COLEC10/IGHM/LAIR2/TLR2/IGHG2/LILRA1/IGHG4/NECTIN2/ZC3H12A/PLSCR1/MASP1/LPXN/PDCD1LG2/IGHG1/CREBBP/FGR/ZNF683/CMKLR1/IRAK4/HLA-DPB1/MFHAS1/CD47/FCN1/CD3D/ZAP70/MNDA/BLNK/PLPP4/TICAM2/KIR3DX1/PTPRC/PIK3AP1/IGLC1/BTN3A2/CLEC12B/C5AR1/TRAT1/FPR1/NINJ1/LILRA2/UBE2N/RAB29/CD247/IRAK2/KIR2DL4/GRB2/BTN3A1/TRAF6/PLCG1/NMI/KCNN4/RNF31/CD5/ITGAM/UBR2/TRBC1/TEC/PAK1/RC3H2/FCGR3B/IFNG/SH2D1A/PTPN6/TRBC2/CD226/COLEC11/FCAR/CD8B/TRDC/LIME1/LILRA5/WDFY1/EZR/SIVA1/RC3H1/PJA2/MICB/PDCD1",NA
"GO:0002295","T-helper cell lineage commitment",28,0.765783956184674,2.03747573719811,5.68876214647271e-05,0.00324590826551651,0.00194313130344096,1115,"tags=29%, list=6%, signal=27%","IL12RB1/EP300/CD69/BATF/LOXL3/SPN/SLAMF6/SOCS3",0.557332238758646
"GO:0050777","negative regulation of immune response",191,0.572649825559259,2.03486265323579,6.32206898998359e-08,1.54811664392223e-05,9.26764919434516e-06,3454,"tags=38%, list=18%, signal=32%","IL1RL1/CR1/LILRB4/SPI1/LILRB1/CD300A/SERPINB4/AMBP/ATG12/PSMA1/LGALS9/CD69/IL12A/ARG2/CD274/HAVCR2/POMC/ACOD1/CCR2/NLRC5/IFI16/FER/HCK/CLEC12A/OAS1/NECTIN4/C4BPB/LOXL3/USP18/CD80/IFNL1/YWHAZ/LYAR/NECTIN2/ZC3H12A/MASP1/FGR/PARP1/CLU/HLA-E/FOXJ1/PARP14/DHX58/PTPRC/IL12RB2/CLEC12B/GIGYF2/TREX1/STAT2/TYRO3/KIR2DL4/GRB2/SERPING1/IFNB1/PRKAR2A/PLCG1/NMI/RPS19/NLRP6/A2M/RC3H2/STAT5A/PTPN6/ISG15/WDR41/OAS3/NPY/TRAFD1/TIGIT/PARP3/RC3H1/PRKAR1B/PDCD1",0.704975715167238
"GO:0002820","negative regulation of adaptive immune response",65,0.661049898376197,2.03215861411485,3.27988657262941e-05,0.00208588007225664,0.00124869174729453,1925,"tags=25%, list=10%, signal=22%","IL1RL1/CR1/LILRB4/LILRB1/LGALS9/CD69/IL12A/CD274/HAVCR2/C4BPB/LOXL3/CD80/ZC3H12A/FOXJ1/PTPRC/IL12RB2",0.557332238758646
"GO:0045071","negative regulation of viral genome replication",47,0.695039756148648,2.02781975810445,7.18582381809895e-05,0.00377063273026496,0.00225725248300909,3868,"tags=66%, list=20%, signal=53%","OASL/IFITM1/APOBEC3F/ISG20/IFI16/IFIT5/IFNL3/OAS1/APOBEC3G/EIF2AK2/OAS2/RSAD2/PLSCR1/IFIT1/SRPK1/CCL5/RNASEL/IFNB1/APOBEC3C/MX1/ZC3HAV1/ZNFX1/BST2/ISG15/OAS3/APOBEC3A/IFIH1/TNIP1/TNF/IFITM3/APOBEC3D",0.538434096309916
"GO:0045620","negative regulation of lymphocyte differentiation",59,0.658664784373253,2.0261719959511,5.41760019012621e-05,0.00316459074880626,0.00189445136571245,2087,"tags=36%, list=11%, signal=32%","CR1/LILRB4/PSMA6/PSMA1/CD69/PSMA7/PSMB8/PSMB3/PSMB10/LOXL3/PSMA3/PSMA2/PSMB2/IFNL1/ZC3H12A/PSMA4/IRF1/FOXJ1/PSMB9/ZBTB7B/RUNX1",0.557332238758646
"GO:0032640","tumor necrosis factor production",162,0.587957575952707,2.02377812941863,7.08709025125682e-08,1.60195497717832e-05,9.58994712182016e-06,2191,"tags=32%, list=11%, signal=29%","FCGR1A/LILRB4/LILRB1/TLR1/PSMA6/CYBB/PSMA1/LGALS9/CD14/PSMA7/ZFP36/FCGR3A/ARG2/HAVCR2/POMC/ELF4/CCR2/ORM1/PSMB8/CD2/LY96/PSMB3/CCL3/C1QTNF4/PSMB10/RIPK2/OAS1/NRDC/PSMA3/PSMA2/SPN/BTK/CAMP/OAS2/PSMB2/FZD5/TLR2/SYT11/ZC3H12A/PSMA4/CLU/CD47/HLA-E/MMP8/JAK2/PTPRC/ZBTB20/PSMB9/NOD2/RARA/SIRPA/LILRA2",0.704975715167238
"GO:0032680","regulation of tumor necrosis factor production",162,0.587957575952707,2.02377812941863,7.08709025125682e-08,1.60195497717832e-05,9.58994712182016e-06,2191,"tags=32%, list=11%, signal=29%","FCGR1A/LILRB4/LILRB1/TLR1/PSMA6/CYBB/PSMA1/LGALS9/CD14/PSMA7/ZFP36/FCGR3A/ARG2/HAVCR2/POMC/ELF4/CCR2/ORM1/PSMB8/CD2/LY96/PSMB3/CCL3/C1QTNF4/PSMB10/RIPK2/OAS1/NRDC/PSMA3/PSMA2/SPN/BTK/CAMP/OAS2/PSMB2/FZD5/TLR2/SYT11/ZC3H12A/PSMA4/CLU/CD47/HLA-E/MMP8/JAK2/PTPRC/ZBTB20/PSMB9/NOD2/RARA/SIRPA/LILRA2",0.704975715167238
"GO:0002822","regulation of adaptive immune response based on somatic recombination of immune receptors built from immunoglobulin superfamily domains",171,0.580952259965758,2.02166710291246,3.22318637790545e-07,6.53195391136219e-05,3.91029045787951e-05,1925,"tags=22%, list=10%, signal=20%","IL1RL1/RAET1L/IL12RB1/CR1/LILRB4/LILRB1/IL27/EP300/DENND1B/LGALS9/IL1B/CD69/CLCF1/IL12A/CD274/HAVCR2/CCR2/RIPK3/BATF/CLEC6A/C4BPB/LOXL3/WAS/MAD2L2/BTK/ULBP2/CD80/FZD5/NECTIN2/RSAD2/ZC3H12A/RAET1E/SLC15A4/HLA-E/FOXJ1/PTPRC/HLA-DRA/IL12RB2",0.674962860011025
"GO:0032760","positive regulation of tumor necrosis factor production",107,0.616620494707355,2.02158367890482,1.4359667452879e-06,0.000191799467319478,0.000114818879168932,2191,"tags=38%, list=11%, signal=34%","FCGR1A/TLR1/PSMA6/CYBB/PSMA1/LGALS9/CD14/PSMA7/FCGR3A/HAVCR2/CCR2/ORM1/PSMB8/CD2/LY96/PSMB3/CCL3/C1QTNF4/PSMB10/RIPK2/OAS1/NRDC/PSMA3/PSMA2/SPN/BTK/CAMP/OAS2/PSMB2/FZD5/TLR2/PSMA4/CLU/HLA-E/MMP8/JAK2/PTPRC/ZBTB20/PSMB9/NOD2/LILRA2",0.643551836150722
"GO:0010499","proteasomal ubiquitin-independent protein catabolic process",19,0.826703999925998,2.0195615184272,2.74581197522453e-05,0.00179301521982162,0.00107337106171331,1385,"tags=63%, list=7%, signal=59%","PSMA6/PSMA1/PSMA7/PSME4/PSMB3/PSMB5/PSMB10/PSMB7/PSMA3/PSMA2/PSMB2/PSMA4",0.575610261071129
"GO:0002286","T cell activation involved in immune response",120,0.595893035611072,2.01679200417614,4.02480956810629e-06,0.000414979049680012,0.000248423157940693,1385,"tags=23%, list=7%, signal=22%","IL12RB1/LILRB1/ITGAL/IL27/EP300/PSMA6/PSMA1/LGALS9/CD69/PSMA7/HAVCR2/STAT4/PSMB8/BATF/PSMB3/PSMB10/LOXL3/PSMA3/PSMA2/SPN/PSMB2/CD80/IFNL1/SLAMF6/SOCS3/EIF2AK4/ZC3H12A/PSMA4",0.610526878385931
"GO:0002263","cell activation involved in immune response",264,0.554830322334119,2.01334757974076,2.79516355181489e-09,1.26362893800124e-06,7.56459130853883e-07,1469,"tags=22%, list=7%, signal=20%","IL12RB1/CR1/SPI1/ITGB2/LILRB1/DOCK10/CD300A/ITGAL/IL27/EP300/PHF14/CD84/PSMA6/PSMA1/LGALS9/IL1B/IGHE/CD69/CLCF1/PSMA7/FCGR3A/UNC13D/IFI35/CD180/HAVCR2/GNAQ/FCER1G/CCR2/STAT4/PSMB8/GAB2/FER/BATF/PSMB3/PTGDR/CCL3/PSMB10/LOXL3/PSMA3/MAD2L2/PSMA2/SPN/BTK/PTGDS/PTK2B/PSMB2/CD80/IFNL1/SLAMF6/SOCS3/EIF2AK4/ZC3H12A/LIG4/PSMA4/DOCK11/DYSF/FGR",0.774939030136436
"GO:0050868","negative regulation of T cell activation",118,0.600991473692529,2.00688150490508,4.87667520886979e-06,0.000477670336708796,0.000285952685060354,2087,"tags=30%, list=11%, signal=27%","CR1/LILRB4/LILRB1/CD300A/PSMA6/PSMA1/LGALS9/CD69/PSMA7/LILRB2/ARG2/CD274/HAVCR2/PSMB8/PSMB3/PSMB10/DUSP3/LOXL3/PSMA3/PSMA2/SPN/PSMB2/CD80/IFNL1/ZC3H12A/PDCD1LG2/PSMA4/CRTAM/SCRIB/HLA-E/IRF1/FOXJ1/PSMB9/ZBTB7B/RUNX1",0.610526878385931
"GO:0002363","alpha-beta T cell lineage commitment",32,0.739355779984653,2.00358461037349,0.00020351847544909,0.00856715314765084,0.00512864261736123,1115,"tags=25%, list=6%, signal=24%","IL12RB1/EP300/CD69/BATF/LOXL3/SPN/SLAMF6/SOCS3",0.518848077743792
"GO:0036037","CD8-positive, alpha-beta T cell activation",37,0.727191476496895,2.00041142746257,6.06004149524352e-05,0.00335989281769303,0.00201136704312464,2087,"tags=51%, list=11%, signal=46%","LILRB4/LILRB1/PSMA6/PSMA1/PSMA7/CD274/PSMB3/PSMB10/SH3RF1/PSMA3/PSMA2/PSMB2/PSMA4/CRTAM/HLA-E/IRF1/PSMB9/ZBTB7B/RUNX1",0.557332238758646
"GO:0045589","regulation of regulatory T cell differentiation",42,0.697415538282512,1.9991989002052,5.88215258265923e-05,0.00332398180079695,0.0019898692633474,1984,"tags=45%, list=10%, signal=41%","CR1/LILRB4/PSMA6/PSMA1/PSMA7/LILRB2/PSMB8/PSMB3/PSMB10/PSMA3/PSMA2/PSMB2/PSMA4/IRF1/HLA-DRA/FOXO3/KAT5/FANCA/PSMB9",0.557332238758646
"GO:0071357","cellular response to type I interferon",110,0.595990600550072,1.99726957514266,5.87850320146931e-06,0.000515641243507987,0.000308683597823783,3227,"tags=40%, list=16%, signal=34%","IFI27/PSMA6/OASL/ZBP1/IFITM1/PSMA1/PSMA7/PSMD6/PSMD14/STAT1/NLRC5/PSMB3/RBM47/PSMB5/OAS1/PSMD1/PSME2/PSMB7/USP18/PSMA3/PSMA2/HDAC4/OAS2/PSMB2/PSMA4/PSMD4/PSME1/IFIT1/IFNAR2/PSMD8/GIGYF2/STAT2/IFNB1/PSMC4/PTPN1/UBE2K/PSMD7/PSMB6/PTPN6/IRF7/ISG15/OAS3/SP100/TRIM56",0.610526878385931
"GO:0002292","T cell differentiation involved in immune response",85,0.627683645944131,1.97615053269201,3.43055436463687e-05,0.00214482638308201,0.00128397938096057,2110,"tags=32%, list=11%, signal=28%","IL12RB1/IL27/EP300/PSMA6/PSMA1/CD69/PSMA7/STAT4/PSMB8/BATF/PSMB3/PSMB10/LOXL3/PSMA3/PSMA2/SPN/PSMB2/CD80/IFNL1/SLAMF6/SOCS3/ZC3H12A/PSMA4/HLA-DRA/PSMB9/RARA/RORA",0.557332238758646
"GO:0031424","keratinization",73,0.638887468364869,1.97555415718334,7.28460089417215e-05,0.00378863711991591,0.00226803063515275,335,"tags=8%, list=2%, signal=8%","KRT75/TGM1/IVL/CERS3/SPRR2D/KLK5",0.538434096309916
"GO:0050688","regulation of defense response to virus",54,0.668581879117709,1.97410721245832,3.86425375064046e-05,0.0023656478429702,0.00141617199272929,1879,"tags=31%, list=10%, signal=29%","IL12RB1/AIM2/LILRB1/IL27/ATG12/IL1B/IRGM/STAT1/APOBEC3F/IFNLR1/APOBEC3G/EIF2AK4/ZC3H12A/HERC5/PARP9/ZDHHC11/DTX3L",0.557332238758646
"GO:0050691","regulation of defense response to virus by host",38,0.711067674209076,1.97179185874373,6.75606349845835e-05,0.00357706172796754,0.0021413730917156,1879,"tags=34%, list=10%, signal=31%","IL12RB1/AIM2/LILRB1/IL1B/STAT1/APOBEC3F/IFNLR1/APOBEC3G/EIF2AK4/ZC3H12A/PARP9/ZDHHC11/DTX3L",0.538434096309916
"GO:0043300","regulation of leukocyte degranulation",38,0.709673330169841,1.96792534037344,7.35323548411201e-05,0.00379078639825669,0.00226931727965474,590,"tags=21%, list=3%, signal=20%","SPI1/ITGB2/CD300A/CD84/LGALS9/UNC13D/CCR2/GAB2",0.538434096309916
"GO:0072538","T-helper 17 type immune response",70,0.637521509874663,1.96529860541656,2.50348246965624e-05,0.0016947212657834,0.00101452834546659,1385,"tags=27%, list=7%, signal=25%","IL12RB1/EP300/PSMA6/PSMA1/CD69/PSMA7/PSMB8/BATF/PSMB3/PSMB10/CLEC6A/LOXL3/PSMA3/PSMA2/PSMB2/SLAMF6/SOCS3/ZC3H12A/PSMA4",0.575610261071129
"GO:0009615","response to virus",374,0.518866761658152,1.9642460626471,8.50197024328108e-10,4.99660791197629e-07,2.99117056015657e-07,3255,"tags=35%, list=17%, signal=30%","IL12RB1/TLR7/AIM2/LILRB1/GBP5/GBP2/IL27/DDX60/GBP1/IFI27/ATG12/OASL/ZBP1/CASP1/IFITM1/LGALS9/IFI44/IL1B/RNASE2/IL12A/IRGM/TRIM34/CCL8/DDX60L/STAT1/APOBEC3F/MX2/ACOD1/RTP4/NLRC5/DHX15/ISG20/IFI16/CXCL10/RIPK3/SMPD1/POLR3A/IFIT5/IRF2/CCL4/IFNL3/IFNLR1/IFI44L/OAS1/IFIT3/FOSL1/APOBEC3G/USP18/TICAM1/DUOX1/DDIT4/EIF2AK2/PSMA2/IFNL2/OAS2/BAX/IFNL1/EIF2AK4/TLR2/RSAD2/ZC3H12A/PLSCR1/GBP3/HERC5/FGR/TLR8/RIOK3/AIMP1/CLU/PARP9/IRF1/IFIT1/BATF3/CCL5/LYST/IRF9/ADAR/ZDHHC11/IL10RB/IFNAR2/DTX3L/DHX58/PTPRC/EXOC1/TRIM25/RNASEL/NT5C3A/POLR3K/POLR3H/SLFN11/NCBP1/GLI2/UBE2N/POLR3D/ACTA2/PRF1/APOB/STAT2/IFNB1/APOBEC3C/TRAF6/IFIT2/DHX36/NMI/TRIM22/SERINC5/CLPB/PML/NLRP6/CCL22/PPARA/MX1/ZC3HAV1/IFNG/IFIT1B/ZNFX1/IRF7/DDX21/BST2/ISG15/OAS3/POU2F2/MAPK11/ATAD3A/LAMTOR5/MOV10/NDUFAF4/TRIM56/DDX1/TRAF3IP3",0.801215574617779
"GO:0051250","negative regulation of lymphocyte activation",141,0.578837485028029,1.96022489551972,2.7302524687648e-06,0.00030274893884775,0.000181237697444596,2992,"tags=33%, list=15%, signal=28%","CR1/LILRB4/LILRB1/CD300A/PSMA6/PSMA1/LGALS9/CD69/PSMA7/LILRB2/ARG2/CD274/HAVCR2/PSMB8/PSMB3/CLEC12A/PSMB10/DUSP3/LOXL3/PSMA3/PSMA2/SPN/BTK/PSMB2/CD80/IFNL1/ZC3H12A/PDCD1LG2/PSMA4/FGR/CRTAM/SCRIB/HLA-E/IRF1/MNDA/FOXJ1/PSMB9/ZBTB7B/RUNX1/PAG1/IFNB1/CLNK/RC3H2/STAT5A/TARM1/IL10/GLMN",0.627256739718528
"GO:0043369","CD4-positive or CD8-positive, alpha-beta T cell lineage commitment",32,0.722940814286931,1.95910159753703,0.000426652274938574,0.0151050326494819,0.00904248037214183,1115,"tags=25%, list=6%, signal=24%","IL12RB1/EP300/CD69/BATF/LOXL3/SPN/SLAMF6/SOCS3",0.49849310876659
"GO:0043373","CD4-positive, alpha-beta T cell lineage commitment",31,0.741597952776933,1.95780413795298,0.000173333095205557,0.00760207910838102,0.00455091046276968,1115,"tags=26%, list=6%, signal=24%","IL12RB1/EP300/CD69/BATF/LOXL3/SPN/SLAMF6/SOCS3",0.518848077743792
"GO:0034340","response to type I interferon",115,0.587483929052806,1.95286723301419,7.06207816931168e-06,0.000591643368133422,0.000354181527958355,3949,"tags=46%, list=20%, signal=37%","IFI27/PSMA6/OASL/ZBP1/IFITM1/PSMA1/PSMA7/PSMD6/PSMD14/STAT1/NLRC5/SMPD1/PSMB3/RBM47/PSMB5/OAS1/PSMD1/PSME2/PSMB7/USP18/PSMA3/PSMA2/HDAC4/OAS2/PSMB2/PSMA4/PSMD4/PSME1/IFIT1/IFNAR2/PSMD8/GIGYF2/STAT2/IFNB1/PSMC4/PTPN1/UBE2K/MX1/PSMD7/PSMB6/PTPN6/IRF7/ISG15/OAS3/SP100/TRIM56/CH25H/PSMB4/IFNAR1/IFNK/PSMC6/IFITM3/PSMC3",0.610526878385931
"GO:0002287","alpha-beta T cell activation involved in immune response",80,0.624642732142788,1.95225808044163,3.30078010413251e-05,0.00208588007225664,0.00124869174729453,1385,"tags=28%, list=7%, signal=26%","IL12RB1/IL27/EP300/PSMA6/PSMA1/CD69/PSMA7/STAT4/PSMB8/BATF/PSMB3/PSMB10/LOXL3/PSMA3/PSMA2/SPN/PSMB2/CD80/SLAMF6/SOCS3/ZC3H12A/PSMA4",0.557332238758646
"GO:0072540","T-helper 17 cell lineage commitment",25,0.761313356065447,1.95035971501228,0.000222237345767335,0.00926304170974911,0.00554522951326492,1115,"tags=28%, list=6%, signal=26%","IL12RB1/EP300/CD69/BATF/LOXL3/SLAMF6/SOCS3",0.518848077743792
"GO:0045066","regulatory T cell differentiation",49,0.665692955466865,1.94871635520379,0.000185924134414506,0.00797573823324126,0.00477459785099497,1984,"tags=39%, list=10%, signal=35%","CR1/LILRB4/PSMA6/PSMA1/PSMA7/LILRB2/PSMB8/PSMB3/PSMB10/PSMA3/PSMA2/PSMB2/PSMA4/IRF1/HLA-DRA/FOXO3/KAT5/FANCA/PSMB9",0.518848077743792
"GO:0042742","defense response to bacterium",266,0.531197687578449,1.94796579806126,3.45395949615408e-08,1.22400575481242e-05,7.32739098955842e-06,2076,"tags=22%, list=11%, signal=20%","SPRR2A/GBP6/GBP5/IGHA1/GBP2/AKIRIN2/GBP4/SLC9A9/JCHAIN/GBP1/CASP1/IL1B/IGHE/IGHA2/IL12A/KLK5/IRGM/FPR2/IGHG3/DEFB126/IGKV3-20/WFDC12/ARG2/HAVCR2/EMILIN1/RBCK1/DHX15/CASP4/GNLY/RIPK2/OAS1/OPTN/MPO/DUOX1/SPN/CAMP/OAS2/IGHM/ADM/TLR2/SYT11/IGHG2/IGHG4/STAB1/RNASE3/GBP3/LCN2/IGHG1/ZG16B/VGF/FGR/NAGK/HLA-E/LYST/ANKRD17/TAC1/S100A8/RARRES2/NOD2",0.719512826338911
"GO:0070555","response to interleukin-1",107,0.594099314559996,1.94774823132181,7.14763980559349e-06,0.000591643368133422,0.000354181527958355,2322,"tags=28%, list=12%, signal=25%","IL1RN/EPO/GBP2/KMO/GBP1/ZBP1/LGALS9/IL1B/ACOD1/CD38/SMPD1/CCL3/TNIP2/NLRP7/KLF2/HDAC4/CAMP/GHR/ZC3H12A/GBP3/LCN2/TOLLIP/IRAK4/EDN1/CD47/CCL5/SIRPA/FGB/CITED1/IRAK2",0.610526878385931
"GO:0032703","negative regulation of interleukin-2 production",22,0.777931455614667,1.94480859801765,0.000201561210968192,0.00856715314765084,0.00512864261736123,1962,"tags=36%, list=10%, signal=33%","CR1/LILRB4/GBP1/ZFP36/HAVCR2/HDAC7/PTPRC/KAT5",0.518848077743792
"GO:0002695","negative regulation of leukocyte activation",165,0.556757380675533,1.94432491341672,2.56490584571794e-06,0.000289883685678545,0.000173536039198319,3767,"tags=38%, list=19%, signal=31%","CR1/LILRB4/LILRB1/CD300A/CD84/PSMA6/PSMA1/LGALS9/CD69/PSMA7/LILRB2/ARG2/CD274/HAVCR2/PSMB8/FER/PSMB3/CLEC12A/PSMB10/DUSP3/LOXL3/PSMA3/PSMA2/SPN/BTK/PSMB2/CD80/IFNL1/SYT11/ZC3H12A/PDCD1LG2/PSMA4/FGR/CRTAM/SCRIB/HLA-E/IRF1/MNDA/FOXJ1/PTPRC/PSMB9/ZBTB7B/RUNX1/CST7/PAG1/IFNB1/CLNK/RC3H2/STAT5A/TARM1/IL10/PTPN6/GLMN/TIGIT/PARP3/RC3H1/PDCD1/RUNX3/PSMB4/CD200/LGALS9C/SAMSN1/GPER1",0.627256739718528
"GO:0002360","T cell lineage commitment",34,0.717717191771511,1.94218423006258,0.000175990963989445,0.00766147329900718,0.00458646621530721,1115,"tags=24%, list=6%, signal=22%","IL12RB1/EP300/CD69/BATF/LOXL3/SPN/SLAMF6/SOCS3",0.518848077743792
"GO:0032944","regulation of mononuclear cell proliferation",190,0.546549830946937,1.93887019827824,5.50460716041576e-07,9.24302179478956e-05,5.53324478656657e-05,1925,"tags=24%, list=10%, signal=22%","IL12RB1/CR1/LILRB4/LILRB1/CD300A/EPO/IL27/LGALS9/IL1B/CLCF1/IL12A/SASH3/FCGR3A/LILRB2/ARG2/CD274/HAVCR2/IL7/CCR2/CD38/MZB1/CD276/RIPK3/NFATC2/TNFSF13B/SH3RF1/SPN/BTK/CD80/IRS2/CD6/PDCD1LG2/CRTAM/HLA-DPB1/SCRIB/HLA-E/JAK2/IRF1/AIF1/MNDA/FOXJ1/CCL5/TAC1/CSF1/PTPRC/IL12RB2",0.659444398037935
"GO:0036336","dendritic cell migration",29,0.738633725604133,1.93840759671423,0.00033922881230196,0.0129457644798612,0.00774985555662009,482,"tags=24%, list=2%, signal=24%","CCR5/SPI1/ICAM2/CCR1/LGALS9/IL12A/CCR2",0.49849310876659
"GO:0045058","T cell selection",63,0.637503877350564,1.93839206537657,3.79978963654085e-05,0.00235066986252111,0.00140720557091689,1984,"tags=32%, list=10%, signal=29%","IL12RB1/EP300/PSMA6/PSMA1/CD69/PSMA7/BATF/PSMB3/PSMB10/LOXL3/PSMA3/PSMA2/SPN/PSMB2/SLAMF6/SOCS3/PSMA4/CD3D/ZAP70/PSMB9",0.557332238758646
"GO:0035456","response to interferon-beta",32,0.713862582916547,1.93450044453937,0.000548834415223037,0.0182231630410496,0.0109091186984414,3363,"tags=62%, list=17%, signal=52%","AIM2/PNPT1/XAF1/IFITM1/IRGM/STAT1/ACOD1/IFI16/OAS1/PLSCR1/IRF1/MNDA/IFNAR2/CDC34/HCN1/IFNB1/UBE2K/BST2/TRAF3IP3/PYHIN1",0.477270815362862
"GO:2000319","regulation of T-helper 17 cell differentiation",27,0.725715067518913,1.93322519950712,0.00103791634837166,0.0303474347232848,0.0181671956094428,1278,"tags=22%, list=7%, signal=21%","IL12RB1/EP300/CD69/BATF/LOXL3/ZC3H12A",0.45505986738723
"GO:0022408","negative regulation of cell-cell adhesion",177,0.548213478748517,1.93178274776152,3.11249251552823e-06,0.00032664497345999,0.000195542825342523,2087,"tags=25%, list=11%, signal=22%","IL1RN/CR1/LILRB4/SPI1/LILRB1/CD300A/PSMA6/PSMA1/LGALS9/TRPV4/CD69/PSMA7/LILRB2/ARG2/CD274/HAVCR2/PSMB8/PSMB3/PSMB10/DUSP3/LOXL3/PSMA3/MAD2L2/PSMA2/SPN/PODXL/PSMB2/CD80/IFNL1/ABCA12/ZC3H12A/PDCD1LG2/PSMA4/NOTCH4/CRTAM/SCRIB/HLA-E/JAK2/IRF1/FOXJ1/PSMB9/APOA1/ZBTB7B/RUNX1",0.627256739718528
"GO:0045063","T-helper 1 cell differentiation",36,0.710567129015416,1.9317128379811,0.000610853300432934,0.0197251914650789,0.011808293354853,1385,"tags=39%, list=7%, signal=36%","IL27/PSMA6/PSMA1/PSMA7/STAT4/PSMB8/PSMB3/PSMB10/PSMA3/PSMA2/SPN/PSMB2/CD80/PSMA4",0.477270815362862
"GO:0002697","regulation of immune effector process",326,0.512861125815846,1.93122199047756,3.54059857611216e-08,1.22400575481242e-05,7.32739098955842e-06,3298,"tags=32%, list=17%, signal=27%","RAET1L/IL12RB1/CR1/LILRB4/SPI1/ITGB2/LILRB1/CD300A/SERPINB4/IL27/EP300/DDX60/CD84/DENND1B/LGALS9/IL1B/CD69/CLCF1/IL12A/SASH3/UNC13D/CD274/HAVCR2/POMC/TGFB2/CCR2/MZB1/RIPK3/CD5L/GAB2/STAP1/FER/BATF/NECTIN4/C4BPB/SCIMP/LOXL3/WAS/TICAM1/MAD2L2/BTK/ULBP2/CD80/COLEC10/MYO18A/FZD5/IFNL1/SLAMF6/CFB/NECTIN2/RSAD2/ZC3H12A/MASP1/HK1/CFH/FGR/CRTAM/CLU/RAET1E/FCN1/SLC15A4/HLA-E/FOXJ1/ANKRD17/TAC1/DHX58/PTPRC/RTN4/HLA-DRA/CLEC12B/APOA1/NOD2/RARA/CLC/KIR2DL4/GRB2/SERPING1/IFNB1/TRAF6/DHX36/C2/RPS19/CLNK/ITGAM/ICAM1/NCF1/SECTM1/SLC22A13/A2M/RC3H2/STAT5A/CD7/ULBP3/IL10/PTPN6/DDX21/BST2/SEMA7A/CD226/COLEC11/ULBP1/FUT7/DDX1/TIGIT/PARP3",0.719512826338911
"GO:0001906","cell killing",221,0.538443871907747,1.92947052990605,9.31835175530669e-07,0.000136909883164844,8.19597653311124e-05,2799,"tags=28%, list=14%, signal=24%","FCGR1A/RAET1L/IL12RB1/CR1/SPI1/LILRB1/SERPINB4/GBP5/GBP2/GBP1/LGALS9/IGHE/NPPB/IL12A/FCGR3A/CCL8/HAVCR2/POMC/KIF5B/CXCL10/RIPK3/STAP1/CD2/GNLY/GZMB/NECTIN4/MPO/CTSC/ULBP2/SLAMF6/CXCL11/NECTIN2/GBP3/IGHG1/C7/CFH/CRTAM/CLU/RAET1E/HLA-E/GZMA/LYST/TAC1/PTPRC/GZMM/HLA-DRA/CLEC12B/NINJ1/PLEKHM2/PRF1/SLAMF7/KIR2DL4/RAB27A/GRB2/RPS19/GZMH/ITGAM/ICAM1/SLC22A13/CCL22/CORO1A",0.659444398037935
"GO:0031663","lipopolysaccharide-mediated signaling pathway",56,0.643303020123038,1.92919962987409,0.000154347713783241,0.00687198116594022,0.00411384445520374,3006,"tags=38%, list=15%, signal=32%","SPI1/TLR1/CD14/CD180/ACOD1/LY96/HCK/SCIMP/TICAM1/TLR2/CD6/IRAK4/JAK2/TICAM2/SIRPA/LILRA2/IRAK2/CARD16/TRAF6/PTPN6/TRIB1",0.518848077743792
"GO:0002704","negative regulation of leukocyte mediated immunity",65,0.627516781013528,1.92907318368961,0.000179346835207934,0.00775015698909578,0.00463955584083561,2485,"tags=34%, list=13%, signal=30%","CR1/LILRB4/SPI1/LILRB1/CD300A/SERPINB4/CD84/LGALS9/CD274/HAVCR2/CCR2/NECTIN4/C4BPB/CD80/NECTIN2/HLA-E/FOXJ1/PTPRC/CLEC12B/KIR2DL4/GRB2/IFNB1",0.518848077743792
"GO:0050670","regulation of lymphocyte proliferation",188,0.544550934119563,1.92786475986305,2.44585260421066e-06,0.000281848544214628,0.000168725880183048,1925,"tags=24%, list=10%, signal=22%","IL12RB1/CR1/LILRB4/LILRB1/CD300A/EPO/IL27/LGALS9/IL1B/CLCF1/IL12A/SASH3/FCGR3A/LILRB2/ARG2/CD274/HAVCR2/IL7/CCR2/CD38/MZB1/CD276/RIPK3/NFATC2/TNFSF13B/SH3RF1/SPN/BTK/CD80/IRS2/CD6/PDCD1LG2/CRTAM/HLA-DPB1/SCRIB/HLA-E/JAK2/IRF1/AIF1/MNDA/FOXJ1/CCL5/TAC1/PTPRC/IL12RB2",0.627256739718528
"GO:0002886","regulation of myeloid leukocyte mediated immunity",45,0.675185486959313,1.92784635140215,0.000497979047623775,0.0168196716257754,0.0100689322606106,1853,"tags=33%, list=9%, signal=30%","SPI1/ITGB2/CD300A/CD84/LGALS9/UNC13D/POMC/CCR2/GAB2/STAP1/TICAM1/BTK/FGR/HLA-E/TAC1",0.477270815362862
"GO:0043374","CD8-positive, alpha-beta T cell differentiation",25,0.751295541956969,1.92469572144906,0.000329146891957234,0.0127262913423201,0.00761847010486504,2087,"tags=52%, list=11%, signal=47%","LILRB4/PSMA6/PSMA1/PSMA7/PSMB3/PSMB10/PSMA3/PSMA2/PSMB2/PSMA4/PSMB9/ZBTB7B/RUNX1",0.49849310876659
"GO:0048525","negative regulation of viral process",72,0.618122728017463,1.92327614161886,0.000156551882765028,0.00691770988729376,0.00414121950793471,3868,"tags=51%, list=20%, signal=41%","OASL/IFITM1/ZFP36/STAT1/APOBEC3F/ISG20/IFI16/IFIT5/IFNL3/OAS1/APOBEC3G/EIF2AK2/OAS2/RSAD2/PLSCR1/TRIM14/IFIT1/LARP7/SRPK1/CCL5/RNASEL/IFNB1/APOBEC3C/MX1/ZC3HAV1/ZNFX1/BST2/ISG15/OAS3/SP100/CH25H/APOBEC3A/IFIH1/TNIP1/TNF/IFITM3/APOBEC3D",0.518848077743792
"GO:0070663","regulation of leukocyte proliferation",213,0.530653514582727,1.92211661839206,9.09495266701685e-07,0.000136909883164844,8.19597653311124e-05,1925,"tags=23%, list=10%, signal=21%","IL12RB1/CR1/LILRB4/LILRB1/CD300A/EPO/CSF2RB/IL27/LGALS9/IL1B/CLCF1/IL12A/SASH3/FCGR3A/CCL8/LILRB2/ARG2/CD274/HAVCR2/IL7/CCR2/CD38/MZB1/CD276/RIPK3/NFATC2/TNFSF13B/SH3RF1/SPN/BTK/CD80/IRS2/CD6/PDCD1LG2/CRTAM/HLA-DPB1/SCRIB/HLA-E/JAK2/IRF1/AIF1/MNDA/FOXJ1/CCL5/TAC1/CSF1/PTPRC/IL12RB2",0.659444398037935
"GO:0043367","CD4-positive, alpha-beta T cell differentiation",105,0.583482789910811,1.91932214064536,2.71258517732256e-05,0.00179122057158704,0.00107229671306325,2110,"tags=29%, list=11%, signal=26%","IL12RB1/IL27/EP300/PSMA6/PSMA1/CD69/PSMA7/STAT4/PSMB8/BATF/PSMB3/PSMB10/SH3RF1/LOXL3/PSMA3/PSMA2/SPN/PSMB2/CD80/SLAMF6/SOCS3/RSAD2/ZC3H12A/PSMA4/HLA-DRA/PSMB9/ZBTB7B/RUNX1/RARA/RORA",0.575610261071129
"GO:0043299","leukocyte degranulation",70,0.622598606015537,1.91929551110705,6.04494040346196e-05,0.00335989281769303,0.00201136704312464,1004,"tags=23%, list=5%, signal=22%","SPI1/ITGB2/CD300A/CD84/LGALS9/IGHE/FCGR3A/UNC13D/GNAQ/CCR2/GAB2/HCK/PTGDR/CCL3/BTK/PTGDS",0.557332238758646
"GO:0050672","negative regulation of lymphocyte proliferation",65,0.62414529349349,1.91870876577947,0.00020408396131889,0.00856715314765084,0.00512864261736123,1726,"tags=26%, list=9%, signal=24%","CR1/LILRB4/LILRB1/CD300A/LGALS9/LILRB2/ARG2/CD274/HAVCR2/SPN/CD80/PDCD1LG2/CRTAM/SCRIB/HLA-E/MNDA/FOXJ1",0.518848077743792
"GO:0160165","CD8-positive, alpha-beta T cell homeostasis",15,0.840274058456853,1.91864734373178,0.000294993697243169,0.011635422541598,0.00696543214407321,1984,"tags=73%, list=10%, signal=66%","PSMA6/PSMA1/PSMA7/PSMB8/PSMB3/PSMB10/PSMA3/PSMA2/PSMB2/PSMA4/PSMB9",0.49849310876659
"GO:0046634","regulation of alpha-beta T cell activation",98,0.596738507970583,1.91773076515329,4.61917298574983e-05,0.00274210905426785,0.00164153682265228,2097,"tags=28%, list=11%, signal=25%","IL12RB1/LILRB4/LILRB1/CD300A/IL27/EP300/LGALS9/CD69/IL12A/ARG2/CD274/CCR2/BATF/SH3RF1/LOXL3/CD80/ZC3H12A/ZNF683/CRTAM/HLA-E/JAK2/IRF1/HLA-DRA/IL12RB2/ZBTB7B/RUNX1/RARA",0.557332238758646
"GO:0030850","prostate gland development",19,-0.740915008957249,-1.91663440527336,0.000796666833721711,0.0246756178240207,0.0147718177790124,810,"tags=37%, list=4%, signal=35%","PSAP/HOXA10/SULF1/SMARCC1/HOXD13/HOXA9/ALOX15B",0.477270815362862
"GO:0002703","regulation of leukocyte mediated immunity",209,0.537149145785185,1.91647403950586,4.80871986635424e-07,8.56389292562542e-05,5.12669091726512e-05,3298,"tags=33%, list=17%, signal=28%","RAET1L/IL12RB1/CR1/LILRB4/SPI1/ITGB2/LILRB1/CD300A/SERPINB4/CD84/DENND1B/LGALS9/IL1B/CLCF1/IL12A/UNC13D/CD274/HAVCR2/POMC/CCR2/RIPK3/GAB2/STAP1/NECTIN4/C4BPB/SCIMP/WAS/TICAM1/MAD2L2/BTK/ULBP2/CD80/FZD5/SLAMF6/NECTIN2/RSAD2/FGR/CRTAM/RAET1E/SLC15A4/HLA-E/FOXJ1/TAC1/PTPRC/HLA-DRA/CLEC12B/NOD2/CLC/KIR2DL4/GRB2/IFNB1/TRAF6/DHX36/CLNK/ITGAM/ICAM1/SECTM1/SLC22A13/CD7/ULBP3/IL10/DDX21/BST2/CD226/ULBP1/FUT7/DDX1/TIGIT/PARP3",0.659444398037935
"GO:0046632","alpha-beta T cell differentiation",123,0.570984894930306,1.91575377412346,2.18789017298305e-05,0.00151273300548487,0.00090558284962444,2110,"tags=26%, list=11%, signal=23%","IL12RB1/LILRB4/IL27/EP300/PSMA6/PSMA1/CD69/PSMA7/STAT4/PSMB8/BATF/PSMB3/PSMB10/SH3RF1/LOXL3/PSMA3/PSMA2/SPN/PSMB2/CD80/SLAMF6/SOCS3/RSAD2/ZC3H12A/PSMA4/ZNF683/HLA-DRA/PSMB9/ZBTB7B/RUNX1/RARA/RORA",0.575610261071129
"GO:0002698","negative regulation of immune effector process",107,0.584046644347412,1.91479065984048,1.78135503288039e-05,0.00124631232479024,0.000746092709363376,3020,"tags=36%, list=15%, signal=31%","CR1/LILRB4/SPI1/LILRB1/CD300A/SERPINB4/CD84/LGALS9/CD69/CD274/HAVCR2/TGFB2/CCR2/FER/NECTIN4/C4BPB/LOXL3/CD80/IFNL1/NECTIN2/ZC3H12A/MASP1/CLU/HLA-E/FOXJ1/PTPRC/CLEC12B/APOA1/KIR2DL4/GRB2/SERPING1/IFNB1/RPS19/A2M/RC3H2/STAT5A/IL10/PTPN6/BST2",0.575610261071129
"GO:0002407","dendritic cell chemotaxis",24,0.742433087217878,1.91143816275659,0.000600252908944861,0.0196777615272771,0.011779899885499,482,"tags=25%, list=2%, signal=24%","CCR5/SPI1/CCR1/LGALS9/IL12A/CCR2",0.477270815362862
"GO:0050866","negative regulation of cell activation",186,0.548229764406579,1.91099710156315,1.55516625104397e-06,0.000196441682145538,0.000117597895767043,2992,"tags=30%, list=15%, signal=26%","CYGB/CR1/LILRB4/LILRB1/CD300A/CD84/PSMA6/PSMA1/LGALS9/CD69/PSMA7/LILRB2/ARG2/CD274/HAVCR2/EMILIN1/PSMB8/FER/PSMB3/CLEC12A/PSMB10/DUSP3/LOXL3/PSMA3/PSMA2/SPN/BTK/PSMB2/CD80/IFNL1/SYT11/ZC3H12A/PDCD1LG2/PSMA4/FGR/CRTAM/SCRIB/HLA-E/IRF1/MNDA/FOXJ1/PTPRC/PSMB9/ZBTB7B/RUNX1/CST7/NOS3/PAG1/IFNB1/CLNK/RC3H2/STAT5A/TARM1/IL10/PTPN6/GLMN",0.643551836150722
"GO:0001774","microglial cell activation",43,0.673435489128924,1.90985324845391,0.00031037658040171,0.0120800209471579,0.00723158664032972,2941,"tags=47%, list=15%, signal=40%","C1QA/ITGB2/TLR1/IL1B/FPR2/SPHK1/STAP1/CCL3/SYT11/CLU/MMP8/JAK2/AIF1/PTPRC/C5AR1/MAPT/CST7/ITGAM/IFNG/TTBK1",0.49849310876659
"GO:0002269","leukocyte activation involved in inflammatory response",43,0.673435489128924,1.90985324845391,0.00031037658040171,0.0120800209471579,0.00723158664032972,2941,"tags=47%, list=15%, signal=40%","C1QA/ITGB2/TLR1/IL1B/FPR2/SPHK1/STAP1/CCL3/SYT11/CLU/MMP8/JAK2/AIF1/PTPRC/C5AR1/MAPT/CST7/ITGAM/IFNG/TTBK1",0.49849310876659
"GO:0001819","positive regulation of cytokine production",469,0.494652635765746,1.90928145705808,2.37846472922437e-10,1.98257255900118e-07,1.1868477127542e-07,3305,"tags=31%, list=17%, signal=26%","IL1RL1/FCGR1A/IL12RB1/TLR7/AIM2/C3AR1/LILRB1/GBP5/IL27/AKIRIN2/TLR1/PSMA6/ADAM8/CYBB/DENND1B/CASP1/PSMA1/LGALS9/IL1B/TRPV4/CD14/PSMA7/IL12A/FCGR3A/LILRB2/CD274/HAVCR2/STAT1/IL7/FCER1G/CCR2/IFI16/ORM1/PSMB8/CD276/SPHK1/CD2/POLR3A/LY96/BATF/PSMB3/RBM47/CCL3/C1QTNF4/CLEC12A/PSMB10/RIPK2/OAS1/CLEC6A/IL36G/SCIMP/NRDC/TICAM1/PSMA3/DUOX1/EIF2AK2/PSMA2/SPN/BTK/CAMP/OAS2/P2RX7/PSMB2/CD80/FZD5/IFNL1/SLAMF6/TLR2/RSAD2/UCN/PTGS2/CD6/HK1/PSMA4/FGR/TLR8/RIOK3/BMPR1A/CRTAM/CLU/HLA-DPB1/DDIT3/SCRIB/FCN1/HLA-E/MMP8/JAK2/IRF1/AIF1/MEFV/TICAM2/LUM/DHX58/PTPRC/RTN4/IL12RB2/BTN3A2/ZBTB20/PSMB9/PANX1/ZBTB7B/NOD2/C5AR1/RUNX1/RARA/RORA/LILRA2/POLR3D/RAB1A/KIR2DL4/BTN3A1/TRAF6/DHX36/CCBE1/ARHGEF2/CLNK/GATA4/CCDC88B/SECTM1/NLRC4/ZC3HAV1/XIAP/IFNG/CD7/IL10/GLMN/IL1A/IRF7/DDX21/ISG15/SEMA7A/OAS3/POU2F2/CD226/MAPK11/LAMTOR5/PTGER4/ORM2/TRIM56/DDX1/TRAF3IP3/TIGIT/FLT4/LILRA5",0.814035837847908
"GO:0006959","humoral immune response",259,0.520876459813051,1.90835405062751,4.53664643181904e-07,8.56389292562542e-05,5.12669091726512e-05,1754,"tags=19%, list=9%, signal=18%","C1QA/SPRR2A/CR1/IGHA1/CFD/JCHAIN/GATA6/IL1B/IGHE/IGHA2/NPPB/KLK5/IGHG3/CCL8/DEFB126/IGKV3-20/WFDC12/IL7/POMC/ACOD1/C1QB/CXCL10/CD5L/GNLY/CCL4/CCL3/PSMB10/C4BPB/CAMP/COLEC10/IGHM/CXCL11/CFB/ADM/IGHG2/IGHG4/RNASE3/CCL26/CCL3L3/MASP1/IGHG1/C7/CFH/C1QC/CLU/FCN1/HLA-E/FOXJ1/CCL5/BLNK",0.674962860011025
"GO:1903038","negative regulation of leukocyte cell-cell adhesion",129,0.57304207209331,1.9082068870728,6.11534233892292e-06,0.000528527454791912,0.000316397802440888,2992,"tags=33%, list=15%, signal=28%","CR1/LILRB4/LILRB1/CD300A/PSMA6/PSMA1/LGALS9/CD69/PSMA7/LILRB2/ARG2/CD274/HAVCR2/PSMB8/PSMB3/PSMB10/DUSP3/LOXL3/PSMA3/PSMA2/SPN/PSMB2/CD80/IFNL1/ZC3H12A/PDCD1LG2/PSMA4/CRTAM/SCRIB/HLA-E/IRF1/FOXJ1/PSMB9/ZBTB7B/RUNX1/PAG1/IFNB1/PPARA/RC3H2/STAT5A/TARM1/IL10/GLMN",0.610526878385931
"GO:0045061","thymic T cell selection",27,0.716310755528177,1.90817314569394,0.00133319527052159,0.0362740213187749,0.0217150888319945,1984,"tags=44%, list=10%, signal=40%","PSMA6/PSMA1/PSMA7/PSMB3/PSMB10/PSMA3/PSMA2/PSMB2/PSMA4/CD3D/ZAP70/PSMB9",0.45505986738723
"GO:0002438","acute inflammatory response to antigenic stimulus",24,0.740944481645193,1.90760565912777,0.000670869323597433,0.0214277120368593,0.0128274906787344,1610,"tags=33%, list=8%, signal=31%","FCGR1A/IGHE/FCGR3A/ORM1/BTK/CD6/IGHG1/HLA-E",0.477270815362862
"GO:0002429","immune response-activating cell surface receptor signaling pathway",316,0.508885218596472,1.90640048936952,4.97217691874957e-08,1.45002838976359e-05,8.68045343413107e-06,3454,"tags=36%, list=18%, signal=30%","CR1/LILRB4/C3AR1/CD300A/LCP2/IGHA1/EP300/TLR1/GBP1/EIF2B3/DENND1B/KLHL6/IGHE/MYO1G/CD14/IGHA2/FPR2/IGHG3/IFI35/SQSTM1/CD274/ACOD1/RBCK1/IGKC/CD38/IGLC3/TESPA1/CD276/NFATC2/STAP1/LY96/SKAP1/HCK/TNIP2/RIPK2/DUSP3/OAS1/CLEC6A/SCIMP/TICAM1/PIK3CA/BTK/CD80/BAX/COLEC10/IGHM/TLR2/IGHG2/IGHG4/NECTIN2/ZC3H12A/PLSCR1/MASP1/LPXN/PDCD1LG2/IGHG1/CREBBP/FGR/ZNF683/CMKLR1/IRAK4/HLA-DPB1/MFHAS1/CD47/FCN1/CD3D/ZAP70/MNDA/BLNK/PLPP4/TICAM2/PTPRC/PIK3AP1/IGLC1/BTN3A2/C5AR1/TRAT1/FPR1/NINJ1/LILRA2/UBE2N/RAB29/CD247/IRAK2/GRB2/BTN3A1/TRAF6/PLCG1/NMI/KCNN4/RNF31/CD5/ITGAM/UBR2/TRBC1/TEC/PAK1/RC3H2/IFNG/SH2D1A/PTPN6/TRBC2/CD226/COLEC11/CD8B/TRDC/LIME1/WDFY1/EZR/SIVA1/RC3H1/PJA2/MICB/PDCD1",0.719512826338911
"GO:0045581","negative regulation of T cell differentiation",54,0.644915652692386,1.90422845902941,0.00014033517789114,0.0064433581286424,0.00385725345723948,2882,"tags=43%, list=15%, signal=36%","LILRB4/PSMA6/PSMA1/CD69/PSMA7/PSMB8/PSMB3/PSMB10/LOXL3/PSMA3/PSMA2/PSMB2/IFNL1/ZC3H12A/PSMA4/IRF1/FOXJ1/PSMB9/ZBTB7B/RUNX1/IFNB1/RC3H2/STAT5A",0.518848077743792
"GO:0050853","B cell receptor signaling pathway",70,0.616113376462029,1.89930338158687,9.59536404293309e-05,0.00480135260385222,0.0028742828756186,1935,"tags=31%, list=10%, signal=28%","CD300A/IGHA1/KLHL6/IGHE/IGHA2/IGHG3/IGKC/CD38/IGLC3/NFATC2/STAP1/BTK/BAX/IGHM/IGHG2/IGHG4/LPXN/IGHG1/MNDA/BLNK/PTPRC/IGLC1",0.538434096309916
"GO:0032634","interleukin-5 production",19,0.775551607300045,1.89460094761576,0.000496611037741749,0.0168196716257754,0.0100689322606106,25,"tags=11%, list=0%, signal=11%","IL1RL1/LILRB4",0.477270815362862
"GO:0032674","regulation of interleukin-5 production",19,0.775551607300045,1.89460094761576,0.000496611037741749,0.0168196716257754,0.0100689322606106,25,"tags=11%, list=0%, signal=11%","IL1RL1/LILRB4",0.477270815362862
"GO:0042093","T-helper cell differentiation",92,0.585653037716781,1.89015556777152,9.64028598357261e-05,0.00480135260385222,0.0028742828756186,2110,"tags=28%, list=11%, signal=25%","IL12RB1/IL27/EP300/PSMA6/PSMA1/CD69/PSMA7/STAT4/PSMB8/BATF/PSMB3/PSMB10/LOXL3/PSMA3/PSMA2/SPN/PSMB2/CD80/SLAMF6/SOCS3/ZC3H12A/PSMA4/HLA-DRA/PSMB9/RARA/RORA",0.538434096309916
"GO:0070664","negative regulation of leukocyte proliferation",74,0.613775659780273,1.89013118932943,0.000231140701750931,0.00952430426543337,0.00570163179233127,1726,"tags=26%, list=9%, signal=24%","CR1/LILRB4/LILRB1/CD300A/LGALS9/CCL8/LILRB2/ARG2/CD274/HAVCR2/SPN/BTK/CD80/PDCD1LG2/CRTAM/SCRIB/HLA-E/MNDA/FOXJ1",0.518848077743792
"GO:0071346","cellular response to type II interferon",69,0.617070781060628,1.88813926970751,8.68670999702222e-05,0.00443928649152171,0.00265753553119769,1798,"tags=35%, list=9%, signal=32%","IL12RB1/GBP6/GBP5/GBP2/GBP4/GBP1/CASP1/LGALS9/IRGM/STAT1/ACOD1/NLRC5/HCK/CCL3/TLR2/GBP3/EDN1/CD47/PARP9/JAK2/IRF1/AIF1/CCL5/PARP14",0.538434096309916
"GO:0032945","negative regulation of mononuclear cell proliferation",66,0.623917927215953,1.88643758163246,0.000270242355551481,0.0108041790719459,0.00646781635381156,1726,"tags=26%, list=9%, signal=24%","CR1/LILRB4/LILRB1/CD300A/LGALS9/LILRB2/ARG2/CD274/HAVCR2/SPN/CD80/PDCD1LG2/CRTAM/SCRIB/HLA-E/MNDA/FOXJ1",0.49849310876659
"GO:0002444","myeloid leukocyte mediated immunity",99,0.57524469893032,1.8782931950433,5.56715354614344e-05,0.0032076628814397,0.00192023607753415,1610,"tags=25%, list=8%, signal=23%","FCGR1A/SPI1/ITGB2/CD300A/CD84/LGALS9/IGHE/FCGR3A/UNC13D/GNAQ/POMC/CCR2/GAB2/STAP1/PTGDR/CCL3/MPO/TICAM1/BTK/PTGDS/IGHG1/FGR/JAGN1/IRAK4/HLA-E",0.557332238758646
"GO:0002220","innate immune response activating cell surface receptor signaling pathway",90,0.573208187274608,1.87595149380216,0.000107116903677102,0.00519246683621189,0.00310841959358849,2559,"tags=30%, list=13%, signal=26%","EP300/TLR1/CD14/IFI35/SQSTM1/ACOD1/LY96/TNIP2/RIPK2/OAS1/CLEC6A/SCIMP/TICAM1/COLEC10/TLR2/MASP1/CREBBP/IRAK4/MFHAS1/FCN1/TICAM2/PIK3AP1/NINJ1/LILRA2/IRAK2/TRAF6/NMI",0.538434096309916
"GO:0032943","mononuclear cell proliferation",220,0.519887806090387,1.87441962496108,4.48546576690212e-06,0.000454501419173858,0.00027208283870417,1925,"tags=23%, list=10%, signal=21%","IL12RB1/CR1/LILRB4/LILRB1/CD300A/EPO/IL27/LGALS9/IL1B/IGHE/CLCF1/IL12A/SASH3/FCGR3A/LILRB2/ARG2/CD274/CD180/HAVCR2/IL7/ELF4/CCR2/CD38/MZB1/CD276/RIPK3/NFATC2/TNFSF13B/FLT3/SH3RF1/SPN/BTK/CD80/IRS2/CD6/PDCD1LG2/CRTAM/HLA-DPB1/SCRIB/HLA-E/JAK2/IRF1/AIF1/MNDA/FOXJ1/CCL5/TAC1/CSF1/PTPRC/PCYT1A/IL12RB2",0.610526878385931
"GO:0045580","regulation of T cell differentiation",165,0.536437320893307,1.87336258790832,1.17080122179737e-05,0.000905368260592521,0.000541989872908275,2113,"tags=27%, list=11%, signal=25%","IL12RB1/CR1/LILRB4/IL27/EP300/PSMA6/ADAM8/PSMA1/CD69/PSMA7/PRELID1/LILRB2/IL7/CCR2/TESPA1/PSMB8/CD2/BATF/PSMB3/PSMB10/SH3RF1/LOXL3/PSMA3/PSMA2/PSMB2/CD80/IFNL1/ZC3H12A/PSMA4/ZNF683/CRTAM/IRF1/ZAP70/FOXJ1/SMARCA4/HLA-DRA/FOXO3/KAT5/FANCA/PSMB9/BRD7/ZBTB7B/RUNX1/RARA/GLI2",0.593325476396405
"GO:0046631","alpha-beta T cell activation",180,0.534607377156313,1.86945264565596,5.08568337764309e-06,0.000482073567909814,0.000288588636443787,2110,"tags=26%, list=11%, signal=23%","IL12RB1/LILRB4/LILRB1/CD300A/IL27/EP300/PSMA6/PSMA1/LGALS9/CD69/PSMA7/IL12A/ARG2/CD274/ELF4/CCR2/STAT4/PSMB8/BATF/PSMB3/PSMB10/SH3RF1/LOXL3/PSMA3/PSMA2/SPN/PSMB2/CD80/SLAMF6/SOCS3/RSAD2/ZC3H12A/PSMA4/ZNF683/CRTAM/HLA-E/JAK2/CD3D/IRF1/HLA-DRA/IL12RB2/PSMB9/ZBTB7B/RUNX1/RARA/RORA",0.610526878385931
"GO:0071219","cellular response to molecule of bacterial origin",199,0.523917951903823,1.86927880590838,1.21660721639038e-05,0.00092857150788653,0.000555880270439672,2501,"tags=27%, list=13%, signal=24%","CCR5/SPI1/LILRB1/GBP5/GBP2/KMO/TLR1/CASP1/IL1B/CD14/IRGM/ZFP36/LILRB2/CD274/CD180/HAVCR2/ACOD1/CXCL10/TBXA2R/STAP1/LY96/ADAM9/HCK/TNIP2/NLRP7/NFKBIB/IL36G/SCIMP/TICAM1/CDC73/CAMP/CD80/FZD5/TLR2/TLR10/ZC3H12A/GBP3/CD6/LCN2/PDCD1LG2/IL24/IRAK4/MMP8/JAK2/TICAM2/NOD2/RARA/SIRPA/LILRA2/IRAK2/HDAC5/CARD16/CHMP5/TRAF6",0.593325476396405
"GO:0043029","T cell homeostasis",35,0.680352013034713,1.86754806351961,0.000922106108529925,0.0277908594863096,0.016636726795723,1385,"tags=37%, list=7%, signal=35%","AIM2/PSMA6/PSMA1/LGALS9/PSMA7/PSMB8/RIPK3/PSMB3/PSMB10/PSMA3/PSMA2/PSMB2/PSMA4",0.477270815362862
"GO:0033631","cell-cell adhesion mediated by integrin",29,0.711296501196811,1.8666661074925,0.00113379625972735,0.0323462165942604,0.0193637468686094,2902,"tags=59%, list=15%, signal=50%","ITGB2/ITGAL/FERMT3/ADA/SKAP1/ADAM9/NPNT/PODXL/CCL5/ITGAX/ITGB3/PIEZO1/SWAP70/VCAM1/ITGAM/ICAM1/ITGA2B",0.45505986738723
"GO:1904862","inhibitory synapse assembly",29,-0.670977404264169,-1.86555563998409,0.000812934833001505,0.0248834271539054,0.0148962208061515,1321,"tags=24%, list=7%, signal=23%","SRGAP2C/GABRB2/GABRB3/CBLN1/WNT5A/GABRA5/NLGN2",0.477270815362862
"GO:0048706","embryonic skeletal system development",63,-0.567255591589198,-1.86399510375065,0.000391585362277634,0.0142058467537386,0.00850419151161134,2282,"tags=24%, list=12%, signal=21%","HOXC11/FUZ/OSR2/KIAA1217/DLX4/MEGF8/RBP4/HOXD11/DLX1/IRX5/SULF1/TGFBR1/CTDSPL2/WNT5A/HOXA9",0.49849310876659
"GO:0046637","regulation of alpha-beta T cell differentiation",65,0.606122306125092,1.86330361539258,0.000426595659327079,0.0151050326494819,0.00904248037214183,2097,"tags=23%, list=11%, signal=21%","IL12RB1/LILRB4/IL27/EP300/CD69/BATF/SH3RF1/LOXL3/CD80/ZC3H12A/ZNF683/HLA-DRA/ZBTB7B/RUNX1/RARA",0.49849310876659
"GO:0071222","cellular response to lipopolysaccharide",191,0.524327825646162,1.8631545192871,7.81647994489205e-06,0.000638020175501814,0.000381944551056863,2501,"tags=27%, list=13%, signal=24%","CCR5/SPI1/LILRB1/GBP5/GBP2/KMO/TLR1/CASP1/IL1B/CD14/IRGM/ZFP36/LILRB2/CD274/CD180/HAVCR2/ACOD1/CXCL10/TBXA2R/STAP1/LY96/ADAM9/HCK/TNIP2/NLRP7/NFKBIB/IL36G/SCIMP/TICAM1/CDC73/CAMP/CD80/TLR2/ZC3H12A/GBP3/CD6/LCN2/PDCD1LG2/IL24/IRAK4/MMP8/JAK2/TICAM2/NOD2/RARA/SIRPA/LILRA2/IRAK2/HDAC5/CARD16/CHMP5/TRAF6",0.593325476396405
"GO:2000321","positive regulation of T-helper 17 cell differentiation",11,0.86597704096491,1.86278610863548,0.00149498150083039,0.0389352176326158,0.0233081880322897,80,"tags=18%, list=0%, signal=18%","IL12RB1/EP300",0.45505986738723
"GO:0002260","lymphocyte homeostasis",51,0.635194221047196,1.86197781619975,0.000372519020067173,0.0139445495600941,0.00834776849686815,1984,"tags=35%, list=10%, signal=32%","AIM2/DOCK10/PSMA6/PSMA1/LGALS9/PSMA7/PSMB8/RIPK3/TNFSF13B/PSMB3/PSMB10/PSMA3/PSMA2/PSMB2/PSMA4/DOCK11/WDR37/PSMB9",0.49849310876659
"GO:0098586","cellular response to virus",69,0.608471542203005,1.86182695501848,0.000137205155013771,0.00639964044457089,0.0038310822923499,3704,"tags=42%, list=19%, signal=34%","TLR7/LGALS9/IL12A/IRGM/CXCL10/IFNL3/IFNLR1/OAS1/IFNL2/BAX/IFNL1/ZC3H12A/RIOK3/CCL5/ADAR/IL10RB/IFNAR2/GLI2/IFNB1/IFNG/POU2F2/MAPK11/IFIH1/EIF5A/LGALS8/IFNGR2/IFNAR1/IFNK/VWCE",0.518848077743792
"GO:0061900","glial cell activation",49,0.63528264518799,1.85969472966217,0.000712350975748851,0.0226296577539243,0.0135470237513963,2941,"tags=41%, list=15%, signal=35%","C1QA/ITGB2/TLR1/IL1B/FPR2/SPHK1/STAP1/CCL3/SYT11/CLU/MMP8/JAK2/AIF1/PTPRC/C5AR1/MAPT/CST7/ITGAM/IFNG/TTBK1",0.477270815362862
"GO:0045590","negative regulation of regulatory T cell differentiation",19,0.760942305273694,1.85891177206303,0.000887465083895168,0.0268847025672778,0.0160942648001373,1984,"tags=63%, list=10%, signal=57%","PSMA6/PSMA1/PSMA7/PSMB8/PSMB3/PSMB10/PSMA3/PSMA2/PSMB2/PSMA4/IRF1/PSMB9",0.477270815362862
"GO:0002826","negative regulation of T-helper 1 type immune response",15,0.813897799370588,1.85842087485045,0.000869504054586637,0.0264770742425164,0.0158502420819268,411,"tags=27%, list=2%, signal=26%","IL1RL1/LGALS9/IL12A/HAVCR2",0.477270815362862
"GO:0046651","lymphocyte proliferation",217,0.51909322365447,1.85840953152237,1.56286154688728e-06,0.000196441682145538,0.000117597895767043,1925,"tags=23%, list=10%, signal=21%","IL12RB1/CR1/LILRB4/LILRB1/CD300A/EPO/IL27/LGALS9/IL1B/IGHE/CLCF1/IL12A/SASH3/FCGR3A/LILRB2/ARG2/CD274/CD180/HAVCR2/IL7/ELF4/CCR2/CD38/MZB1/CD276/RIPK3/NFATC2/TNFSF13B/FLT3/SH3RF1/SPN/BTK/CD80/IRS2/CD6/PDCD1LG2/CRTAM/HLA-DPB1/SCRIB/HLA-E/JAK2/IRF1/AIF1/MNDA/FOXJ1/CCL5/TAC1/PTPRC/PCYT1A/IL12RB2",0.643551836150722
"GO:0033077","T cell differentiation in thymus",55,0.628144285078332,1.85740316958349,0.000419473862009431,0.015031999311155,0.00899875967694986,2113,"tags=36%, list=11%, signal=33%","PSMA6/ADAM8/PSMA1/IL1B/PSMA7/TESPA1/RIPK3/PSMB3/PSMB10/PSMA3/PSMA2/PSMB2/LIG4/PSMA4/CD3D/ZAP70/FOXJ1/PTPRC/PSMB9/GLI2",0.49849310876659
"GO:0002699","positive regulation of immune effector process",217,0.517417458664929,1.85241011275279,1.93664960076404e-06,0.000232279381707965,0.000139051784838052,3239,"tags=30%, list=16%, signal=25%","RAET1L/IL12RB1/CR1/SPI1/ITGB2/LILRB1/EP300/DDX60/DENND1B/LGALS9/IL1B/CLCF1/IL12A/SASH3/POMC/CCR2/MZB1/GAB2/STAP1/SCIMP/TICAM1/MAD2L2/BTK/ULBP2/CD80/COLEC10/MYO18A/FZD5/SLAMF6/CFB/NECTIN2/RSAD2/MASP1/HK1/FGR/CRTAM/RAET1E/FCN1/HLA-E/ANKRD17/TAC1/DHX58/PTPRC/RTN4/HLA-DRA/NOD2/RARA/KIR2DL4/TRAF6/DHX36/C2/RPS19/CLNK/ITGAM/SECTM1/SLC22A13/CD7/ULBP3/IL10/DDX21/SEMA7A/CD226/COLEC11/ULBP1/DDX1",0.627256739718528
"GO:0070661","leukocyte proliferation",250,0.509753603121891,1.85170656890621,1.26724060215504e-06,0.000173199372531747,0.000103684113959153,1925,"tags=22%, list=10%, signal=20%","IL12RB1/CR1/LILRB4/LILRB1/CD300A/EPO/CSF2RB/IL27/LGALS9/IL1B/IGHE/CLCF1/IL12A/SASH3/FCGR3A/CCL8/LILRB2/ARG2/CD274/CD180/HAVCR2/IL7/ELF4/CCR2/CD38/MZB1/CD276/RIPK3/NFATC2/TNFSF13B/FLT3/SH3RF1/BAP1/SPN/BTK/CD80/IRS2/CD6/PDCD1LG2/CRTAM/CLU/HLA-DPB1/SCRIB/HLA-E/JAK2/IRF1/AIF1/MNDA/FOXJ1/CCL5/TAC1/CSF1/PTPRC/PCYT1A/IL12RB2",0.643551836150722
"GO:2000659","regulation of interleukin-1-mediated signaling pathway",14,0.805127921400924,1.85110955184191,0.00411411209161698,0.0811363649746074,0.0485714930099795,207,"tags=21%, list=1%, signal=21%","IL1RN/ZBP1/IL1B",0.407017918923954
"GO:1903306","negative regulation of regulated secretory pathway",19,0.757674750581913,1.85092943773845,0.000978746259634292,0.0289049837581444,0.0173036864173255,1251,"tags=32%, list=6%, signal=30%","SPI1/CD300A/CD84/LGALS9/CCR2/CDK5",0.45505986738723
"GO:0043368","positive T cell selection",40,0.673995349409528,1.85026695983836,0.000797748406766024,0.0246756178240207,0.0147718177790124,2932,"tags=32%, list=15%, signal=28%","IL12RB1/EP300/CD69/BATF/LOXL3/SPN/SLAMF6/SOCS3/CD3D/ZAP70/CTSL/STAT5A/SHH",0.477270815362862
"GO:0071639","positive regulation of monocyte chemotactic protein-1 production",11,0.859739353420216,1.84936834216061,0.00183426292038068,0.0460673852264167,0.027577790553141,1013,"tags=45%, list=5%, signal=43%","LGALS9/IL1B/TRPV4/OAS1/CAMP",0.45505986738723
"GO:0045088","regulation of innate immune response",449,0.478981938122383,1.84686936370324,2.85920511855292e-08,1.12023656544904e-05,6.70618686519417e-06,3257,"tags=31%, list=17%, signal=26%","TLR7/CR1/AIM2/SPI1/LILRB1/CD300A/SERPINB4/GBP5/GBP2/EP300/DDX60/AKIRIN2/TLR1/ZDHHC12/ATG12/ADAM8/OASL/ZBP1/CASP1/LGALS9/HSPA8/CD14/IL12A/IRGM/FPR2/IFI35/SQSTM1/CD274/HAVCR2/ACOD1/NLRC5/IFI16/CD300E/LY96/IRF2/HCK/RBM47/TNIP2/RIPK2/OAS1/CLEC6A/NECTIN4/SCIMP/USP18/TICAM1/EIF2AK2/BTK/P2RX7/COLEC10/SLAMF6/PPP6C/YWHAZ/TLR2/ALPK1/TLR10/LYAR/NECTIN2/NPLOC4/RSAD2/PLSCR1/MASP1/CREBBP/CFH/FGR/PARP1/NAGK/TLR8/LYPLAL1/RIOK3/IRAK4/CRTAM/MFHAS1/RAET1E/FCN1/SLC15A4/HLA-E/PARP9/IRF1/PPT1/CYLD/MNDA/CCL5/MEFV/BIRC2/PARP14/TICAM2/ANKRD17/CD300C/DHX58/PIK3AP1/RTN4/S100A8/TRIM25/KAT5/CLEC12B/NOD2/GIGYF2/TREX1/NINJ1/LILRA2/POLR3D/MATR3/GPATCH3/STAT2/IRAK2/LGR4/TYRO3/KIR2DL4/GRB2/SERPING1/IFNB1/TRAF6/NMI/RPS19/CLNK/KCNK6/PTPN1/CLPB/UBE2K/NCF1/NLRP6/PAK1/NLRC4/A2M/ZC3HAV1/XIAP/PTPN6/ZNFX1/IRF7/MSR1/ISG15/OAS3/CD226/SLC19A1/COLEC11/TRAFD1/TRIM56/TRAF3IP3/TIGIT",0.73376198835648
"GO:0002524","hypersensitivity",15,0.808672000139704,1.84648849908292,0.00110527083375297,0.0316862277559328,0.0189686509919636,1610,"tags=40%, list=8%, signal=37%","FCGR1A/IGHE/FCGR3A/BTK/IGHG1/HLA-E",0.45505986738723
"GO:2000316","regulation of T-helper 17 type immune response",35,0.670663877787845,1.84095439160747,0.00125963966938936,0.0345930015747724,0.0207087627688166,1278,"tags=20%, list=7%, signal=19%","IL12RB1/EP300/CD69/BATF/CLEC6A/LOXL3/ZC3H12A",0.45505986738723
"GO:0002767","immune response-inhibiting cell surface receptor signaling pathway",30,0.704099139084189,1.84011648725908,0.00104569888861503,0.0304236255860917,0.0182128065258477,2380,"tags=43%, list=12%, signal=38%","LILRB4/LILRB1/LAIR1/LILRA6/LILRB5/LILRB2/LILRA3/LAIR2/LILRA1/KIR3DX1/CLEC12B/LILRA2/KIR2DL4",0.45505986738723
"GO:2000318","positive regulation of T-helper 17 type immune response",17,0.775044758266684,1.83838658847088,0.00196541874072189,0.0477304377653824,0.0285733607243815,819,"tags=18%, list=4%, signal=17%","IL12RB1/EP300/CLEC6A",0.431707695803346
"GO:0019731","antibacterial humoral response",66,0.607367034144616,1.83639538002644,0.000472332635094312,0.0163288170379369,0.00977508695228829,1853,"tags=27%, list=9%, signal=25%","SPRR2A/IGHA1/JCHAIN/IGHE/IGHA2/KLK5/IGHG3/IGKV3-20/WFDC12/CAMP/IGHM/ADM/IGHG2/IGHG4/RNASE3/IGHG1/HLA-E/TAC1",0.49849310876659
"GO:0071347","cellular response to interleukin-1",84,0.585518233334627,1.8359387629821,0.00026964627007855,0.0108041790719459,0.00646781635381156,2501,"tags=29%, list=13%, signal=25%","IL1RN/GBP2/KMO/GBP1/ZBP1/IL1B/ACOD1/CCL3/TNIP2/NLRP7/KLF2/CAMP/ZC3H12A/GBP3/LCN2/TOLLIP/IRAK4/EDN1/CD47/CCL5/SIRPA/FGB/IRAK2/TRAF6",0.49849310876659
"GO:0002526","acute inflammatory response",95,0.565561757865772,1.83524713477566,0.000240052139695412,0.00979712795131901,0.0058649550291573,3350,"tags=28%, list=17%, signal=24%","FCGR1A/IL1RN/EPO/ADAM8/IL1B/IGHE/FCGR3A/ORM1/BTK/PTGS2/PLSCR1/CD6/LCN2/IGHG1/HLA-E/IL10RB/TAC1/NLRP6/APOL2/FCGR3B/IL1A/VNN1/NPY/ORM2/C2CD4A/FUT7/SAA4",0.518848077743792
"GO:0042129","regulation of T cell proliferation",139,0.533077155849723,1.83523690321525,5.43855139747205e-05,0.00316459074880626,0.00189445136571245,2998,"tags=31%, list=15%, signal=26%","IL12RB1/CR1/LILRB4/LILRB1/EPO/IL27/LGALS9/IL1B/IL12A/LILRB2/ARG2/CD274/HAVCR2/CCR2/CD276/RIPK3/SH3RF1/SPN/CD80/CD6/PDCD1LG2/CRTAM/HLA-DPB1/SCRIB/HLA-E/JAK2/IRF1/AIF1/FOXJ1/CCL5/PTPRC/IL12RB2/ZBTB7B/CLC/CD70/TRAF6/VCAM1/CCDC88B/TARM1/SHH/IL10/GLMN/IL1A",0.557332238758646
"GO:0002291","T cell activation via T cell receptor contact with antigen bound to MHC molecule on antigen presenting cell",12,0.817542041627976,1.83503698360721,0.00149725356218669,0.0389352176326158,0.0233081880322897,411,"tags=33%, list=2%, signal=33%","LILRB1/ITGAL/LGALS9/HAVCR2",0.45505986738723
"GO:2000328","regulation of T-helper 17 cell lineage commitment",15,0.803263787751025,1.83413960858768,0.00134862700805725,0.0365021092402466,0.0218516314400703,905,"tags=27%, list=5%, signal=25%","IL12RB1/EP300/CD69/LOXL3",0.45505986738723
"GO:0002275","myeloid cell activation involved in immune response",85,0.582530091320452,1.83399258163004,0.000390243282526744,0.0142058467537386,0.00850419151161134,1469,"tags=25%, list=7%, signal=23%","SPI1/ITGB2/CD300A/CD84/LGALS9/IL1B/IGHE/UNC13D/IFI35/HAVCR2/GNAQ/FCER1G/CCR2/GAB2/FER/PTGDR/CCL3/BTK/PTGDS/DYSF/FGR",0.49849310876659
"GO:0045724","positive regulation of cilium assembly",23,-0.693829708055652,-1.83312690269369,0.00204245752308593,0.0491947658326886,0.0294499664301922,3096,"tags=48%, list=16%, signal=40%","CROCC/PPP1R35/TAPT1/FUZ/CCP110/IFT88/GSK3B/MARK4/BBS4/CCDC88A/CEP120",0.431707695803346
"GO:0010762","regulation of fibroblast migration",32,0.676395453876564,1.83296804948465,0.00267941919819997,0.0603331288422269,0.0361178387366447,2246,"tags=28%, list=11%, signal=25%","CYGB/PRR5L/DDR2/ITGB1BP1/FER/GNA12/HAS1/ITGB3/ACTA2",0.431707695803346
"GO:0001909","leukocyte mediated cytotoxicity",126,0.542183614878173,1.83045757816429,6.43119968673119e-05,0.003512627537459,0.00210280019243833,2954,"tags=33%, list=15%, signal=29%","FCGR1A/RAET1L/IL12RB1/SPI1/LILRB1/SERPINB4/LGALS9/IGHE/IL12A/FCGR3A/HAVCR2/POMC/KIF5B/RIPK3/STAP1/CD2/GZMB/NECTIN4/MPO/CTSC/ULBP2/SLAMF6/NECTIN2/IGHG1/CRTAM/RAET1E/HLA-E/LYST/PTPRC/HLA-DRA/CLEC12B/PLEKHM2/PRF1/SLAMF7/KIR2DL4/GRB2/ITGAM/ICAM1/SLC22A13/CORO1A/FCGR3B/ULBP3",0.538434096309916
"GO:0019835","cytolysis",10,0.867456853014994,1.82773113558135,0.00161548195692792,0.041459333890242,0.0248192255948183,2167,"tags=60%, list=11%, signal=53%","GBP5/GBP2/GBP1/CAMP/GBP3/NINJ1",0.45505986738723
"GO:0002888","positive regulation of myeloid leukocyte mediated immunity",17,0.770159306808004,1.82679842102059,0.00210392787886472,0.0502633501792194,0.0300896640199762,3239,"tags=65%, list=16%, signal=54%","SPI1/ITGB2/POMC/STAP1/TICAM1/BTK/HLA-E/DHX36/ITGAM/DDX21/DDX1",0.431707695803346
"GO:0002765","immune response-inhibiting signal transduction",31,0.691948886013537,1.82673156960122,0.00116728834894543,0.0329815078209245,0.0197440577610788,2380,"tags=42%, list=12%, signal=37%","LILRB4/LILRB1/LAIR1/LILRA6/LILRB5/LILRB2/LILRA3/LAIR2/LILRA1/KIR3DX1/CLEC12B/LILRA2/KIR2DL4",0.45505986738723
"GO:0002752","cell surface pattern recognition receptor signaling pathway",74,0.590564476859151,1.81865200946728,0.000784996349867097,0.0245394869583454,0.0146903243648983,2559,"tags=32%, list=13%, signal=28%","TLR1/CD14/IFI35/SQSTM1/ACOD1/LY96/TNIP2/RIPK2/OAS1/SCIMP/TICAM1/COLEC10/TLR2/MASP1/IRAK4/MFHAS1/FCN1/TICAM2/PIK3AP1/NINJ1/LILRA2/IRAK2/TRAF6/NMI",0.477270815362862
"GO:0048548","regulation of pinocytosis",12,-0.793956784317971,-1.81801427225014,0.0018590061007016,0.0462939781941664,0.0277134382217618,413,"tags=25%, list=2%, signal=24%","CLN3/PROM2/CAV1",0.45505986738723
"GO:0043032","positive regulation of macrophage activation",24,0.705476377431713,1.8162909142417,0.00315441162068187,0.0666851694055661,0.0399204258246649,735,"tags=25%, list=4%, signal=24%","IL1RL1/IRGM/HAVCR2/STAP1/CCL3/TNIP2",0.431707695803346
"GO:0070269","pyroptotic inflammatory response",39,0.660055681546981,1.81521907522924,0.000457309569311687,0.0159742810488029,0.00956284744262583,1751,"tags=31%, list=9%, signal=28%","AIM2/GBP5/GBP2/GBP1/IFI27/ZBP1/CASP1/CASP4/GZMB/GBP3/GZMA/MEFV",0.49849310876659
"GO:0016322","neuron remodeling",12,0.808229046043632,1.81413323743239,0.00215869936415571,0.0513630613892433,0.0307479954027956,2,"tags=8%, list=0%, signal=8%","C1QA",0.431707695803346
"GO:0035720","intraciliary anterograde transport",19,-0.701113048605104,-1.81367278931742,0.00249960130972535,0.0569385926250229,0.0340857327605186,2568,"tags=37%, list=13%, signal=32%","IFT52/TULP3/IFT88/IFT57/CLUAP1/IFT46/IFT122",0.431707695803346
"GO:0002827","positive regulation of T-helper 1 type immune response",16,0.764988902095068,1.81278206253614,0.00216991823668889,0.0514218124073412,0.0307831661263764,482,"tags=19%, list=2%, signal=18%","IL12RB1/IL1B/CCR2",0.431707695803346
"GO:0035458","cellular response to interferon-beta",26,0.698246065957448,1.81073547881838,0.00164842589473838,0.0419385237375647,0.0251060879200774,3668,"tags=65%, list=19%, signal=53%","AIM2/PNPT1/IRGM/STAT1/ACOD1/IFI16/OAS1/IRF1/MNDA/IFNAR2/CDC34/HCN1/IFNB1/UBE2K/TRAF3IP3/PYHIN1/IFNAR1",0.45505986738723
"GO:0032481","positive regulation of type I interferon production",76,0.581553471262355,1.80878005869178,0.000532939516433727,0.0178976316461772,0.010714242506052,3493,"tags=37%, list=18%, signal=30%","TLR7/CD14/STAT1/POLR3A/CLEC12A/RIPK2/OAS1/TICAM1/OAS2/TLR2/TLR8/RIOK3/IRF1/TICAM2/DHX58/ZBTB20/POLR3D/TRAF6/DHX36/ZC3HAV1/XIAP/IRF7/ISG15/OAS3/TRIM56/TRAF3IP3/HSPD1/IFIH1",0.477270815362862
"GO:0032946","positive regulation of mononuclear cell proliferation",116,0.545191322651552,1.80871531344709,9.85343474502768e-05,0.0048590467902049,0.00290882093718967,1925,"tags=27%, list=10%, signal=24%","IL12RB1/EPO/LGALS9/IL1B/CLCF1/IL12A/SASH3/FCGR3A/LILRB2/CD274/HAVCR2/IL7/CCR2/CD38/CD276/NFATC2/TNFSF13B/BTK/CD80/IRS2/CD6/PDCD1LG2/HLA-DPB1/HLA-E/JAK2/AIF1/CCL5/TAC1/CSF1/PTPRC/IL12RB2",0.538434096309916
"GO:0034134","toll-like receptor 2 signaling pathway",17,0.762332824563446,1.80823420283856,0.00273312374583316,0.0613075124208454,0.0367011439561072,1914,"tags=41%, list=10%, signal=37%","TLR1/ACOD1/TNIP2/RIPK2/TLR2/MFHAS1/PIK3AP1",0.431707695803346
"GO:2000508","regulation of dendritic cell chemotaxis",11,0.840614623901909,1.80822951423231,0.00432430605735001,0.0833576718146812,0.0499012566700773,330,"tags=27%, list=2%, signal=27%","SPI1/LGALS9/IL12A",0.407017918923954
"GO:0035710","CD4-positive, alpha-beta T cell activation",124,0.530946854483069,1.80803390550149,0.00023174672621354,0.00952430426543337,0.00570163179233127,2110,"tags=27%, list=11%, signal=24%","IL12RB1/IL27/EP300/PSMA6/PSMA1/LGALS9/CD69/PSMA7/ARG2/CD274/STAT4/PSMB8/BATF/PSMB3/PSMB10/SH3RF1/LOXL3/PSMA3/PSMA2/SPN/PSMB2/CD80/SLAMF6/SOCS3/RSAD2/ZC3H12A/PSMA4/HLA-DRA/PSMB9/ZBTB7B/RUNX1/RARA/RORA",0.518848077743792
"GO:0140895","cell surface toll-like receptor signaling pathway",63,0.594346666499772,1.80716840062863,0.00029088464458079,0.0115508720013601,0.00691481678836385,2559,"tags=33%, list=13%, signal=29%","TLR1/CD14/IFI35/SQSTM1/ACOD1/LY96/TNIP2/RIPK2/OAS1/SCIMP/TICAM1/TLR2/IRAK4/MFHAS1/TICAM2/PIK3AP1/NINJ1/LILRA2/IRAK2/TRAF6/NMI",0.49849310876659
"GO:0031341","regulation of cell killing",95,0.55690603903273,1.80715933893934,0.000355419786359172,0.0134761424802119,0.00806736117009868,1977,"tags=25%, list=10%, signal=23%","RAET1L/IL12RB1/CR1/SPI1/LILRB1/SERPINB4/LGALS9/IL12A/HAVCR2/POMC/RIPK3/STAP1/NECTIN4/ULBP2/SLAMF6/NECTIN2/CFH/CRTAM/CLU/RAET1E/HLA-E/PTPRC/HLA-DRA/CLEC12B",0.49849310876659
"GO:0007159","leukocyte cell-cell adhesion",379,0.475532415560681,1.80639340610253,1.80452731546475e-07,3.92785445666162e-05,2.35137173504955e-05,3718,"tags=32%, list=19%, signal=26%","IL12RB1/CR1/LILRB4/ITGB2/LILRB1/CD300A/EPO/ITGAL/FERMT3/EP300/ICAM2/SELPLG/SELL/PSMA6/ADAM8/ITGB7/PSMA1/LGALS9/IL1B/CD69/PSMA7/IL12A/MAP3K8/LILRB2/ARG2/CD274/HAVCR2/IL7/CCR2/TESPA1/PSMB8/CD276/ABL2/ADD2/SLC39A8/SKAP1/PSMB3/PSMB10/DUSP3/LOXL3/PSMA3/PSMA2/SPN/PSMB2/CD80/IFNL1/ZC3H12A/CD6/PDCD1LG2/PSMA4/CRTAM/HLA-DPB1/CD47/SCRIB/HLA-E/JAK2/IRF1/AIF1/ZAP70/FOXJ1/CCL5/PTPRC/SMARCA4/HLA-DRA/IL12RB2/FOXO3/BMP7/S100A8/KAT5/ITGAX/PSMB9/BRD7/ZBTB7B/NOD2/RUNX1/RARA/GLI2/SIRPA/ALOX5/CD70/PAG1/IFNB1/TRAF6/VCAM1/CD5/ARID1A/CCDC88B/ITGAM/ICAM1/HLA-DQA1/PPARA/RC3H2/STAT5A/TARM1/SHH/IL10/PTPN6/GLMN/IL1A/VNN1/HLA-DMA/AMBRA1/KLF4/TNFSF9/FUT7/TIGIT/ST3GAL4/CD27/EZR/RC3H1/HSPD1/HLA-DRB5/PDCD1/TNIP1/RUNX3/DOCK8/YWHAG/PSMB4/TNF/LGALS9C/SIRPG",0.690132458796796
"GO:0032966","negative regulation of collagen biosynthetic process",12,0.804643712851383,1.80608567697515,0.00243595616723395,0.0563325368702092,0.0337229233979374,446,"tags=25%, list=2%, signal=24%","CYGB/KLF15/EMILIN1",0.431707695803346
"GO:0032754","positive regulation of interleukin-5 production",14,0.784295011346376,1.80321157467632,0.00730151199071125,0.10908245659147,0.0653011480056093,3,"tags=7%, list=0%, signal=7%","IL1RL1",0.407017918923954
"GO:0001562","response to protozoan",16,0.760912211776291,1.8031215941762,0.00245382498532815,0.0563325368702092,0.0337229233979374,1744,"tags=44%, list=9%, signal=40%","GBP6/GBP2/GBP4/GBP1/BATF/BATF2/LYST",0.431707695803346
"GO:0042832","defense response to protozoan",16,0.760912211776291,1.8031215941762,0.00245382498532815,0.0563325368702092,0.0337229233979374,1744,"tags=44%, list=9%, signal=40%","GBP6/GBP2/GBP4/GBP1/BATF/BATF2/LYST",0.431707695803346
"GO:0071216","cellular response to biotic stimulus",219,0.499815751490189,1.8024809956069,1.4712250770648e-05,0.00110851150998844,0.000663599596503194,2501,"tags=26%, list=13%, signal=23%","CCR5/SPI1/LILRB1/GBP5/GBP2/KMO/TLR1/CASP1/IL1B/CD14/IRGM/ZFP36/LILRB2/CD274/CD180/HAVCR2/ACOD1/CXCL10/TBXA2R/STAP1/LY96/ADAM9/HCK/TNIP2/NLRP7/NFKBIB/IL36G/SCIMP/TICAM1/CDC73/BTK/CAMP/CD80/FZD5/IGFBPL1/TLR2/TLR10/ZC3H12A/GBP3/CD6/LCN2/PDCD1LG2/IL24/IRAK4/DDIT3/MMP8/JAK2/TICAM2/NOD2/RARA/SIRPA/LILRA2/IRAK2/HDAC5/CARD16/CHMP5/TRAF6",0.593325476396405
"GO:0045619","regulation of lymphocyte differentiation",189,0.509791241252439,1.80058223169706,1.61467904057602e-05,0.00115725228310552,0.000692777784625107,2113,"tags=25%, list=11%, signal=22%","IL12RB1/CR1/LILRB4/SPI1/IL27/EP300/PSMA6/ADAM8/PSMA1/CD69/PSMA7/PRELID1/LILRB2/IL7/CCR2/TESPA1/PSMB8/CD2/BATF/PSMB3/PSMB10/SH3RF1/LOXL3/PSMA3/PSMA2/BTK/PSMB2/CD80/IFNL1/ZC3H12A/PSMA4/ZNF683/CRTAM/IRF1/ZAP70/FOXJ1/SMARCA4/HLA-DRA/FOXO3/KAT5/FANCA/PSMB9/BRD7/ZBTB7B/RUNX1/RARA/GLI2",0.575610261071129
"GO:0050671","positive regulation of lymphocyte proliferation",115,0.541608086913175,1.80037041655512,0.000134911596136893,0.00635550499322902,0.00380466103516128,1925,"tags=26%, list=10%, signal=24%","IL12RB1/EPO/LGALS9/IL1B/CLCF1/IL12A/SASH3/FCGR3A/LILRB2/CD274/HAVCR2/IL7/CCR2/CD38/CD276/NFATC2/TNFSF13B/BTK/CD80/IRS2/CD6/PDCD1LG2/HLA-DPB1/HLA-E/JAK2/AIF1/CCL5/TAC1/PTPRC/IL12RB2",0.518848077743792
"GO:0042130","negative regulation of T cell proliferation",55,0.608842522313557,1.8003284557168,0.000949546175138014,0.0283273242197264,0.0169578761725457,1726,"tags=27%, list=9%, signal=25%","CR1/LILRB4/LILRB1/LGALS9/LILRB2/ARG2/CD274/HAVCR2/SPN/CD80/PDCD1LG2/CRTAM/SCRIB/HLA-E/FOXJ1",0.477270815362862
"GO:0042267","natural killer cell mediated cytotoxicity",75,0.565592948587878,1.7999572509387,0.00148657253082332,0.0389352176326158,0.0233081880322897,2413,"tags=31%, list=12%, signal=27%","RAET1L/LILRB1/SERPINB4/LGALS9/IL12A/FCGR3A/HAVCR2/KIF5B/CD2/GZMB/NECTIN4/ULBP2/SLAMF6/NECTIN2/CRTAM/RAET1E/HLA-E/LYST/CLEC12B/PLEKHM2/SLAMF7/KIR2DL4/GRB2",0.45505986738723
"GO:0043370","regulation of CD4-positive, alpha-beta T cell differentiation",53,0.606995063703758,1.79566389106221,0.00131055326954827,0.035823821233187,0.021445580944661,2097,"tags=25%, list=11%, signal=22%","IL12RB1/IL27/EP300/CD69/BATF/SH3RF1/LOXL3/CD80/ZC3H12A/HLA-DRA/ZBTB7B/RUNX1/RARA",0.45505986738723
"GO:0001788","antibody-dependent cellular cytotoxicity",9,0.864285877930723,1.79473905394811,0.00136642232990544,0.0365021092402466,0.0218516314400703,1610,"tags=56%, list=8%, signal=51%","FCGR1A/IGHE/FCGR3A/IGHG1/HLA-E",0.45505986738723
"GO:0001794","type IIa hypersensitivity",9,0.864285877930723,1.79473905394811,0.00136642232990544,0.0365021092402466,0.0218516314400703,1610,"tags=56%, list=8%, signal=51%","FCGR1A/IGHE/FCGR3A/IGHG1/HLA-E",0.45505986738723
"GO:0002445","type II hypersensitivity",9,0.864285877930723,1.79473905394811,0.00136642232990544,0.0365021092402466,0.0218516314400703,1610,"tags=56%, list=8%, signal=51%","FCGR1A/IGHE/FCGR3A/IGHG1/HLA-E",0.45505986738723
"GO:0051133","regulation of NK T cell activation",12,0.79943108315021,1.7943855223697,0.00306968834034118,0.0655647596575606,0.0392497034640983,2066,"tags=42%, list=11%, signal=37%","IL12RB1/CD300A/IL12A/IL12RB2/ZBTB7B",0.431707695803346
"GO:0032479","regulation of type I interferon production",128,0.526892438620158,1.79431117657041,0.000149352405757578,0.00670033655448308,0.00401109108378761,3255,"tags=33%, list=17%, signal=28%","TLR7/LILRB1/XAF1/ATG12/CD14/IRGM/HAVCR2/STAT1/ACOD1/RBX1/POLR3A/IRF2/CLEC12A/RIPK2/OAS1/TICAM1/OAS2/TLR2/NPLOC4/TLR8/RIOK3/IRF1/CYLD/OTUD5/TICAM2/DHX58/ZBTB20/SIRPA/LTBR/POLR3D/GPATCH3/TRAF6/DHX36/ZC3HAV1/XIAP/CUL3/IL10/IRF7/ISG15/OAS3/TRIM56/TRAF3IP3",0.518848077743792
"GO:0032606","type I interferon production",128,0.526892438620158,1.79431117657041,0.000149352405757578,0.00670033655448308,0.00401109108378761,3255,"tags=33%, list=17%, signal=28%","TLR7/LILRB1/XAF1/ATG12/CD14/IRGM/HAVCR2/STAT1/ACOD1/RBX1/POLR3A/IRF2/CLEC12A/RIPK2/OAS1/TICAM1/OAS2/TLR2/NPLOC4/TLR8/RIOK3/IRF1/CYLD/OTUD5/TICAM2/DHX58/ZBTB20/SIRPA/LTBR/POLR3D/GPATCH3/TRAF6/DHX36/ZC3HAV1/XIAP/CUL3/IL10/IRF7/ISG15/OAS3/TRIM56/TRAF3IP3",0.518848077743792
"GO:0046635","positive regulation of alpha-beta T cell activation",57,0.596200708749033,1.79155121295906,0.000806379283697196,0.0248119950276881,0.0148534586609613,2097,"tags=23%, list=11%, signal=20%","IL12RB1/LILRB4/EP300/LGALS9/IL12A/CCR2/CD80/HLA-E/HLA-DRA/IL12RB2/ZBTB7B/RUNX1/RARA",0.477270815362862
"GO:0045780","positive regulation of bone resorption",14,0.778843720709292,1.79067824189783,0.00810830109555542,0.117951696877671,0.0706106321401263,2060,"tags=29%, list=10%, signal=26%","RUFY4/ADAM8/SPP1/ITGB3",0.380730400722792
"GO:0051132","NK T cell activation",24,0.695339267883557,1.79019232248443,0.0044406521633394,0.0840122617809922,0.0502931205646827,449,"tags=21%, list=2%, signal=20%","IL12RB1/CD300A/LGALS9/IL12A/ELF4",0.407017918923954
"GO:0002758","innate immune response-activating signaling pathway",282,0.481609780524882,1.7884894155612,8.32292114061189e-06,0.000670052158128439,0.000401120184827637,3175,"tags=30%, list=16%, signal=25%","TLR7/AIM2/CD300A/GBP5/GBP2/EP300/DDX60/TLR1/ZDHHC12/OASL/CASP1/HSPA8/CD14/IRGM/IFI35/SQSTM1/CD274/HAVCR2/ACOD1/IFI16/LY96/IRF2/HCK/TNIP2/RIPK2/OAS1/CLEC6A/SCIMP/TICAM1/EIF2AK2/BTK/P2RX7/COLEC10/PPP6C/TLR2/ALPK1/TLR10/NPLOC4/RSAD2/MASP1/CREBBP/PARP1/NAGK/TLR8/LYPLAL1/RIOK3/IRAK4/MFHAS1/FCN1/SLC15A4/IRF1/PPT1/CYLD/MEFV/BIRC2/TICAM2/ANKRD17/DHX58/PIK3AP1/RTN4/S100A8/TRIM25/NOD2/TREX1/NINJ1/LILRA2/GPATCH3/IRAK2/LGR4/TYRO3/TRAF6/NMI/KCNK6/CLPB/NLRP6/PAK1/NLRC4/ZC3HAV1/XIAP/IRF7/MSR1/OAS3/SLC19A1/COLEC11",0.593325476396405
"GO:0045089","positive regulation of innate immune response",368,0.473897644661464,1.78772892344839,4.71317887666361e-07,8.56389292562542e-05,5.12669091726512e-05,3521,"tags=33%, list=18%, signal=27%","TLR7/AIM2/SPI1/CD300A/GBP5/GBP2/EP300/DDX60/AKIRIN2/TLR1/ZDHHC12/ADAM8/OASL/ZBP1/CASP1/HSPA8/CD14/IL12A/IRGM/FPR2/IFI35/SQSTM1/CD274/HAVCR2/ACOD1/NLRC5/IFI16/LY96/IRF2/HCK/RBM47/TNIP2/RIPK2/OAS1/CLEC6A/SCIMP/TICAM1/EIF2AK2/BTK/P2RX7/COLEC10/SLAMF6/PPP6C/TLR2/ALPK1/TLR10/NECTIN2/NPLOC4/RSAD2/PLSCR1/MASP1/CREBBP/PARP1/NAGK/TLR8/LYPLAL1/RIOK3/IRAK4/CRTAM/MFHAS1/RAET1E/FCN1/SLC15A4/HLA-E/PARP9/IRF1/PPT1/CYLD/MNDA/CCL5/MEFV/BIRC2/TICAM2/ANKRD17/DHX58/PIK3AP1/RTN4/S100A8/TRIM25/KAT5/NOD2/TREX1/NINJ1/LILRA2/POLR3D/MATR3/GPATCH3/IRAK2/LGR4/TYRO3/KIR2DL4/IFNB1/TRAF6/NMI/RPS19/CLNK/KCNK6/CLPB/UBE2K/NLRP6/PAK1/NLRC4/ZC3HAV1/XIAP/ZNFX1/IRF7/MSR1/OAS3/CD226/SLC19A1/COLEC11/TRIM56/TRAF3IP3/PYHIN1/WDFY1/PJA2/HSPD1/IFIH1/TNIP1/PSPC1",0.674962860011025
"GO:1903377","negative regulation of oxidative stress-induced neuron intrinsic apoptotic signaling pathway",13,-0.754437417603581,-1.78713521494915,0.00998660020255335,0.134863044168119,0.0807344451426486,2038,"tags=54%, list=10%, signal=48%","PARK7/PYCR1/PINK1/NONO/AKT1/FZD1/ATF4",0.380730400722792
"GO:0002833","positive regulation of response to biotic stimulus",393,0.470579713538953,1.78661795026396,2.20525088871334e-07,4.62866409748867e-05,2.77090458670504e-05,3407,"tags=31%, list=17%, signal=26%","TLR7/AIM2/SPI1/CD300A/GBP5/GBP2/EP300/DDX60/AKIRIN2/TLR1/ZDHHC12/ADAM8/OASL/ZBP1/CASP1/HSPA8/CD14/IL12A/IRGM/FPR2/IFI35/SQSTM1/CD274/CD180/HAVCR2/EMILIN1/ACOD1/NLRC5/IFI16/LY96/IRF2/HCK/RBM47/TNIP2/RIPK2/OAS1/CLEC6A/SCIMP/TICAM1/DUOX1/EIF2AK2/BTK/CAMP/P2RX7/COLEC10/SLAMF6/PPP6C/TLR2/ALPK1/TLR10/NECTIN2/NPLOC4/RSAD2/PLSCR1/MASP1/CREBBP/PARP1/NAGK/TLR8/LYPLAL1/RIOK3/IRAK4/CRTAM/MFHAS1/RAET1E/FCN1/SLC15A4/HLA-E/PARP9/IRF1/PPT1/CYLD/MNDA/CCL5/MEFV/BIRC2/TICAM2/ANKRD17/DHX58/PIK3AP1/RTN4/S100A8/TRIM25/KAT5/NOD2/TREX1/NINJ1/LILRA2/POLR3D/MATR3/GPATCH3/IRAK2/LGR4/TYRO3/KIR2DL4/IFNB1/TRAF6/NMI/RPS19/CLNK/KCNK6/CLPB/UBE2K/NLRP6/SLC22A13/PAK1/NLRC4/ZC3HAV1/XIAP/ZNFX1/IRF7/MSR1/OAS3/CD226/SLC19A1/COLEC11/TRIM56/TRAF3IP3/PYHIN1/WDFY1/PJA2/HSPD1",0.690132458796796
"GO:0071674","mononuclear cell migration",202,0.493811124095801,1.78472423525462,6.45505826179296e-05,0.003512627537459,0.00210280019243833,2206,"tags=23%, list=11%, signal=20%","CCR5/SPI1/C3AR1/ITGAL/ICAM2/CCR1/PTPRO/EDN2/ADAM8/LGALS9/MYO1G/TRPV4/CD69/CREB3/IL12A/FPR2/EMILIN1/CCR2/CXCL10/RIPK3/ABL2/STAP1/CCL4/CCL3/SPN/PTK2B/CXCL11/CCL26/CMKLR1/CRTAM/CD47/DSG4/AIF1/ZAP70/CCL5/ARTN/CSF1/RTN4/HSD3B7/RARRES2/ITGB3/C5AR1/SIRPA/ALOX5/NINJ1/OXSR1",0.538434096309916
"GO:0045824","negative regulation of innate immune response",90,0.544887967916466,1.78326726669384,0.000459359111323413,0.0159742810488029,0.00956284744262583,3257,"tags=39%, list=17%, signal=33%","CR1/LILRB1/SERPINB4/ATG12/LGALS9/HAVCR2/ACOD1/NLRC5/IFI16/OAS1/NECTIN4/USP18/YWHAZ/LYAR/NECTIN2/PARP1/HLA-E/PARP14/DHX58/CLEC12B/GIGYF2/TREX1/STAT2/TYRO3/KIR2DL4/GRB2/SERPING1/NMI/RPS19/A2M/PTPN6/ISG15/OAS3/TRAFD1/TIGIT",0.49849310876659
"GO:0098903","regulation of membrane repolarization during action potential",9,-0.833623366848141,-1.78217952684193,0.00333887713833344,0.0695836203616512,0.0416555552009602,11,"tags=22%, list=0%, signal=22%","CAV1/NOS1",0.431707695803346
"GO:2000660","negative regulation of interleukin-1-mediated signaling pathway",12,0.793156926472006,1.7803026875316,0.0036638139929965,0.0747647042945848,0.044757160530597,207,"tags=17%, list=1%, signal=17%","IL1RN/IL1B",0.431707695803346
"GO:0002821","positive regulation of adaptive immune response",103,0.536223620255593,1.77559063784503,0.000622273689659911,0.0199841665253076,0.0119633262470906,1610,"tags=20%, list=8%, signal=19%","RAET1L/IL12RB1/EP300/AKIRIN2/DENND1B/IL1B/CLCF1/IL12A/SASH3/CCR2/SKAP1/CLEC6A/MAD2L2/BTK/ULBP2/FZD5/EIF2AK4/NECTIN2/RSAD2/RAET1E/HLA-E",0.477270815362862
"GO:0019730","antimicrobial humoral response",159,0.507552769936285,1.77547058116156,0.000122759169480715,0.00586549300031028,0.00351132013806406,1992,"tags=21%, list=10%, signal=19%","SPRR2A/IGHA1/JCHAIN/GATA6/IGHE/IGHA2/NPPB/KLK5/IGHG3/CCL8/DEFB126/IGKV3-20/WFDC12/POMC/ACOD1/CXCL10/GNLY/CCL4/CCL3/CAMP/IGHM/CXCL11/ADM/IGHG2/IGHG4/RNASE3/CCL26/CCL3L3/IGHG1/HLA-E/CCL5/TAC1/RARRES2",0.518848077743792
"GO:0001818","negative regulation of cytokine production",266,0.483776806961784,1.7740677263729,4.83652886058277e-06,0.000477670336708796,0.000285952685060354,2323,"tags=22%, list=12%, signal=20%","IL1RL1/CR1/LILRB4/LILRB1/XAF1/GBP1/GATA6/CD84/ATG12/LGALS9/IL1B/FFAR4/KLF15/IL12A/IRGM/ZFP36/ABCD1/ARG2/CD274/HAVCR2/POMC/ACOD1/ELF4/TGFB2/RBX1/ORM1/IRF2/ASB1/HDAC7/NLRP7/OAS1/KLF2/BTK/IFNL1/OTUD7B/SYT11/NPLOC4/ZC3H12A/PDCD1LG2/ZNF683/CMKLR1/DDIT3/JAK2/CYLD/FOXJ1/MEFV/OTUD5/TICAM2/DHX58/PTPRC/KAT5/HDAC9/APOA1/RARA/SIRPA/ARRB1/SLC2A10/GPATCH3/LGR4",0.610526878385931
"GO:0002832","negative regulation of response to biotic stimulus",124,0.520950119924342,1.773992014352,0.000367733697988072,0.0138536598915122,0.00829335828384481,3454,"tags=35%, list=18%, signal=29%","CR1/LILRB1/SERPINB4/ATG12/LGALS9/IRGM/ARG2/CD274/HAVCR2/ACOD1/NLRC5/IFI16/OAS1/NECTIN4/USP18/YWHAZ/LYAR/NECTIN2/PARP1/HLA-E/PARP14/DHX58/CLEC12B/GIGYF2/SIRPA/TREX1/LILRA2/STAT2/TYRO3/KIR2DL4/GRB2/CARD16/SERPING1/NMI/RPS19/A2M/PTPN6/TRIB1/ISG15/OAS3/TRAFD1/TIGIT/MICB/PDCD1",0.49849310876659
"GO:0070671","response to interleukin-12",12,0.789350031403029,1.77175781413234,0.00448865921375388,0.0840122617809922,0.0502931205646827,2148,"tags=58%, list=11%, signal=52%","IL12RB1/IL12A/STAT4/CD47/JAK2/IL12RB2/SIRPA",0.407017918923954
"GO:0002357","defense response to tumor cell",12,0.789278052644197,1.77159625218474,0.00448865921375388,0.0840122617809922,0.0502931205646827,675,"tags=25%, list=3%, signal=24%","SPI1/ABI3/RBMS3",0.407017918923954
"GO:0033632","regulation of cell-cell adhesion mediated by integrin",12,0.789095337432897,1.77118613361819,0.00448865921375388,0.0840122617809922,0.0502931205646827,2337,"tags=58%, list=12%, signal=51%","FERMT3/ADA/SKAP1/PODXL/CCL5/PIEZO1/SWAP70",0.407017918923954
"GO:0002706","regulation of lymphocyte mediated immunity",161,0.510190152194428,1.76879630371904,9.3997460201384e-05,0.00476226787589253,0.00285088518468821,3298,"tags=31%, list=17%, signal=26%","RAET1L/IL12RB1/CR1/LILRB4/LILRB1/SERPINB4/DENND1B/LGALS9/IL1B/CLCF1/IL12A/CD274/HAVCR2/CCR2/RIPK3/NECTIN4/C4BPB/WAS/MAD2L2/BTK/ULBP2/CD80/FZD5/SLAMF6/NECTIN2/RSAD2/CRTAM/RAET1E/SLC15A4/HLA-E/FOXJ1/PTPRC/HLA-DRA/CLEC12B/CLC/KIR2DL4/GRB2/IFNB1/TRAF6/CLNK/SECTM1/SLC22A13/CD7/ULBP3/IL10/CD226/ULBP1/FUT7/TIGIT/PARP3",0.538434096309916
"GO:0070665","positive regulation of leukocyte proliferation",132,0.524218349464516,1.76813600945315,0.000107789850947397,0.00519246683621189,0.00310841959358849,1925,"tags=24%, list=10%, signal=22%","IL12RB1/EPO/CSF2RB/LGALS9/IL1B/CLCF1/IL12A/SASH3/FCGR3A/LILRB2/CD274/HAVCR2/IL7/CCR2/CD38/CD276/NFATC2/TNFSF13B/BTK/CD80/IRS2/CD6/PDCD1LG2/HLA-DPB1/HLA-E/JAK2/AIF1/CCL5/TAC1/CSF1/PTPRC/IL12RB2",0.538434096309916
"GO:0046007","negative regulation of activated T cell proliferation",13,0.792304113884215,1.76707085807895,0.00447796837533864,0.0840122617809922,0.0502931205646827,1601,"tags=46%, list=8%, signal=42%","LILRB4/LGALS9/CD274/PDCD1LG2/CRTAM/SCRIB",0.407017918923954
"GO:0070234","positive regulation of T cell apoptotic process",11,0.821146595868055,1.76635222364782,0.00786603566865121,0.114996745334983,0.0688416792391005,1729,"tags=55%, list=9%, signal=50%","ADAM8/LGALS9/PRELID1/CD274/IDO1/CCL5",0.380730400722792
"GO:0002218","activation of innate immune response",302,0.476681260444378,1.76531814526828,2.99571790455603e-06,0.000320106075001378,0.000191628377599211,3521,"tags=32%, list=18%, signal=26%","TLR7/AIM2/CD300A/GBP5/GBP2/EP300/DDX60/TLR1/ZDHHC12/OASL/ZBP1/CASP1/HSPA8/CD14/IRGM/IFI35/SQSTM1/CD274/HAVCR2/ACOD1/IFI16/LY96/IRF2/HCK/TNIP2/RIPK2/OAS1/CLEC6A/SCIMP/TICAM1/EIF2AK2/BTK/P2RX7/COLEC10/PPP6C/TLR2/ALPK1/TLR10/NPLOC4/RSAD2/MASP1/CREBBP/PARP1/NAGK/TLR8/LYPLAL1/RIOK3/IRAK4/MFHAS1/FCN1/SLC15A4/IRF1/PPT1/CYLD/MNDA/MEFV/BIRC2/TICAM2/ANKRD17/DHX58/PIK3AP1/RTN4/S100A8/TRIM25/NOD2/TREX1/NINJ1/LILRA2/MATR3/GPATCH3/IRAK2/LGR4/TYRO3/TRAF6/NMI/KCNK6/CLPB/NLRP6/PAK1/NLRC4/ZC3HAV1/XIAP/ZNFX1/IRF7/MSR1/OAS3/SLC19A1/COLEC11/TRAF3IP3/PYHIN1/WDFY1/PJA2/HSPD1/IFIH1/TNIP1/PSPC1",0.627256739718528
"GO:0001776","leukocyte homeostasis",74,0.573163023640669,1.76506397784074,0.00209971030084533,0.0502633501792194,0.0300896640199762,2170,"tags=31%, list=11%, signal=28%","AIM2/DOCK10/PSMA6/PSMA1/LGALS9/PSMA7/IL7/PSMB8/RIPK3/TNFSF13B/FLT3/PSMB3/PSMB10/PSMA3/PSMA2/BTK/PSMB2/PSMA4/DOCK11/SLC15A4/WDR37/PSMB9/LTBR",0.431707695803346
"GO:0070230","positive regulation of lymphocyte apoptotic process",13,0.791048991273118,1.76427156605141,0.0047076023242993,0.0859210523599596,0.0514357994151938,1729,"tags=54%, list=9%, signal=49%","ADAM8/LGALS9/PRELID1/CD274/FNIP1/IDO1/CCL5",0.407017918923954
"GO:0046006","regulation of activated T cell proliferation",37,0.641043733784904,1.76342992459713,0.00287683025154631,0.0630863111505136,0.0377660044547416,1601,"tags=24%, list=8%, signal=22%","IL12RB1/LILRB4/EPO/LGALS9/CD274/RIPK3/PDCD1LG2/CRTAM/SCRIB",0.431707695803346
"GO:0001912","positive regulation of leukocyte mediated cytotoxicity",56,0.588020041536131,1.76341165983191,0.00144624316894873,0.0382863563239264,0.0229197535426583,1610,"tags=21%, list=8%, signal=20%","RAET1L/IL12RB1/SPI1/IL12A/POMC/STAP1/ULBP2/SLAMF6/NECTIN2/CRTAM/RAET1E/HLA-E",0.45505986738723
"GO:0140888","interferon-mediated signaling pathway",100,0.530400371821625,1.76195548180834,0.000389486587706563,0.0142058467537386,0.00850419151161134,3227,"tags=35%, list=16%, signal=29%","IFI27/OASL/ZBP1/IFITM1/IRGM/STAT1/NLRC5/HCK/RBM47/IFNL3/IFNLR1/OAS1/USP18/IFNL2/HDAC4/OAS2/IFNL1/PARP9/JAK2/IRF1/PARP14/IL10RB/IFNAR2/GIGYF2/STAT2/IFNB1/PTPN1/UBE2K/IFNG/PTPN6/IRF7/ISG15/OAS3/SP100/TRIM56",0.49849310876659
"GO:0050830","defense response to Gram-positive bacterium",92,0.545923904488825,1.76193247741358,0.000944814217454602,0.0283273242197264,0.0169578761725457,1992,"tags=17%, list=10%, signal=16%","SPRR2A/GBP6/GBP2/GBP4/IL1B/IL12A/HAVCR2/CASP4/CAMP/ADM/TLR2/RNASE3/FGR/HLA-E/TAC1/RARRES2",0.477270815362862
"GO:0150076","neuroinflammatory response",73,0.569688248053072,1.7615778090313,0.00151687399108662,0.0392716671613042,0.0235096002589283,2941,"tags=34%, list=15%, signal=29%","C1QA/ITGB2/CCR1/TLR1/IL1B/FPR2/SPHK1/STAP1/CCL3/SYT11/PTGS2/CLU/MMP8/JAK2/AIF1/VPS54/CCL5/PTPRC/C5AR1/MAPT/CST7/ITGAM/IFNG/TTC1/TTBK1",0.45505986738723
"GO:0045622","regulation of T-helper cell differentiation",42,0.613952288479945,1.75994464208563,0.00258044062909022,0.0585530871705144,0.0350522341628865,2097,"tags=24%, list=11%, signal=21%","IL12RB1/IL27/EP300/CD69/BATF/LOXL3/CD80/ZC3H12A/HLA-DRA/RARA",0.431707695803346
"GO:0072677","eosinophil migration",23,0.716267695738095,1.75991144010619,0.00662571464712263,0.103562034524308,0.0619964012138197,3211,"tags=48%, list=16%, signal=40%","CD300A/ADAM8/CCL8/CCL4/CCL3/DAPK2/CCL26/CCL5/CCL7/CCL22/PTGER4",0.407017918923954
"GO:0032402","melanosome transport",19,-0.680204004948113,-1.75958427448121,0.00561082401719235,0.0944837041519755,0.0565617473399369,1696,"tags=37%, list=9%, signal=34%","GPR143/BBS4/ARL6/MYO5A/BLOC1S5/BLOC1S3/RAB11B",0.407017918923954
"GO:0051904","pigment granule transport",19,-0.680204004948113,-1.75958427448121,0.00561082401719235,0.0944837041519755,0.0565617473399369,1696,"tags=37%, list=9%, signal=34%","GPR143/BBS4/ARL6/MYO5A/BLOC1S5/BLOC1S3/RAB11B",0.407017918923954
"GO:0010455","positive regulation of cell fate commitment",10,0.834450693016008,1.75818717372728,0.00419665126598913,0.0824873561545756,0.0493802506943409,80,"tags=20%, list=0%, signal=20%","IL12RB1/EP300",0.407017918923954
"GO:0002705","positive regulation of leukocyte mediated immunity",122,0.527117498091854,1.75730417655426,0.000268176088402881,0.0108041790719459,0.00646781635381156,3239,"tags=30%, list=16%, signal=25%","RAET1L/IL12RB1/SPI1/ITGB2/DENND1B/IL1B/CLCF1/IL12A/POMC/STAP1/SCIMP/TICAM1/MAD2L2/BTK/ULBP2/FZD5/SLAMF6/NECTIN2/RSAD2/CRTAM/RAET1E/HLA-E/HLA-DRA/NOD2/KIR2DL4/TRAF6/DHX36/CLNK/ITGAM/SECTM1/SLC22A13/CD7/ULBP3/DDX21/CD226/ULBP1/DDX1",0.49849310876659
"GO:0051782","negative regulation of cell division",11,-0.793083147337654,-1.75674109217921,0.0048695569684109,0.0869859766059296,0.0520733059214993,1694,"tags=45%, list=9%, signal=42%","SUSD2/E2F8/BLM/VPS4A/MYC",0.407017918923954
"GO:0030101","natural killer cell activation",87,0.546733051025572,1.75443488482753,0.00124641526288196,0.0345930015747724,0.0207087627688166,4289,"tags=37%, list=22%, signal=29%","IL12RB1/IL21R/IL12A/FCGR3A/HAVCR2/ELF4/RBX1/PRDX1/CD2/CLEC12A/ULBP2/FGR/ZNF683/HLA-E/PTPRC/IL12RB2/SLAMF7/IFNB1/CLNK/CORO1A/CD48/SH2D1A/ULBP3/ULBP1/CUL4A/IFNK/PRDM1/PIK3CD/IL2RG/SLAMF1/NKG7/HLA-F",0.45505986738723
"GO:0001655","urogenital system development",29,-0.630125663251067,-1.75197328182146,0.00320585183701591,0.0672885401647946,0.0402816278408442,810,"tags=24%, list=4%, signal=23%","PSAP/HOXA10/SULF1/SMARCC1/HOXD13/HOXA9/ALOX15B",0.431707695803346
"GO:1905806","regulation of synapse pruning",9,-0.819127642264283,-1.75118953231027,0.00513948806422081,0.0896537644292416,0.0536703510646069,1839,"tags=56%, list=9%, signal=50%","PLXNC1/VANGL2/KCNK13/NGEF/EPHA4",0.407017918923954
"GO:1902106","negative regulation of leukocyte differentiation",104,0.534496545152988,1.75017281929949,0.00047703242372503,0.0163948511943392,0.00981461765553238,3187,"tags=38%, list=16%, signal=32%","CR1/LILRB4/LILRB1/PSMA6/PSMA1/CD69/PSMA7/PSMB8/PSMB3/CCL3/CLEC12A/PSMB10/LRRC17/LOXL3/PSMA3/PSMA2/PSMB2/IFNL1/KISS1/ZC3H12A/HOXA7/PSMA4/C1QC/IRF1/FOXJ1/PSMB9/ZBTB7B/RUNX1/RARA/GPR137B/TMEM176A/IFNB1/CARTPT/DUSP18/RC3H2/STAT5A/TRIB1/GPR137/FSTL3",0.49849310876659
"GO:0042098","T cell proliferation",153,0.507245910097128,1.74970963127154,0.000135177492624405,0.00635550499322902,0.00380466103516128,2998,"tags=29%, list=15%, signal=25%","IL12RB1/CR1/LILRB4/LILRB1/EPO/IL27/LGALS9/IL1B/IL12A/LILRB2/ARG2/CD274/HAVCR2/ELF4/CCR2/CD276/RIPK3/SH3RF1/SPN/CD80/CD6/PDCD1LG2/CRTAM/HLA-DPB1/SCRIB/HLA-E/JAK2/IRF1/AIF1/FOXJ1/CCL5/PTPRC/IL12RB2/ZBTB7B/CLC/CD70/BTN3A1/TRAF6/VCAM1/CCDC88B/TARM1/SHH/IL10/GLMN/IL1A",0.518848077743792
"GO:0010952","positive regulation of peptidase activity",9,0.84254507541549,1.74959303417085,0.00325155636390485,0.0680049706429495,0.0407105119543084,340,"tags=22%, list=2%, signal=22%","CR1/PRELID1",0.431707695803346
"GO:0032817","regulation of natural killer cell proliferation",12,0.779406339073577,1.74943841983939,0.00651827062581794,0.102978162548204,0.0616468719538522,1925,"tags=42%, list=10%, signal=38%","IL12RB1/IL12A/FCGR3A/HLA-E/IL12RB2",0.407017918923954
"GO:0010713","negative regulation of collagen metabolic process",13,0.783930227810785,1.74839463288975,0.00531996064373654,0.0919993605154127,0.0550745192688314,446,"tags=23%, list=2%, signal=23%","CYGB/KLF15/EMILIN1",0.407017918923954
"GO:0002701","negative regulation of production of molecular mediator of immune response",33,0.635543695712211,1.74819887112815,0.00555941764576139,0.0944837041519755,0.0565617473399369,456,"tags=12%, list=2%, signal=12%","CR1/LILRB4/LILRB1/TGFB2",0.407017918923954
"GO:1903044","protein localization to membrane raft",11,-0.789198411890078,-1.7481360998579,0.00541566041026078,0.093063848628955,0.0557117646887156,1268,"tags=27%, list=6%, signal=26%","ATP1B1/CYP46A1/CAV1",0.407017918923954
"GO:0001682","tRNA 5'-leader removal",12,0.778718788617768,1.74789515912586,0.00683051946428119,0.105362107326983,0.0630739972286272,1124,"tags=25%, list=6%, signal=24%","RPP14/RPP38/POP4",0.407017918923954
"GO:0140105","interleukin-10-mediated signaling pathway",12,0.778663382576279,1.74777079593709,0.00690858169904541,0.105419873735589,0.063108578525345,2191,"tags=58%, list=11%, signal=52%","LILRB4/LILRB1/LILRB2/LILRA3/LILRA1/IL10RB/LILRA2",0.407017918923954
"GO:0009081","branched-chain amino acid metabolic process",25,-0.642776527508747,-1.74721331316031,0.00498049303642787,0.0876358011230137,0.0524623170264353,2398,"tags=28%, list=12%, signal=25%","BCKDHA/HMGCL/DBT/BCAT2/ACAD8/DLD/PCCA",0.407017918923954
"GO:0060382","regulation of DNA strand elongation",17,-0.71012712139888,-1.74720820750257,0.00552569220274658,0.0944025961498303,0.0565131928260579,3126,"tags=47%, list=16%, signal=40%","MCRS1/UCHL5/INO80B/YY1/ACTL6A/POT1/INO80/INO80E",0.407017918923954
"GO:0002237","response to molecule of bacterial origin",292,0.471351805712986,1.74680589309232,1.57428246571992e-05,0.0011565072563795,0.000692331781646954,2544,"tags=24%, list=13%, signal=21%","CCR5/SPI1/LILRB1/EPO/GBP5/CSF2RB/GBP2/KMO/TLR1/CASP1/LGALS9/IL1B/CD14/IL12A/IRGM/ZFP36/LILRB2/CD274/CD180/HAVCR2/ACOD1/CXCL10/TBXA2R/STAP1/LY96/FER/ADAM9/HCK/TNIP2/NLRP7/NFKBIB/IL36G/CPS1/SCIMP/MPO/TICAM1/CDC73/BTK/GCH1/CAMP/CD80/FZD5/TLR2/TLR10/ZC3H12A/GBP3/CD6/LCN2/PDCD1LG2/IL24/IRAK4/EDN1/MMP8/JAK2/OTUD5/TICAM2/TAC1/S100A8/NOD2/RARA/SIRPA/LILRA2/FASLG/CITED1/IRAK2/HDAC5/CARD16/NOS3/CHMP5/TRAF6/VCAM1",0.575610261071129
"GO:0072537","fibroblast activation",15,0.764290088990662,1.7451486623013,0.00492332221702141,0.0873646399740155,0.0522999890510907,406,"tags=13%, list=2%, signal=13%","CYGB/DDR2",0.407017918923954
"GO:1905515","non-motile cilium assembly",42,-0.578871103946072,-1.74364791728196,0.00167059651898984,0.0423193781987211,0.0253340827261507,2274,"tags=29%, list=12%, signal=25%","PIBF1/FUZ/IFT88/IFT57/BBS4/VANGL2/TTC8/TMEM107/ARL13B/TMEM80/IFT122/BBS1",0.45505986738723
"GO:0039535","regulation of RIG-I signaling pathway",19,0.713576785853905,1.74320218274317,0.00407631717950915,0.080661670249075,0.0482873216455083,2892,"tags=42%, list=15%, signal=36%","DDX60/OASL/NPLOC4/BIRC2/ANKRD17/DHX58/GPATCH3/ZC3HAV1",0.407017918923954
"GO:0043030","regulation of macrophage activation",51,0.594656055725548,1.74314618638123,0.00202078296268965,0.0488730101717165,0.0292573505440514,2360,"tags=31%, list=12%, signal=28%","IL1RL1/IRGM/HAVCR2/SPHK1/STAP1/CCL3/TNIP2/MYO18A/SYT11/ZC3H12A/MFHAS1/MMP8/PTPRC/MCUB/GPR137B/CST7",0.431707695803346
"GO:0071677","positive regulation of mononuclear cell migration",91,0.54429120320204,1.74284128214596,0.000779814855808568,0.0245078711635666,0.0146713978779207,2368,"tags=30%, list=12%, signal=26%","SPI1/C3AR1/CCR1/ADAM8/LGALS9/TRPV4/CREB3/IL12A/FPR2/CCR2/CXCL10/ABL2/CCL4/CCL3/SPN/PTK2B/CMKLR1/CD47/AIF1/CCL5/CSF1/RTN4/RARRES2/ITGB3/C5AR1/OXSR1/CCL7",0.477270815362862
"GO:0032496","response to lipopolysaccharide",281,0.47363258131028,1.74154979186014,4.96531217343852e-06,0.000478379338414725,0.000286377122011829,2544,"tags=25%, list=13%, signal=22%","CCR5/SPI1/LILRB1/EPO/GBP5/CSF2RB/GBP2/KMO/TLR1/CASP1/LGALS9/IL1B/CD14/IL12A/IRGM/ZFP36/LILRB2/CD274/CD180/HAVCR2/ACOD1/CXCL10/TBXA2R/STAP1/LY96/FER/ADAM9/HCK/TNIP2/NLRP7/NFKBIB/IL36G/CPS1/SCIMP/MPO/TICAM1/CDC73/BTK/GCH1/CAMP/CD80/TLR2/ZC3H12A/GBP3/CD6/LCN2/PDCD1LG2/IL24/IRAK4/EDN1/MMP8/JAK2/OTUD5/TICAM2/TAC1/S100A8/NOD2/RARA/SIRPA/LILRA2/FASLG/CITED1/IRAK2/HDAC5/CARD16/NOS3/CHMP5/TRAF6/VCAM1",0.610526878385931
"GO:0050798","activated T cell proliferation",38,0.627972578376324,1.74136901798276,0.00218648856853805,0.0516063988646511,0.0308936670075013,1601,"tags=24%, list=8%, signal=22%","IL12RB1/LILRB4/EPO/LGALS9/CD274/RIPK3/PDCD1LG2/CRTAM/SCRIB",0.431707695803346
"GO:0140374","antiviral innate immune response",69,0.568832067651686,1.74053641456821,0.000975985629374028,0.0289049837581444,0.0173036864173255,3791,"tags=45%, list=19%, signal=36%","OASL/ZBP1/APOBEC3F/DHX15/CXCL10/IFIT5/OAS1/IFIT3/APOBEC3G/USP18/DUOX1/EIF2AK2/OAS2/IFIT1/ZDHHC11/DHX58/TRIM25/UBE2N/TRAF6/IFIT2/SERINC5/CLPB/NLRP6/MX1/IFIT1B/OAS3/ATAD3A/TRAF3IP3/IFIH1/TNF/ZDHHC11B",0.477270815362862
"GO:0051249","regulation of lymphocyte activation",437,0.453567355661564,1.73792069139361,5.15777172374582e-07,8.915360123663e-05,5.33709332508882e-05,2151,"tags=21%, list=11%, signal=19%","IL12RB1/CR1/LILRB4/SPI1/LILRB1/CD300A/EPO/IL27/EP300/AKIRIN2/PSMA6/ADAM8/PSMA1/LGALS9/IL1B/CD69/CLCF1/PSMA7/IL12A/SASH3/PRELID1/MAP3K8/FCGR3A/LILRB2/ARG2/CD274/HAVCR2/IL7/RBX1/CCR2/CD38/MZB1/TESPA1/PSMB8/CD276/RIPK3/ABL2/NFATC2/TNFSF13B/CD2/BATF/PSMB3/TNIP2/CLEC12A/PSMB10/DUSP3/SH3RF1/LOXL3/PSMA3/MAD2L2/PSMA2/SPN/BTK/PSMB2/CD80/IFNL1/IRS2/ZC3H12A/CD6/PDCD1LG2/PSMA4/FGR/ZNF683/CRTAM/HLA-DPB1/CD47/SCRIB/SLC15A4/HLA-E/JAK2/IRF1/AIF1/ZAP70/MNDA/FOXJ1/CCL5/TAC1/PTPRC/SMARCA4/HLA-DRA/IL12RB2/FOXO3/KAT5/FANCA/PSMB9/BRD7/ZBTB7B/NOD2/RUNX1/RARA/GLI2/SIRPA/CLC",0.659444398037935
"GO:0002221","pattern recognition receptor signaling pathway",268,0.471868318675279,1.73693600256438,2.50877573801525e-05,0.0016947212657834,0.00101452834546659,3504,"tags=32%, list=18%, signal=26%","TLR7/AIM2/CD300A/GBP5/GBP2/DDX60/TLR1/ZDHHC12/OASL/CASP1/HSPA8/CD14/IRGM/IFI35/SQSTM1/CD274/HAVCR2/ACOD1/IFI16/LY96/IRF2/TNIP2/RIPK2/OAS1/SCIMP/TICAM1/EIF2AK2/BTK/P2RX7/COLEC10/PPP6C/TLR2/ALPK1/TLR10/NPLOC4/RSAD2/MASP1/PARP1/NAGK/TLR8/LYPLAL1/RIOK3/IRAK4/MFHAS1/FCN1/SLC15A4/IRF1/PPT1/CYLD/MEFV/BIRC2/TICAM2/ANKRD17/DHX58/PIK3AP1/RTN4/S100A8/TRIM25/NOD2/TREX1/NINJ1/LILRA2/GPATCH3/IRAK2/LGR4/TYRO3/TRAF6/NMI/KCNK6/CLPB/NLRP6/NLRC4/ZC3HAV1/XIAP/IRF7/MSR1/OAS3/SLC19A1/COLEC11/TRAF3IP3/WDFY1/PJA2/HSPD1/IFIH1/TNIP1",0.575610261071129
"GO:0045069","regulation of viral genome replication",75,0.545759709236633,1.73683945028541,0.00307910050459192,0.0655647596575606,0.0392497034640983,3944,"tags=51%, list=20%, signal=41%","OASL/IFITM1/RAD23A/APOBEC3F/ISG20/IFI16/IFIT5/IFNL3/OAS1/APOBEC3G/EIF2AK2/OAS2/RSAD2/PLSCR1/IFIT1/SRPK1/CCL5/ADAR/RNASEL/PPIH/IFNB1/APOBEC3C/LARP1/MX1/ZC3HAV1/ZNFX1/BST2/ISG15/OAS3/PPID/APOBEC3A/ADARB1/IFIH1/TNIP1/TNF/IFITM3/APOBEC3D/CD28",0.431707695803346
"GO:0032819","positive regulation of natural killer cell proliferation",10,0.823912612589473,1.73598344378049,0.0054755965500086,0.0938194779137042,0.0561641147851714,1925,"tags=50%, list=10%, signal=45%","IL12RB1/IL12A/FCGR3A/HLA-E/IL12RB2",0.407017918923954
"GO:0141085","regulation of inflammasome-mediated signaling pathway",49,0.592420880812823,1.73422333843767,0.00349207308579473,0.0720102228954934,0.0431082171244688,1028,"tags=18%, list=5%, signal=17%","GBP5/GBP2/ZDHHC12/HSPA8/IRGM/IFI16/EIF2AK2/BTK/P2RX7",0.431707695803346
"GO:0032743","positive regulation of interleukin-2 production",40,0.630662393263661,1.73130836895333,0.00341046710526568,0.070575053442417,0.0422490669384819,2998,"tags=48%, list=15%, signal=40%","PSMA6/PSMA1/IL1B/PSMA7/CCR2/PSMB8/PSMB3/PSMB10/PSMA3/PSMA2/PSMB2/CD80/PSMA4/PTPRC/PSMB9/RUNX1/TRAF6/GLMN/IL1A",0.431707695803346
"GO:0002228","natural killer cell mediated immunity",80,0.553935321724012,1.73126917553014,0.00125666538839909,0.0345930015747724,0.0207087627688166,3257,"tags=36%, list=17%, signal=30%","RAET1L/LILRB1/SERPINB4/LGALS9/IL12A/FCGR3A/HAVCR2/KIF5B/CD2/GZMB/NECTIN4/ULBP2/SLAMF6/NECTIN2/CRTAM/RAET1E/HLA-E/LYST/CLEC12B/PLEKHM2/SLAMF7/KIR2DL4/GRB2/CLNK/CORO1A/ULBP3/CD226/ULBP1/TIGIT",0.45505986738723
"GO:0034154","toll-like receptor 7 signaling pathway",10,0.821145662833049,1.73015348209095,0.00563546518332109,0.0946275110925087,0.056647835961347,1914,"tags=60%, list=10%, signal=54%","TLR7/HAVCR2/SCIMP/RSAD2/SLC15A4/PIK3AP1",0.407017918923954
"GO:0045920","negative regulation of exocytosis",30,0.660762156133254,1.72685815130968,0.00468067612011911,0.0859210523599596,0.0514357994151938,1251,"tags=20%, list=6%, signal=19%","SPI1/CD300A/CD84/LGALS9/CCR2/CDK5",0.407017918923954
"GO:0032728","positive regulation of interferon-beta production",40,0.628997639303857,1.7267382495144,0.00356637251315206,0.0732852141950863,0.0438714782221941,3493,"tags=45%, list=18%, signal=37%","TLR7/POLR3A/RIPK2/OAS1/OAS2/TLR2/TLR8/RIOK3/IRF1/ZBTB20/POLR3D/ZC3HAV1/IRF7/ISG15/OAS3/TRIM56/TRAF3IP3/IFIH1",0.431707695803346
"GO:0031343","positive regulation of cell killing",58,0.579143344425979,1.72636232570342,0.00434021568407222,0.0833576718146812,0.0499012566700773,1610,"tags=21%, list=8%, signal=19%","RAET1L/IL12RB1/SPI1/IL12A/POMC/STAP1/ULBP2/SLAMF6/NECTIN2/CRTAM/RAET1E/HLA-E",0.407017918923954
"GO:2001185","regulation of CD8-positive, alpha-beta T cell activation",19,0.706557202392092,1.72605398866629,0.00485273695226124,0.0869498020379248,0.052051650369423,2087,"tags=47%, list=11%, signal=42%","LILRB4/LILRB1/CD274/SH3RF1/CRTAM/HLA-E/IRF1/ZBTB7B/RUNX1",0.407017918923954
"GO:0038094","Fc-gamma receptor signaling pathway",35,0.628722697592917,1.72582697469077,0.00496745616518874,0.0876358011230137,0.0524623170264353,2903,"tags=31%, list=15%, signal=27%","FCGR1A/MYO1G/FCGR3A/FCER1G/HCK/FGR/PLPP4/CD247/PAK1/FCGR3B/IFNG",0.407017918923954
"GO:0002456","T cell mediated immunity",118,0.516726293308828,1.72549609525773,0.000985752799062316,0.0289663460004462,0.0173404203247907,2501,"tags=25%, list=13%, signal=22%","RAET1L/IL12RB1/CR1/LILRB4/LILRB1/DENND1B/IL1B/MYO1G/IL12A/CD274/CCR2/RIPK3/WAS/CTSC/ULBP2/CD80/FZD5/NECTIN2/RSAD2/RAET1E/HLA-E/PTPRC/HLA-DRA/BTN3A2/CLC/CD70/PRF1/IFNB1/TRAF6",0.45505986738723
"GO:0050864","regulation of B cell activation",102,0.527383027881158,1.72506080475475,0.000380545444735466,0.0140658212497505,0.0084203666102825,2076,"tags=22%, list=11%, signal=19%","CR1/SPI1/CD300A/AKIRIN2/CLCF1/IL12A/SASH3/IL7/CD38/MZB1/NFATC2/TNFSF13B/TNIP2/MAD2L2/BTK/IRS2/SLC15A4/MNDA/FOXJ1/PTPRC/IL12RB2/NOD2",0.49849310876659
"GO:0030514","negative regulation of BMP signaling pathway",43,-0.574948749533545,-1.7250330806224,0.00302076355555083,0.0647920708612126,0.0387871408575229,1593,"tags=21%, list=8%, signal=19%","CHRDL2/CHRDL1/SORL1/SMURF2/DLX1/CRIM1/MTMR4/SOSTDC1/CAV1",0.431707695803346
"GO:0097048","dendritic cell apoptotic process",10,0.818067270774929,1.72366731163464,0.00579533389272175,0.0964849214944071,0.0577597565703207,192,"tags=20%, list=1%, signal=20%","LILRB1/LGALS9",0.407017918923954
"GO:2000668","regulation of dendritic cell apoptotic process",10,0.818067270774929,1.72366731163464,0.00579533389272175,0.0964849214944071,0.0577597565703207,192,"tags=20%, list=1%, signal=20%","LILRB1/LGALS9",0.407017918923954
"GO:0010764","negative regulation of fibroblast migration",8,0.856104787935842,1.72249012932549,0.00514094242175505,0.0896537644292416,0.0536703510646069,1681,"tags=38%, list=9%, signal=34%","CYGB/ITGB1BP1/HAS1",0.407017918923954
"GO:0032814","regulation of natural killer cell activation",35,0.627102484564807,1.7213795332999,0.00519154780061187,0.0902684213733608,0.0540383094452192,1925,"tags=29%, list=10%, signal=26%","IL12RB1/IL12A/FCGR3A/HAVCR2/RBX1/CLEC12A/FGR/ZNF683/HLA-E/IL12RB2",0.407017918923954
"GO:0071380","cellular response to prostaglandin E stimulus",13,-0.725498336394709,-1.71858340414299,0.022193746588845,0.22566202197689,0.135090367019753,2031,"tags=46%, list=10%, signal=41%","SFRP1/TNFSF4/AKAP8/ADCY6/GNG2/GNAS",0.352487857583619
"GO:1903556","negative regulation of tumor necrosis factor superfamily cytokine production",56,0.57249579069854,1.71685602736461,0.00292484687331147,0.0634975444563404,0.0380121852596826,1278,"tags=20%, list=7%, signal=18%","LILRB4/LILRB1/LGALS9/ARG2/CD274/HAVCR2/POMC/ELF4/ORM1/SYT11/ZC3H12A",0.431707695803346
"GO:0002313","mature B cell differentiation involved in immune response",26,0.661743488377183,1.71607470589691,0.00509933553240614,0.0894590893252265,0.0535538107135961,1418,"tags=23%, list=7%, signal=21%","CR1/SPI1/DOCK10/PHF14/PTK2B/DOCK11",0.407017918923954
"GO:1902105","regulation of leukocyte differentiation",284,0.46185878772959,1.71540918580935,4.48266234153991e-05,0.00268822516135001,0.00160927975605792,3275,"tags=29%, list=17%, signal=25%","IL12RB1/CR1/LILRB4/SPI1/LILRB1/IL27/EP300/CCR1/PSMA6/ADAM8/PSMA1/LGALS9/CD69/PSMA7/PRELID1/LILRB2/IL7/CCR2/TESPA1/PSMB8/CD2/BATF/PSMB3/CCL3/BGLAP/CLEC12A/PSMB10/SH3RF1/LRRC17/LOXL3/HAX1/PSMA3/PSMA2/BTK/PSMB2/CD80/IFNL1/KISS1/ZC3H12A/LIF/HOXA7/PSMA4/C1QC/ZNF683/CRTAM/IRF1/ZAP70/FOXJ1/UBASH3B/CSF1/SMARCA4/HLA-DRA/FOXO3/KAT5/FANCA/PSMB9/BRD7/ZBTB7B/RUNX1/RARA/GLI2/GPR137B/TMEM176A/IFNB1/TRAF6/PPARGC1B/ARID1A/CARTPT/DUSP18/RC3H2/STAT5A/IFNG/PPP2R3C/SHH/IL10/TRIB1/IRF7/VNN1/GPR137/AMBRA1/FSTL3/TNFSF9/CD27",0.557332238758646
"GO:0002335","mature B cell differentiation",28,0.643977296053605,1.71339201535745,0.010124071686496,0.135767026934558,0.0812756056030041,1418,"tags=21%, list=7%, signal=20%","CR1/SPI1/DOCK10/PHF14/PTK2B/DOCK11",0.380730400722792
"GO:2000514","regulation of CD4-positive, alpha-beta T cell activation",68,0.544323200572593,1.71301750109867,0.00160522399275061,0.0413767605499796,0.024769793870577,2097,"tags=24%, list=11%, signal=21%","IL12RB1/IL27/EP300/LGALS9/CD69/ARG2/CD274/BATF/SH3RF1/LOXL3/CD80/ZC3H12A/HLA-DRA/ZBTB7B/RUNX1/RARA",0.45505986738723
"GO:0070106","interleukin-27-mediated signaling pathway",10,0.81209256358802,1.71107860671688,0.00691441654570342,0.105419873735589,0.063108578525345,1018,"tags=50%, list=5%, signal=47%","IL27/OASL/STAT1/OAS1/OAS2",0.407017918923954
"GO:0045576","mast cell activation",61,0.571713334116101,1.71045124923734,0.00187519384686862,0.046500060076147,0.0278368071290728,1469,"tags=25%, list=7%, signal=23%","CD300A/LCP2/CD84/LGALS9/IGHE/UNC13D/GNAQ/GAB2/FER/PTGDR/BTK/PTGDS/NECTIN2/PLSCR1/FGR",0.45505986738723
"GO:0002707","negative regulation of lymphocyte mediated immunity",58,0.573703857012128,1.71014781467987,0.00541564207333338,0.093063848628955,0.0557117646887156,2485,"tags=31%, list=13%, signal=27%","CR1/LILRB4/LILRB1/SERPINB4/LGALS9/CD274/HAVCR2/NECTIN4/C4BPB/CD80/NECTIN2/HLA-E/FOXJ1/PTPRC/CLEC12B/KIR2DL4/GRB2/IFNB1",0.407017918923954
"GO:0072710","response to hydroxyurea",9,-0.799750967380943,-1.70976469388962,0.00993983954167793,0.134863044168119,0.0807344451426486,1405,"tags=44%, list=7%, signal=41%","NSMCE3/BLM/KAT7/DDX11",0.380730400722792
"GO:1903131","mononuclear cell differentiation",426,0.44517741885596,1.70933314354065,2.11561090237631e-06,0.000248668905465311,0.000148863213275424,2113,"tags=21%, list=11%, signal=19%","IL1RL1/IL12RB1/CR1/LILRB4/SPI1/LILRB1/DOCK10/IL27/EP300/PHF14/PSMA6/ADAM8/PSMA1/LGALS9/IL1B/IGHE/CD69/CLCF1/PSMA7/PRELID1/LILRB2/IL7/CCR2/IFI16/STAT4/NRROS/TESPA1/PSMB8/RIPK3/TNFSF13B/FLT3/CD2/BATF/PSMB3/CLEC12A/PSMB10/SH3RF1/LOXL3/PSMA3/PSMA2/HDAC4/SPN/BTK/FNIP1/PTK2B/PSMB2/CD80/IGHM/IFNL1/SLAMF6/BATF2/SOCS3/CFB/TLR2/RSAD2/ZC3H12A/LIF/HOXA7/LIG4/PSMA4/FASN/DOCK11/CHD7/C1QC/PARP1/ZNF683/CRTAM/KLF6/CD3D/IRF1/VPS54/BATF3/ZAP70/FOXJ1/BLNK/DHRS2/CSF1/PTPRC/SMARCA4/HLA-DRA/FOXO3/KAT5/FANCA/PSMB9/HDAC9/BRD7/ZBTB7B/RUNX1/RARA/RORA/GLI2",0.627256739718528
"GO:0071349","cellular response to interleukin-12",11,0.793907799074162,1.70775938586649,0.015178120060923,0.180461614952469,0.108031584505624,2148,"tags=64%, list=11%, signal=57%","IL12RB1/IL12A/STAT4/CD47/JAK2/IL12RB2/SIRPA",0.380730400722792
"GO:0043304","regulation of mast cell degranulation",22,0.68271475618697,1.70676930241476,0.0063068113612382,0.100176028027019,0.0599694014712716,1853,"tags=32%, list=9%, signal=29%","CD300A/CD84/LGALS9/UNC13D/GAB2/FGR/TAC1",0.407017918923954
"GO:0002347","response to tumor cell",49,0.582652071974016,1.70562661467981,0.00477630475340037,0.0864774060077926,0.0517688550965181,3629,"tags=33%, list=18%, signal=27%","SPI1/ABI3/IL12A/CD274/HAVCR2/RBMS3/IGFBPL1/NECTIN2/CRTAM/PRF1/SLC22A13/CD226/KLF4/HSPD1/PDCD1/YWHAG",0.407017918923954
"GO:1903707","negative regulation of hemopoiesis",107,0.520005171745162,1.70483137873163,0.000606036215150102,0.0196777615272771,0.011779899885499,3187,"tags=36%, list=16%, signal=31%","CR1/LILRB4/LILRB1/PSMA6/PSMA1/CD69/PSMA7/PSMB8/PSMB3/CCL3/CLEC12A/PSMB10/LRRC17/LOXL3/PSMA3/PSMA2/PSMB2/IFNL1/KISS1/ZC3H12A/HOXA7/PSMA4/C1QC/IRF1/FOXJ1/PSMB9/ZBTB7B/RUNX1/RARA/GPR137B/TMEM176A/IFNB1/CARTPT/DUSP18/RC3H2/STAT5A/TRIB1/GPR137/FSTL3",0.477270815362862
"GO:1900037","regulation of cellular response to hypoxia",21,-0.66282965684612,-1.70426677342166,0.00433628573232695,0.0833576718146812,0.0499012566700773,1856,"tags=29%, list=9%, signal=26%","PINK1/AJUBA/EPHA4/TMBIM6/USP19/CHCHD2",0.407017918923954
"GO:0006911","phagocytosis, engulfment",44,0.586548934671465,1.70300315431896,0.00668549549736733,0.104219249437739,0.0623898365073997,3018,"tags=27%, list=15%, signal=23%","FCGR1A/ITGB2/CD300A/STAP1/ARHGAP12/ELMO1/AIF1/XKR6/TIMD4/ITGAM/ABCA7/MSR1",0.407017918923954
"GO:0021895","cerebral cortex neuron differentiation",12,-0.743415572529743,-1.70228423985707,0.0102198054385172,0.136194550027586,0.0815315381300668,3254,"tags=42%, list=17%, signal=35%","DRD2/ASCL1/PAFAH1B1/SIN3A/LHX6",0.380730400722792
"GO:0050863","regulation of T cell activation",335,0.454521691774133,1.70121571595697,1.60180256236416e-05,0.00115725228310552,0.000692777784625107,2998,"tags=27%, list=15%, signal=23%","IL12RB1/CR1/LILRB4/LILRB1/CD300A/EPO/IL27/EP300/PSMA6/ADAM8/PSMA1/LGALS9/IL1B/CD69/PSMA7/IL12A/PRELID1/MAP3K8/LILRB2/ARG2/CD274/HAVCR2/IL7/CCR2/TESPA1/PSMB8/CD276/RIPK3/ABL2/CD2/BATF/PSMB3/PSMB10/DUSP3/SH3RF1/LOXL3/PSMA3/PSMA2/SPN/PSMB2/CD80/IFNL1/ZC3H12A/CD6/PDCD1LG2/PSMA4/ZNF683/CRTAM/HLA-DPB1/CD47/SCRIB/HLA-E/JAK2/IRF1/AIF1/ZAP70/FOXJ1/CCL5/PTPRC/SMARCA4/HLA-DRA/IL12RB2/FOXO3/KAT5/FANCA/PSMB9/BRD7/ZBTB7B/NOD2/RUNX1/RARA/GLI2/SIRPA/CLC/CD70/PAG1/IFNB1/TRAF6/VCAM1/CD5/ARID1A/CCDC88B/HLA-DQA1/RC3H2/STAT5A/TARM1/SHH/IL10/PTPN6/GLMN/IL1A",0.575610261071129
"GO:0141086","negative regulation of inflammasome-mediated signaling pathway",19,0.696259097874584,1.70089667045063,0.00593972896349166,0.0973460838337138,0.0582752829998962,1751,"tags=26%, list=9%, signal=24%","ZDHHC12/HSPA8/IRGM/IFI16/MEFV",0.407017918923954
"GO:0032693","negative regulation of interleukin-10 production",17,0.717019867320264,1.70075301289268,0.0100051535234473,0.134863044168119,0.0807344451426486,1383,"tags=29%, list=7%, signal=27%","LILRB4/LILRB1/CD274/BTK/PDCD1LG2",0.380730400722792
"GO:0045671","negative regulation of osteoclast differentiation",27,0.638351027791768,1.70049699708923,0.015347851353206,0.180760165135855,0.108210308659091,3187,"tags=37%, list=16%, signal=31%","LILRB4/LILRB1/CCL3/LRRC17/KISS1/GPR137B/CARTPT/DUSP18/GPR137/FSTL3",0.380730400722792
"GO:0002224","toll-like receptor signaling pathway",76,0.546530142438791,1.69984854698133,0.0022166219034131,0.0521083477054351,0.0311941537820707,2501,"tags=28%, list=13%, signal=24%","TLR7/CD300A/TLR1/CD274/LY96/SCIMP/TICAM1/BTK/TLR2/TLR10/TLR8/IRAK4/MFHAS1/IRF1/BIRC2/TICAM2/S100A8/IRAK2/LGR4/TYRO3/TRAF6",0.431707695803346
"GO:0006560","L-proline metabolic process",9,-0.79449316307396,-1.69852418460846,0.0112651137720421,0.147779182228328,0.0884665651322947,1973,"tags=56%, list=10%, signal=50%","PYCR1/ALDH4A1/OAT/PRODH/DAO",0.380730400722792
"GO:0050867","positive regulation of cell activation",328,0.456320243941203,1.6962810275867,1.11217741240838e-05,0.000871502220363204,0.000521716298453852,2264,"tags=20%, list=12%, signal=18%","IL1RL1/IL12RB1/CR1/LILRB4/SPI1/PLEK/EPO/EP300/AKIRIN2/ADAM8/LGALS9/IL1B/CLCF1/IL12A/SASH3/IRGM/MAP3K8/FCGR3A/LILRB2/CD274/DDR2/HAVCR2/IL7/CCR2/CD38/TESPA1/CAPN3/CD276/ABL2/NFATC2/TNFSF13B/STAP1/CD2/CCL3/TNIP2/MAD2L2/BTK/CD80/IRS2/NECTIN2/CD6/PDCD1LG2/HLA-DPB1/CD47/HLA-E/MMP8/JAK2/AIF1/ZAP70/CCL5/TAC1/PTPRC/SMARCA4/HLA-DRA/IL12RB2/FOXO3/KAT5/BRD7/ZBTB7B/NOD2/RUNX1/RARA/GLI2/SIRPA/LILRA2/ACTA2/CD70",0.593325476396405
"GO:0071675","regulation of mononuclear cell migration",130,0.499741379221979,1.6961656663288,0.000375038862660261,0.0139500214927491,0.00835104421594657,2206,"tags=25%, list=11%, signal=22%","SPI1/C3AR1/CCR1/ADAM8/LGALS9/TRPV4/CD69/CREB3/IL12A/FPR2/EMILIN1/CCR2/CXCL10/RIPK3/ABL2/STAP1/CCL4/CCL3/SPN/PTK2B/CMKLR1/CD47/DSG4/AIF1/CCL5/CSF1/RTN4/RARRES2/ITGB3/C5AR1/NINJ1/OXSR1",0.49849310876659
"GO:0070498","interleukin-1-mediated signaling pathway",33,0.616625348719115,1.69615991128939,0.00899215276316985,0.126601436582899,0.0757887143941449,2998,"tags=27%, list=15%, signal=23%","IL1RN/ZBP1/IL1B/TNIP2/TOLLIP/IRAK4/IRAK2/TRAF6/IL1A",0.380730400722792
"GO:0072531","pyrimidine-containing compound transmembrane transport",16,0.715667263665813,1.69590535858059,0.010318968301858,0.137157218788335,0.0821078303881468,2434,"tags=50%, list=12%, signal=44%","AQP9/SLC25A33/SLC28A3/SLC47A1/SLC22A2/SLC25A19/SLC28A2/SLC29A1",0.380730400722792
"GO:1903037","regulation of leukocyte cell-cell adhesion",338,0.451661657851817,1.69197335329553,1.74877232971802e-05,0.00123825722671721,0.000741270603518831,3718,"tags=31%, list=19%, signal=26%","IL12RB1/CR1/LILRB4/ITGB2/LILRB1/CD300A/EPO/EP300/PSMA6/ADAM8/PSMA1/LGALS9/IL1B/CD69/PSMA7/IL12A/MAP3K8/LILRB2/ARG2/CD274/HAVCR2/IL7/CCR2/TESPA1/PSMB8/CD276/ABL2/SKAP1/PSMB3/PSMB10/DUSP3/LOXL3/PSMA3/PSMA2/SPN/PSMB2/CD80/IFNL1/ZC3H12A/CD6/PDCD1LG2/PSMA4/CRTAM/HLA-DPB1/CD47/SCRIB/HLA-E/JAK2/IRF1/AIF1/ZAP70/FOXJ1/CCL5/PTPRC/SMARCA4/HLA-DRA/IL12RB2/FOXO3/KAT5/PSMB9/BRD7/ZBTB7B/NOD2/RUNX1/RARA/GLI2/SIRPA/ALOX5/CD70/PAG1/IFNB1/TRAF6/VCAM1/CD5/ARID1A/CCDC88B/HLA-DQA1/PPARA/RC3H2/STAT5A/TARM1/SHH/IL10/PTPN6/GLMN/IL1A/VNN1/HLA-DMA/AMBRA1/KLF4/TNFSF9/FUT7/TIGIT/ST3GAL4/CD27/RC3H1/HSPD1/HLA-DRB5/PDCD1/RUNX3/DOCK8/YWHAG/PSMB4/TNF/LGALS9C/SIRPG",0.575610261071129
"GO:0072091","regulation of stem cell proliferation",32,-0.600822338540781,-1.69145685681608,0.00595722415287887,0.0973460838337138,0.0582752829998962,955,"tags=28%, list=5%, signal=27%","TSC22D1/KAT7/GJA1/NANOG/HNRNPU/FBLN1/TGFBR1/FERMT1/VEGFC",0.407017918923954
"GO:0030217","T cell differentiation",256,0.46086113742654,1.69093275174443,9.92148400246024e-05,0.0048590467902049,0.00290882093718967,2113,"tags=23%, list=11%, signal=20%","IL12RB1/CR1/LILRB4/SPI1/IL27/EP300/PSMA6/ADAM8/PSMA1/IL1B/CD69/PSMA7/PRELID1/LILRB2/IL7/CCR2/STAT4/TESPA1/PSMB8/RIPK3/CD2/BATF/PSMB3/PSMB10/SH3RF1/LOXL3/PSMA3/PSMA2/SPN/PSMB2/CD80/IFNL1/SLAMF6/SOCS3/RSAD2/ZC3H12A/LIG4/PSMA4/CHD7/ZNF683/CRTAM/CD3D/IRF1/ZAP70/FOXJ1/PTPRC/SMARCA4/HLA-DRA/FOXO3/KAT5/FANCA/PSMB9/BRD7/ZBTB7B/RUNX1/RARA/RORA/GLI2",0.538434096309916
"GO:2000106","regulation of leukocyte apoptotic process",63,0.556033482067577,1.69067346570946,0.00123833477495404,0.0345930015747724,0.0207087627688166,1729,"tags=21%, list=9%, signal=19%","CCR5/LILRB1/ADAM8/LGALS9/PRELID1/ARG2/CD274/RIPK3/BTK/FNIP1/IRS2/IDO1/CCL5",0.45505986738723
"GO:0001910","regulation of leukocyte mediated cytotoxicity",85,0.536586105336961,1.68934609774929,0.00242376634342649,0.0563022719380137,0.033704805591661,1977,"tags=25%, list=10%, signal=22%","RAET1L/IL12RB1/SPI1/LILRB1/SERPINB4/LGALS9/IL12A/HAVCR2/POMC/RIPK3/STAP1/NECTIN4/ULBP2/SLAMF6/NECTIN2/CRTAM/RAET1E/HLA-E/PTPRC/HLA-DRA/CLEC12B",0.431707695803346
"GO:0030888","regulation of B cell proliferation",56,0.562785390275701,1.68773553466416,0.00422238281971763,0.0827164794382684,0.0495174131119054,1925,"tags=25%, list=10%, signal=23%","CD300A/CLCF1/IL12A/SASH3/IL7/CD38/MZB1/NFATC2/TNFSF13B/BTK/IRS2/MNDA/PTPRC/IL12RB2",0.407017918923954
"GO:0070339","response to bacterial lipopeptide",7,0.866839724316068,1.68393994387929,0.00695585009665333,0.105419873735589,0.063108578525345,1264,"tags=57%, list=6%, signal=53%","TLR1/CD14/TLR2/TLR10",0.407017918923954
"GO:0071220","cellular response to bacterial lipoprotein",7,0.866839724316068,1.68393994387929,0.00695585009665333,0.105419873735589,0.063108578525345,1264,"tags=57%, list=6%, signal=53%","TLR1/CD14/TLR2/TLR10",0.407017918923954
"GO:0071221","cellular response to bacterial lipopeptide",7,0.866839724316068,1.68393994387929,0.00695585009665333,0.105419873735589,0.063108578525345,1264,"tags=57%, list=6%, signal=53%","TLR1/CD14/TLR2/TLR10",0.407017918923954
"GO:0050729","positive regulation of inflammatory response",152,0.48812469430088,1.68188206522485,0.000774862042279882,0.0244831409810692,0.0146565933955325,1957,"tags=19%, list=10%, signal=17%","IL1RL1/TLR7/AIM2/GBP5/GBP2/CCR1/GBP1/ADAM8/ZBP1/CASP1/IL1B/TRPV4/MAP3K8/IFI35/AGTR1/CCR2/CASP4/STAP1/CCL3/BTK/TLR2/PTGS2/GBP3/CD47/HLA-E/MMP8/CCL5/TAC1/S100A8",0.477270815362862
"GO:0034342","response to type III interferon",9,0.809923775804668,1.68185303992004,0.00891069884273047,0.126482517844914,0.0757175248522842,3623,"tags=78%, list=18%, signal=63%","IFNL3/IFNLR1/IFNL2/IFNL1/IL10RB/IFNG/IFNGR2",0.380730400722792
"GO:0002573","myeloid leukocyte differentiation",193,0.466100304007967,1.6814655728808,0.000335385697018704,0.0128827564796008,0.00771213643221543,3014,"tags=23%, list=15%, signal=20%","IL1RL1/LILRB4/SPI1/LILRB1/GLO1/CCR1/OSTM1/IL1B/IGHE/IFI16/NRROS/GAB2/BATF/CCL3/BGLAP/LRRC17/BAP1/HAX1/BATF2/KISS1/TLR2/LIF/HOXA7/FASN/C1QC/PARP1/JAGN1/VPS54/BATF3/UBASH3B/DHRS2/CSF1/RUNX1/RARA/GPR137B/TRAF6/PPARGC1B/CARTPT/CLPB/DUSP18/STAT5A/IFNG/IL1A/TRIB1/IRF7",0.49849310876659
"GO:1901847","nicotinate metabolic process",12,0.749069193675404,1.68134432687769,0.0177382987453624,0.196323882724096,0.117527376293106,1622,"tags=42%, list=8%, signal=38%","NMRK1/CD38/SLC5A8/SLC25A51/PARP9",0.352487857583619
"GO:0015671","oxygen transport",14,0.731270260052112,1.68129973806523,0.0224067614351835,0.226088595344629,0.13534573100304,8,"tags=7%, list=0%, signal=7%","CYGB",0.352487857583619
"GO:0035973","aggrephagy",18,0.698446550393649,1.68011055122007,0.0156372800864582,0.182341855293879,0.109157172035068,2213,"tags=39%, list=11%, signal=35%","SQSTM1/ATG4C/HSPB8/ATG4D/LYPLA1/KAT5/ATG4A",0.352487857583619
"GO:0039529","RIG-I signaling pathway",23,0.68370041297107,1.6798917297997,0.0171060607255461,0.191855570389378,0.114852464724168,3081,"tags=43%, list=16%, signal=37%","DDX60/OASL/NPLOC4/BIRC2/ANKRD17/DHX58/GPATCH3/CLPB/ZC3HAV1/OAS3",0.352487857583619
"GO:1904294","positive regulation of ERAD pathway",19,-0.649327036739003,-1.67971025534992,0.0139427527590487,0.171425853483115,0.102622414090042,1592,"tags=16%, list=8%, signal=15%","SIK2/UBQLN2/CAV1",0.380730400722792
"GO:0046641","positive regulation of alpha-beta T cell proliferation",18,0.698112343871595,1.67930661868769,0.0156372800864582,0.182341855293879,0.109157172035068,1925,"tags=33%, list=10%, signal=30%","IL12RB1/LGALS9/IL12A/CCR2/HLA-E/IL12RB2",0.352487857583619
"GO:0050727","regulation of inflammatory response",369,0.443225065294717,1.67916905291823,1.52104135929792e-05,0.0011315392491891,0.000677384927827446,3805,"tags=31%, list=19%, signal=25%","IL1RL1/TLR7/IL1RN/AIM2/GBP5/GBP2/CCR1/IL13RA2/GBP1/PSMA6/ADAM8/ZBP1/CASP1/PSMA1/IL1B/FFAR4/TRPV4/CD69/IRGM/FPR2/MAP3K8/IFI35/AGTR1/ACOD1/ELF4/RBX1/CCR2/C15orf39/IFI16/CASP4/SPHK1/STAP1/SLC39A8/GGT1/HCK/CCL3/CLEC12A/SIGLEC10/NLRP7/USP18/BTK/TLR2/SYT11/PTGS2/GBP3/METRNL/FGR/CMKLR1/MFHAS1/CD47/HLA-E/MMP8/JAK2/CYLD/CCL5/MEFV/BIRC2/IL10RB/TAC1/PTPRC/PIK3AP1/S100A8/PROC/RARRES2/APOA1/NOD2/RORA/SIRPA/ALOX5/NINJ1/TYRO3/CST7/CCL7/PRKAR2A/PLCG1/NMI/RPS19/NCF1/NLRP6/PPARA/NLRC4/CUL1/XIAP/IFNG/TTC1/TTBK1/TMEM219/IL10/PTPN6/IL1A/SEMA7A/NPY/KLF4/PTGER4/C2CD4A/S100A12/FUT7/CLOCK/LILRA5/SBNO2/PRKAR1B/PDCD1/TNIP1/NLRP13/CASP3/TRAF1/PSMB4/CD200/PLK2/TNF/CDH5/GPER1/GZMK/BIRC3",0.593325476396405
"GO:0006907","pinocytosis",22,-0.643978975116162,-1.67672702384498,0.00447980868021773,0.0840122617809922,0.0502931205646827,973,"tags=18%, list=5%, signal=17%","SNX5/CLN3/PROM2/CAV1",0.407017918923954
"GO:0032816","positive regulation of natural killer cell activation",15,0.734086180747827,1.67618229622443,0.0118765933019776,0.153403821616972,0.0918337006064395,1925,"tags=33%, list=10%, signal=30%","IL12RB1/IL12A/FCGR3A/HLA-E/IL12RB2",0.380730400722792
"GO:0002923","regulation of humoral immune response mediated by circulating immunoglobulin",10,0.795285372412406,1.67566586370082,0.0100038915162701,0.134863044168119,0.0807344451426486,1726,"tags=30%, list=9%, signal=27%","CR1/C4BPB/FOXJ1",0.380730400722792
"GO:1900424","regulation of defense response to bacterium",17,0.706268925375683,1.67525205017596,0.0141293468679754,0.173085494733172,0.10361594212647,1217,"tags=29%, list=6%, signal=28%","ARG2/HAVCR2/EMILIN1/DUOX1/SYT11",0.380730400722792
"GO:0002312","B cell activation involved in immune response",73,0.541597044249991,1.67471478979648,0.00398677792478295,0.0796948770882633,0.0477085603555841,1975,"tags=19%, list=10%, signal=17%","CR1/SPI1/DOCK10/PHF14/CLCF1/CD180/BATF/MAD2L2/PTK2B/LIG4/DOCK11/SLC15A4/PCYT1A/RNF8",0.407017918923954
"GO:0001787","natural killer cell proliferation",15,0.732788517156978,1.67321926437002,0.0121870881084849,0.155365546233331,0.0930080679018047,1925,"tags=40%, list=10%, signal=36%","IL12RB1/IL12A/FCGR3A/ELF4/HLA-E/IL12RB2",0.380730400722792
"GO:0002719","negative regulation of cytokine production involved in immune response",25,0.652701871328139,1.67211493875604,0.00886244596091063,0.126112820610827,0.0754962092113031,4289,"tags=44%, list=22%, signal=34%","LILRB4/LILRB1/TGFB2/APOA1/IFNB1/IL10/BST2/TNF/SLAMF1/XCL1/HLA-F",0.380730400722792
"GO:0002279","mast cell activation involved in immune response",49,0.571065861012998,1.67170971859557,0.00688235502503782,0.105419873735589,0.063108578525345,1853,"tags=27%, list=9%, signal=24%","CD300A/CD84/LGALS9/IGHE/UNC13D/GNAQ/GAB2/FER/PTGDR/BTK/PTGDS/FGR/TAC1",0.407017918923954
"GO:0010761","fibroblast migration",38,0.602692279287372,1.67126670601134,0.00477509483074087,0.0864774060077926,0.0517688550965181,2847,"tags=32%, list=14%, signal=27%","CYGB/PRR5L/DDR2/ITGB1BP1/FER/GNA12/HAS1/ITGB3/ACTA2/PML/PDLIM1/PAK1",0.407017918923954
"GO:0044857","plasma membrane raft organization",12,-0.729666307734241,-1.67080096504301,0.0142312175304627,0.173161495643244,0.103661439329524,413,"tags=25%, list=2%, signal=24%","CLN3/FA2H/CAV1",0.380730400722792
"GO:0046636","negative regulation of alpha-beta T cell activation",40,0.608106224392069,1.66938667462679,0.00672152181325543,0.104376232868469,0.0624838131060651,3714,"tags=40%, list=19%, signal=33%","LILRB1/CD300A/LGALS9/CD69/ARG2/CD274/LOXL3/ZC3H12A/ZBTB7B/RUNX1/RC3H2/STAT5A/TARM1/RC3H1/RUNX3/LGALS9C",0.407017918923954
"GO:0030316","osteoclast differentiation",88,0.525299821175419,1.66820081418063,0.00109697191145561,0.0316024702138463,0.018918510356858,3187,"tags=24%, list=16%, signal=20%","LILRB4/SPI1/LILRB1/GLO1/CCR1/OSTM1/GAB2/CCL3/BGLAP/LRRC17/KISS1/UBASH3B/CSF1/GPR137B/TRAF6/PPARGC1B/CARTPT/DUSP18/IFNG/GPR137/FSTL3",0.45505986738723
"GO:0032303","regulation of icosanoid secretion",15,0.730481399558522,1.66795128661038,0.0126528305164688,0.159572285290316,0.0955263911809542,1948,"tags=33%, list=10%, signal=30%","IL1B/OXT/ACSL4/EDN1/AVPR1B",0.380730400722792
"GO:0006968","cellular defense response",48,0.567723713689122,1.66773854676123,0.0106734176293407,0.140961068331765,0.0843849677921647,2989,"tags=40%, list=15%, signal=34%","CCR5/LILRB2/CCR2/CD5L/LY96/GNLY/FOSL1/SPN/PTK2B/DCDC2/MNDA/CD300C/C5AR1/TRAT1/PRF1/KIR2DL4/NCF1/SH2D1A/NCF2",0.380730400722792
"GO:0002696","positive regulation of leukocyte activation",309,0.449294574353961,1.66654271304157,4.30325245738759e-05,0.00260723862804813,0.00156079795831649,2148,"tags=20%, list=11%, signal=18%","IL1RL1/IL12RB1/CR1/LILRB4/SPI1/EPO/EP300/AKIRIN2/ADAM8/LGALS9/IL1B/CLCF1/IL12A/SASH3/IRGM/MAP3K8/FCGR3A/LILRB2/CD274/HAVCR2/IL7/CCR2/CD38/TESPA1/CD276/ABL2/NFATC2/TNFSF13B/STAP1/CD2/CCL3/TNIP2/MAD2L2/BTK/CD80/IRS2/NECTIN2/CD6/PDCD1LG2/HLA-DPB1/CD47/HLA-E/MMP8/JAK2/AIF1/ZAP70/CCL5/TAC1/PTPRC/SMARCA4/HLA-DRA/IL12RB2/FOXO3/KAT5/BRD7/ZBTB7B/NOD2/RUNX1/RARA/GLI2/SIRPA",0.557332238758646
"GO:0032400","melanosome localization",23,-0.629467264549079,-1.66307865404543,0.0152610894387233,0.180461614952469,0.108031584505624,2312,"tags=39%, list=12%, signal=35%","SHROOM2/GPR143/BBS4/ARL6/MYO5A/BLOC1S5/OPN3/BLOC1S3/RAB11B",0.380730400722792
"GO:0051875","pigment granule localization",23,-0.629467264549079,-1.66307865404543,0.0152610894387233,0.180461614952469,0.108031584505624,2312,"tags=39%, list=12%, signal=35%","SHROOM2/GPR143/BBS4/ARL6/MYO5A/BLOC1S5/OPN3/BLOC1S3/RAB11B",0.380730400722792
"GO:0070286","axonemal dynein complex assembly",25,-0.611754831034545,-1.66288926155467,0.0113405498017655,0.148437441391929,0.0888606255560466,3737,"tags=36%, list=19%, signal=29%","DNAH17/DNAH5/DNAH8/DNAAF1/CCDC39/DNAI1/DNAAF3/DNAH2/DNAAF2",0.380730400722792
"GO:0072089","stem cell proliferation",54,-0.526750771182027,-1.66247384006056,0.00431516613680295,0.0833576718146812,0.0499012566700773,955,"tags=20%, list=5%, signal=19%","TSC22D1/KAT7/GJA1/SIX2/NANOG/HNRNPU/FBLN1/TGFBR1/FERMT1/WNT5A/VEGFC",0.407017918923954
"GO:0002437","inflammatory response to antigenic stimulus",56,0.553929025275037,1.66117620640538,0.00583786812105182,0.0969185055011909,0.0580193174042492,3965,"tags=46%, list=20%, signal=37%","FCGR1A/PSMA1/IGHE/FCGR3A/ORM1/HCK/BTK/CD6/IGHG1/FGR/HLA-E/KDM6B/PRKAR2A/PLCG1/NLRP6/FCGR3B/NPY/ORM2/FUT7/PRKAR1B/PSMB4/PLK2/TNF/NPY5R/FCGR2A/MKRN2",0.407017918923954
"GO:0006858","extracellular transport",19,-0.642093833651403,-1.66099905942269,0.015481240229985,0.181241531537095,0.10849847395711,2722,"tags=37%, list=14%, signal=32%","DNAAF1/CCDC39/NPHP3/SPAG17/CABYR/RFX3/DNAAF2",0.380730400722792
"GO:0042102","positive regulation of T cell proliferation",82,0.528342814608409,1.66078896434434,0.00188374508357732,0.046515839731865,0.0278462534659606,2998,"tags=32%, list=15%, signal=27%","IL12RB1/EPO/LGALS9/IL1B/IL12A/LILRB2/CD274/HAVCR2/CCR2/CD276/CD80/CD6/PDCD1LG2/HLA-DPB1/HLA-E/JAK2/AIF1/CCL5/PTPRC/IL12RB2/CD70/TRAF6/VCAM1/CCDC88B/SHH/IL1A",0.45505986738723
"GO:0002921","negative regulation of humoral immune response",17,0.700095150737008,1.66060801268661,0.0170092867541411,0.191134948860587,0.114421071679145,2862,"tags=41%, list=15%, signal=35%","CR1/C4BPB/MASP1/CLU/FOXJ1/SERPING1/A2M",0.352487857583619
"GO:2000849","regulation of glucocorticoid secretion",9,-0.776716261238574,-1.66051945518072,0.0167555653675446,0.19006349152093,0.113779654200066,2002,"tags=44%, list=10%, signal=40%","CRH/GALR1/GHRL/CRY2",0.352487857583619
"GO:0000212","meiotic spindle organization",14,-0.697987156281554,-1.66042025373276,0.0211715178573681,0.221625080046727,0.132673691133374,3559,"tags=50%, list=18%, signal=41%","NDC80/DDB1/TUBG2/SKA3/TUBG1/KATNAL2/SKA1",0.352487857583619
"GO:0002507","tolerance induction",28,0.624044062845219,1.66035684963219,0.0162409250897957,0.186188141862227,0.111459713949873,2151,"tags=32%, list=11%, signal=29%","LILRB4/PHLPP1/LGALS9/LILRB2/HAVCR2/ACOD1/HLA-E/FOXJ1/CLC",0.352487857583619
"GO:0061756","leukocyte adhesion to vascular endothelial cell",48,0.564779940780672,1.65909095386709,0.0112622867518753,0.147779182228328,0.0884665651322947,4000,"tags=40%, list=20%, signal=32%","ITGB2/SELPLG/SELL/ITGB7/ADD2/SLC39A8/SPN/ALOX5/TRAF6/VCAM1/ITGAM/ICAM1/KLF4/FUT7/ST3GAL4/TNF/GOLPH3/FUT4/PODXL2",0.380730400722792
"GO:0032493","response to bacterial lipoprotein",8,0.824446093038741,1.65879256538701,0.0136897825738453,0.169378636182082,0.101396867433395,1264,"tags=50%, list=6%, signal=47%","TLR1/CD14/TLR2/TLR10",0.380730400722792
"GO:0050851","antigen receptor-mediated signaling pathway",197,0.470108965181046,1.65832110845671,0.00040927994197958,0.0147566761902699,0.00883394017775557,3454,"tags=36%, list=18%, signal=30%","LILRB4/CD300A/LCP2/IGHA1/GBP1/EIF2B3/DENND1B/KLHL6/IGHE/IGHA2/IGHG3/CD274/RBCK1/IGKC/CD38/IGLC3/TESPA1/CD276/NFATC2/STAP1/SKAP1/RIPK2/DUSP3/PIK3CA/BTK/CD80/BAX/IGHM/IGHG2/IGHG4/NECTIN2/ZC3H12A/LPXN/PDCD1LG2/IGHG1/ZNF683/HLA-DPB1/CD3D/ZAP70/MNDA/BLNK/PTPRC/IGLC1/BTN3A2/TRAT1/UBE2N/RAB29/CD247/GRB2/BTN3A1/TRAF6/PLCG1/KCNN4/RNF31/CD5/UBR2/TRBC1/TEC/RC3H2/SH2D1A/PTPN6/TRBC2/CD226/CD8B/TRDC/LIME1/EZR/SIVA1/RC3H1/PDCD1",0.49849310876659
"GO:1905517","macrophage migration",50,0.560810219576832,1.65794282270418,0.00572985192929522,0.0959382899956354,0.0574325209586447,2079,"tags=28%, list=11%, signal=25%","C3AR1/EDN2/TRPV4/EMILIN1/CCR2/STAP1/CCL3/PTK2B/CMKLR1/CCL5/CSF1/RTN4/RARRES2/C5AR1",0.407017918923954
"GO:0038093","Fc receptor signaling pathway",58,0.556099529839777,1.65767126031348,0.00900809629643788,0.126601436582899,0.0757887143941449,2903,"tags=26%, list=15%, signal=22%","FCGR1A/MYO1G/FCGR3A/FCER1G/FER/HCK/BTK/FGR/PLPP4/CD247/TRAF6/PLCG1/PAK1/FCGR3B/IFNG",0.380730400722792
"GO:0019885","antigen processing and presentation of endogenous peptide antigen via MHC class I",21,0.670789960792869,1.65744644592627,0.0114011558497175,0.14889909539731,0.0891369902206752,1665,"tags=33%, list=8%, signal=31%","RAET1L/ERAP2/ULBP2/TAP2/RAET1E/HLA-E/TAP1",0.380730400722792
"GO:0060271","cilium assembly",335,-0.404563276169586,-1.65566257752743,5.85749078022349e-06,0.000515641243507987,0.000308683597823783,3500,"tags=30%, list=18%, signal=25%","RAB23/PTPN23/MAPK15/YAP1/DNAH5/DNAH8/DNALI1/TCTN3/TEKT5/TCHP/GALNT11/WDPCP/TMEM17/CROCC/DZIP1/FLNA/IQCB1/PPP1R35/CDC14B/PCM1/CDKL1/KIF24/MKS1/DNAAF1/TAPT1/GSN/IFT52/RABL2B/TTLL3/CCDC39/DRC7/ATG5/SPAG16/CFAP47/CFAP74/CCNO/CFAP61/CDK10/PIBF1/FUZ/CCP110/CCDC28B/ELMOD3/IFT88/DZIP1L/GSK3B/CFAP20/MARK4/ARL3/DNMBP/DNAI1/NPHP3/CCDC57/IFT57/BBS4/KIAA0753/CDKL5/VANGL2/CFAP54/RABEP2/CCDC88A/PCNT/CEP97/CLUAP1/CCDC181/TTC8/ARL6/CCDC146/DNAAF3/PARVA/SPAG17/IQUB/CEP120/CFAP161/TMEM107/IFT46/B9D2/RFX3/ARL13B/SPATA6/RABL2A/BBS9/AKT1/ODF2/BBOF1/TCTN1/RFX2/CFAP221/TCTN2/DNAH2/NME8/UNC119B/HYLS1/TMEM80/CFAP44/TMEM67/RAB11B/IFT122/BBS1/DNAAF2",0.610526878385931
"GO:0032401","establishment of melanosome localization",20,-0.659768159058526,-1.65538562597291,0.00902603401875693,0.126601436582899,0.0757887143941449,2312,"tags=40%, list=12%, signal=35%","SHROOM2/GPR143/BBS4/ARL6/MYO5A/BLOC1S5/BLOC1S3/RAB11B",0.380730400722792
"GO:0051905","establishment of pigment granule localization",20,-0.659768159058526,-1.65538562597291,0.00902603401875693,0.126601436582899,0.0757887143941449,2312,"tags=40%, list=12%, signal=35%","SHROOM2/GPR143/BBS4/ARL6/MYO5A/BLOC1S5/BLOC1S3/RAB11B",0.380730400722792
"GO:0003351","epithelial cilium movement involved in extracellular fluid movement",16,-0.681967428513862,-1.65375026515009,0.0132721657545669,0.165255335041503,0.0989284934485571,2722,"tags=44%, list=14%, signal=38%","DNAAF1/CCDC39/NPHP3/SPAG17/CABYR/RFX3/DNAAF2",0.380730400722792
"GO:0032720","negative regulation of tumor necrosis factor production",54,0.559308556715003,1.65145824361529,0.00605969882299658,0.0978374999526123,0.058569464463307,1278,"tags=19%, list=7%, signal=17%","LILRB4/LILRB1/LGALS9/ARG2/HAVCR2/POMC/ELF4/ORM1/SYT11/ZC3H12A",0.407017918923954
"GO:0071605","monocyte chemotactic protein-1 production",17,0.696025498436497,1.65095490023188,0.0191165800410343,0.208052112779923,0.124548366749781,1013,"tags=29%, list=5%, signal=28%","LGALS9/IL1B/TRPV4/OAS1/CAMP",0.352487857583619
"GO:0071637","regulation of monocyte chemotactic protein-1 production",17,0.696025498436497,1.65095490023188,0.0191165800410343,0.208052112779923,0.124548366749781,1013,"tags=29%, list=5%, signal=28%","LGALS9/IL1B/TRPV4/OAS1/CAMP",0.352487857583619
"GO:0097278","complement-dependent cytotoxicity",10,0.783247034399736,1.65030109180475,0.0137848224649176,0.170016127721198,0.101778495521439,2409,"tags=50%, list=12%, signal=44%","CR1/IGHG1/CFH/CLU/RAB27A",0.380730400722792
"GO:0006953","acute-phase response",46,0.578775274403901,1.64911985451027,0.00804823632548787,0.117368448845886,0.0702614763983355,1831,"tags=17%, list=9%, signal=16%","IL1RN/EPO/IL1B/ORM1/PTGS2/PLSCR1/LCN2/IL10RB",0.380730400722792
"GO:0046638","positive regulation of alpha-beta T cell differentiation",42,0.57478927541068,1.64768064973236,0.00833985389821892,0.120130689607433,0.0719150648710667,2097,"tags=19%, list=11%, signal=17%","IL12RB1/LILRB4/EP300/CD80/HLA-DRA/ZBTB7B/RUNX1/RARA",0.380730400722792
"GO:0048246","macrophage chemotaxis",37,0.598509394101221,1.64642335629589,0.0119449681953681,0.153948636149514,0.0921598485090151,2079,"tags=30%, list=11%, signal=27%","C3AR1/EDN2/TRPV4/STAP1/CCL3/PTK2B/CMKLR1/CCL5/CSF1/RARRES2/C5AR1",0.380730400722792
"GO:0042100","B cell proliferation",73,0.532279761585446,1.64590408773544,0.00560967783618986,0.0944837041519755,0.0565617473399369,2485,"tags=26%, list=13%, signal=23%","CD300A/IGHE/CLCF1/IL12A/SASH3/CD180/IL7/CD38/MZB1/NFATC2/TNFSF13B/BTK/IRS2/MNDA/PTPRC/PCYT1A/IL12RB2/CD70/IFNB1",0.407017918923954
"GO:0071379","cellular response to prostaglandin stimulus",19,-0.635861456309486,-1.6448768474338,0.0174043522990396,0.193722307692151,0.115969968791321,2031,"tags=37%, list=10%, signal=33%","SFRP1/AKR1C2/TNFSF4/AKAP8/ADCY6/GNG2/GNAS",0.352487857583619
"GO:0106070","regulation of adenylate cyclase-activating G protein-coupled receptor signaling pathway",20,-0.6555606618866,-1.64482884137502,0.0101261195798127,0.135767026934558,0.0812756056030041,1448,"tags=35%, list=7%, signal=32%","PDE2A/RACK1/MGRN1/PDE4D/PDE4B/PDE3B/NOS1",0.380730400722792
"GO:0036230","granulocyte activation",47,0.563409993348974,1.6437821093247,0.00979488760001236,0.13387105680296,0.0801406015881843,1729,"tags=23%, list=9%, signal=21%","SPI1/ITGB2/CD300A/IGHE/FCER1G/CCR2/CCL3/CLEC12A/CAMP/PREX1/CCL5",0.380730400722792
"GO:0007162","negative regulation of cell adhesion",267,0.446128515129379,1.6432886637664,0.000139109212975396,0.00643736098154648,0.00385366332366201,2087,"tags=19%, list=11%, signal=18%","IL1RN/CR1/LILRB4/SPI1/LILRB1/CD300A/GBP1/PTPRO/PSMA6/PSMA1/LGALS9/TRPV4/CD69/PSMA7/ACVRL1/LILRB2/ARG2/CD274/HAVCR2/ITGB1BP1/PSMB8/PSMB3/PSMB10/DUSP3/LOXL3/PSMA3/MAD2L2/PSMA2/SPN/PODXL/PSMB2/CD80/IFNL1/ABCA12/ZC3H12A/HOXA7/LPXN/PDCD1LG2/PSMA4/NOTCH4/PLXND1/CRTAM/SCRIB/HLA-E/JAK2/IRF1/FOXJ1/PTPRC/PSMB9/APOA1/ZBTB7B/RUNX1",0.518848077743792
"GO:0045916","negative regulation of complement activation",14,0.714520997277749,1.64279067697841,0.0286742960156061,0.264136109222127,0.158122503846221,2862,"tags=43%, list=15%, signal=37%","CR1/C4BPB/MASP1/CLU/SERPING1/A2M",0.352487857583619
"GO:0040037","negative regulation of fibroblast growth factor receptor signaling pathway",12,-0.717224013634495,-1.64231041152718,0.0193887728559241,0.210235826705288,0.125855625778391,2643,"tags=25%, list=13%, signal=22%","GPC1/APLN/SULF1",0.352487857583619
"GO:0002920","regulation of humoral immune response",38,0.59155864228978,1.64039311185663,0.00656086866468624,0.103373257754319,0.0618833918429067,1726,"tags=29%, list=9%, signal=26%","CR1/GATA6/IL1B/ACOD1/CD5L/C4BPB/CAMP/MASP1/CFH/CLU/FOXJ1",0.407017918923954
"GO:0097205","renal filtration",25,0.640102127419528,1.63983646532189,0.01179084172579,0.152631667009841,0.0913714577870254,1591,"tags=32%, list=8%, signal=29%","IGHA1/JCHAIN/PTPRO/IGHA2/IGKV3-20/MYO1E/TMEM63C/EDN1",0.380730400722792
"GO:1900426","positive regulation of defense response to bacterium",12,0.730317200170411,1.63925401244016,0.0247121848840677,0.241251678677186,0.144422962850037,938,"tags=25%, list=5%, signal=24%","HAVCR2/EMILIN1/DUOX1",0.352487857583619
"GO:0035082","axoneme assembly",67,-0.490305659686603,-1.63872053602135,0.00184206832196834,0.0460673852264167,0.027577790553141,4637,"tags=37%, list=24%, signal=29%","TTLL1/CCDC40/CCDC63/CFAP46/RSPH1/FSIP2/CCDC13/DNAH17/DNAH5/DNAH8/DNAAF1/TTLL3/CCDC39/DRC7/SPAG16/CFAP47/CFAP74/DNAI1/CCDC146/DNAAF3/SPAG17/BBOF1/DNAH2/CFAP44/DNAAF2",0.45505986738723
"GO:1904894","positive regulation of receptor signaling pathway via STAT",51,0.558761781223579,1.63792743495577,0.00755581148582667,0.112039832042179,0.0670715519555144,1925,"tags=24%, list=10%, signal=21%","IL12RB1/EP300/IL12A/HES5/PTK2B/IFNL1/GHR/LIF/JAK2/CCL5/IL10RB/IL12RB2",0.407017918923954
"GO:0045670","regulation of osteoclast differentiation",57,0.544934963137526,1.63750039184169,0.00480970548594164,0.0865822700638004,0.0518316309401854,3187,"tags=30%, list=16%, signal=25%","LILRB4/LILRB1/CCR1/CCL3/BGLAP/LRRC17/KISS1/UBASH3B/CSF1/GPR137B/TRAF6/PPARGC1B/CARTPT/DUSP18/IFNG/GPR137/FSTL3",0.407017918923954
"GO:0090026","positive regulation of monocyte chemotaxis",22,0.654442553506777,1.6360895240609,0.0144370545244945,0.174508430518626,0.104467768746735,1729,"tags=32%, list=9%, signal=29%","CCR1/CREB3/FPR2/CCR2/CXCL10/AIF1/CCL5",0.380730400722792
"GO:0030836","positive regulation of actin filament depolymerization",10,0.776265704097416,1.63559143250933,0.0156752930678076,0.182423163088129,0.109205846152541,38,"tags=10%, list=0%, signal=10%","PLEK",0.352487857583619
"GO:0001773","myeloid dendritic cell activation",17,0.689389122455332,1.63521358404376,0.0224280502102975,0.226088595344629,0.13534573100304,1850,"tags=35%, list=9%, signal=32%","HAVCR2/CD2/BATF/BATF2/BATF3/DHRS2",0.352487857583619
"GO:0050869","negative regulation of B cell activation",24,0.634812316271204,1.63436208380163,0.0244478834414573,0.240267911346897,0.143834040139221,1726,"tags=21%, list=9%, signal=19%","CR1/CD300A/BTK/MNDA/FOXJ1",0.352487857583619
"GO:1902473","regulation of protein localization to synapse",29,-0.587621379387689,-1.6337962672441,0.0126395889007748,0.159572285290316,0.0955263911809542,699,"tags=17%, list=4%, signal=17%","VPS26B/DLG1/WNT5A/NLGN2/WNT7A",0.380730400722792
"GO:0099024","plasma membrane invagination",54,0.553312895473409,1.63375498471736,0.00765201512733198,0.112427232258325,0.0673034653139266,1672,"tags=15%, list=9%, signal=14%","FCGR1A/ITGB2/CD300A/SPIRE1/STAP1/ARHGAP12/ELMO1/AIF1",0.407017918923954
"GO:0010758","regulation of macrophage chemotaxis",27,0.613052599029473,1.6331047626157,0.0284058038451746,0.26207364081333,0.156887827262761,2079,"tags=33%, list=11%, signal=30%","C3AR1/TRPV4/STAP1/PTK2B/CMKLR1/CCL5/CSF1/RARRES2/C5AR1",0.352487857583619
"GO:0043303","mast cell degranulation",46,0.57310846355659,1.63297325894314,0.00958119108433294,0.132388139575827,0.0792528676632719,1853,"tags=26%, list=9%, signal=24%","CD300A/CD84/LGALS9/IGHE/UNC13D/GNAQ/GAB2/PTGDR/BTK/PTGDS/FGR/TAC1",0.380730400722792
"GO:0001913","T cell mediated cytotoxicity",45,0.571790261779986,1.63262361414805,0.0121015328558333,0.154610236073332,0.0925559088462656,1923,"tags=27%, list=10%, signal=24%","RAET1L/IL12RB1/LILRB1/IL12A/RIPK3/CTSC/ULBP2/NECTIN2/RAET1E/HLA-E/PTPRC/HLA-DRA",0.380730400722792
"GO:0034142","toll-like receptor 4 signaling pathway",55,0.552063187080912,1.63243372239959,0.00762646582807544,0.112427232258325,0.0673034653139266,2559,"tags=31%, list=13%, signal=27%","CD14/IFI35/SQSTM1/ACOD1/LY96/OAS1/SCIMP/TICAM1/IRAK4/MFHAS1/TICAM2/PIK3AP1/NINJ1/LILRA2/IRAK2/TRAF6/NMI",0.407017918923954
"GO:0002709","regulation of T cell mediated immunity",97,0.50778419084385,1.63174483402584,0.00248425394133453,0.0568091844872492,0.0340082638418497,1923,"tags=21%, list=10%, signal=19%","RAET1L/IL12RB1/LILRB4/LILRB1/DENND1B/IL1B/IL12A/CD274/CCR2/RIPK3/WAS/ULBP2/CD80/FZD5/NECTIN2/RSAD2/RAET1E/HLA-E/PTPRC/HLA-DRA",0.431707695803346
"GO:0002251","organ or tissue specific immune response",32,0.602084282298102,1.63159176517871,0.02081114761949,0.219976824747739,0.131686979185426,5011,"tags=56%, list=26%, signal=42%","CR1/RNASE2/IFNLR1/IFNL2/CAMP/OTUD7B/RNASE3/CLDN2/ZBTB46/RPL39/DEFB1/XCL1/RAB17/FFAR3/PRDM16/FFAR2/APOA4/FAU",0.352487857583619
"GO:0040036","regulation of fibroblast growth factor receptor signaling pathway",22,-0.626513230570427,-1.63125149280591,0.00699570371905387,0.105419873735589,0.063108578525345,6240,"tags=45%, list=32%, signal=31%","OTX2/SULF2/SPRY4/FGFBP3/SMOC2/NOG/GPC1/APLN/LRIT3/SULF1",0.407017918923954
"GO:0022407","regulation of cell-cell adhesion",449,0.422844319704987,1.63041266804416,3.20856674427309e-05,0.00207216997319703,0.00124048433030156,3454,"tags=26%, list=18%, signal=22%","IL12RB1/IL1RN/CR1/LILRB4/SPI1/ITGB2/LILRB1/CD300A/EPO/FERMT3/EP300/PSMA6/ADAM8/PSMA1/LGALS9/IL1B/TRPV4/CD69/PSMA7/IL12A/MAP3K8/LILRB2/ARG2/CD274/HAVCR2/IL7/ADA/CCR2/TESPA1/PSMB8/CD276/ABL2/SKAP1/PSMB3/PSMB10/DUSP3/LOXL3/PSMA3/MAD2L2/PSMA2/SPN/PODXL/PSMB2/CD80/IFNL1/ABCA12/FLOT1/ZC3H12A/CD6/PDCD1LG2/PSMA4/NOTCH4/CRTAM/HLA-DPB1/CD47/SCRIB/HLA-E/JAK2/IRF1/AIF1/ZAP70/FOXJ1/CCL5/PTPRC/SMARCA4/HLA-DRA/IL12RB2/FOXO3/BMP7/KAT5/PSMB9/BRD7/APOA1/ZBTB7B/NOD2/RUNX1/RARA/GLI2/SIRPA/ALOX5/FGB/PIEZO1/CD70/SWAP70/PAG1/IFNB1/TRAF6/VCAM1/CD5/ARID1A/CCDC88B/HLA-DQA1/PPARA/RC3H2/STAT5A/TARM1/SHH/IL10/PTPN6/GLMN/IL1A/VNN1/HLA-DMA/AMBRA1/FSTL3/KLF4/TNFSF9/FUT7/TIGIT/ST3GAL4/CD27/NF2/RC3H1/HSPD1/HLA-DRB5/MAGI1/PDCD1",0.557332238758646
"GO:0051307","meiotic chromosome separation",10,-0.760855261351842,-1.63036398873153,0.0153140063459712,0.180723725492515,0.108188494422252,3807,"tags=60%, list=19%, signal=48%","M1AP/CHFR/MAPK15/NCAPH2/TTK/ZWINT",0.380730400722792
"GO:0038166","angiotensin-activated signaling pathway",18,-0.662822365619037,-1.62978695971939,0.0141660920480952,0.173085494733172,0.10361594212647,11,"tags=11%, list=0%, signal=11%","CAV1/SLC26A6",0.380730400722792
"GO:0046633","alpha-beta T cell proliferation",32,0.601355599715221,1.62961710392843,0.021709455361817,0.22381052336052,0.133981985443488,2066,"tags=38%, list=11%, signal=34%","IL12RB1/LGALS9/IL12A/ARG2/CD274/ELF4/CCR2/SH3RF1/HLA-E/IRF1/IL12RB2/ZBTB7B",0.352487857583619
"GO:1902358","sulfate transmembrane transport",15,-0.678103140436713,-1.62939872474649,0.0240142719166732,0.237196430343342,0.141995328013762,1393,"tags=27%, list=7%, signal=25%","RACGAP1/SLC26A7/SLC26A11/SLC26A6",0.352487857583619
"GO:1990868","response to chemokine",93,0.497270798388122,1.62901677453702,0.00456244036145707,0.084585053641272,0.0506360168214532,3814,"tags=33%, list=19%, signal=27%","CCR5/CCR1/CCRL2/CCL8/CCR2/CXCL10/GPR75/CXCR6/CCL4/CCL3/PTK2B/CXCL11/ZC3H12A/CCL26/CCL3L3/CMKLR1/EDN1/JAK2/CCL5/OXSR1/CCL7/RBM15/CCL22/STAT5A/TTC1/MAS1/DOCK8/SLIT2/CXCR3/XCL2/CCL14",0.407017918923954
"GO:1990869","cellular response to chemokine",93,0.497270798388122,1.62901677453702,0.00456244036145707,0.084585053641272,0.0506360168214532,3814,"tags=33%, list=19%, signal=27%","CCR5/CCR1/CCRL2/CCL8/CCR2/CXCL10/GPR75/CXCR6/CCL4/CCL3/PTK2B/CXCL11/ZC3H12A/CCL26/CCL3L3/CMKLR1/EDN1/JAK2/CCL5/OXSR1/CCL7/RBM15/CCL22/STAT5A/TTC1/MAS1/DOCK8/SLIT2/CXCR3/XCL2/CCL14",0.407017918923954
"GO:0002523","leukocyte migration involved in inflammatory response",17,0.686568099152896,1.62852218803127,0.0230301365966142,0.230576001325897,0.138032072797134,3238,"tags=47%, list=16%, signal=39%","ITGB2/ADAM8/RTN4/S100A8/ALOX5/NINJ1/PTN/FUT7",0.352487857583619
"GO:1900246","positive regulation of RIG-I signaling pathway",11,0.756933503056208,1.62822470799319,0.0283141567155425,0.261638834932772,0.156627534966023,2892,"tags=45%, list=15%, signal=39%","DDX60/OASL/ANKRD17/DHX58/ZC3HAV1",0.352487857583619
"GO:0003356","regulation of cilium beat frequency",15,-0.677553786764819,-1.62807869521257,0.0240142719166732,0.237196430343342,0.141995328013762,2722,"tags=47%, list=14%, signal=40%","DNAAF1/CCDC39/CATSPER1/CFAP20/BBS4/CYB5D1/BBS1",0.352487857583619
"GO:1901881","positive regulation of protein depolymerization",17,0.686056508416866,1.62730870772853,0.0233311798749556,0.232009042512883,0.138889948917397,224,"tags=12%, list=1%, signal=12%","PLEK/TRPV4",0.352487857583619
"GO:0042754","negative regulation of circadian rhythm",12,-0.710185525076949,-1.62619357380322,0.0220240622006178,0.224714259640679,0.134522998347237,2002,"tags=50%, list=10%, signal=45%","CRH/PIWIL2/SIN3A/CIPC/GHRL/CRY2",0.352487857583619
"GO:1900747","negative regulation of vascular endothelial growth factor signaling pathway",11,0.755820948015615,1.62583151281979,0.0305536715809306,0.272771743939371,0.163292142286846,1427,"tags=36%, list=7%, signal=34%","IL12A/EMILIN1/DCN/CADM4",0.352487857583619
"GO:0032611","interleukin-1 beta production",93,0.496261095167134,1.6257090727986,0.00470613634628323,0.0859210523599596,0.0514357994151938,2191,"tags=29%, list=11%, signal=26%","AIM2/LILRB4/GBP5/CASP1/LGALS9/IL1B/FFAR4/ARG2/ELF4/IFI16/ORM1/CCL3/NLRP7/RIPK2/CAMP/P2RX7/FZD5/ZC3H12A/HK1/TLR8/JAK2/MEFV/APOA1/PANX1/NOD2/SIRPA/LILRA2",0.407017918923954
"GO:0032651","regulation of interleukin-1 beta production",93,0.496261095167134,1.6257090727986,0.00470613634628323,0.0859210523599596,0.0514357994151938,2191,"tags=29%, list=11%, signal=26%","AIM2/LILRB4/GBP5/CASP1/LGALS9/IL1B/FFAR4/ARG2/ELF4/IFI16/ORM1/CCL3/NLRP7/RIPK2/CAMP/P2RX7/FZD5/ZC3H12A/HK1/TLR8/JAK2/MEFV/APOA1/PANX1/NOD2/SIRPA/LILRA2",0.407017918923954
"GO:0050900","leukocyte migration",337,0.432647964517391,1.62567589833836,6.58419218091736e-05,0.00351775431338649,0.00210586928681055,2206,"tags=20%, list=11%, signal=18%","CCR5/SPI1/C3AR1/ITGB2/CD300A/ITGAL/ICAM2/SELPLG/SELL/CCR1/PTPRO/EDN2/ADAM8/ITGB7/LGALS9/MYO1G/TRPV4/CD69/CREB3/IL12A/FPR2/CCL8/EMILIN1/TGFB2/CCR2/CXCL10/RIPK3/ABL2/ADD2/STAP1/GDF15/FER/HCK/CCL4/CCL3/DAPK2/SPN/PTK2B/CXCL11/CCL26/HOXA7/CMKLR1/JAGN1/IRAK4/AIMP1/CRTAM/EDN1/CD47/DSG4/AIF1/ZAP70/FOXJ1/CCL5/LYST/ARTN/CSF1/RTN4/HSD3B7/S100A8/RARRES2/ITGB3/C5AR1/SIRPA/ALOX5/NINJ1/OXSR1",0.538434096309916
"GO:0098911","regulation of ventricular cardiac muscle cell action potential",12,-0.709853296184402,-1.62543283105218,0.0220240622006178,0.224714259640679,0.134522998347237,603,"tags=25%, list=3%, signal=24%","DLG1/TRPM4/CAV1",0.352487857583619
"GO:0042759","long-chain fatty acid biosynthetic process",24,-0.595786851952355,-1.6253693440909,0.0204157485896052,0.217085395552281,0.129956053317599,3383,"tags=46%, list=17%, signal=38%","GSTP1/GPX4/CYP2C8/GSTM4/CYP1A1/ACOT7/GSTM1/ALOX12/FADS1/ACSBG2/ALOX15B",0.352487857583619
"GO:0002713","negative regulation of B cell mediated immunity",10,0.771249522319264,1.62502234012647,0.0158328323822323,0.183168417146416,0.109651985220936,1726,"tags=30%, list=9%, signal=27%","CR1/C4BPB/FOXJ1",0.352487857583619
"GO:0002890","negative regulation of immunoglobulin mediated immune response",10,0.771249522319264,1.62502234012647,0.0158328323822323,0.183168417146416,0.109651985220936,1726,"tags=30%, list=9%, signal=27%","CR1/C4BPB/FOXJ1",0.352487857583619
"GO:0007198","adenylate cyclase-inhibiting serotonin receptor signaling pathway",10,-0.758121718591597,-1.62450654132419,0.0164277390886144,0.187477985838601,0.112231866457593,1005,"tags=30%, list=5%, signal=28%","HTR1B/ADCY6/GNAI1",0.352487857583619
"GO:0072017","distal tubule development",10,-0.757816151774054,-1.62385177140831,0.0166133612952292,0.188852464858921,0.113054684908342,824,"tags=30%, list=4%, signal=29%","JAG1/PKD1/KLHL3",0.352487857583619
"GO:0015858","nucleoside transport",10,0.770529766518381,1.62350581503047,0.0159903717095905,0.184265518700517,0.110308754358707,2434,"tags=40%, list=12%, signal=35%","SLC28A3/SLC28A2/SLC25A26/SLC29A1",0.352487857583619
"GO:0032608","interferon-beta production",55,0.548559024614414,1.62207202266495,0.00819665285867193,0.118649578449298,0.0710284121317326,3493,"tags=36%, list=18%, signal=30%","TLR7/LILRB1/POLR3A/RIPK2/OAS1/OAS2/TLR2/TLR8/RIOK3/IRF1/ZBTB20/SIRPA/POLR3D/ZC3HAV1/IRF7/ISG15/OAS3/TRIM56/TRAF3IP3/IFIH1",0.380730400722792
"GO:0032648","regulation of interferon-beta production",55,0.548559024614414,1.62207202266495,0.00819665285867193,0.118649578449298,0.0710284121317326,3493,"tags=36%, list=18%, signal=30%","TLR7/LILRB1/POLR3A/RIPK2/OAS1/OAS2/TLR2/TLR8/RIOK3/IRF1/ZBTB20/SIRPA/POLR3D/ZC3HAV1/IRF7/ISG15/OAS3/TRIM56/TRAF3IP3/IFIH1",0.380730400722792
"GO:1901797","negative regulation of signal transduction by p53 class mediator",33,-0.560638656049241,-1.62093834562159,0.0106490582956663,0.140956116224393,0.0843820032614187,1848,"tags=27%, list=9%, signal=25%","CD44/RFFL/CD74/PTTG1IP/ATAD5/BCL2/TAF1/ZNF385A/SNAI2",0.380730400722792
"GO:0002824","positive regulation of adaptive immune response based on somatic recombination of immune receptors built from immunoglobulin superfamily domains",96,0.501423725770387,1.62066909574582,0.00226864529744719,0.052908049258322,0.0316728873117066,1610,"tags=18%, list=8%, signal=16%","RAET1L/IL12RB1/EP300/DENND1B/IL1B/CLCF1/IL12A/CCR2/CLEC6A/MAD2L2/BTK/ULBP2/FZD5/NECTIN2/RSAD2/RAET1E/HLA-E",0.431707695803346
"GO:1900226","negative regulation of NLRP3 inflammasome complex assembly",16,0.683849884033593,1.62050821894075,0.018474240156209,0.202561771265,0.121261627387007,1751,"tags=25%, list=9%, signal=23%","ZDHHC12/HSPA8/IRGM/MEFV",0.352487857583619
"GO:0009620","response to fungus",62,0.529817841403399,1.61904691191363,0.00826097515945583,0.119286857523641,0.0714099130298139,1992,"tags=21%, list=10%, signal=19%","SPI1/ZBP1/POMC/GNLY/CLEC6A/SCIMP/MPO/BTK/CAMP/JAGN1/TAC1/S100A8/RARRES2",0.380730400722792
"GO:0048704","embryonic skeletal system morphogenesis",39,-0.547973997076766,-1.6188244545282,0.00635108152421864,0.100607294118148,0.0602275747076162,3783,"tags=33%, list=19%, signal=27%","FGFR2/OSR1/TGFBR2/NOG/HOXB3/HOXC11/FUZ/OSR2/MEGF8/HOXD11/IRX5/TGFBR1/HOXA9",0.407017918923954
"GO:0045591","positive regulation of regulatory T cell differentiation",19,0.662620567901438,1.6187208485406,0.0152258222988382,0.180461614952469,0.108031584505624,1962,"tags=32%, list=10%, signal=28%","CR1/LILRB4/LILRB2/HLA-DRA/FOXO3/KAT5",0.380730400722792
"GO:0045123","cellular extravasation",64,0.531463904740352,1.61806734486967,0.00468679989430769,0.0859210523599596,0.0514357994151938,992,"tags=17%, list=5%, signal=16%","ITGB2/ITGAL/SELPLG/SELL/ADAM8/ITGB7/CCR2/RIPK3/ADD2/FER/SPN",0.407017918923954
"GO:0071354","cellular response to interleukin-6",33,0.588080201452093,1.61764037822649,0.0183178815630547,0.201222784945929,0.120460056295455,1630,"tags=24%, list=8%, signal=22%","SPI1/SELPLG/FER/C1QTNF4/CAMP/SOCS3/LCN2/JAK2",0.352487857583619
"GO:0002483","antigen processing and presentation of endogenous peptide antigen",23,0.65800991698638,1.61676868508544,0.0278934311939774,0.259515780602716,0.155356589212113,1923,"tags=35%, list=10%, signal=31%","RAET1L/ERAP2/ULBP2/TAP2/RAET1E/HLA-E/TAP1/HLA-DRA",0.352487857583619
"GO:0002712","regulation of B cell mediated immunity",36,0.594599769818359,1.61644968070823,0.0256153984189443,0.245883586009467,0.147195808967597,1726,"tags=25%, list=9%, signal=23%","CR1/CLCF1/C4BPB/MAD2L2/BTK/NECTIN2/SLC15A4/HLA-E/FOXJ1",0.352487857583619
"GO:0002889","regulation of immunoglobulin mediated immune response",36,0.594599769818359,1.61644968070823,0.0256153984189443,0.245883586009467,0.147195808967597,1726,"tags=25%, list=9%, signal=23%","CR1/CLCF1/C4BPB/MAD2L2/BTK/NECTIN2/SLC15A4/HLA-E/FOXJ1",0.352487857583619
"GO:0046640","regulation of alpha-beta T cell proliferation",30,0.618495673885287,1.61639749807825,0.0137991650370957,0.170016127721198,0.101778495521439,2066,"tags=37%, list=11%, signal=33%","IL12RB1/LGALS9/IL12A/ARG2/CD274/CCR2/SH3RF1/HLA-E/IRF1/IL12RB2/ZBTB7B",0.380730400722792
"GO:0043113","receptor clustering",52,0.543937344790689,1.6153970503564,0.0101415220051508,0.135767026934558,0.0812756056030041,2937,"tags=35%, list=15%, signal=30%","ITGB2/ITGAL/GPHN/ITGB7/RELN/ITGB1BP1/SSH1/FZD9/GRIPAP1/DLG3/CD53/SCRIB/LAMA1/NRXN2/DAG1/SHANK3/PTN/NLGN1",0.380730400722792
"GO:0014002","astrocyte development",26,0.622350391931498,1.61391805821583,0.0159351241203821,0.183989635472467,0.110143599556826,347,"tags=8%, list=2%, signal=8%","C1QA/FPR2",0.352487857583619
"GO:1903900","regulation of viral life cycle",106,0.493407643708317,1.61304154220843,0.00279622765664831,0.0624306792116221,0.0373735167934204,4520,"tags=48%, list=23%, signal=37%","OASL/IFITM1/LGALS9/RAD23A/APOBEC3F/ISG20/IFI16/SMPD1/IFIT5/IFNL3/OAS1/APOBEC3G/EIF2AK2/OAS2/NECTIN2/RSAD2/PLSCR1/IFIT1/SRPK1/CCL5/ADAR/TRIM25/RNASEL/TYRO3/PPIH/IFNB1/APOBEC3C/LARP1/MX1/ZC3HAV1/ZNFX1/BST2/ISG15/OAS3/CH25H/PPID/APOBEC3A/ADARB1/IFIH1/TNIP1/TNF/TRIM38/IFITM3/APOBEC3D/CD28/KPNA6/VAPB/VPS37B/IL32/TRIM5/LAMP3",0.431707695803346
"GO:0070098","chemokine-mediated signaling pathway",87,0.50264528955661,1.61295979644571,0.00731299777046778,0.10908245659147,0.0653011480056093,2912,"tags=28%, list=15%, signal=24%","CCR5/CCR1/CCRL2/CCL8/CCR2/CXCL10/GPR75/CXCR6/CCL4/CCL3/PTK2B/CXCL11/CCL26/CCL3L3/CMKLR1/EDN1/JAK2/CCL5/OXSR1/CCL7/RBM15/CCL22/STAT5A/TTC1",0.407017918923954
"GO:0008090","retrograde axonal transport",18,0.670438692819975,1.61273775511981,0.0278489629586725,0.259515780602716,0.155356589212113,1859,"tags=33%, list=9%, signal=30%","RUFY4/KIF5B/RUFY3/KIF1C/ACTR10/KIF1B",0.352487857583619
"GO:0016137","glycoside metabolic process",16,-0.664484960997227,-1.61135581332984,0.0210358119842097,0.2211234365299,0.132373387138011,2153,"tags=38%, list=11%, signal=33%","AKR7A2/NAGA/CBR4/AKR1C2/AKR1B1/FUCA1",0.352487857583619
"GO:0031348","negative regulation of defense response",252,0.441251971526025,1.61058286042794,0.000437637854198189,0.0154011836474416,0.00921976827666899,3257,"tags=29%, list=17%, signal=25%","IL1RN/CR1/LILRB1/SERPINB4/IL13RA2/ATG12/PSMA1/LGALS9/IL1B/FFAR4/CD69/IRGM/FPR2/ARG2/HAVCR2/ACOD1/ELF4/NLRC5/C15orf39/IFI16/SLC39A8/HCK/CLEC12A/SIGLEC10/OAS1/NECTIN4/USP18/YWHAZ/SYT11/LYAR/NECTIN2/METRNL/FGR/PARP1/MFHAS1/HLA-E/CYLD/MEFV/PARP14/IL10RB/DHX58/PTPRC/CLEC12B/PROC/APOA1/RORA/GIGYF2/SIRPA/TREX1/ALOX5/STAT2/TYRO3/CST7/KIR2DL4/GRB2/SERPING1/PRKAR2A/PLCG1/NMI/RPS19/NLRP6/PPARA/A2M/TMEM219/IL10/PTPN6/IL1A/ISG15/OAS3/NPY/TRAFD1/KLF4/PTGER4/TIGIT",0.49849310876659
"GO:0001914","regulation of T cell mediated cytotoxicity",40,0.586558572742733,1.61023358411393,0.0115817842483824,0.15058881864545,0.0901485265516597,1923,"tags=28%, list=10%, signal=25%","RAET1L/IL12RB1/LILRB1/IL12A/RIPK3/ULBP2/NECTIN2/RAET1E/HLA-E/PTPRC/HLA-DRA",0.380730400722792
"GO:0002320","lymphoid progenitor cell differentiation",16,0.679461182737124,1.61010838311793,0.0203371469040535,0.2169172638024,0.12985540288648,1359,"tags=38%, list=7%, signal=35%","SPI1/HES5/FLT3/BATF/FNIP1/LIG4",0.352487857583619
"GO:0050792","regulation of viral process",131,0.47592592821357,1.60996508593703,0.00182907571428519,0.0460673852264167,0.027577790553141,4566,"tags=46%, list=23%, signal=35%","ATG12/OASL/IFITM1/LGALS9/RAD23A/ZFP36/STAT1/APOBEC3F/ISG20/IFI16/SMPD1/IFIT5/IFNL3/OAS1/APOBEC3G/EIF2AK2/OAS2/NECTIN2/RSAD2/PLSCR1/TRIM14/IFIT1/LARP7/SRPK1/CCL5/ADAR/TRIM25/RNASEL/TYRO3/PPIH/IFNB1/APOBEC3C/LARP1/MX1/ZC3HAV1/ZNFX1/BST2/ISG15/OAS3/SP100/CH25H/PPID/APOBEC3A/ADARB1/IFIH1/TNIP1/TNF/TRIM38/IFITM3/APOBEC3D/CD28/KPNA6/VAPB/DYNLT1/TBC1D20/VPS37B/IL32/TRIM5/LAMP3/TRIM8",0.45505986738723
"GO:0032305","positive regulation of icosanoid secretion",13,0.720855041487466,1.60771844344852,0.02928636420675,0.267260811247003,0.159993076216662,1948,"tags=31%, list=10%, signal=28%","IL1B/OXT/EDN1/AVPR1B",0.352487857583619
"GO:0030225","macrophage differentiation",48,0.547198648028442,1.60744435373785,0.0169737169028899,0.191134948860587,0.114421071679145,1873,"tags=19%, list=10%, signal=17%","IL1RL1/IGHE/NRROS/TLR2/LIF/C1QC/PARP1/VPS54/CSF1",0.352487857583619
"GO:0062100","positive regulation of programmed necrotic cell death",8,0.798891355769939,1.60737621621654,0.0227124638905006,0.228172906469183,0.136593483515106,1489,"tags=50%, list=8%, signal=46%","ZBP1/RIPK3/AIFM1/PARP1",0.352487857583619
"GO:0002283","neutrophil activation involved in immune response",14,0.698889266238081,1.60685098855101,0.032425682397306,0.285278047079293,0.170778918601406,453,"tags=21%, list=2%, signal=21%","SPI1/ITGB2/FCER1G",0.321775918075361
"GO:1905671","regulation of lysosome organization",11,0.746848474433041,1.60653100211446,0.0368869673459448,0.311920441859162,0.186728128209509,995,"tags=27%, list=5%, signal=26%","MCOLN1/IRGM/FNIP1",0.321775918075361
"GO:0032722","positive regulation of chemokine production",61,0.535994608127484,1.60358800879386,0.00630250905458006,0.100176028027019,0.0599694014712716,1216,"tags=18%, list=6%, signal=17%","IL1RL1/TLR7/LGALS9/IL1B/TRPV4/HAVCR2/IL7/OAS1/EIF2AK2/CAMP/TLR2",0.407017918923954
"GO:0044782","cilium organization",364,-0.392811789074699,-1.60340543545848,5.37689908684451e-06,0.000489319335534041,0.000292926244514129,3500,"tags=29%, list=18%, signal=24%","RAB23/PTPN23/MAPK15/YAP1/DNAH5/DNAH8/DNALI1/TCTN3/TEKT5/TCHP/GALNT11/WDPCP/TMEM17/CROCC/DZIP1/FLNA/IQCB1/ROPN1B/PPP1R35/CDC14B/PCM1/CDKL1/KIF24/MKS1/DNAAF1/TAPT1/GSN/IFT52/RABL2B/TTLL3/CCDC39/DRC7/ATG5/SPAG16/CFAP47/CFAP74/CCNO/CFAP61/CDK10/PIBF1/FUZ/CCP110/CCDC28B/ELMOD3/TULP3/IFT88/DZIP1L/GSK3B/CFAP20/MARK4/ARL3/DNMBP/DNAI1/NPHP3/CCDC57/IFT57/BBS4/KIAA0753/CDKL5/VANGL2/CFAP54/RABEP2/CCDC88A/PCNT/CEP97/CLUAP1/CCDC181/TTC8/ARL6/CCDC146/DNAAF3/PARVA/SPAG17/IQUB/CEP120/CFAP161/TMEM107/IFT46/B9D2/RFX3/ARL13B/SPATA6/RABL2A/LCA5L/BBS9/AKT1/ODF2/BBOF1/TCTN1/RFX2/DYNLL2/CFAP221/TCTN2/DNAH2/NME8/UNC119B/HYLS1/TMEM80/CFAP44/TMEM67/RAB11B/IFT122/BBS1/DNAAF2",0.610526878385931
"GO:0097499","protein localization to non-motile cilium",13,-0.676807743948487,-1.60324358884886,0.0399371363471407,0.328726260941381,0.196788767780119,2065,"tags=31%, list=11%, signal=28%","TULP3/ARL6/ARL13B/IFT122",0.321775918075361
"GO:0030098","lymphocyte differentiation",347,0.426084513121143,1.60322333698276,0.000146523587582017,0.00667534204821329,0.00399612836655286,2113,"tags=21%, list=11%, signal=19%","IL12RB1/CR1/LILRB4/SPI1/DOCK10/IL27/EP300/PHF14/PSMA6/ADAM8/PSMA1/IL1B/CD69/CLCF1/PSMA7/PRELID1/LILRB2/IL7/CCR2/STAT4/TESPA1/PSMB8/RIPK3/TNFSF13B/FLT3/CD2/BATF/PSMB3/PSMB10/SH3RF1/LOXL3/PSMA3/PSMA2/HDAC4/SPN/BTK/FNIP1/PTK2B/PSMB2/CD80/IGHM/IFNL1/SLAMF6/SOCS3/CFB/RSAD2/ZC3H12A/LIG4/PSMA4/DOCK11/CHD7/ZNF683/CRTAM/KLF6/CD3D/IRF1/ZAP70/FOXJ1/BLNK/PTPRC/SMARCA4/HLA-DRA/FOXO3/KAT5/FANCA/PSMB9/HDAC9/BRD7/ZBTB7B/RUNX1/RARA/RORA/GLI2",0.518848077743792
"GO:0043516","regulation of DNA damage response, signal transduction by p53 class mediator",34,-0.555155514422504,-1.60193673422791,0.00976122442525041,0.133721948594864,0.0800513394146877,1848,"tags=24%, list=9%, signal=21%","CD44/CDKN2A/CD74/SOX4/PTTG1IP/ING4/ZNF385A/SNAI2",0.380730400722792
"GO:0007229","integrin-mediated signaling pathway",103,0.483697898616121,1.60166286579976,0.0044855150411817,0.0840122617809922,0.0502931205646827,3078,"tags=31%, list=16%, signal=26%","PLEK/ITGB2/ITGAL/FERMT3/PHACTR4/ITGB7/FCER1G/ITGB1BP1/ADAM9/HCK/CD63/LOXL3/PTK2B/ITGBL1/FGR/LIMS1/CD47/ITGAX/ITGB3/APOA1/LAMA1/TLN1/SLC2A10/VTN/PTPRA/ITGAM/TEC/PTN/ITGA2B/CUL3/ISG15/SEMA7A",0.407017918923954
"GO:0032965","regulation of collagen biosynthetic process",35,0.582800368172551,1.59977140972114,0.0158131501702853,0.183168417146416,0.109651985220936,2087,"tags=26%, list=11%, signal=23%","CYGB/LARP6/KLF15/DDR2/EMILIN1/SUCO/UCN/GOT1/RUNX1",0.352487857583619
"GO:0070232","regulation of T cell apoptotic process",24,0.620775275101393,1.59822288601249,0.0351768346689447,0.298950681968056,0.17896390803414,1729,"tags=33%, list=9%, signal=30%","ADAM8/LGALS9/PRELID1/ARG2/CD274/RIPK3/IDO1/CCL5",0.321775918075361
"GO:0032613","interleukin-10 production",53,0.539855764363575,1.59704676432521,0.0120830924856719,0.154610236073332,0.0925559088462656,1595,"tags=17%, list=8%, signal=16%","LILRB4/LILRB1/IL27/LGALS9/CD274/RBM47/BTK/PDCD1LG2/CD47",0.380730400722792
"GO:0032653","regulation of interleukin-10 production",53,0.539855764363575,1.59704676432521,0.0120830924856719,0.154610236073332,0.0925559088462656,1595,"tags=17%, list=8%, signal=16%","LILRB4/LILRB1/IL27/LGALS9/CD274/RBM47/BTK/PDCD1LG2/CD47",0.380730400722792
"GO:0070741","response to interleukin-6",37,0.580461629753408,1.59677624792295,0.0223267093371648,0.226088595344629,0.13534573100304,1630,"tags=24%, list=8%, signal=22%","SPI1/SELPLG/STAT4/FER/C1QTNF4/CAMP/SOCS3/LCN2/JAK2",0.352487857583619
"GO:0048705","skeletal system morphogenesis",99,-0.455788137476232,-1.59660622368398,0.0012551300430845,0.0345930015747724,0.0207087627688166,3850,"tags=30%, list=20%, signal=24%","TMEM119/FGFR2/NPPC/OSR1/RAB23/SKI/TGFBR2/MAPK14/NPR2/NOG/HOXB3/GREM1/SOX6/HOXC11/ATG9B/FUZ/BMP4/OSR2/INPPL1/MEGF8/FGFR3/HOXD11/COL5A1/LAMA5/IRX5/TGFBR1/CTDSPL2/BMP1/WNT7A/HOXA9",0.45505986738723
"GO:0045862","positive regulation of proteolysis",67,0.516072344759069,1.59659403893742,0.00604088402710828,0.0978024116454969,0.0585484591907105,886,"tags=12%, list=5%, signal=11%","CR1/ADAM8/IL1B/PRELID1/PLGRKT/CAPN3/ADAM9/NRDC",0.407017918923954
"GO:0048245","eosinophil chemotaxis",20,0.651790588256643,1.59550303128264,0.0278899745924632,0.259515780602716,0.155356589212113,2784,"tags=40%, list=14%, signal=34%","CCL8/CCL4/CCL3/DAPK2/CCL26/CCL5/CCL7/CCL22",0.352487857583619
"GO:0003094","glomerular filtration",23,0.649118773674722,1.59492262819509,0.0337134934179853,0.290519356037389,0.173916577054567,1591,"tags=35%, list=8%, signal=32%","IGHA1/JCHAIN/PTPRO/IGHA2/IGKV3-20/MYO1E/TMEM63C/EDN1",0.321775918075361
"GO:0046185","aldehyde catabolic process",13,-0.673155932544687,-1.59459306250193,0.0414585059157613,0.334227214357928,0.200081859854229,3531,"tags=54%, list=18%, signal=44%","ESD/ALDH2/PDXP/ADH5/PARK7/AGXT2/ADH4",0.321775918075361
"GO:0010453","regulation of cell fate commitment",36,0.58638473071986,1.59411667958408,0.0299622045497033,0.270904424828625,0.162174289926029,2999,"tags=22%, list=15%, signal=19%","IL12RB1/EP300/CD69/LOXL3/MBD3/STAT5A/RBBP7/WNT3A",0.352487857583619
"GO:0090385","phagosome-lysosome fusion",13,-0.672838501431899,-1.59384112164276,0.0414585059157613,0.334227214357928,0.200081859854229,1953,"tags=38%, list=10%, signal=35%","PIKFYVE/SYT7/VIPAS39/CLN3/RAB7B",0.321775918075361
"GO:0032682","negative regulation of chemokine production",22,0.63731632597438,1.59327439643466,0.0196283018197763,0.211661522559312,0.126709104686767,3194,"tags=45%, list=16%, signal=38%","LILRB4/LGALS9/ARG2/OAS1/MEFV/TICAM2/SIRPA/IL10/OAS3/KLF4",0.352487857583619
"GO:0046427","positive regulation of receptor signaling pathway via JAK-STAT",44,0.548649549978265,1.59296498382017,0.0178441432467688,0.197124116280564,0.118006428301493,1925,"tags=23%, list=10%, signal=21%","IL12RB1/EP300/IL12A/HES5/PTK2B/IFNL1/GHR/JAK2/IL10RB/IL12RB2",0.352487857583619
"GO:2000320","negative regulation of T-helper 17 cell differentiation",14,0.692158448881413,1.59137583240569,0.0379842150598462,0.318904617009594,0.190909136498528,3388,"tags=43%, list=17%, signal=35%","CD69/LOXL3/ZC3H12A/RC3H2/STAT5A/RC3H1",0.321775918075361
"GO:0035115","embryonic forelimb morphogenesis",10,-0.742270088276608,-1.59053959841008,0.0221333056352845,0.225437499512248,0.13495595883761,1784,"tags=40%, list=9%, signal=36%","OSR2/ZNF358/IFT122/WNT7A",0.352487857583619
"GO:0060623","regulation of chromosome condensation",10,0.754713023119692,1.59017994496234,0.0190952086404537,0.208052112779923,0.124548366749781,80,"tags=10%, list=0%, signal=10%","EP300",0.352487857583619
"GO:0010324","membrane invagination",61,0.531151558608141,1.58909857920361,0.00720824871378142,0.108068565537993,0.0646941920219116,1672,"tags=13%, list=9%, signal=12%","FCGR1A/ITGB2/CD300A/SPIRE1/STAP1/ARHGAP12/ELMO1/AIF1",0.407017918923954
"GO:0170033","L-amino acid metabolic process",155,-0.424842850077675,-1.58873803090374,0.00118194057517721,0.0332357165565381,0.0198962373396043,2629,"tags=25%, list=13%, signal=21%","DCT/SLC45A2/MRI1/NOS2/RIMKLA/HMGCL/BHMT/PARK7/PYCR1/ASL/MPST/ASNS/ALDH4A1/TTC36/MTR/PAH/SHMT2/ALDH8A1/OAT/HGD/AZIN1/SERINC3/SEPHS2/IYD/ODC1/BCAT2/AGXT2/ADI1/NAGS/CLN3/ICMT/ATF4/PRODH/ACAD8/DLD/DAO/HNMT/NOS1",0.45505986738723
"GO:1903689","regulation of wound healing, spreading of epidermal cells",9,-0.743010404539266,-1.58846066924326,0.031903317265285,0.28194856476403,0.168785756508759,2928,"tags=33%, list=15%, signal=28%","CLASP2/PHLDB2/FERMT1",0.321775918075361
"GO:1902176","negative regulation of oxidative stress-induced intrinsic apoptotic signaling pathway",29,-0.571240228175626,-1.588250845239,0.0178825957973289,0.197178265480116,0.118038844191315,4042,"tags=48%, list=21%, signal=38%","CA3/HIF1A/SIRT1/SOD2/BAG5/MAPK7/PARK7/PYCR1/PINK1/NONO/RACK1/AKT1/FZD1/ATF4",0.352487857583619
"GO:0031664","regulation of lipopolysaccharide-mediated signaling pathway",31,0.60146113250032,1.58784566437606,0.0248363970358995,0.241261992363605,0.144429137037751,3006,"tags=35%, list=15%, signal=30%","CD14/CD180/ACOD1/LY96/SCIMP/SIRPA/LILRA2/CARD16/TRAF6/PTPN6/TRIB1",0.352487857583619
"GO:0048872","homeostasis of number of cells",201,0.441956395031926,1.58617134267414,0.00114333491118283,0.0324607694348866,0.019432322808627,2170,"tags=18%, list=11%, signal=17%","SPRR2A/AIM2/SPI1/DOCK10/EPO/PSMA6/PSMA1/LGALS9/HEATR3/PSMA7/ZFP36/STAT1/IL7/PSMB8/RIPK3/TNFSF13B/FLT3/PSMB3/PSMB10/HSCB/BAP1/PSMA3/PSMA2/BTK/PSMB2/LYAR/PSMA4/DOCK11/MFHAS1/SLC15A4/JAK2/VPS54/WDR37/FOXO3/PSMB9/NOD2/LTBR",0.45505986738723
"GO:0009820","alkaloid metabolic process",17,0.668647411898652,1.58601477055249,0.0341160743053898,0.293128901597626,0.175478756035323,1808,"tags=35%, list=9%, signal=32%","NMRK1/CD38/SLC5A8/SLC25A51/PARP9/BCHE",0.321775918075361
"GO:1902166","negative regulation of intrinsic apoptotic signaling pathway in response to DNA damage by p53 class mediator",14,-0.666241208954609,-1.58490079260627,0.0374464332201147,0.315614776860366,0.188939705801673,4760,"tags=64%, list=24%, signal=49%","MIF/TAF9B/SIRT1/KDM1A/CD44/CD74/ATAD5/BCL2/ZNF385A",0.321775918075361
"GO:1902548","negative regulation of cellular response to vascular endothelial growth factor stimulus",13,0.710307450412802,1.58419421773222,0.0348660852460741,0.297831370626712,0.178293843224001,2300,"tags=38%, list=12%, signal=34%","IL12A/EMILIN1/DCN/CADM4/ATP2B4",0.321775918075361
"GO:0071887","leukocyte apoptotic process",82,0.503946871129444,1.58410293288073,0.00558684397764892,0.0944837041519755,0.0565617473399369,2226,"tags=23%, list=11%, signal=21%","CCR5/LILRB1/ADAM8/LGALS9/PRELID1/ARG2/CD274/RIPK3/EBF4/BTK/FNIP1/BAX/IRS2/IDO1/PLEKHO2/CCL5/NOD2/CLC/FASLG",0.407017918923954
"GO:1903232","melanosome assembly",19,0.648261657824876,1.58364335739531,0.0200555849239479,0.214693392710459,0.128524104162029,1605,"tags=37%, list=8%, signal=34%","AP1S3/ABCB6/HPS5/AP3S1/RAB32/HPS4/AP3D1",0.352487857583619
"GO:0042117","monocyte activation",14,0.688445471752781,1.58283914246377,0.03983706372808,0.328726260941381,0.196788767780119,1873,"tags=29%, list=10%, signal=26%","LILRB4/ADAM9/DYSF/CSF1",0.321775918075361
"GO:0002922","positive regulation of humoral immune response",16,0.66775844503433,1.58237659128135,0.0253049125657888,0.243798313359248,0.145947480847576,1013,"tags=25%, list=5%, signal=24%","CR1/IL1B/ACOD1/CAMP",0.352487857583619
"GO:0032740","positive regulation of interleukin-17 production",25,0.617312546478507,1.58145330386116,0.0174665586872499,0.194047193582169,0.116164458558529,2076,"tags=24%, list=11%, signal=21%","IL12RB1/SPHK1/BTK/SLAMF6/ZBTB7B/NOD2",0.352487857583619
"GO:0001866","NK T cell proliferation",11,0.73479673049277,1.58060673376231,0.0419312235151452,0.336652733058072,0.201533872951273,2066,"tags=45%, list=11%, signal=41%","IL12RB1/IL12A/ELF4/IL12RB2/ZBTB7B",0.321775918075361
"GO:0032602","chemokine production",81,0.500647964444337,1.58052468137785,0.00597957057409745,0.0973460838337138,0.0582752829998962,1820,"tags=20%, list=9%, signal=18%","IL1RL1/TLR7/LILRB4/LGALS9/IL1B/TRPV4/ARG2/HAVCR2/IL7/OAS1/EIF2AK2/CAMP/TLR2/AIF1/MEFV/TICAM2",0.407017918923954
"GO:0032642","regulation of chemokine production",81,0.500647964444337,1.58052468137785,0.00597957057409745,0.0973460838337138,0.0582752829998962,1820,"tags=20%, list=9%, signal=18%","IL1RL1/TLR7/LILRB4/LGALS9/IL1B/TRPV4/ARG2/HAVCR2/IL7/OAS1/EIF2AK2/CAMP/TLR2/AIF1/MEFV/TICAM2",0.407017918923954
"GO:1903376","regulation of oxidative stress-induced neuron intrinsic apoptotic signaling pathway",20,-0.629739155278546,-1.58004161226573,0.0203166480674463,0.2169172638024,0.12985540288648,2038,"tags=40%, list=10%, signal=36%","PARK7/PYCR1/PINK1/NONO/AKT1/FZD1/ATF4/PRODH",0.352487857583619
"GO:2000811","negative regulation of anoikis",17,-0.642139009840494,-1.57992916274026,0.0290606012584816,0.266441737279401,0.15950274558003,446,"tags=18%, list=2%, signal=17%","BCL2/SNAI2/CAV1",0.352487857583619
"GO:0043267","negative regulation of potassium ion transport",25,-0.581198538882245,-1.57983028512279,0.0223505316175564,0.226088595344629,0.13534573100304,1071,"tags=20%, list=5%, signal=19%","KCNE2/ANK3/ATF4/CAV1/NOS1",0.352487857583619
"GO:0070102","interleukin-6-mediated signaling pathway",19,0.646677303875006,1.57977292702481,0.0209603314733932,0.220759620195576,0.132155592040276,1630,"tags=26%, list=8%, signal=24%","SPI1/FER/C1QTNF4/SOCS3/JAK2",0.352487857583619
"GO:0045124","regulation of bone resorption",38,0.569683832661814,1.57973422789883,0.0144607122107488,0.174508430518626,0.104467768746735,3115,"tags=34%, list=16%, signal=29%","RUFY4/ADAM8/CD38/BGLAP/P2RX7/KISS1/SPP1/UBASH3B/ITGB3/GPR137B/CARTPT/DUSP18/GPR137",0.380730400722792
"GO:0046856","phosphatidylinositol dephosphorylation",24,-0.579028055768039,-1.57964958127204,0.0269028297197558,0.254333983797863,0.15225455712866,1896,"tags=25%, list=10%, signal=23%","MTMR9/INPPL1/INPP5B/MTM1/MTMR4/INPP5D",0.352487857583619
"GO:0002476","antigen processing and presentation of endogenous peptide antigen via MHC class Ib",14,0.686602019109851,1.57860076902647,0.0410722971489132,0.332664061435235,0.199146093613261,1610,"tags=36%, list=8%, signal=33%","RAET1L/ULBP2/TAP2/RAET1E/HLA-E",0.321775918075361
"GO:0034135","regulation of toll-like receptor 2 signaling pathway",12,0.702933522242891,1.57778920795851,0.0421305682153418,0.337229005448524,0.201878852793461,1571,"tags=25%, list=8%, signal=23%","TLR1/ACOD1/MFHAS1",0.321775918075361
"GO:0035092","sperm DNA condensation",14,0.685998617884874,1.57721345933138,0.0416899141259274,0.335632363449418,0.200923038643748,1975,"tags=29%, list=10%, signal=26%","PSME4/SRPK1/KAT5/RNF8",0.321775918075361
"GO:0033028","myeloid cell apoptotic process",24,0.612341102312014,1.57650860627678,0.0410887785822922,0.332664061435235,0.199146093613261,3184,"tags=38%, list=16%, signal=31%","CCR5/EPO/BAP1/PLEKHO2/CCL5/NOD2/CTSL/IRF7/FCAR",0.321775918075361
"GO:0019430","removal of superoxide radicals",20,0.643505182472894,1.57522137904409,0.030411076527976,0.272771743939371,0.163292142286846,2576,"tags=30%, list=13%, signal=26%","CYGB/PRDX1/GCH1/BMP7/NOS3/SOD3",0.352487857583619
"GO:0071450","cellular response to oxygen radical",20,0.643505182472894,1.57522137904409,0.030411076527976,0.272771743939371,0.163292142286846,2576,"tags=30%, list=13%, signal=26%","CYGB/PRDX1/GCH1/BMP7/NOS3/SOD3",0.352487857583619
"GO:0071451","cellular response to superoxide",20,0.643505182472894,1.57522137904409,0.030411076527976,0.272771743939371,0.163292142286846,2576,"tags=30%, list=13%, signal=26%","CYGB/PRDX1/GCH1/BMP7/NOS3/SOD3",0.352487857583619
"GO:0033003","regulation of mast cell activation",18,0.6548154273092,1.57515604866801,0.0361018114816591,0.306162115552252,0.183280962366514,1311,"tags=28%, list=7%, signal=26%","CD300A/CD84/FER/NECTIN2/PLSCR1",0.321775918075361
"GO:0097696","cell surface receptor signaling pathway via STAT",156,0.45069209439094,1.57425849821535,0.00368942698646714,0.0750268595137279,0.0449140971939307,2559,"tags=24%, list=13%, signal=21%","IL12RB1/IL21R/EPO/CSF2RB/IL27/EP300/CLCF1/IL12A/STAT1/IL7/CCR2/HES5/STAT4/FLT3/FER/IFNL3/DOT1L/IFNL2/PTK2B/IFNL1/GHR/SOCS3/LIF/PARP9/JAK2/CCL5/PARP14/IL10RB/IFNAR2/PTPRC/IL12RB2/CLEC12B/IL15RA/STAT2/IFNB1/STAMBP/NMI",0.431707695803346
"GO:0035933","glucocorticoid secretion",10,-0.734577585882789,-1.57405607056559,0.0261574584580294,0.249152971406546,0.149152994626713,2002,"tags=40%, list=10%, signal=36%","CRH/GALR1/GHRL/CRY2",0.352487857583619
"GO:1902600","proton transmembrane transport",166,0.448880285715357,1.57387945895563,0.00317604354885907,0.0669018205614506,0.0400501219246435,3845,"tags=31%, list=20%, signal=25%","NDUFC1/SLC9A9/SLC9A8/ATP6V0E1/SLC9A6/ATP6V1E1/FXYD1/NDUFS4/SLC46A1/NDUFV2/COX5B/SLC25A22/SLC47A1/NDUFB1/MT-ND6/SLC9B2/NDUFB3/ATP6V0D2/NDUFA12/ATP6V1D/SLC15A4/ATP6V0D1/NDUFA1/SLC25A13/SLC17A6/ATP1A1/SLC16A1/NDUFB2/ATP6V0B/SLC2A10/LETM1/SLC45A4/UQCR10/UQCRH/ATP6V1B1/COX5A/SLC9A5/NDUFB7/FXYD2/NDUFV3/COX8A/UCP3/NDUFB9/SLC9A1/SLC32A1/SLC36A2/ATP12A/SLC36A1/ATP6V1B2/NDUFA8/NDUFB5",0.431707695803346
"GO:0007204","positive regulation of cytosolic calcium ion concentration",157,0.452520263537525,1.57381128764976,0.00190337070396916,0.0468038059716601,0.0280186416448949,2182,"tags=24%, list=11%, signal=21%","CCR5/CYSLTR1/C3AR1/EPO/CCR1/CCRL2/FFAR4/TRPV4/FPR2/CACNA1A/AGTR1/JPH4/CD52/ADRA1D/CCR2/CD38/ABL2/TBXA2R/OXT/PTGDR/CXCR6/CHRNA10/P2RX7/GRIN1/CDK5/NMU/SLC8A1/CMKLR1/EDN1/JAK2/TAC1/AVPR1B/CIB2/C5AR1/ADCY5/FPR1/LPAR2",0.45505986738723
"GO:0051447","negative regulation of meiotic cell cycle",18,-0.639909376236711,-1.57344714193333,0.0271490798773738,0.254828192682266,0.152550410453883,3732,"tags=39%, list=19%, signal=32%","NPPC/CHFR/RAD1/PDIK1L/TTK/ZWINT/FBXO5",0.352487857583619
"GO:0046415","urate metabolic process",11,-0.710291936472713,-1.57335209609984,0.0351772390773125,0.298950681968056,0.17896390803414,1147,"tags=27%, list=6%, signal=26%","SLC2A9/ABCG2/PRPS1",0.321775918075361
"GO:0060306","regulation of membrane repolarization",34,-0.545111697414642,-1.57295465803707,0.0143224326061254,0.173911025673965,0.104110138167084,2306,"tags=26%, list=12%, signal=23%","KCNJ2/AKAP9/CACNB3/KCNIP2/KCNE2/GJA5/SCN4B/CAV1/NOS1",0.380730400722792
"GO:0002430","complement receptor mediated signaling pathway",16,0.663275786399589,1.57175410624493,0.0268573422763794,0.254333983797863,0.15225455712866,2663,"tags=44%, list=14%, signal=38%","CR1/C3AR1/FPR2/CMKLR1/C5AR1/FPR1/ITGAM",0.352487857583619
"GO:0035019","somatic stem cell population maintenance",19,-0.607486856762155,-1.57147607531986,0.0320272808151501,0.282619113139095,0.169187173749012,3437,"tags=47%, list=18%, signal=39%","SKI/NR5A2/NOG/TAF6L/TAF5L/SIX2/NANOG/MYC/SOX2",0.321775918075361
"GO:0019079","viral genome replication",104,0.479915048974418,1.57144939832566,0.00386453890562843,0.0777804628369119,0.0465625149484868,3944,"tags=42%, list=20%, signal=34%","OASL/IFITM1/RAD23A/CCL8/APOBEC3F/ISG20/IFI16/IFIT5/CXCR6/IFNL3/OAS1/APOBEC3G/EIF2AK2/OAS2/EIF2AK4/RSAD2/ZC3H12A/PLSCR1/IFIT1/SRPK1/CCL5/ADAR/RNASEL/PPIH/IFNB1/APOBEC3C/LARP1/MX1/ZC3HAV1/ZNFX1/BST2/ISG15/OAS3/LAMTOR5/PPID/APOBEC3A/ADARB1/IFIH1/TNIP1/VCP/TNF/IFITM3/APOBEC3D/CD28",0.431707695803346
"GO:0045989","positive regulation of striated muscle contraction",12,0.700058880749468,1.57133685054269,0.045045045045045,0.348303676712519,0.208508596658069,1520,"tags=33%, list=8%, signal=31%","TRPV4/ATP2A1/UCN/GSTO1",0.287857117255149
"GO:0000966","RNA 5'-end processing",37,0.571156520212638,1.57117907295493,0.0271868771161785,0.254828192682266,0.152550410453883,2382,"tags=30%, list=12%, signal=26%","UTP20/RPP14/PNPT1/RPP38/POP4/SNRPG/TGS1/NOP9/NCBP1/SNRPD1/SNRPF",0.352487857583619
"GO:0033033","negative regulation of myeloid cell apoptotic process",9,0.756402670945538,1.5707134048133,0.0291673888413239,0.266733935181635,0.159677667002382,2076,"tags=44%, list=11%, signal=40%","CCR5/EPO/CCL5/NOD2",0.352487857583619
"GO:0032620","interleukin-17 production",36,0.577694869543161,1.57049285051875,0.033350384832605,0.288660105539352,0.172803554889999,2076,"tags=25%, list=11%, signal=22%","IL12RB1/IL12A/ARG2/SPHK1/BTK/SLAMF6/DDIT3/ZBTB7B/NOD2",0.321775918075361
"GO:0032660","regulation of interleukin-17 production",36,0.577694869543161,1.57049285051875,0.033350384832605,0.288660105539352,0.172803554889999,2076,"tags=25%, list=11%, signal=22%","IL12RB1/IL12A/ARG2/SPHK1/BTK/SLAMF6/DDIT3/ZBTB7B/NOD2",0.321775918075361
"GO:0051251","positive regulation of lymphocyte activation",278,0.424224579988768,1.56995625824072,0.000595515421867433,0.0196620456983983,0.0117704917579255,2148,"tags=19%, list=11%, signal=18%","IL12RB1/CR1/LILRB4/SPI1/EPO/EP300/AKIRIN2/ADAM8/LGALS9/IL1B/CLCF1/IL12A/SASH3/MAP3K8/FCGR3A/LILRB2/CD274/HAVCR2/IL7/CCR2/CD38/TESPA1/CD276/ABL2/NFATC2/TNFSF13B/TNIP2/MAD2L2/BTK/CD80/IRS2/CD6/PDCD1LG2/HLA-DPB1/CD47/HLA-E/JAK2/AIF1/ZAP70/CCL5/TAC1/PTPRC/SMARCA4/HLA-DRA/IL12RB2/FOXO3/KAT5/BRD7/ZBTB7B/NOD2/RUNX1/RARA/GLI2/SIRPA",0.477270815362862
"GO:0031342","negative regulation of cell killing",34,0.580103065578596,1.56979244568018,0.0141512359190311,0.173085494733172,0.10361594212647,2413,"tags=38%, list=12%, signal=34%","CR1/LILRB1/SERPINB4/LGALS9/HAVCR2/NECTIN4/NECTIN2/CLU/HLA-E/PTPRC/CLEC12B/KIR2DL4/GRB2",0.380730400722792
"GO:0006104","succinyl-CoA metabolic process",12,-0.685441758544429,-1.56953492235786,0.0352005907643176,0.298950681968056,0.17896390803414,269,"tags=17%, list=1%, signal=16%","DLD/PCCA",0.321775918075361
"GO:1990849","vacuolar localization",78,0.502885191547825,1.5693962285476,0.00617416661673626,0.0994125402919424,0.0595123469902252,2268,"tags=26%, list=12%, signal=23%","CD300A/CD84/LGALS9/IGHE/UNC13D/GNAQ/KIF5B/MAP6/SNAPIN/GAB2/PTGDR/LAMTOR1/BTK/PTGDS/APOLD1/FGR/VPS33A/TAC1/BLOC1S1/PLEKHM2",0.407017918923954
"GO:1902165","regulation of intrinsic apoptotic signaling pathway in response to DNA damage by p53 class mediator",15,-0.652643613341758,-1.56822260196013,0.0374173660947283,0.315614776860366,0.188939705801673,4760,"tags=60%, list=24%, signal=45%","MIF/TAF9B/SIRT1/KDM1A/CD44/CD74/ATAD5/BCL2/ZNF385A",0.321775918075361
"GO:0032418","lysosome localization",77,0.495689776159294,1.56795930612952,0.0119829059948031,0.15409964667715,0.0922502494875384,2268,"tags=25%, list=12%, signal=22%","CD300A/CD84/LGALS9/IGHE/UNC13D/GNAQ/KIF5B/MAP6/SNAPIN/GAB2/PTGDR/LAMTOR1/BTK/PTGDS/FGR/VPS33A/TAC1/BLOC1S1/PLEKHM2",0.380730400722792
"GO:0002448","mast cell mediated immunity",47,0.537384482332302,1.5678511356106,0.0172412535966307,0.192636591991253,0.115320015683444,1853,"tags=26%, list=9%, signal=23%","CD300A/CD84/LGALS9/IGHE/UNC13D/GNAQ/GAB2/PTGDR/BTK/PTGDS/FGR/TAC1",0.352487857583619
"GO:0071389","cellular response to mineralocorticoid stimulus",10,0.744114636683969,1.56784915028574,0.0218895717830486,0.224120232350133,0.134167389707394,3767,"tags=40%, list=19%, signal=32%","AIFM1/EDN1/FOXO3/GPER1",0.352487857583619
"GO:0050832","defense response to fungus",57,0.521331636376856,1.56657365849936,0.00992703962776567,0.134863044168119,0.0807344451426486,1992,"tags=19%, list=10%, signal=17%","SPI1/ZBP1/POMC/GNLY/CLEC6A/MPO/CAMP/JAGN1/TAC1/S100A8/RARRES2",0.380730400722792
"GO:0002690","positive regulation of leukocyte chemotaxis",90,0.478374378804669,1.56558672823941,0.00936830958058134,0.130468140770324,0.0781034791173358,2368,"tags=28%, list=12%, signal=25%","SPI1/C3AR1/CCR1/EDN2/LGALS9/TRPV4/CREB3/IL12A/FPR2/CCR2/CXCL10/CCL4/CCL3/DAPK2/PTK2B/CMKLR1/EDN1/AIF1/CCL5/CSF1/RARRES2/C5AR1/OXSR1/SWAP70/CCL7",0.380730400722792
"GO:0015669","gas transport",20,0.638558892970689,1.56311347193933,0.0332289324401964,0.288660105539352,0.172803554889999,8,"tags=5%, list=0%, signal=5%","CYGB",0.321775918075361
"GO:0008210","estrogen metabolic process",41,-0.513573010026128,-1.56304289890839,0.0212798772593166,0.221740848675539,0.132742994893123,2359,"tags=22%, list=12%, signal=19%","HSD17B7/CYP1A1/UGT2B7/DHRS11/UGT1A6/CYP3A7/UGT1A8/HSD3B1/SULT1E1",0.352487857583619
"GO:0051383","kinetochore organization",27,-0.55645898064067,-1.56183981093291,0.0383537256549633,0.320461316224167,0.191841039290118,1467,"tags=26%, list=7%, signal=24%","MIS18BP1/NUF2/CENPC/CENPT/POGZ/CENPK/MIS12",0.321775918075361
"GO:2000193","positive regulation of fatty acid transport",16,0.65908495907629,1.56182316923649,0.0299622045497033,0.270904424828625,0.162174289926029,2276,"tags=31%, list=12%, signal=28%","IL1B/OXT/EDN1/AVPR1B/FABP3",0.352487857583619
"GO:0043276","anoikis",30,-0.553589566923791,-1.5598179701455,0.0249383113619841,0.241453798804581,0.144543960091632,519,"tags=17%, list=3%, signal=16%","AKT1/BCL2/BMF/SNAI2/CAV1",0.352487857583619
"GO:0045453","bone resorption",49,0.532842531664339,1.5598166507174,0.0217661112283964,0.22381052336052,0.133981985443488,2780,"tags=31%, list=14%, signal=26%","RUFY4/ADAM8/IL7/CD38/BGLAP/PTK2B/P2RX7/KISS1/SPP1/UBASH3B/ITGB3/GPR137B/TRAF6/CARTPT/DUSP18",0.352487857583619
"GO:0002244","hematopoietic progenitor cell differentiation",63,0.512914149146521,1.55956497246254,0.00600371027300626,0.097469075343806,0.0583489106670291,1962,"tags=21%, list=10%, signal=19%","SPI1/PLEK/MLLT3/HES5/FLT3/BATF/N4BP2L2/EIF2AK2/FNIP1/LIG4/SP7/PTPRC/KAT5",0.407017918923954
"GO:0036481","intrinsic apoptotic signaling pathway in response to hydrogen peroxide",9,-0.729012476409164,-1.55853489949668,0.0452273248051827,0.348627560752705,0.208702486677653,2038,"tags=56%, list=10%, signal=50%","PARK7/STK25/PINK1/RACK1/AKT1",0.321775918075361
"GO:0048143","astrocyte activation",21,0.630134705062021,1.55699188778162,0.0243822847680063,0.240024602314193,0.143688385561462,347,"tags=10%, list=2%, signal=9%","C1QA/FPR2",0.352487857583619
"GO:0031665","negative regulation of lipopolysaccharide-mediated signaling pathway",16,0.656786255891857,1.55637596877591,0.0315146368314561,0.27893301303986,0.16698052590054,3006,"tags=38%, list=15%, signal=32%","ACOD1/SIRPA/LILRA2/CARD16/PTPN6/TRIB1",0.321775918075361
"GO:0170038","proteinogenic amino acid biosynthetic process",46,-0.503970129494637,-1.55575552754317,0.0135276635700018,0.167725904643251,0.100407475828154,3313,"tags=35%, list=17%, signal=29%","FOLH1/MTRR/MRI1/BHMT/PYCR1/ASL/ASNS/MTR/PAH/SHMT2/OAT/SEPHS2/AGXT2/ADI1/NAGS/CLN3",0.380730400722792
"GO:0032964","collagen biosynthetic process",48,0.529431655545564,1.55525224425,0.0271287311580172,0.254828192682266,0.152550410453883,1280,"tags=19%, list=7%, signal=18%","CYGB/PCOLCE/LARP6/PLOD3/KLF15/DDR2/EMILIN1/SUCO/UCN",0.352487857583619
"GO:0060337","type I interferon-mediated signaling pathway",75,0.488448045977349,1.55444936903623,0.0164286477296035,0.187477985838601,0.112231866457593,3227,"tags=31%, list=16%, signal=26%","IFI27/OASL/ZBP1/IFITM1/STAT1/NLRC5/RBM47/OAS1/USP18/HDAC4/OAS2/IFNAR2/GIGYF2/STAT2/IFNB1/PTPN1/UBE2K/PTPN6/IRF7/ISG15/OAS3/SP100/TRIM56",0.352487857583619
"GO:0140507","granzyme-mediated programmed cell death signaling pathway",10,0.737727105888909,1.55439062624153,0.0249944267604298,0.241599088932642,0.144630936608779,4640,"tags=80%, list=24%, signal=61%","GZMB/GZMA/PRF1/UBE4B/GSDMB/GZMK/NKG7/BNIP3",0.352487857583619
"GO:0006925","inflammatory cell apoptotic process",18,0.645701719930483,1.55323305983074,0.0407978845746299,0.332031813987357,0.198767604849255,3184,"tags=44%, list=16%, signal=37%","CCR5/PLEKHO2/CCL5/NOD2/FASLG/CTSL/IRF7/FCAR",0.321775918075361
"GO:0032008","positive regulation of TOR signaling",72,0.498809986456321,1.55203700279658,0.0217831579653254,0.22381052336052,0.133981985443488,1827,"tags=22%, list=9%, signal=20%","EP300/RHEB/USP32/RELN/RBX1/SESN2/STAMBPL1/LAMTOR1/PIK3CA/FNIP1/OTUD7B/SRMS/RRAGC/CCL5/OTUD5/MLST8",0.352487857583619
"GO:0000303","response to superoxide",22,0.620789399061721,1.55195750491862,0.0338864853432999,0.291582539330269,0.174553041356296,2576,"tags=27%, list=13%, signal=24%","CYGB/PRDX1/GCH1/BMP7/NOS3/SOD3",0.321775918075361
"GO:0071331","cellular response to hexose stimulus",122,-0.426004409283551,-1.55185761539775,0.0037376599762104,0.0757456126903052,0.0453443717681361,2108,"tags=19%, list=11%, signal=17%","OXCT1/CRH/PIH1D1/PRKAA1/UNC13B/ERN1/SOX4/SMAD4/KCNB1/RACK1/IGF1R/SLC2A5/USF1/GPLD1/PDX1/ZBED6/TRPM4/GHRL/AGER/RAB11B/GNAS/STXBP4/SLC26A6",0.431707695803346
"GO:0043649","dicarboxylic acid catabolic process",17,0.654055100735355,1.55140217708448,0.0477622092331199,0.360514717679146,0.215818617154313,5010,"tags=59%, list=26%, signal=44%","DDO/GOT1/ACSF3/ALDH1L2/ALDH1L1/GLUD2/QPRT/ACOT4/GAD1/ACOT8",0.321775918075361
"GO:0046835","carbohydrate phosphorylation",23,0.631271213306097,1.55107013302098,0.0488994046910513,0.364535197464319,0.218225438138262,1504,"tags=35%, list=8%, signal=32%","GALK2/HK2/GALK1/HK3/GNPTAB/PFKFB4/HK1/NAGK",0.321775918075361
"GO:0099116","tRNA 5'-end processing",15,0.679155236200919,1.55075522896835,0.0479407522282104,0.360514717679146,0.215818617154313,1124,"tags=20%, list=6%, signal=19%","RPP14/RPP38/POP4",0.321775918075361
"GO:0032612","interleukin-1 production",111,0.469518234726444,1.55009511307786,0.00433924824636056,0.0833576718146812,0.0499012566700773,2191,"tags=25%, list=11%, signal=23%","AIM2/LILRB4/GBP5/CASP1/LGALS9/IL1B/FFAR4/ARG2/HAVCR2/ELF4/IFI16/ORM1/CCL3/NLRP7/RIPK2/CAMP/P2RX7/FZD5/ZC3H12A/HK1/TLR8/JAK2/MEFV/APOA1/PANX1/NOD2/SIRPA/LILRA2",0.407017918923954
"GO:0032652","regulation of interleukin-1 production",111,0.469518234726444,1.55009511307786,0.00433924824636056,0.0833576718146812,0.0499012566700773,2191,"tags=25%, list=11%, signal=23%","AIM2/LILRB4/GBP5/CASP1/LGALS9/IL1B/FFAR4/ARG2/HAVCR2/ELF4/IFI16/ORM1/CCL3/NLRP7/RIPK2/CAMP/P2RX7/FZD5/ZC3H12A/HK1/TLR8/JAK2/MEFV/APOA1/PANX1/NOD2/SIRPA/LILRA2",0.407017918923954
"GO:0032635","interleukin-6 production",124,0.454986906401849,1.54936741104662,0.00660829627932985,0.103562034524308,0.0619964012138197,2191,"tags=23%, list=11%, signal=21%","TLR7/LILRB4/AKIRIN2/TLR1/LGALS9/IL1B/TRPV4/LILRB2/HAVCR2/ELF4/ORM1/C1QTNF4/RIPK2/SCIMP/KLF2/BTK/TLR2/SYT11/ZC3H12A/UCN/TLR8/CD47/AIF1/FOXJ1/ZBTB20/NOD2/SIRPA/ARRB1/LILRA2",0.407017918923954
"GO:0032675","regulation of interleukin-6 production",124,0.454986906401849,1.54936741104662,0.00660829627932985,0.103562034524308,0.0619964012138197,2191,"tags=23%, list=11%, signal=21%","TLR7/LILRB4/AKIRIN2/TLR1/LGALS9/IL1B/TRPV4/LILRB2/HAVCR2/ELF4/ORM1/C1QTNF4/RIPK2/SCIMP/KLF2/BTK/TLR2/SYT11/ZC3H12A/UCN/TLR8/CD47/AIF1/FOXJ1/ZBTB20/NOD2/SIRPA/ARRB1/LILRA2",0.407017918923954
"GO:0075509","endocytosis involved in viral entry into host cell",12,-0.676634177174829,-1.54936718911317,0.0396963085527179,0.328610691750861,0.196719583412157,250,"tags=17%, list=1%, signal=16%","TPCN2/CAV1",0.321775918075361
"GO:0002708","positive regulation of lymphocyte mediated immunity",101,0.468948021338193,1.54925792789196,0.00673108597194996,0.104376232868469,0.0624838131060651,3231,"tags=26%, list=16%, signal=22%","RAET1L/IL12RB1/DENND1B/IL1B/CLCF1/IL12A/MAD2L2/BTK/ULBP2/FZD5/SLAMF6/NECTIN2/RSAD2/CRTAM/RAET1E/HLA-E/HLA-DRA/KIR2DL4/TRAF6/CLNK/SECTM1/SLC22A13/CD7/ULBP3/CD226/ULBP1",0.407017918923954
"GO:0062208","positive regulation of pattern recognition receptor signaling pathway",78,0.496189391132376,1.54850007949463,0.0078573444513391,0.114996745334983,0.0688416792391005,3390,"tags=31%, list=17%, signal=26%","GBP5/GBP2/DDX60/TLR1/OASL/CD14/IFI35/BTK/P2RX7/RSAD2/NAGK/MFHAS1/SLC15A4/TICAM2/ANKRD17/DHX58/RTN4/NINJ1/KCNK6/ZC3HAV1/MSR1/SLC19A1/WDFY1/PJA2",0.380730400722792
"GO:0070228","regulation of lymphocyte apoptotic process",40,0.563695223873028,1.54746861245361,0.0192454803303835,0.209067814975349,0.12515640695593,1729,"tags=28%, list=9%, signal=25%","ADAM8/LGALS9/PRELID1/ARG2/CD274/RIPK3/BTK/FNIP1/IRS2/IDO1/CCL5",0.352487857583619
"GO:0033627","cell adhesion mediated by integrin",75,0.485823076197094,1.54609559906569,0.0170000647956966,0.191134948860587,0.114421071679145,2715,"tags=33%, list=14%, signal=29%","ITGB2/ITGAL/FERMT3/ICAM2/ITGB7/EMILIN1/TGFB2/ADA/ITGB1BP1/SKAP1/ADAM9/NPNT/PODXL/LIF/LPXN/ITGBL1/CCL5/ITGAX/ITGB3/PIEZO1/VTN/SWAP70/VCAM1/ITGAM/ICAM1",0.352487857583619
"GO:0040020","regulation of meiotic nuclear division",20,-0.615973443759546,-1.54550287215382,0.0264294807110883,0.251336663655446,0.150460240678919,3244,"tags=30%, list=17%, signal=25%","SIRT2/NPR2/RAD1/RAD51AP1/ZWINT/FBXO5",0.352487857583619
"GO:0045056","transcytosis",21,-0.600951757796195,-1.54516639782636,0.021479579308504,0.223030896812858,0.1335152696198,2520,"tags=33%, list=13%, signal=29%","LRP1/LRPAP1/MFSD2A/IGF1R/PLLP/AGER/RAB11B",0.352487857583619
"GO:0006801","superoxide metabolic process",64,0.50735434313095,1.5446646283515,0.00967336740559108,0.133139063800138,0.0797024011212167,2989,"tags=27%, list=15%, signal=23%","CYGB/ITGB2/CYBB/FPR2/PRDX1/DUOX1/GCH1/PREX1/EDN1/SH3PXD2B/BMP7/MAPT/NOS3/SOD3/ITGAM/NCF1/NCF2",0.380730400722792
"GO:0002753","cytoplasmic pattern recognition receptor signaling pathway",178,0.437103625914324,1.54408315362834,0.00362195061491418,0.0741679573653333,0.0443999238055855,3154,"tags=30%, list=16%, signal=26%","TLR7/GBP5/GBP2/DDX60/ZDHHC12/OASL/HSPA8/IRGM/HAVCR2/IFI16/IRF2/TNIP2/RIPK2/OAS1/SCIMP/TICAM1/EIF2AK2/BTK/P2RX7/PPP6C/ALPK1/NPLOC4/RSAD2/PARP1/NAGK/TLR8/LYPLAL1/RIOK3/IRAK4/SLC15A4/IRF1/PPT1/CYLD/MEFV/BIRC2/ANKRD17/DHX58/PIK3AP1/RTN4/TRIM25/NOD2/TREX1/GPATCH3/IRAK2/TRAF6/KCNK6/CLPB/NLRP6/ZC3HAV1/XIAP/IRF7/MSR1/OAS3/SLC19A1",0.431707695803346
"GO:0170039","proteinogenic amino acid metabolic process",147,-0.415452946858142,-1.54327889569421,0.00146126104630425,0.0385104536732291,0.0230539072336527,2629,"tags=24%, list=13%, signal=21%","DCT/SLC45A2/MRI1/NOS2/AMT/HMGCL/BHMT/PYCR1/ASL/MPST/ASNS/ALDH4A1/TTC36/MTR/PAH/SHMT2/OAT/HGD/AZIN1/SERINC3/SEPHS2/IYD/ODC1/BCAT2/AGXT2/ADI1/NAGS/CLN3/ATF4/PRODH/ACAD8/DLD/DAO/HNMT/NOS1",0.45505986738723
"GO:0043011","myeloid dendritic cell differentiation",10,0.731978098304204,1.54227747026756,0.027478314450877,0.257149767560198,0.153940198596239,1850,"tags=40%, list=9%, signal=36%","BATF/BATF2/BATF3/DHRS2",0.352487857583619
"GO:2000648","positive regulation of stem cell proliferation",21,-0.599569325303341,-1.54161188915322,0.0218346056606031,0.223947604655086,0.134064047822581,925,"tags=29%, list=5%, signal=27%","KAT7/GJA1/NANOG/HNRNPU/TGFBR1/VEGFC",0.352487857583619
"GO:1903978","regulation of microglial cell activation",16,0.650232183941057,1.54084488847338,0.0479704797047971,0.360514717679146,0.215818617154313,2941,"tags=50%, list=15%, signal=43%","SPHK1/STAP1/CCL3/SYT11/MMP8/PTPRC/CST7/TTBK1",0.282013350011725
"GO:0050764","regulation of phagocytosis",94,0.471286763145451,1.53978957721079,0.00924799131446574,0.129405821321703,0.0774675319475409,2534,"tags=28%, list=13%, signal=24%","FCGR1A/CD300A/FPR2/SPHK1/STAP1/HCK/BTK/COLEC10/MYO18A/CFB/TLR2/SYT11/LYAR/PLSCR1/MASP1/DYSF/FGR/CD47/FCN1/PTPRC/TULP1/APOA1/SIRPA/IL15RA/RAB27A/C2",0.380730400722792
"GO:0060119","inner ear receptor cell development",20,-0.613466238522684,-1.53921219041436,0.0282273777197019,0.261638834932772,0.156627534966023,2743,"tags=40%, list=14%, signal=34%","PAFAH1B1/PDZD7/IFT88/GABRB2/GABRB3/PLS1/STRC/GABRA5",0.352487857583619
"GO:0032102","negative regulation of response to external stimulus",359,0.406203774118363,1.53871389036642,0.00054220490721416,0.0181053309073728,0.0108385796416446,3671,"tags=29%, list=19%, signal=24%","IL1RN/CR1/LILRB1/SERPINB4/IL13RA2/PTPRO/RTCA/ATG12/SLIT1/PSMA1/LGALS9/IL1B/FFAR4/ROBO2/CD69/IRGM/FPR2/ARG2/HAVCR2/ACOD1/ELF4/NLRC5/C15orf39/IFI16/STAP1/SLC39A8/HCK/CLEC12A/SIGLEC10/DUSP3/OAS1/EPPK1/NECTIN4/USP18/YWHAZ/SYT11/LYAR/NECTIN2/SPP1/METRNL/FGR/PARP1/MFHAS1/EDN1/HLA-E/AIF1/CYLD/MEFV/PARP14/IL10RB/DHX58/PTPRC/CLEC12B/PROC/APOA1/RORA/GIGYF2/SIRPA/TREX1/ALOX5/LILRA2/FGB/STAT2/VTN/TYRO3/CST7/KIR2DL4/GRB2/CARD16/NOS3/SERPING1/PRKAR2A/PLCG1/NMI/RPS19/NLRP6/PLAT/FAP/PPARA/A2M/TMEM219/IL10/PTPN6/IL1A/TRIB1/AJAP1/ISG15/OAS3/NPY/TRAFD1/MYOZ1/KLF4/PTGER4/TIGIT/MICB/PDGFRA/PRKAR1B/PDCD1/SERPINB2/SLIT2/CRK/PSMB4/CD200/PLK2/TNF",0.477270815362862
"GO:0010712","regulation of collagen metabolic process",39,0.559462395919879,1.5385774887462,0.0107114062075637,0.141145592560206,0.0844954314205848,2087,"tags=23%, list=11%, signal=21%","CYGB/LARP6/KLF15/DDR2/EMILIN1/SUCO/UCN/GOT1/RUNX1",0.380730400722792
"GO:2000515","negative regulation of CD4-positive, alpha-beta T cell activation",29,0.585938811594424,1.53768803702454,0.0337134934179853,0.290519356037389,0.173916577054567,3714,"tags=45%, list=19%, signal=36%","LGALS9/CD69/ARG2/CD274/LOXL3/ZC3H12A/RUNX1/RC3H2/STAT5A/TARM1/RC3H1/RUNX3/LGALS9C",0.321775918075361
"GO:0035313","wound healing, spreading of epidermal cells",23,-0.581801458320225,-1.5371436144785,0.0410947947255369,0.332664061435235,0.199146093613261,2928,"tags=35%, list=15%, signal=30%","CLASP2/PHLDB2/ADAM17/ITGB5/ITGAV/COL5A1/FERMT1/WNT7A",0.321775918075361
"GO:0050871","positive regulation of B cell activation",61,0.513743357684886,1.53701674511067,0.0103387183806759,0.137157218788335,0.0821078303881468,1141,"tags=20%, list=6%, signal=19%","SPI1/AKIRIN2/CLCF1/SASH3/IL7/CD38/NFATC2/TNFSF13B/TNIP2/MAD2L2/BTK/IRS2",0.380730400722792
"GO:0008344","adult locomotory behavior",21,-0.597415618327681,-1.53607428050763,0.0228996854564056,0.229661179910061,0.137484423885101,3254,"tags=43%, list=17%, signal=36%","DRD2/APP/SEZ6L/PAFAH1B1/TUBA1A/GDNF/DRD4/NTF4/NLGN2",0.352487857583619
"GO:0019532","oxalate transport",10,-0.716732277138446,-1.53581706477509,0.0349374592425423,0.298007907065923,0.178399525040358,1341,"tags=30%, list=7%, signal=28%","SLC26A7/SLC26A11/SLC26A6",0.321775918075361
"GO:1905521","regulation of macrophage migration",40,0.55943274367273,1.53576715740873,0.0443262411347518,0.345956599135373,0.207103541573732,2079,"tags=30%, list=11%, signal=27%","C3AR1/TRPV4/EMILIN1/STAP1/CCL3/PTK2B/CMKLR1/CCL5/CSF1/RTN4/RARRES2/C5AR1",0.287857117255149
"GO:0051043","regulation of membrane protein ectodomain proteolysis",25,0.598724273751193,1.53383320366171,0.0271868771161785,0.254828192682266,0.152550410453883,3671,"tags=40%, list=19%, signal=33%","ADAM8/IL1B/ADAM9/NRDC/TIMP3/PACSIN3/IFNG/IL10/TSPAN15/TNF",0.352487857583619
"GO:0045582","positive regulation of T cell differentiation",100,0.461584629716316,1.53335406959452,0.00842911347556076,0.120824146087489,0.072330195824793,2113,"tags=19%, list=11%, signal=17%","IL12RB1/CR1/LILRB4/EP300/ADAM8/LILRB2/IL7/TESPA1/CD80/ZAP70/SMARCA4/HLA-DRA/FOXO3/KAT5/BRD7/ZBTB7B/RUNX1/RARA/GLI2",0.380730400722792
"GO:0002420","natural killer cell mediated cytotoxicity directed against tumor cell target",10,0.726992843547482,1.53177354110267,0.0296517181763274,0.269757194616527,0.161487511756398,4491,"tags=70%, list=23%, signal=54%","IL12A/HAVCR2/NECTIN2/CRTAM/CD226/NKG7/CEACAM1",0.352487857583619
"GO:0010649","regulation of cell communication by electrical coupling",16,-0.631654492908246,-1.53174292708764,0.0436214430560898,0.344479939040474,0.206219553419961,1198,"tags=25%, list=6%, signal=23%","PDE4D/ANK3/GJA5/CAV1",0.321775918075361
"GO:0072593","reactive oxygen species metabolic process",189,0.433648243780008,1.53164522920916,0.00163290566303549,0.0417242894854763,0.0249778386759676,2989,"tags=24%, list=15%, signal=21%","CYGB/ITGB2/CYBB/HK2/FPR2/TXN/ABCD1/PDK3/ARG2/AGTR1/ACOD1/PRDX1/RIPK3/SESN2/NDUFS4/MPO/DUOX1/GCH1/SLC25A33/GRIN1/ZC3H12A/LCN2/PREX1/PRDX4/EDN1/DCXR/SH3PXD2B/FOXO3/BMP7/SIRPA/ALOX5/MAPT/ROMO1/ZNF205/RAB27A/GRB2/NOS3/CDKN1A/SOD3/EIF6/ITGAM/NCF1/PLIN5/PPARA/PRDX6/NCF2",0.45505986738723
"GO:0062207","regulation of pattern recognition receptor signaling pathway",177,0.434613393058142,1.5314812335013,0.00379989520306097,0.0767422134308912,0.0459409770747734,2336,"tags=23%, list=12%, signal=21%","CD300A/GBP5/GBP2/DDX60/TLR1/ZDHHC12/OASL/HSPA8/CD14/IRGM/IFI35/SQSTM1/ACOD1/IFI16/EIF2AK2/BTK/P2RX7/PPP6C/NPLOC4/RSAD2/PARP1/NAGK/LYPLAL1/RIOK3/MFHAS1/SLC15A4/IRF1/PPT1/MEFV/BIRC2/TICAM2/ANKRD17/DHX58/RTN4/S100A8/TREX1/NINJ1/LILRA2/GPATCH3/LGR4/TYRO3",0.431707695803346
"GO:0141084","inflammasome-mediated signaling pathway",56,0.510325290605328,1.5304130883186,0.0189678243856999,0.207586413249085,0.124269580270821,1751,"tags=20%, list=9%, signal=18%","GBP5/GBP2/ZDHHC12/HSPA8/IRGM/IFI16/EIF2AK2/BTK/P2RX7/IRAK4/MEFV",0.352487857583619
"GO:0006887","exocytosis",335,0.408717826226862,1.52977779048318,0.000604373996132953,0.0196777615272771,0.011779899885499,2937,"tags=24%, list=15%, signal=20%","RUFY4/SPI1/PLEK/ITGB2/SYTL2/CD300A/CCR1/CD84/LGALS9/IGHE/STX11/FCGR3A/UNC13D/CCL8/GNAQ/POMC/FCER1G/CCR2/SNAPIN/SNF8/GAB2/RAB21/HCK/PTGDR/CCL3/ITSN1/BTK/PTGDS/SYP/RAB3C/ABCA12/DTNBP1/SYT11/CDK5/BAIAP3/RAB11FIP5/APOLD1/LLGL2/RIMS4/FGR/ABCC4/PPFIA3/JAGN1/SCRIB/TRIM72/EXOC3L1/SCAMP3/CCL5/CRHBP/SLC4A8/RAB25/TAC1/EXOC1/COPS5/OTOF/RAB8A/RAB13/FGB/SYT2/PPFIA2/NSF/RALA/RAB27A/VAMP3/CPLX1/IL1RAPL1/CLNK/CARTPT/ITGAM/VTI1B/SYTL5/NAPA/CORO1A/SYNJ1/PAK1/EXOC6B/IFNG/LIN7B/NLGN1",0.477270815362862
"GO:0097529","myeloid leukocyte migration",193,0.42396677395271,1.52946807439678,0.00340650516079341,0.070575053442417,0.0422490669384819,2368,"tags=20%, list=12%, signal=17%","SPI1/C3AR1/ITGB2/CD300A/CCR1/PTPRO/EDN2/ADAM8/TRPV4/CREB3/FPR2/CCL8/EMILIN1/TGFB2/CCR2/CXCL10/STAP1/CCL4/CCL3/DAPK2/PTK2B/CCL26/CMKLR1/JAGN1/IRAK4/EDN1/CD47/AIF1/CCL5/CSF1/RTN4/S100A8/RARRES2/C5AR1/SIRPA/NINJ1/SWAP70/CCL7",0.431707695803346
"GO:0001916","positive regulation of T cell mediated cytotoxicity",31,0.578825139432569,1.52808708396362,0.0382692365330572,0.320382198154953,0.191793676030166,1923,"tags=26%, list=10%, signal=23%","RAET1L/IL12RB1/IL12A/ULBP2/NECTIN2/RAET1E/HLA-E/HLA-DRA",0.321775918075361
"GO:0032782","bile acid secretion",9,0.735867903155336,1.52807178511558,0.0490018148820327,0.364536286154058,0.218226089871749,2328,"tags=33%, list=12%, signal=29%","CES1/SLC51A/CLDN2",0.276500599254472
"GO:0001578","microtubule bundle formation",95,-0.436832533849678,-1.52776304690439,0.00679720131518726,0.105124084550936,0.0629315072168226,2722,"tags=24%, list=14%, signal=21%","DNAAF1/CAPN6/KIF20A/TTLL3/CCDC39/DRC7/SPAG16/CFAP47/CFAP74/TPPP3/MARK4/DNAI1/TRIM46/CDK5RAP2/CCDC146/DNAAF3/SPAG17/NAV1/CHP1/BBOF1/DNAH2/CFAP44/DNAAF2",0.407017918923954
"GO:0007601","visual perception",191,-0.394728996110039,-1.5272163879241,0.00138582933319646,0.0368530271094823,0.0220617049975681,2986,"tags=21%, list=15%, signal=18%","CRYBB2/EFEMP1/KRT12/SLC4A10/PDE6D/GUCY2D/SLC45A2/NRL/ABCC6/AIPL1/GJA3/CLIC5/LCTL/GPR143/PDCL/DLL4/BBS4/CRYAA/RIMS1/GRK1/UNC119/OAT/SFRP5/ARL6/RBP4/CNNM4/LRIT3/PDE6A/BBS9/CACNA2D4/MYO3B/VSX2/RAX/IRX5/RGS16/CABP5/HMCN1/SIX6/BBS1/ZIC2",0.45505986738723
"GO:0061577","calcium ion transmembrane transport via high voltage-gated calcium channel",17,-0.620710990077482,-1.52720731777438,0.0430494030174106,0.342363177877772,0.204952375009268,1750,"tags=24%, list=9%, signal=21%","CACNB3/PDE4D/PDE4B/NOS1",0.321775918075361
"GO:1904044","response to aldosterone",16,0.643948240881528,1.52595392831812,0.0479704797047971,0.360514717679146,0.215818617154313,1884,"tags=31%, list=10%, signal=28%","CYBB/AIFM1/SH3RF1/PARP1/PTPRC",0.282013350011725
"GO:0045684","positive regulation of epidermis development",22,-0.5859540527673,-1.52564762666234,0.0200519936035989,0.214693392710459,0.128524104162029,1907,"tags=18%, list=10%, signal=16%","BMP4/ETV4/PKP1/ALOX15B",0.352487857583619
"GO:2000108","positive regulation of leukocyte apoptotic process",23,0.62070580053957,1.52511029857934,0.0476190476190476,0.360514717679146,0.215818617154313,1729,"tags=30%, list=9%, signal=28%","ADAM8/LGALS9/PRELID1/CD274/FNIP1/IDO1/CCL5",0.282013350011725
"GO:0099172","presynapse organization",54,-0.483210000439104,-1.52505516637974,0.0142312408364279,0.173161495643244,0.103661439329524,365,"tags=11%, list=2%, signal=11%","FZD1/CBLN1/PFN2/WNT5A/NLGN2/WNT7A",0.380730400722792
"GO:0002440","production of molecular mediator of immune response",169,0.437050512049316,1.52356551677273,0.00282931388019445,0.0625108183229428,0.0374214912902635,3407,"tags=28%, list=17%, signal=24%","CR1/LILRB4/LILRB1/DENND1B/IL1B/XRCC4/CLCF1/SASH3/KLK5/TGFB2/CCR2/MZB1/BATF/CTNNBL1/SCIMP/TICAM1/MAD2L2/BTK/FZD5/RSAD2/LIG4/HK1/SLC15A4/HLA-E/PTPRC/PCYT1A/RTN4/RNF8/APOA1/NOD2/CLC/KIR2DL4/IFNB1/TRAF6/DHX36/CLNK/NBN/SECTM1/CD7/IL10/DDX21/BST2/SEMA7A/CD226/DDX1/PARP3/SMC4/HSPD1",0.431707695803346
"GO:0045954","positive regulation of natural killer cell mediated cytotoxicity",25,0.594671677185515,1.52345111720556,0.0290094426923637,0.266388272973471,0.15947073969509,1610,"tags=24%, list=8%, signal=22%","IL12A/SLAMF6/NECTIN2/CRTAM/RAET1E/HLA-E",0.352487857583619
"GO:0007586","digestion",119,-0.431904361460971,-1.52305373356333,0.00298993065654832,0.0643656500678918,0.0385318682114218,1341,"tags=13%, list=7%, signal=12%","SLC26A7/HIP1R/AKR1C2/RBP4/CEL/SLC2A5/PLS1/SOAT2/PGA4/GHRL/PGA5/DAO/PGA3/SLC26A6/UCN2",0.431707695803346
"GO:0032543","mitochondrial translation",125,0.44879822193377,1.52150588384448,0.00712719981321089,0.107126734788339,0.0641303742357962,3511,"tags=34%, list=18%, signal=28%","GFM1/MRPS31/MALSU1/MRPS28/MRPL44/MRPL22/GATB/MRPL40/MRPL48/MRPL46/MRPS22/MRPL27/UQCC2/MRPL21/MRPL53/MRPS16/MRPS7/MRPL47/MRPL54/MRPL9/MRPS18C/MRPS11/MRPL4/MRPL18/MRPL35/MRPL36/MRPL39/MRPL1/TACO1/MRPS33/MRPL51/MRPL20/MRPL16/MTG1/CHCHD1/MRPS9/MRPL30/MTRF1L/MPV17L2/COA3/MRPL12/TRUB2",0.407017918923954
"GO:0042104","positive regulation of activated T cell proliferation",22,0.608230024360773,1.52055939172003,0.0374849607365212,0.315614776860366,0.188939705801673,51,"tags=9%, list=0%, signal=9%","IL12RB1/EPO",0.321775918075361
"GO:0007519","skeletal muscle tissue development",84,-0.447262489854793,-1.52041728969988,0.0167845758208887,0.19006349152093,0.113779654200066,3502,"tags=25%, list=18%, signal=21%","MEGF10/SKI/MSTN/SIRT2/POPDC2/CFL2/GPC1/CHRNA1/KAT8/POPDC3/ZBTB18/NR1D2/FBXO22/IGF2/NACA/NEURL1/MYOCD/USP19/DDX17/COL6A1/CAV1",0.352487857583619
"GO:2000403","positive regulation of lymphocyte migration",39,0.552412253855717,1.51918889363867,0.0129903939478082,0.16243520261972,0.0972402486984415,2368,"tags=36%, list=12%, signal=32%","ADAM8/LGALS9/CCR2/CXCL10/ABL2/CCL4/CCL3/SPN/PTK2B/AIF1/CCL5/ITGB3/OXSR1/CCL7",0.380730400722792
"GO:2000209","regulation of anoikis",22,-0.583147160806167,-1.51833932656855,0.0204267864115044,0.217085395552281,0.129956053317599,446,"tags=14%, list=2%, signal=13%","BCL2/SNAI2/CAV1",0.352487857583619
"GO:0048708","astrocyte differentiation",45,0.531716335648686,1.51820117206253,0.0282944212175519,0.261638834932772,0.156627534966023,752,"tags=11%, list=4%, signal=11%","C1QA/CLCF1/FPR2/HES5/NTRK3",0.352487857583619
"GO:0071276","cellular response to cadmium ion",21,0.614380806505452,1.5180657787188,0.0336065339451986,0.290449411758724,0.173874705594793,1653,"tags=24%, list=8%, signal=22%","CYBB/ABCB6/SLC39A8/DAXX/PPP5C",0.321775918075361
"GO:0000305","response to oxygen radical",23,0.617406272568657,1.51700316620759,0.0476190476190476,0.360514717679146,0.215818617154313,2576,"tags=26%, list=13%, signal=23%","CYGB/PRDX1/GCH1/BMP7/NOS3/SOD3",0.282013350011725
"GO:0071322","cellular response to carbohydrate stimulus",131,-0.418160687815321,-1.51603630170062,0.00315356767473528,0.0666851694055661,0.0399204258246649,2400,"tags=20%, list=12%, signal=18%","LEP/NR1H4/OXCT1/CRH/PIH1D1/PRKAA1/UNC13B/ERN1/SOX4/SMAD4/KCNB1/RACK1/IGF1R/SLC2A5/FBP1/USF1/GPLD1/PDX1/ZBED6/TRPM4/GHRL/AGER/RAB11B/GNAS/STXBP4/SLC26A6",0.431707695803346
"GO:0046426","negative regulation of receptor signaling pathway via JAK-STAT",25,-0.557588877871534,-1.5156538376769,0.0328682208987048,0.287878590494319,0.172335708535792,54,"tags=12%, list=0%, signal=12%","PIAS3/PIAS2/CAV1",0.321775918075361
"GO:0072676","lymphocyte migration",101,0.458534755617126,1.51485574739535,0.0101683600439043,0.135816936313694,0.0813054833657139,4236,"tags=38%, list=22%, signal=30%","ITGAL/ADAM8/LGALS9/MYO1G/CD69/CCR2/CXCL10/RIPK3/ABL2/CCL4/CCL3/SPN/PTK2B/CXCL11/CCL26/CRTAM/DSG4/AIF1/ZAP70/CCL5/ARTN/HSD3B7/ITGB3/OXSR1/CCL7/CXCL16/WASL/FUT7/CH25H/DOCK8/CXCR3/CD200/S100A7/FUT4/F11R/PIK3CD/XCL1/WNK1",0.380730400722792
"GO:0099054","presynapse assembly",44,-0.500572418103242,-1.51366635011739,0.0269177706180485,0.254333983797863,0.15225455712866,365,"tags=11%, list=2%, signal=11%","FZD1/CBLN1/WNT5A/NLGN2/WNT7A",0.352487857583619
"GO:0006298","mismatch repair",32,-0.53765164934614,-1.51361643955133,0.0380553768200017,0.31904629040107,0.190993947891618,4488,"tags=47%, list=23%, signal=36%","AXIN2/HDAC10/MLH1/RPA1/SETD2/MUTYH/TP73/PCNA/PRKCG/MCM9/XPC/RNASEH2B/PMS1/POLD3/RNASEH2C",0.321775918075361
"GO:0032480","negative regulation of type I interferon production",45,0.530104895293401,1.51360005211928,0.029183243206022,0.266733935181635,0.159677667002382,2309,"tags=31%, list=12%, signal=28%","LILRB1/XAF1/ATG12/IRGM/HAVCR2/ACOD1/RBX1/IRF2/NPLOC4/CYLD/OTUD5/DHX58/SIRPA/GPATCH3",0.352487857583619
"GO:0045621","positive regulation of lymphocyte differentiation",113,0.456146913112861,1.51293735559359,0.00493535144995289,0.0873646399740155,0.0522999890510907,2113,"tags=19%, list=11%, signal=17%","IL12RB1/CR1/LILRB4/SPI1/EP300/ADAM8/LILRB2/IL7/TESPA1/BTK/CD80/ZAP70/SMARCA4/HLA-DRA/FOXO3/KAT5/BRD7/ZBTB7B/RUNX1/RARA/GLI2",0.407017918923954
"GO:0072678","T cell migration",66,0.500069069971395,1.51197624856757,0.0210701249713704,0.2211234365299,0.132373387138011,2206,"tags=27%, list=11%, signal=24%","ITGAL/ADAM8/LGALS9/MYO1G/CD69/CCR2/CXCL10/RIPK3/ABL2/CCL3/SPN/CXCL11/CCL26/AIF1/ZAP70/CCL5/ITGB3/OXSR1",0.352487857583619
"GO:0042113","B cell activation",228,0.418706213599666,1.50982522569425,0.00226753680477534,0.052908049258322,0.0316728873117066,2076,"tags=18%, list=11%, signal=16%","CR1/SPI1/DOCK10/CD300A/AKIRIN2/PHF14/IGHE/CLCF1/IL12A/SASH3/CD180/IL7/CD38/MZB1/NFATC2/TNFSF13B/FLT3/BATF/TNIP2/MAD2L2/HDAC4/BTK/FNIP1/PTK2B/IGHM/IRS2/CFB/LIG4/DOCK11/SLC15A4/KLF6/ZAP70/MNDA/FOXJ1/BLNK/PTPRC/PCYT1A/IL12RB2/RNF8/HDAC9/NOD2",0.431707695803346
"GO:1903706","regulation of hemopoiesis",352,0.399890055571653,1.50906300338431,0.00106338328039408,0.0307857317186012,0.0184295778279581,3187,"tags=26%, list=16%, signal=22%","IL12RB1/CR1/LILRB4/SPI1/LILRB1/IL27/EP300/CCR1/PSMA6/ADAM8/PSMA1/LGALS9/CD69/PSMA7/KAT6A/PRELID1/ZFP36/LILRB2/STAT1/IL7/CCR2/TESPA1/PSMB8/CD2/BATF/PSMB3/CCL3/BGLAP/CLEC12A/PSMB10/SH3RF1/LRRC17/LOXL3/HAX1/PSMA3/PSMA2/CDC73/BTK/PTK2B/PSMB2/CD80/IFNL1/KISS1/ZC3H12A/LIF/HOXA7/PSMA4/C1QC/ZNF683/CRTAM/IRF1/ZAP70/FOXJ1/UBASH3B/CSF1/SMARCA4/HLA-DRA/FOXO3/KAT5/FANCA/PSMB9/BRD7/ZBTB7B/RUNX1/RARA/GLI2/GPR137B/TMEM176A/ZNF16/IFNB1/TRAF6/RBM15/PPARGC1B/ARID1A/CARTPT/EIF6/DUSP18/RC3H2/STAT5A/PTN/IFNG/PPP2R3C/SHH/IL10/TRIB1/IRF7/ISG15/VNN1/GPR137/AMBRA1/FSTL3",0.45505986738723
"GO:0071326","cellular response to monosaccharide stimulus",124,-0.423465742660846,-1.5085485153918,0.00398405851904906,0.0796948770882633,0.0477085603555841,2400,"tags=20%, list=12%, signal=18%","LEP/NR1H4/OXCT1/CRH/PIH1D1/PRKAA1/UNC13B/ERN1/SOX4/SMAD4/KCNB1/RACK1/IGF1R/SLC2A5/USF1/GPLD1/PDX1/ZBED6/TRPM4/GHRL/AGER/RAB11B/GNAS/STXBP4/SLC26A6",0.407017918923954
"GO:0014904","myotube cell development",22,-0.579236264512319,-1.50815653216572,0.0215511659526424,0.223160135683637,0.133592637208435,1003,"tags=18%, list=5%, signal=17%","FBXO22/NACA/TMEM182/COL6A1",0.352487857583619
"GO:1903588","negative regulation of blood vessel endothelial cell proliferation involved in sprouting angiogenesis",7,0.775487760854791,1.5064778180571,0.0331668047326091,0.288660105539352,0.172803554889999,330,"tags=29%, list=2%, signal=28%","NGFR/IL12A",0.321775918075361
"GO:1900152","negative regulation of nuclear-transcribed mRNA catabolic process, deadenylation-dependent decay",10,-0.702432592900518,-1.50517563871683,0.0479474425412313,0.360514717679146,0.215818617154313,3087,"tags=60%, list=16%, signal=51%","SYNCRIP/IGF2BP1/YBX1/DHX9/TOB1/HNRNPU",0.321775918075361
"GO:0002484","antigen processing and presentation of endogenous peptide antigen via MHC class I via ER pathway",13,0.674640525566163,1.50464650065069,0.0441696113074205,0.345652204598815,0.206921318755279,1610,"tags=31%, list=8%, signal=28%","RAET1L/ULBP2/RAET1E/HLA-E",0.287857117255149
"GO:0002486","antigen processing and presentation of endogenous peptide antigen via MHC class I via ER pathway, TAP-independent",13,0.674640525566163,1.50464650065069,0.0441696113074205,0.345652204598815,0.206921318755279,1610,"tags=31%, list=8%, signal=28%","RAET1L/ULBP2/RAET1E/HLA-E",0.287857117255149
"GO:0016553","base conversion or substitution editing",18,0.624367702323846,1.50191416068144,0.0460176991150442,0.351685328607432,0.210532989560405,3868,"tags=44%, list=20%, signal=36%","APOBEC3F/RBM47/APOBEC3G/ADAR/APOBEC3C/APOBEC3A/ADARB1/APOBEC3D",0.282013350011725
"GO:0019722","calcium-mediated signaling",214,0.417385227900142,1.50156077208005,0.00402215137128453,0.0801294359628446,0.047968704784605,1611,"tags=17%, list=8%, signal=16%","CCR5/PLEK/C3AR1/CCR1/GBP1/MCOLN1/CCRL2/EDN2/KSR2/IRGM/FPR2/GNA15/FCGR3A/AGTR1/JPH4/POMC/CCR2/NFATC2/SPHK1/GRIN2D/CXCR6/CCL4/CCL3/BNIP1/BTK/MCOLN2/P2RX7/GRIN1/NUDT4/SLC8A1/NCALD/CMKLR1/GSTO1/EDN1/ITPR1/OPRL1",0.407017918923954
"GO:1900225","regulation of NLRP3 inflammasome complex assembly",45,0.525054853507481,1.49918074835839,0.0312398766251142,0.277336487803318,0.166024781649596,1028,"tags=16%, list=5%, signal=15%","GBP5/ZDHHC12/HSPA8/IRGM/EIF2AK2/BTK/P2RX7",0.352487857583619
"GO:0030216","keratinocyte differentiation",135,0.441357154437193,1.49763756618736,0.00696665230130122,0.105419873735589,0.063108578525345,1482,"tags=10%, list=8%, signal=9%","KRT75/TGM1/IVL/CERS3/SPRR2D/KLK5/ZFP36/ADAM9/ABCA12/POU2F3/HOXA7/SPRR4/KRT4",0.407017918923954
"GO:0050953","sensory perception of light stimulus",194,-0.388656162392251,-1.49708562642645,0.00193914319026871,0.0472877366357228,0.0283083420138256,2986,"tags=21%, list=15%, signal=18%","CRYBB2/EFEMP1/KRT12/SLC4A10/PDE6D/GUCY2D/SLC45A2/NRL/ABCC6/AIPL1/GJA3/CLIC5/LCTL/GPR143/PDCL/DLL4/BBS4/CRYAA/RIMS1/GRK1/UNC119/OAT/SFRP5/ARL6/RBP4/CNNM4/LRIT3/PDE6A/BBS9/CACNA2D4/MYO3B/VSX2/RAX/IRX5/RGS16/CABP5/HMCN1/SIX6/BBS1/ZIC2",0.45505986738723
"GO:0051480","regulation of cytosolic calcium ion concentration",56,-0.47095389835832,-1.49705955949828,0.0144039425983203,0.174508430518626,0.104467768746735,2202,"tags=16%, list=11%, signal=14%","ATP2B1/MYH7B/P2RY1/SLC35G1/CLN3/P2RX1/TRPC6/WNT5A/CAV1",0.380730400722792
"GO:0050901","leukocyte tethering or rolling",30,0.57171598376491,1.49414187485545,0.0305016663618736,0.272771743939371,0.163292142286846,4000,"tags=40%, list=20%, signal=32%","SELPLG/SELL/ITGB7/ADD2/SPN/VCAM1/FUT7/ST3GAL4/TNF/GOLPH3/FUT4/PODXL2",0.352487857583619
"GO:0030595","leukocyte chemotaxis",207,0.411388490238482,1.49306093357209,0.00481749231084954,0.0865822700638004,0.0518316309401854,2368,"tags=19%, list=12%, signal=17%","CCR5/SPI1/C3AR1/ITGB2/CCR1/PTPRO/EDN2/ADAM8/LGALS9/TRPV4/CREB3/IL12A/FPR2/CCL8/TGFB2/CCR2/CXCL10/STAP1/CCL4/CCL3/DAPK2/PTK2B/CXCL11/CCL26/CMKLR1/EDN1/AIF1/CCL5/LYST/CSF1/HSD3B7/S100A8/RARRES2/C5AR1/ALOX5/NINJ1/OXSR1/SWAP70/CCL7",0.407017918923954
"GO:0002474","antigen processing and presentation of peptide antigen via MHC class I",34,0.551587927419249,1.49262883264975,0.0297808008488781,0.270095318809964,0.161689926504744,1665,"tags=24%, list=8%, signal=22%","RAET1L/ERAP2/PSMB10/ULBP2/TAP2/RAET1E/HLA-E/TAP1",0.352487857583619
"GO:0032507","maintenance of protein location in cell",46,-0.483485158555994,-1.49251843291355,0.0232575350182604,0.232009042512883,0.138889948917397,2126,"tags=37%, list=11%, signal=33%","KDELR1/HDAC3/ARL2BP/PARK7/PINK1/RER1/CD4/PDIA2/BBS4/PGR/CCDC88A/SORL1/ANK3/FAM76B/AKT1/HNRNPU/CAV1",0.352487857583619
"GO:0045185","maintenance of protein location",46,-0.483485158555994,-1.49251843291355,0.0232575350182604,0.232009042512883,0.138889948917397,2126,"tags=37%, list=11%, signal=33%","KDELR1/HDAC3/ARL2BP/PARK7/PINK1/RER1/CD4/PDIA2/BBS4/PGR/CCDC88A/SORL1/ANK3/FAM76B/AKT1/HNRNPU/CAV1",0.352487857583619
"GO:0042551","neuron maturation",34,0.551229510129747,1.49165893473532,0.030411076527976,0.272771743939371,0.163292142286846,2,"tags=3%, list=0%, signal=3%","C1QA",0.352487857583619
"GO:0007259","cell surface receptor signaling pathway via JAK-STAT",139,0.432876857466444,1.49027504677807,0.00970310693576429,0.133236353881978,0.0797606428791701,2990,"tags=27%, list=15%, signal=23%","IL12RB1/IL21R/CSF2RB/IL27/EP300/CLCF1/IL12A/STAT1/IL7/CCR2/HES5/STAT4/FLT3/FER/IFNL3/DOT1L/IFNL2/PTK2B/IFNL1/GHR/SOCS3/PARP9/JAK2/PARP14/IL10RB/IFNAR2/PTPRC/IL12RB2/IL15RA/STAT2/IFNB1/STAMBP/NMI/STAT5A/IFNG/IL10/PTK6",0.380730400722792
"GO:0071634","regulation of transforming growth factor beta production",32,0.549663128244848,1.48953536910739,0.0444839857651246,0.346727300187848,0.207564914236837,1863,"tags=28%, list=9%, signal=25%","LILRB1/IL13RA2/GATA6/LGALS9/KLF15/TGFB2/PTGS2/BMPR1A/LUM",0.287857117255149
"GO:0002687","positive regulation of leukocyte migration",137,0.432701893755367,1.4893811630881,0.00841560528088839,0.120824146087489,0.072330195824793,2368,"tags=23%, list=12%, signal=21%","SPI1/C3AR1/CCR1/EDN2/ADAM8/LGALS9/TRPV4/CREB3/IL12A/FPR2/CCL8/CCR2/CXCL10/ABL2/CCL4/CCL3/DAPK2/SPN/PTK2B/CMKLR1/EDN1/CD47/AIF1/CCL5/CSF1/RTN4/RARRES2/ITGB3/C5AR1/OXSR1/SWAP70/CCL7",0.380730400722792
"GO:0045840","positive regulation of mitotic nuclear division",43,0.524620911964137,1.48781727291735,0.0375966664709648,0.316102444706524,0.189231643398191,1591,"tags=19%, list=8%, signal=17%","EPGN/MAD1L1/IL1B/BTC/ANAPC7/CDC20/NSMCE2/EDN1",0.321775918075361
"GO:0007585","respiratory gaseous exchange by respiratory system",35,0.541524628400376,1.48647060895181,0.046551724137931,0.354843687105863,0.212423710050257,1118,"tags=17%, list=6%, signal=16%","TMPRSS11D/CYSLTR1/CSF2RB/PHOX2B/COX5B/YWHAZ",0.276500599254472
"GO:0045132","meiotic chromosome segregation",66,-0.446945682832455,-1.48562887258252,0.0195451309355638,0.211152085493214,0.126404135159197,4195,"tags=32%, list=21%, signal=25%","TEX12/ANKRD31/M1AP/CHFR/NDC80/MAPK15/DDB1/NCAPH2/FANCD2/PSMC3IP/ZCWPW1/TERB1/NUF2/CENPC/TTK/SYCE2/SKA3/FMN2/ZWINT/C14orf39/SKA1",0.352487857583619
"GO:0019377","glycolipid catabolic process",22,-0.570505793728342,-1.48542501939895,0.0260486970203862,0.249152971406546,0.149152994626713,2477,"tags=36%, list=13%, signal=32%","SUMF1/PNLIPRP2/NAGA/NEU4/FUCA1/PRKCD/NEU3/SUMF2",0.352487857583619
"GO:0170034","L-amino acid biosynthetic process",43,-0.494979065107535,-1.48509804085804,0.0305090364268372,0.272771743939371,0.163292142286846,3313,"tags=35%, list=17%, signal=29%","FOLH1/MTRR/MRI1/BHMT/PARK7/PYCR1/ASL/ASNS/MTR/PAH/OAT/SEPHS2/ADI1/NAGS/CLN3",0.352487857583619
"GO:0071025","RNA surveillance",35,0.540717730260666,1.48425569515806,0.0482758620689655,0.361884236453202,0.216638466202047,4272,"tags=40%, list=22%, signal=31%","RBX1/ZC3H4/INTS7/XRN1/REXO2/INTS6/INTS3/EXOSC7/EXOSC9/INTS2/ARMC5/INTS10/EXOSC2/WDR82",0.271288554688953
"GO:0032196","transposition",42,0.517386308701829,1.48313033272127,0.0306109913309125,0.272771743939371,0.163292142286846,4211,"tags=40%, list=21%, signal=32%","MORC2/PIWIL4/TDRD5/APOBEC3F/APOBEC3G/C19orf84/TDRD9/SMYD5/TEX19/APOBEC3C/UBR2/MOV10/PGBD5/APOBEC3A/MPHOSPH8/DNMT3L/ZNF91",0.352487857583619
"GO:0042269","regulation of natural killer cell mediated cytotoxicity",48,0.504870526677396,1.48310175911482,0.0397427668701136,0.328610691750861,0.196719583412157,2413,"tags=29%, list=12%, signal=26%","LILRB1/SERPINB4/LGALS9/IL12A/HAVCR2/NECTIN4/SLAMF6/NECTIN2/CRTAM/RAET1E/HLA-E/CLEC12B/KIR2DL4/GRB2",0.321775918075361
"GO:0072311","glomerular epithelial cell differentiation",18,0.616389973879961,1.48272376490128,0.047787610619469,0.360514717679146,0.215818617154313,1726,"tags=33%, list=9%, signal=30%","PTPRO/KLF15/MYO1E/PODXL/EDN1/FOXJ1",0.276500599254472
"GO:0070374","positive regulation of ERK1 and ERK2 cascade",174,0.422769248632426,1.482225271651,0.00698971086040169,0.105419873735589,0.063108578525345,4348,"tags=30%, list=22%, signal=23%","EPO/CCR1/IL13RA2/DUSP15/LGALS9/IL1B/FFAR4/TRPV4/FPR2/DDR2/HAVCR2/NELFE/NPNT/CCL3/SCIMP/NECAB2/TNFAIP8L3/PTK2B/NTRK1/MFHAS1/GPBAR1/PTPRC/IAPP/ITGB3/NOD2/C5AR1/ARRB1/FGB/ACTA2/GCG/BRAF/ICAM1/ABCA7/TMEM219/GLIPR2/SEMA7A/NPY/FLT4/PDGFRA/P2RY6/TNF/S100A7/GPER1/NPY5R/GCNT2/CHI3L1/SLAMF1/MC5R/VEGFB/PDGFD/CD36/ADORA2A",0.407017918923954
"GO:0002711","positive regulation of T cell mediated immunity",63,0.487142967834114,1.4812052084734,0.0125243637289685,0.159319665876944,0.0953751630346772,1610,"tags=17%, list=8%, signal=16%","RAET1L/IL12RB1/DENND1B/IL1B/IL12A/ULBP2/FZD5/NECTIN2/RSAD2/RAET1E/HLA-E",0.380730400722792
"GO:1904491","protein localization to ciliary transition zone",22,-0.568782268243573,-1.48093747886073,0.0271730822123411,0.254828192682266,0.152550410453883,3489,"tags=45%, list=18%, signal=37%","MAPK15/TCTN3/TMEM17/IQCB1/MKS1/TMEM107/B9D2/TCTN1/TCTN2/TMEM67",0.352487857583619
"GO:0043372","positive regulation of CD4-positive, alpha-beta T cell differentiation",30,0.566489281505019,1.48048223451711,0.0464285714285714,0.354364564007421,0.212136887683563,2097,"tags=20%, list=11%, signal=18%","IL12RB1/EP300/CD80/HLA-DRA/ZBTB7B/RARA",0.282013350011725
"GO:0019646","aerobic electron transport chain",85,0.469973324914388,1.47962758370682,0.0297651135852194,0.270095318809964,0.161689926504744,3103,"tags=26%, list=16%, signal=22%","NDUFC1/COX7A2/NDUFS4/SDHAF2/NDUFV2/COX5B/NDUFB1/MT-ND6/NDUFAB1/NDUFB3/SLC25A51/COX7C/COX6C/NDUFA1/NDUFB2/NDUFC2-KCTD14/UQCR10/UQCRH/COX5A/NDUFB7/NDUFV3/COX8A",0.352487857583619
"GO:0030890","positive regulation of B cell proliferation",34,0.546454251400851,1.47873680843814,0.0344711000116478,0.294885960361651,0.176530602115705,1141,"tags=24%, list=6%, signal=22%","CLCF1/SASH3/IL7/CD38/NFATC2/TNFSF13B/BTK/IRS2",0.321775918075361
"GO:0010721","negative regulation of cell development",209,0.414015947951679,1.47715177882479,0.00284584936613978,0.0626406618906498,0.0374992208748123,3187,"tags=27%, list=16%, signal=23%","CR1/LILRB4/LILRB1/PSMA6/SLIT1/PSMA1/IL1B/CD69/PSMA7/CDKL3/PTHLH/PRTG/HES5/PSMB8/RUFY3/PSMB3/CCL3/CLEC12A/NTRK3/PSMB10/LRRC17/LOXL3/PSMA3/PSMA2/PSMB2/IFNL1/KISS1/DAAM2/ZC3H12A/SPP1/HOXA7/PSMA4/DPYSL5/C1QC/IRF1/FOXJ1/RTN4/PSMB9/ZBTB7B/RUNX1/RARA/DCC/DIP2B/GPR137B/TMEM176A/IFNB1/CARTPT/DUSP18/RC3H2/STAT5A/PTN/WNT3A/TRIB1/GPR137/RNF10/FSTL3",0.431707695803346
"GO:0086064","cell communication by electrical coupling involved in cardiac conduction",25,-0.542730625609116,-1.47526571668591,0.044049563056424,0.345633220404011,0.206909954052342,1268,"tags=20%, list=6%, signal=19%","ATP1B1/PDE4D/GJA5/GJA1/CAV1",0.321775918075361
"GO:0045333","cellular respiration",269,0.402839593401173,1.47524307670137,0.00289732511907118,0.0632995528802279,0.037893659535019,3103,"tags=25%, list=16%, signal=21%","NDUFC1/PNPT1/EP300/COX7A2/HCCS/TRPV4/HK2/C2orf69/PRELID1/ABCD1/PDK3/NDUFS4/ENO2/SDHAF2/UQCC2/NDUFV2/IFNLR1/IDH1/COX5B/OAS1/HDAC4/NCOR1/P2RX7/SLC25A33/HK3/NDUFB1/MLXIPL/MT-ND6/ADSL/NDUFAB1/PFKFB4/UCN/MDH1/NDUFB3/ADPGK/SLC25A51/HK1/COQ10B/COX7C/PRKAG2/NDUFA12/COX6C/VPS54/NDUFA1/MLST8/IL10RB/SLC25A13/ZBTB20/BLOC1S1/ARL2/NDUFB2/NDUFC2-KCTD14/UQCR10/PRKAG3/EIF6/SDHAF4/UQCRH/MFN2/PPARA/IFNG/COX5A/NDUFB7/PFKP/ACO1/NDUFV3/COX8A",0.431707695803346
"GO:2000404","regulation of T cell migration",42,0.514418845021019,1.47462385444336,0.0329884720541576,0.288501860509352,0.172708823047244,2206,"tags=29%, list=11%, signal=25%","ADAM8/LGALS9/CD69/CCR2/CXCL10/RIPK3/ABL2/SPN/AIF1/CCL5/ITGB3/OXSR1",0.321775918075361
"GO:0015986","proton motive force-driven ATP synthesis",54,0.498704166486749,1.4725129751403,0.0402776997363192,0.329223979624962,0.197086722212365,3845,"tags=30%, list=20%, signal=24%","NDUFC1/NDUFS4/NDUFV2/VPS9D1/NDUFB1/MT-ND6/NDUFAB1/NDUFB3/NDUFA12/NDUFA1/NDUFB2/NDUFB7/NDUFV3/NDUFB9/NDUFA8/NDUFB5",0.321775918075361
"GO:0001942","hair follicle development",43,-0.490677316569885,-1.47219139737375,0.0343954882964788,0.294668053525373,0.176400154314914,660,"tags=12%, list=3%, signal=11%","FOXI3/BCL2/FERMT1/WNT5A/GNAS",0.321775918075361
"GO:0002685","regulation of leukocyte migration",201,0.409994347642667,1.47146028929438,0.00532240642764001,0.0919993605154127,0.0550745192688314,2368,"tags=20%, list=12%, signal=18%","SPI1/C3AR1/CD300A/CCR1/EDN2/ADAM8/LGALS9/TRPV4/CD69/CREB3/IL12A/FPR2/CCL8/EMILIN1/CCR2/CXCL10/RIPK3/ABL2/STAP1/GDF15/CCL4/CCL3/DAPK2/SPN/PTK2B/HOXA7/CMKLR1/EDN1/CD47/DSG4/AIF1/CCL5/CSF1/RTN4/RARRES2/ITGB3/C5AR1/NINJ1/OXSR1/SWAP70/CCL7",0.407017918923954
"GO:1903039","positive regulation of leukocyte cell-cell adhesion",241,0.402391683533149,1.46988899538859,0.00293880076435675,0.0634975444563404,0.0380121852596826,3275,"tags=25%, list=17%, signal=21%","IL12RB1/CR1/LILRB4/ITGB2/EPO/EP300/ADAM8/LGALS9/IL1B/IL12A/MAP3K8/LILRB2/CD274/HAVCR2/IL7/CCR2/TESPA1/CD276/ABL2/SKAP1/CD80/CD6/PDCD1LG2/HLA-DPB1/CD47/HLA-E/JAK2/AIF1/ZAP70/CCL5/PTPRC/SMARCA4/HLA-DRA/IL12RB2/FOXO3/KAT5/BRD7/ZBTB7B/NOD2/RUNX1/RARA/GLI2/SIRPA/ALOX5/CD70/TRAF6/VCAM1/CD5/ARID1A/CCDC88B/HLA-DQA1/SHH/PTPN6/IL1A/VNN1/HLA-DMA/AMBRA1/TNFSF9/FUT7/ST3GAL4/CD27",0.431707695803346
"GO:0032757","positive regulation of interleukin-8 production",63,0.483349948750534,1.46967216788078,0.0132163106703111,0.164909252249296,0.0987213143627328,2371,"tags=24%, list=12%, signal=21%","TLR7/TLR1/LGALS9/IL1B/CD14/CD2/DUOX1/CAMP/TLR2/TLR8/DDIT3/FCN1/NOD2/LILRA2/RAB1A",0.380730400722792
"GO:0050852","T cell receptor signaling pathway",140,0.423346663384079,1.46751475491177,0.0149559096023747,0.179014013713149,0.107164992152135,4236,"tags=41%, list=22%, signal=33%","LILRB4/CD300A/LCP2/GBP1/EIF2B3/DENND1B/CD274/RBCK1/TESPA1/CD276/SKAP1/RIPK2/DUSP3/PIK3CA/BTK/CD80/NECTIN2/ZC3H12A/PDCD1LG2/ZNF683/HLA-DPB1/CD3D/ZAP70/PTPRC/BTN3A2/TRAT1/UBE2N/RAB29/CD247/BTN3A1/TRAF6/PLCG1/KCNN4/RNF31/UBR2/TRBC1/TEC/RC3H2/SH2D1A/TRBC2/CD226/CD8B/TRDC/LIME1/EZR/SIVA1/RC3H1/PDCD1/THEMIS2/BTRC/CD28/PVRIG/LGALS3/PIK3CD/PTPRJ/PTPN2/TXK/WNK1",0.380730400722792
"GO:0002700","regulation of production of molecular mediator of immune response",136,0.430424974249711,1.46609514608443,0.00873579487243379,0.124612297245858,0.0745979355438082,3298,"tags=28%, list=17%, signal=23%","CR1/LILRB4/LILRB1/DENND1B/IL1B/CLCF1/SASH3/TGFB2/CCR2/MZB1/SCIMP/TICAM1/MAD2L2/BTK/FZD5/RSAD2/HK1/SLC15A4/HLA-E/PTPRC/RTN4/APOA1/NOD2/CLC/KIR2DL4/IFNB1/TRAF6/DHX36/CLNK/SECTM1/CD7/IL10/DDX21/BST2/SEMA7A/CD226/DDX1/PARP3",0.380730400722792
"GO:0071539","protein localization to centrosome",35,-0.50288282310372,-1.46435207090078,0.0321018466923056,0.282852403314363,0.16932683063555,2808,"tags=34%, list=14%, signal=29%","GOLGB1/PCM1/PIBF1/TRIM69/GSK3B/MARK4/BBS4/KIAA0753/UBXN2B/BICD1/CCDC14/DCTN2",0.321775918075361
"GO:0002688","regulation of leukocyte chemotaxis",113,0.441311815685358,1.4637326532779,0.00959628168441424,0.132388139575827,0.0792528676632719,2368,"tags=24%, list=12%, signal=21%","SPI1/C3AR1/CCR1/EDN2/LGALS9/TRPV4/CREB3/IL12A/FPR2/CCR2/CXCL10/STAP1/CCL4/CCL3/DAPK2/PTK2B/CMKLR1/EDN1/AIF1/CCL5/CSF1/RARRES2/C5AR1/NINJ1/OXSR1/SWAP70/CCL7",0.380730400722792
"GO:0007249","canonical NF-kappaB signal transduction",323,0.392685179704858,1.46359242910046,0.00293628491017567,0.0634975444563404,0.0380121852596826,3806,"tags=31%, list=19%, signal=25%","TLR7/LILRB4/SPI1/APOL3/EP300/PSMA6/SLC20A1/ADAM8/CASP1/LGALS9/IL1B/IRGM/SQSTM1/STAT1/RBCK1/RBX1/NLRC5/C15orf39/DHX15/CAPN3/SLC39A8/IFIT5/TRAF4/TRAF5/TNIP2/MIER1/RIPK2/CLEC6A/OPTN/TICAM1/EIF2AK2/BTK/ERC1/MYO18A/OTUD7B/TLR2/TNFSF10/ALPK1/FLOT1/ZC3H12A/PRDX4/CC2D1A/CREBBP/PARP1/TLR8/RIOK3/IRAK4/HUWE1/LIMS1/PPP5C/CYLD/NKIRAS1/BIRC2/TICAM2/ANKRD17/NDFIP2/TRIM25/NOD2/RORA/SIRPA/LTBR/ARRB1/UBE2N/FASLG/EDA2R/CASP10/IRAK2/CARD16/CTH/TRAF6/DHX36/TRIM22/RNF31/NLRP6/SECTM1/CUL1/ZC3HAV1/XIAP/IL1A/DDX21/BST2/TFG/LAMTOR5/KLF4/S100A12/DDX1/PPM1N/SIVA1/TNIP1/TMEM9B/TRAF1/CD200/PLK2/PIAS4/TNF/MAP3K13/TRIM38/BIRC3/PPM1A",0.431707695803346
"GO:0070227","lymphocyte apoptotic process",53,0.494376725914831,1.46250684460274,0.0412449172256991,0.333420053006098,0.199598660588763,2226,"tags=28%, list=11%, signal=25%","ADAM8/LGALS9/PRELID1/ARG2/CD274/RIPK3/EBF4/BTK/FNIP1/BAX/IRS2/IDO1/CCL5/CLC/FASLG",0.321775918075361
"GO:0036480","neuron intrinsic apoptotic signaling pathway in response to oxidative stress",22,-0.560564699535231,-1.45954140840502,0.0327950177341197,0.287666148094659,0.17220853196665,2038,"tags=36%, list=10%, signal=33%","PARK7/PYCR1/PINK1/NONO/AKT1/FZD1/ATF4/PRODH",0.321775918075361
"GO:0018108","peptidyl-tyrosine phosphorylation",120,0.430797053223126,1.45802686126728,0.0146277944158939,0.175526894605726,0.105077462332379,3444,"tags=28%, list=18%, signal=24%","ITGB2/IL12A/DDR2/IL7/ABL2/FLT3/FER/HCK/BTK/PTK2B/CD80/IFNL1/SRMS/LIF/CADM4/NTRK1/FGR/PDCL3/PARP9/JAK2/ZAP70/PARP14/IL10RB/FGF7/DYRK1A/ZGPAT/IFNG/IL10/PTPN6/PTK6/ZFYVE28/FLT4/LILRA5/PDGFRA",0.380730400722792
"GO:0034728","nucleosome organization",61,-0.447698367915265,-1.45703152879799,0.0214290352774894,0.222899894381956,0.13343684629311,225,"tags=11%, list=1%, signal=11%","SMARCC1/POLE3/TSPYL4/SMARCC2/HMGA1/NAP1L5/TSPYL1",0.352487857583619
"GO:0006979","response to oxidative stress",375,0.386246261364115,1.45575271675101,0.00192968849923799,0.0472532471250902,0.0282876952048992,2287,"tags=21%, list=12%, signal=19%","CYGB/PNPT1/RBPMS/AMBP/PSMA6/PSMA1/PRR5L/PSMA7/TOR1A/C19orf12/PSMD6/PSMD14/TXN/ABCD1/DDR2/RBX1/PRDX1/CD38/RIPK3/ABL2/SESN2/FER/ADAM9/PSMB3/AIFM1/PSMB5/ATOX1/PEX14/PSMD1/HGF/MAPKAP1/MSRB2/PSME2/PSMB7/KLF2/MPO/PSMA3/DUOX1/PSMA2/BTK/GCH1/PSMB2/KEAP1/PYROXD1/NCOA7/OSER1/ZC3H12A/UCN/PTGS2/SLC23A2/SLC8A1/LCN2/PRDX4/PSMA4/PARP1/PSMD4/PSME1/EDN1/JAK2/PPP5C/AIF1/SETX/USP25/IPCEF1/DHRS2/MET/FOXO3/BMP7/TRIM25/PSMD8/UBR4/OXR1/SIRPA/ALOX5/OXSR1/PSME3/MAPT/ROMO1",0.45505986738723
"GO:0042776","proton motive force-driven mitochondrial ATP synthesis",52,0.49013467188227,1.4556126929301,0.045452487690917,0.34885362673705,0.208837818872802,3845,"tags=29%, list=20%, signal=23%","NDUFC1/NDUFS4/NDUFV2/NDUFB1/MT-ND6/NDUFAB1/NDUFB3/NDUFA12/NDUFA1/NDUFB2/NDUFB7/NDUFV3/NDUFB9/NDUFA8/NDUFB5",0.321775918075361
"GO:0061512","protein localization to cilium",83,-0.423109134382282,-1.45444659822808,0.0244894422977019,0.240274544880791,0.143838011239544,3489,"tags=30%, list=18%, signal=25%","MAPK15/GGA1/TCTN3/TMEM17/CROCC/DZIP1/IQCB1/ROPN1B/MKS1/CCDC39/TULP3/GSK3B/ARL3/BBS4/CCDC88A/ARL6/TMEM107/B9D2/ARL13B/BBS9/TCTN1/TCTN2/TMEM67/IFT122/BBS1",0.352487857583619
"GO:0086011","membrane repolarization during action potential",31,-0.521312968150908,-1.45360346971856,0.0313398328285955,0.277804219507776,0.16630478466946,3052,"tags=35%, list=16%, signal=30%","FLNA/KCNJ5/SCN2B/KCNJ2/CACNB3/ATP1B1/KCNIP2/KCNE2/DLG1/CAV1/NOS1",0.321775918075361
"GO:0002534","cytokine production involved in inflammatory response",63,0.4780473720823,1.45354917176275,0.0154103586638004,0.18077181211009,0.108217281006544,2164,"tags=22%, list=11%, signal=20%","LILRB4/GBP5/ZFP36/ABCD1/NLRP7/IL36G/TICAM1/ZC3H12A/CD6/JAK2/MEFV/NOD2/SIRPA/ALOX5",0.380730400722792
"GO:1900015","regulation of cytokine production involved in inflammatory response",63,0.4780473720823,1.45354917176275,0.0154103586638004,0.18077181211009,0.108217281006544,2164,"tags=22%, list=11%, signal=20%","LILRB4/GBP5/ZFP36/ABCD1/NLRP7/IL36G/TICAM1/ZC3H12A/CD6/JAK2/MEFV/NOD2/SIRPA/ALOX5",0.380730400722792
"GO:0046839","phospholipid dephosphorylation",37,-0.505065692131092,-1.45236986299133,0.0403480102215891,0.329340633433721,0.19715655587645,2030,"tags=27%, list=10%, signal=24%","PLPP1/MTMR9/PLPPR2/INPPL1/INPP5B/PLPP5/MTM1/PLPP6/MTMR4/INPP5D",0.321775918075361
"GO:0046456","icosanoid biosynthetic process",54,0.491641365550181,1.45165879601203,0.0418760469011725,0.336652733058072,0.201533872951273,1591,"tags=22%, list=8%, signal=20%","CTHRC1/EDN2/CASP1/IL1B/MGST3/GGT1/ALOX5AP/PTGDS/CAMP/PTGES3/PTGS2/EDN1",0.287857117255149
"GO:0046850","regulation of bone remodeling",45,0.508300145400622,1.45134129754602,0.0457746478873239,0.350283340669014,0.20969370316432,3115,"tags=31%, list=16%, signal=26%","RUFY4/ADAM8/CD38/BGLAP/SUCO/P2RX7/KISS1/SPP1/UBASH3B/ITGB3/GPR137B/CARTPT/DUSP18/GPR137",0.282013350011725
"GO:0022404","molting cycle process",44,-0.479805311720169,-1.45086930220877,0.0436198279768245,0.344479939040474,0.206219553419961,2231,"tags=18%, list=11%, signal=16%","FUZ/FZD3/SOX18/FOXI3/BCL2/FERMT1/WNT5A/GNAS",0.321775918075361
"GO:0022405","hair cycle process",44,-0.479805311720169,-1.45086930220877,0.0436198279768245,0.344479939040474,0.206219553419961,2231,"tags=18%, list=11%, signal=16%","FUZ/FZD3/SOX18/FOXI3/BCL2/FERMT1/WNT5A/GNAS",0.321775918075361
"GO:0050766","positive regulation of phagocytosis",71,0.467488017202938,1.45051488796547,0.0246956578215343,0.241251678677186,0.144422962850037,2903,"tags=28%, list=15%, signal=24%","FCGR1A/FPR2/STAP1/BTK/COLEC10/MYO18A/CFB/LYAR/MASP1/CD47/FCN1/PTPRC/TULP1/APOA1/SIRPA/IL15RA/RAB27A/C2/ABCA7/IFNG",0.352487857583619
"GO:0050870","positive regulation of T cell activation",219,0.402061289463998,1.44994996889826,0.00592334109793135,0.0973460838337138,0.0582752829998962,3275,"tags=26%, list=17%, signal=22%","IL12RB1/CR1/LILRB4/EPO/EP300/ADAM8/LGALS9/IL1B/IL12A/MAP3K8/LILRB2/CD274/HAVCR2/IL7/CCR2/TESPA1/CD276/ABL2/CD80/CD6/PDCD1LG2/HLA-DPB1/CD47/HLA-E/JAK2/AIF1/ZAP70/CCL5/PTPRC/SMARCA4/HLA-DRA/IL12RB2/FOXO3/KAT5/BRD7/ZBTB7B/NOD2/RUNX1/RARA/GLI2/SIRPA/CD70/TRAF6/VCAM1/CD5/ARID1A/CCDC88B/HLA-DQA1/SHH/PTPN6/IL1A/VNN1/HLA-DMA/AMBRA1/TNFSF9/CD27",0.407017918923954
"GO:0097178","ruffle assembly",34,-0.501995707464578,-1.44854071214398,0.0332614968101618,0.288660105539352,0.172803554889999,1199,"tags=18%, list=6%, signal=17%","ARF6/AIF1L/SH3YL1/NDEL1/PFN2/CAV1",0.321775918075361
"GO:0051216","cartilage development",127,-0.40069889708551,-1.44804974755383,0.00629275487356487,0.100176028027019,0.0599694014712716,3747,"tags=35%, list=19%, signal=28%","RUNX2/NPPC/OSR1/MDK/ZNF219/BMP6/NFIB/TGFBI/TGFBR2/MAPK14/NR5A2/BMP8B/NPR2/BMP8A/NOG/EFEMP1/GREM1/BMP2/TAPT1/HYAL3/SOX6/LEP/BMP3/BMP4/CD44/OSR2/CHRDL2/EVC/KAT2A/HYAL1/EIF2AK3/FGFR3/MBOAT2/SIX2/GPLD1/PKD1/GHRL/SULF1/TGFBR1/CTDSPL2/SNAI2/WNT5A/BMP1/WNT7A",0.407017918923954
"GO:0002367","cytokine production involved in immune response",91,0.452170833847733,1.44786833073189,0.0234655324784268,0.232558068087208,0.139218617719038,3239,"tags=33%, list=16%, signal=28%","LILRB4/LILRB1/DENND1B/IL1B/TGFB2/CCR2/SCIMP/TICAM1/BTK/FZD5/RSAD2/HK1/HLA-E/RTN4/APOA1/NOD2/CLC/KIR2DL4/IFNB1/TRAF6/DHX36/CLNK/SECTM1/CD7/IL10/DDX21/BST2/SEMA7A/CD226/DDX1",0.352487857583619
"GO:0002718","regulation of cytokine production involved in immune response",91,0.452170833847733,1.44786833073189,0.0234655324784268,0.232558068087208,0.139218617719038,3239,"tags=33%, list=16%, signal=28%","LILRB4/LILRB1/DENND1B/IL1B/TGFB2/CCR2/SCIMP/TICAM1/BTK/FZD5/RSAD2/HK1/HLA-E/RTN4/APOA1/NOD2/CLC/KIR2DL4/IFNB1/TRAF6/DHX36/CLNK/SECTM1/CD7/IL10/DDX21/BST2/SEMA7A/CD226/DDX1",0.352487857583619
"GO:2000401","regulation of lymphocyte migration",63,0.476005429756535,1.44734044905086,0.0181377899312203,0.199617586939667,0.119499120175563,2368,"tags=27%, list=12%, signal=24%","ADAM8/LGALS9/CD69/CCR2/CXCL10/RIPK3/ABL2/CCL4/CCL3/SPN/PTK2B/DSG4/AIF1/CCL5/ITGB3/OXSR1/CCL7",0.352487857583619
"GO:0035270","endocrine system development",75,-0.431911127323792,-1.4436072084715,0.0168500164262901,0.190437589494822,0.11400360430098,4171,"tags=39%, list=21%, signal=31%","CDH2/EDNRA/NEUROD1/RAP1GAP/MDK/BMP6/SIX3/FOXE1/BAK1/DRD2/SALL1/BMP2/CITED2/PDPK1/DSG2/GSK3B/BMP4/TUBB1/SMAD4/EIF2AK3/NKX2-5/MNX1/FOXI3/RFX3/PDX1/AKT1/INSM1/TGFBR1/SOX2",0.352487857583619
"GO:1902107","positive regulation of leukocyte differentiation",164,0.411194894456306,1.4420825012109,0.0125840488944166,0.1593889123976,0.0954166167884296,3275,"tags=23%, list=17%, signal=19%","IL12RB1/CR1/LILRB4/SPI1/EP300/CCR1/ADAM8/LGALS9/LILRB2/IL7/TESPA1/HAX1/BTK/CD80/LIF/ZAP70/CSF1/SMARCA4/HLA-DRA/FOXO3/KAT5/BRD7/ZBTB7B/RUNX1/RARA/GLI2/TRAF6/PPARGC1B/ARID1A/IFNG/PPP2R3C/SHH/IL10/TRIB1/VNN1/AMBRA1/TNFSF9/CD27",0.380730400722792
"GO:1903708","positive regulation of hemopoiesis",164,0.411194894456306,1.4420825012109,0.0125840488944166,0.1593889123976,0.0954166167884296,3275,"tags=23%, list=17%, signal=19%","IL12RB1/CR1/LILRB4/SPI1/EP300/CCR1/ADAM8/LGALS9/LILRB2/IL7/TESPA1/HAX1/BTK/CD80/LIF/ZAP70/CSF1/SMARCA4/HLA-DRA/FOXO3/KAT5/BRD7/ZBTB7B/RUNX1/RARA/GLI2/TRAF6/PPARGC1B/ARID1A/IFNG/PPP2R3C/SHH/IL10/TRIB1/VNN1/AMBRA1/TNFSF9/CD27",0.380730400722792
"GO:0034284","response to monosaccharide",168,-0.380767534964861,-1.44184410309924,0.00619459578868369,0.0994689602461586,0.0595461222451641,2618,"tags=21%, list=13%, signal=18%","HMGCS2/ELAVL1/LEP/EIF2B4/NR1H4/OXCT1/CRH/PIH1D1/EIF2B2/PRKAA1/UNC13B/NKX2-2/ERN1/SOX4/SMAD4/KCNB1/RACK1/IGF1R/SLC2A5/ITGA2/ZBED3/CAT/USF1/GPLD1/PDX1/ZBED6/EIF2B1/TRPM4/GHRL/PKLR/AGER/RAB11B/GNAS/STXBP4/SLC26A6",0.407017918923954
"GO:0060538","skeletal muscle organ development",94,-0.41596236502898,-1.44067217469376,0.0146347079048504,0.175526894605726,0.105077462332379,3502,"tags=22%, list=18%, signal=18%","MEGF10/SKI/MSTN/SIRT2/POPDC2/CFL2/GPC1/CHRNA1/KAT8/POPDC3/ZBTB18/NR1D2/FBXO22/IGF2/NACA/NEURL1/MYOCD/USP19/DDX17/COL6A1/CAV1",0.380730400722792
"GO:0032637","interleukin-8 production",83,0.457713050683826,1.44007640196529,0.0306792790103666,0.272771743939371,0.163292142286846,2371,"tags=22%, list=12%, signal=19%","TLR7/TLR1/LGALS9/IL1B/CD14/CD2/DUOX1/CAMP/OTUD7B/TLR2/TLR8/DDIT3/FCN1/PTPRC/NOD2/ARRB1/LILRA2/RAB1A",0.352487857583619
"GO:0032677","regulation of interleukin-8 production",83,0.457713050683826,1.44007640196529,0.0306792790103666,0.272771743939371,0.163292142286846,2371,"tags=22%, list=12%, signal=19%","TLR7/TLR1/LGALS9/IL1B/CD14/CD2/DUOX1/CAMP/OTUD7B/TLR2/TLR8/DDIT3/FCN1/PTPRC/NOD2/ARRB1/LILRA2/RAB1A",0.352487857583619
"GO:0060326","cell chemotaxis",288,0.387931379661185,1.43866843659802,0.00281213954293837,0.0624306792116221,0.0373735167934204,2206,"tags=16%, list=11%, signal=15%","CCR5/SPI1/C3AR1/ITGB2/CCR1/PTPRO/CCRL2/EDN2/ADAM8/LGALS9/TRPV4/CREB3/IL12A/FPR2/CCL8/AGTR1/TGFB2/CCR2/CXCL10/STAP1/CXCR6/CCL4/CCL3/HGF/DAPK2/PTK2B/EGR3/CXCL11/ELMO2/CCL26/CCL3L3/CMKLR1/EDN1/AIF1/CCL5/LYST/CSF1/MET/HSD3B7/S100A8/RARRES2/C5AR1/EPHB1/RAB13/ALOX5/NINJ1/OXSR1",0.431707695803346
"GO:0009743","response to carbohydrate",186,-0.377163245683114,-1.43824040336339,0.00588939666797413,0.0973460838337138,0.0582752829998962,2507,"tags=20%, list=13%, signal=18%","ELAVL1/LEP/EIF2B4/NR1H4/OXCT1/RAP1A/CRH/PIH1D1/EIF2B2/PRKAA1/UNC13B/NKX2-2/ERN1/SOX4/SMAD4/KCNB1/RACK1/IGF1R/SLC2A5/FBP1/ITGA2/ZBED3/KAT7/CAT/USF1/GPLD1/PDX1/ZBED6/EIF2B1/ADNP/TRPM4/GHRL/PKLR/AGER/RAB11B/GNAS/STXBP4/SLC26A6",0.407017918923954
"GO:0032755","positive regulation of interleukin-6 production",82,0.457443609376635,1.43792491779346,0.024220764582026,0.238834619880146,0.142976014191419,2191,"tags=22%, list=11%, signal=20%","TLR7/AKIRIN2/TLR1/LGALS9/IL1B/TRPV4/LILRB2/C1QTNF4/RIPK2/SCIMP/BTK/TLR2/UCN/TLR8/AIF1/ZBTB20/NOD2/LILRA2",0.352487857583619
"GO:0008544","epidermis development",267,0.389939485573233,1.43631961299664,0.00597480045371746,0.0973460838337138,0.0582752829998962,1482,"tags=9%, list=8%, signal=8%","KRT75/TGM5/ZNF750/GRHL3/TGM1/IVL/CERS3/SPRR2D/GATA6/KLK5/ZFP36/PTHLH/TGFB2/GLI1/ADAM9/OVOL1/WAS/DSC1/ABCA12/POU2F3/HOXA7/SPRR4/LSR/KRT4",0.407017918923954
"GO:0045055","regulated exocytosis",208,0.400567199287598,1.43590388121342,0.00628305582729187,0.100176028027019,0.0599694014712716,2835,"tags=22%, list=14%, signal=19%","SPI1/PLEK/ITGB2/CD300A/CD84/LGALS9/IGHE/STX11/FCGR3A/UNC13D/GNAQ/FCER1G/CCR2/SNAPIN/GAB2/HCK/PTGDR/CCL3/BTK/PTGDS/SYP/ABCA12/DTNBP1/SYT11/CDK5/BAIAP3/RAB11FIP5/RIMS4/FGR/ABCC4/PPFIA3/SCRIB/CRHBP/SLC4A8/TAC1/OTOF/SYT2/PPFIA2/RAB27A/CPLX1/CLNK/ITGAM/NAPA/CORO1A/SYNJ1",0.407017918923954
"GO:0072524","pyridine-containing compound metabolic process",162,0.416407835766061,1.43329570943344,0.00989324142475398,0.134863044168119,0.0807344451426486,3740,"tags=29%, list=19%, signal=24%","KMO/EP300/HK2/NMRK1/RPIA/GPD2/CD38/SLC5A8/ENO2/IDH1/HDAC4/SLC25A22/NCOR1/P2RX7/HK3/MLXIPL/PFKFB4/MDH1/ADPGK/SLC25A51/HK1/PRKAG2/PARP9/IDO1/PARP14/MLST8/SLC25A13/GOT1/ZBTB20/ARL2/ALDH1L2/PRKAG3/NAPRT/EIF6/ALDH1L1/SLC22A13/PPARA/IFNG/PFKP/ACO1/DHTKD1/UCHL1/NOCT/VCP/QPRT/OGDH/ENO3",0.380730400722792
"GO:0050920","regulation of chemotaxis",182,0.405402723426731,1.43274028833832,0.00756845555908541,0.112039832042179,0.0670715519555144,2368,"tags=20%, list=12%, signal=18%","SPI1/C3AR1/CCR1/PTPRO/EDN2/SLIT1/LGALS9/ROBO2/TRPV4/CREB3/IL12A/FPR2/CCR2/CXCL10/STAP1/CCL4/CCL3/NTRK3/DUSP3/DAPK2/PTK2B/CCL26/CMKLR1/EDN1/CTTN/AIF1/CCL5/CSF1/MET/RARRES2/C5AR1/NINJ1/OXSR1/PLXNA4/SWAP70/CCL7",0.407017918923954
"GO:0006520","amino acid metabolic process",243,-0.363743757184767,-1.43271169644427,0.00281506380654753,0.0624306792116221,0.0373735167934204,2629,"tags=22%, list=13%, signal=19%","DCT/CTNS/SLC45A2/ART4/MRI1/NOS2/BCKDHA/MSRA/NR1H4/RIMKLA/AMT/HPDL/HMGCL/BHMT/PARS2/PARK7/OAZ2/PYCR1/SARDH/ASL/MPST/ASNS/MTHFD2L/ALDH4A1/TTC36/MTR/PAH/SHMT2/ALDH8A1/OAT/HGD/AZIN1/SERINC3/TPH2/SEPHS2/DBT/IYD/ODC1/BCAT2/AGXT2/ADI1/NAGS/DALRD3/CLN3/ICMT/ATF4/PRODH/ACAD8/DLD/DAO/MARS2/HNMT/PCCA/NOS1",0.431707695803346
"GO:0002715","regulation of natural killer cell mediated immunity",53,0.483835771125255,1.43132370486275,0.0445969125214408,0.34714709256756,0.207816218847824,2621,"tags=28%, list=13%, signal=25%","LILRB1/SERPINB4/LGALS9/IL12A/HAVCR2/NECTIN4/SLAMF6/NECTIN2/CRTAM/RAET1E/HLA-E/CLEC12B/KIR2DL4/GRB2/CLNK",0.282013350011725
"GO:0042073","intraciliary transport",46,-0.46356771400469,-1.43103329194637,0.042855922554411,0.341742546610954,0.204580840158681,3204,"tags=28%, list=16%, signal=24%","WDPCP/PCM1/IFT52/RABL2B/FUZ/TULP3/IFT88/IFT57/CLUAP1/IFT46/LCA5L/DYNLL2/IFT122",0.321775918075361
"GO:0140053","mitochondrial gene expression",163,0.412357333138771,1.43034188089718,0.0076438685520733,0.112427232258325,0.0673034653139266,3511,"tags=30%, list=18%, signal=25%","PNPT1/GFM1/MRPS31/MALSU1/MRPS28/MRPL44/MRPL22/GATB/MRPL40/MRPL48/MRPL46/MRPS22/MRPL27/UQCC2/MRPL21/MRPL53/SLC25A33/MRPS16/MRPS7/CDK5RAP1/YRDC/MRPL47/MRPL54/MRPL9/SLIRP/MRPS18C/MRPS11/MRPL4/MRPL18/MRPL35/FOXO3/MRPL36/MRPL39/MRPL1/TACO1/MRPS33/MRPL51/MRPL20/MRPL16/MTG1/CHCHD1/MRPS9/MRPL30/MTRF1L/MPV17L2/PUS1/COA3/MRPL12/TRUB2",0.407017918923954
"GO:0008652","amino acid biosynthetic process",63,-0.434810839105299,-1.42878322782041,0.0303788700315672,0.272771743939371,0.163292142286846,2167,"tags=25%, list=11%, signal=23%","BHMT/PARK7/PYCR1/ASL/ASNS/MTHFD2L/MTR/PAH/SHMT2/OAT/SEPHS2/BCAT2/AGXT2/ADI1/NAGS/CLN3",0.352487857583619
"GO:0070849","response to epidermal growth factor",46,-0.462814976696675,-1.42870959226816,0.0436012243235213,0.344479939040474,0.206219553419961,676,"tags=13%, list=3%, signal=13%","EGFR/AKT1/MAPK1/TPR/SNAI2/DUSP22",0.321775918075361
"GO:0090263","positive regulation of canonical Wnt signaling pathway",100,-0.408380592804759,-1.42861710395375,0.0127293126467604,0.160193084421865,0.0958980265221247,2491,"tags=23%, list=13%, signal=20%","WDR20/DDX3X/AMER1/LGR5/LYPD6/CSNK1G3/SFRP1/RNF220/NRBP1/WLS/SOX4/ATP6AP2/ZBED3/SMURF2/EGFR/GPC5/RNF146/UBE2B/ADNP/TRPM4/WNK2/TMEM9/SPIN4",0.380730400722792
"GO:0097530","granulocyte migration",127,0.420285115498668,1.42539788429541,0.0199032853398713,0.214233714180264,0.12824892209634,2079,"tags=18%, list=11%, signal=16%","C3AR1/ITGB2/CD300A/EDN2/ADAM8/TRPV4/CCL8/TGFB2/CXCL10/CCL4/CCL3/DAPK2/CCL26/CMKLR1/JAGN1/IRAK4/EDN1/CCL5/CSF1/RTN4/S100A8/RARRES2/C5AR1",0.352487857583619
"GO:1901605","alpha-amino acid metabolic process",185,-0.376157448528398,-1.42500307255618,0.00444068413727818,0.0840122617809922,0.0502931205646827,2629,"tags=24%, list=13%, signal=21%","DCT/SLC45A2/ART4/MRI1/NOS2/MSRA/NR1H4/RIMKLA/AMT/HMGCL/BHMT/PARK7/OAZ2/PYCR1/SARDH/ASL/MPST/ASNS/ALDH4A1/TTC36/MTR/PAH/SHMT2/ALDH8A1/OAT/HGD/AZIN1/SERINC3/SEPHS2/IYD/ODC1/BCAT2/AGXT2/ADI1/NAGS/CLN3/ICMT/ATF4/PRODH/ACAD8/DLD/DAO/HNMT/NOS1",0.407017918923954
"GO:0018212","peptidyl-tyrosine modification",122,0.426610921424202,1.42223537768381,0.0151597142128355,0.180461614952469,0.108031584505624,3444,"tags=28%, list=18%, signal=23%","ITGB2/IL12A/DDR2/IL7/ABL2/FLT3/FER/HCK/BTK/PTK2B/CD80/IFNL1/SRMS/LIF/CADM4/NTRK1/FGR/PDCL3/PARP9/JAK2/ZAP70/PARP14/IL10RB/FGF7/DYRK1A/ZGPAT/IFNG/IL10/PTPN6/PTK6/ZFYVE28/FLT4/LILRA5/PDGFRA",0.380730400722792
"GO:0009953","dorsal/ventral pattern formation",43,-0.47310134062654,-1.41945775815618,0.0486393607405659,0.36321921610204,0.217437638739569,3076,"tags=28%, list=16%, signal=24%","NOG/ASCL1/LMX1B/GREM1/SFRP1/DLL4/HOXD11/WNT8B/SOSTDC1/IFT122/BMP1/TLL1",0.321775918075361
"GO:0046496","nicotinamide nucleotide metabolic process",151,0.407904514043576,1.41785682839896,0.0280763448149761,0.260670898068901,0.156048089009425,3740,"tags=28%, list=19%, signal=23%","KMO/EP300/HK2/NMRK1/RPIA/GPD2/ENO2/IDH1/HDAC4/SLC25A22/NCOR1/P2RX7/HK3/MLXIPL/PFKFB4/MDH1/ADPGK/HK1/PRKAG2/IDO1/PARP14/MLST8/SLC25A13/GOT1/ZBTB20/ARL2/ALDH1L2/PRKAG3/NAPRT/EIF6/ALDH1L1/SLC22A13/PPARA/IFNG/PFKP/ACO1/DHTKD1/UCHL1/NOCT/VCP/QPRT/OGDH/ENO3",0.352487857583619
"GO:0045103","intermediate filament-based process",87,0.44162045064902,1.41713460164613,0.0440456769983687,0.345633220404011,0.206909954052342,831,"tags=6%, list=4%, signal=6%","KRT75/TOR1A/KRT13/SYNC/EPPK1",0.276500599254472
"GO:0009746","response to hexose",161,-0.374886567378327,-1.41670136241755,0.00750090642482486,0.111602093819483,0.0668095042407748,2348,"tags=19%, list=12%, signal=17%","EIF2B4/NR1H4/OXCT1/CRH/PIH1D1/EIF2B2/PRKAA1/UNC13B/NKX2-2/ERN1/SOX4/SMAD4/KCNB1/RACK1/IGF1R/SLC2A5/ZBED3/USF1/GPLD1/PDX1/ZBED6/EIF2B1/TRPM4/GHRL/PKLR/AGER/RAB11B/GNAS/STXBP4/SLC26A6",0.407017918923954
"GO:0061844","antimicrobial humoral immune response mediated by antimicrobial peptide",113,0.425680069370894,1.41188564466631,0.0397553516819572,0.328610691750861,0.196719583412157,5327,"tags=38%, list=27%, signal=28%","NPPB/KLK5/CCL8/DEFB126/POMC/CXCL10/GNLY/CCL4/CCL3/CAMP/CXCL11/ADM/RNASE3/CCL26/CCL3L3/CCL5/TAC1/CCL7/RPS19/CCL22/NPY/S100A12/RPL39/XCL2/S100A7/CCL14/DEFB103A/DEFB1/LGALS3/XCL1/SPINK5/PPBP/CXCL12/PGLYRP1/CALCA/DEFB4A/CCL18/BPI/PGLYRP4/FAU/B2M/VIP/NTS",0.282013350011725
"GO:0043122","regulation of canonical NF-kappaB signal transduction",310,0.377259704332332,1.41186027508229,0.00488747195133479,0.0870414322969532,0.052106503929689,3806,"tags=30%, list=19%, signal=25%","TLR7/LILRB4/SPI1/APOL3/PSMA6/SLC20A1/CASP1/LGALS9/IL1B/IRGM/SQSTM1/STAT1/RBCK1/RBX1/NLRC5/C15orf39/DHX15/CAPN3/SLC39A8/IFIT5/TRAF4/TRAF5/TNIP2/MIER1/RIPK2/CLEC6A/OPTN/TICAM1/EIF2AK2/BTK/ERC1/OTUD7B/TLR2/TNFSF10/ALPK1/FLOT1/ZC3H12A/CC2D1A/PARP1/TLR8/RIOK3/IRAK4/HUWE1/LIMS1/PPP5C/CYLD/NKIRAS1/BIRC2/TICAM2/ANKRD17/NDFIP2/TRIM25/NOD2/RORA/SIRPA/LTBR/ARRB1/UBE2N/FASLG/EDA2R/CASP10/IRAK2/CARD16/CTH/TRAF6/DHX36/TRIM22/RNF31/NLRP6/SECTM1/CUL1/ZC3HAV1/XIAP/IL1A/DDX21/BST2/TFG/LAMTOR5/KLF4/S100A12/DDX1/PPM1N/SIVA1/TNIP1/TMEM9B/TRAF1/CD200/PLK2/PIAS4/TNF/MAP3K13/TRIM38/BIRC3/PPM1A",0.407017918923954
"GO:0006119","oxidative phosphorylation",114,0.422987668821852,1.41105056438558,0.024804256403765,0.241261992363605,0.144429137037751,3845,"tags=30%, list=20%, signal=24%","NDUFC1/COX7A2/C2orf69/ABCD1/NDUFS4/SDHAF2/UQCC2/NDUFV2/COX5B/SLC25A33/NDUFB1/MLXIPL/MT-ND6/NDUFAB1/NDUFB3/SLC25A51/COX7C/NDUFA12/COX6C/NDUFA1/NDUFB2/NDUFC2-KCTD14/UQCR10/UQCRH/COX5A/NDUFB7/NDUFV3/COX8A/NDUFB9/VCP/ATP7A/TNF/NDUFA8/NDUFB5",0.352487857583619
"GO:1903350","response to dopamine",50,-0.448661717035047,-1.41075824114636,0.0450462172953001,0.348303676712519,0.208508596658069,5242,"tags=46%, list=27%, signal=34%","VPS35/LRRK2/GNAO1/HTR2A/ARRB2/SULT1A3/PALM/SULT1A4/HTR2C/PRMT5/DRD2/FLNA/RGS4/GSK3B/CHRNA9/DRD4/SIN3A/GNA14/ADCY6/AKT1/GNG2/GNB5/GNAS",0.321775918075361
"GO:1903351","cellular response to dopamine",50,-0.448661717035047,-1.41075824114636,0.0450462172953001,0.348303676712519,0.208508596658069,5242,"tags=46%, list=27%, signal=34%","VPS35/LRRK2/GNAO1/HTR2A/ARRB2/SULT1A3/PALM/SULT1A4/HTR2C/PRMT5/DRD2/FLNA/RGS4/GSK3B/CHRNA9/DRD4/SIN3A/GNA14/ADCY6/AKT1/GNG2/GNB5/GNAS",0.321775918075361
"GO:0072698","protein localization to microtubule cytoskeleton",54,-0.446915440002862,-1.41050619832346,0.0421751436114795,0.337229005448524,0.201878852793461,2848,"tags=30%, list=15%, signal=25%","CHAMP1/GOLGB1/PCM1/MAPRE2/PIBF1/TRIM69/MAPRE3/GSK3B/MARK4/BBS4/KIAA0753/UBXN2B/BICD1/CCDC14/DCTN2/HNRNPU",0.321775918075361
"GO:0008154","actin polymerization or depolymerization",160,0.403828549066661,1.40797282059929,0.0172292871529147,0.192636591991253,0.115320015683444,1708,"tags=16%, list=9%, signal=15%","PLEK/BAIAP2L2/BAIAP2L1/ARPC4/KANK2/ADD2/SSH1/FER/HCK/TTC17/MSRB2/ADD3/WAS/HAX1/PIK3CA/LMOD2/PTK2B/COBL/FCHSD1/DAAM2/CCL26/PREX1/CTTN/JAK2/AIF1/MICALL2",0.352487857583619
"GO:0031960","response to corticosteroid",139,0.408729675393149,1.40714299138371,0.0246624828709247,0.241251678677186,0.144422962850037,1953,"tags=17%, list=10%, signal=15%","IL1RN/EPO/CYBB/ZFP36/FLT3/OXT/ADAM9/AIFM1/BGLAP/NTRK3/CPS1/SH3RF1/PIK3CA/PTGDS/GHR/FOSB/UCN/PARP1/EDN1/BCHE/PTPRC/GOT1/FOXO3",0.352487857583619
"GO:0006909","phagocytosis",217,0.392660560628129,1.40576700922216,0.00893146927099528,0.126482517844914,0.0757175248522842,3018,"tags=26%, list=15%, signal=22%","FCGR1A/ITGB2/CD300A/ITGAL/MYO1G/CD14/FPR2/JMJD6/SPHK1/STAP1/HCK/C4BPB/PIK3CA/BTK/COLEC10/MYO18A/ARHGAP12/CFB/TLR2/SYT11/ELMO2/LYAR/PLSCR1/MASP1/DYSF/FGR/ELMO1/CD47/FCN1/AIF1/LYST/PLPP4/TICAM2/PTPRC/TULP1/ITGAX/ITGB3/APOA1/RARA/SIRPA/IL15RA/TYRO3/RAB27A/XKR6/C2/TIMD4/ITGAM/RUBCN/RAB39A/CORO1A/SFTPA1/ABCA7/PAK1/IFNG/NCF2/MSR1",0.380730400722792
"GO:0043489","RNA stabilization",79,-0.41685806532463,-1.40454487544694,0.0252854499107709,0.243798313359248,0.145947480847576,3087,"tags=27%, list=16%, signal=22%","SYNCRIP/IGF2BP1/IGF2BP2/ELAVL1/GDNF/THRAP3/YBX1/ZC3H14/NAF1/DHX9/HNRNPA0/YBX3/PNN/DKC1/FAM76B/CIRBP/TRDMT1/QKI/HNRNPU/METTL14/BCLAF1",0.352487857583619
"GO:0002520","immune system development",117,0.420014138642781,1.39999483583924,0.02086522910455,0.220152516063627,0.131792155076955,3407,"tags=26%, list=17%, signal=22%","LILRB4/PHLPP1/LGALS9/XRCC4/CLCF1/LILRB2/HAVCR2/ACOD1/RIPK3/BATF/CTNNBL1/LRRC17/MAD2L2/LIG4/SLC15A4/HLA-E/FOXJ1/ARTN/PTPRC/PCYT1A/RNF8/CLC/LTBR/NBN/TBX1/SHH/IL10/ZBTB46/PARP3/SMC4/HSPD1",0.352487857583619
"GO:0050921","positive regulation of chemotaxis",133,0.414581842984991,1.39960458736916,0.0205924849209708,0.218057718703685,0.130538125082419,2368,"tags=22%, list=12%, signal=19%","SPI1/C3AR1/CCR1/EDN2/LGALS9/TRPV4/CREB3/IL12A/FPR2/CCR2/CXCL10/CCL4/CCL3/NTRK3/DAPK2/PTK2B/CCL26/CMKLR1/EDN1/CTTN/AIF1/CCL5/CSF1/MET/RARRES2/C5AR1/OXSR1/SWAP70/CCL7",0.352487857583619
"GO:0042303","molting cycle",64,-0.425479578784098,-1.3992557144207,0.0261553033887621,0.249152971406546,0.149152994626713,2299,"tags=14%, list=12%, signal=12%","PER1/FUZ/FZD3/SOX18/FOXI3/BCL2/FERMT1/WNT5A/GNAS",0.352487857583619
"GO:0042633","hair cycle",64,-0.425479578784098,-1.3992557144207,0.0261553033887621,0.249152971406546,0.149152994626713,2299,"tags=14%, list=12%, signal=12%","PER1/FUZ/FZD3/SOX18/FOXI3/BCL2/FERMT1/WNT5A/GNAS",0.352487857583619
"GO:0030099","myeloid cell differentiation",333,0.374703982464095,1.39791112467819,0.00407514084272909,0.080661670249075,0.0482873216455083,3050,"tags=21%, list=16%, signal=18%","IL1RL1/LILRB4/SPI1/LILRB1/EPO/GLO1/CCR1/PIP4K2A/OSTM1/IL1B/IGHE/HEATR3/KAT6A/ZFP36/STAT1/IFI16/NRROS/GAB2/BATF/CCL3/BGLAP/TET2/HSCB/LRRC17/BAP1/HAX1/CDC73/PTK2B/BATF2/KISS1/TLR2/LYAR/LIF/HOXA7/FASN/C1QC/PARP1/JAGN1/MFHAS1/NBEAL2/JAK2/VPS33A/VPS54/BATF3/UBASH3B/BLVRB/DHRS2/CSF1/TPM4/FOXO3/RUNX1/RARA/GPR137B/ZNF16/TRAF6/RBM15/PPARGC1B/RPS19/CARTPT/EIF6/CLPB/DUSP18/STAT5A/IFNG/IL1A/HBQ1/TRIB1/IRF7/ISG15",0.407017918923954
"GO:0034612","response to tumor necrosis factor",199,0.391791539894845,1.39786701180662,0.0233071149176453,0.232009042512883,0.138889948917397,2545,"tags=21%, list=13%, signal=19%","AIM2/GBP2/GBP1/CASP1/ZFP36/STAT1/ACOD1/SMPD1/CASP4/COMMD7/SPHK1/TNFSF13B/ADAM9/NPNT/TXNDC17/TRAF5/CCL3/NRDC/KLF2/GCH1/CAMP/PTK2B/ZC3H12A/GBP3/SLC22A5/LCN2/LIMS1/EDN1/MMP8/JAK2/CYLD/CCL5/CRHBP/BIRC2/FOXO3/APOA1/CD70/EDA2R/CARD16/TRAF6/VCAM1/ARHGEF2",0.352487857583619
"GO:0022409","positive regulation of cell-cell adhesion",288,0.376148166554067,1.39496963400638,0.00478222850987453,0.0864774060077926,0.0517688550965181,3275,"tags=24%, list=17%, signal=20%","IL12RB1/CR1/LILRB4/ITGB2/EPO/EP300/ADAM8/LGALS9/IL1B/IL12A/MAP3K8/LILRB2/CD274/HAVCR2/IL7/CCR2/TESPA1/CD276/ABL2/SKAP1/PODXL/CD80/FLOT1/CD6/PDCD1LG2/HLA-DPB1/CD47/HLA-E/JAK2/AIF1/ZAP70/CCL5/PTPRC/SMARCA4/HLA-DRA/IL12RB2/FOXO3/BMP7/KAT5/BRD7/ZBTB7B/NOD2/RUNX1/RARA/GLI2/SIRPA/ALOX5/FGB/PIEZO1/CD70/TRAF6/VCAM1/CD5/ARID1A/CCDC88B/HLA-DQA1/SHH/IL10/PTPN6/IL1A/VNN1/HLA-DMA/AMBRA1/FSTL3/TNFSF9/FUT7/ST3GAL4/CD27",0.407017918923954
"GO:0045807","positive regulation of endocytosis",154,0.398512765368235,1.39438769337287,0.022607492340106,0.22750724740206,0.136194993211332,3200,"tags=26%, list=16%, signal=22%","FCGR1A/NEDD4L/CD14/TOR1A/FPR2/SMPD1/STAP1/RAB21/CD63/ITSN1/BTK/COLEC10/MYO18A/DTNBP1/CFB/LYAR/FLOT1/MASP1/AP2B1/CLU/CD47/FCN1/PPT1/GPC3/PTPRC/TULP1/APOA1/SIRPA/ARRB1/IL15RA/VTN/ANKFY1/RAB27A/C2/ABCA7/IFNG/NLGN1/WNT3A/COLEC11/WASL",0.352487857583619
"GO:0035567","non-canonical Wnt signaling pathway",63,-0.424163167821153,-1.39379510706096,0.043491859222859,0.344479939040474,0.206219553419961,2135,"tags=22%, list=11%, signal=20%","FZD3/SFRP1/NPHP3/DVL3/VANGL2/FZD4/FZD8/SFRP5/SMURF2/CELSR2/FZD1/TMEM67/WNT5A/WNT7A",0.321775918075361
"GO:0030041","actin filament polymerization",134,0.411273613032264,1.39055423209156,0.0216591980391073,0.223710205405683,0.133921931078917,1708,"tags=18%, list=9%, signal=16%","BAIAP2L2/BAIAP2L1/ARPC4/KANK2/ADD2/SSH1/FER/HCK/TTC17/MSRB2/ADD3/WAS/HAX1/LMOD2/PTK2B/COBL/FCHSD1/DAAM2/CCL26/PREX1/CTTN/JAK2/AIF1/MICALL2",0.352487857583619
"GO:0015980","energy derivation by oxidation of organic compounds",342,0.367416394805206,1.38960455841705,0.00928122353468992,0.129562353238415,0.0775612382517462,3103,"tags=24%, list=16%, signal=20%","NDUFC1/PNPT1/EP300/COX7A2/ATG12/HCCS/TRPV4/HK2/C2orf69/PRELID1/ABCD1/PDK3/NDUFS4/ENO2/SDHAF2/UQCC2/NDUFV2/IFNLR1/IDH1/COX5B/PPP1R3C/OAS1/HDAC4/NCOR1/P2RX7/SLC25A33/HK3/PER2/NDUFB1/IRS2/MLXIPL/MT-ND6/ADSL/NDUFAB1/PFKFB4/UCN/MDH1/GYG2/NDUFB3/ADPGK/SLC25A51/HK1/COQ10B/COX7C/PRKAG2/PHKB/NDUFA12/COX6C/VPS54/PGM2/SORBS1/NDUFA1/MLST8/IL10RB/ENPP1/SLC25A13/NHLRC1/ZBTB20/GYG1/PYGM/BLOC1S1/ARL2/NDUFB2/NDUFC2-KCTD14/UQCR10/AKR1E2/PRKAG3/WIPI1/EIF6/SDHAF4/UQCRH/MFN2/PPARA/STBD1/IFNG/COX5A/NDUFB7/PFKP/ACO1/NDUFV3/COX8A",0.380730400722792
"GO:0070585","protein localization to mitochondrion",123,0.414011440590412,1.38908049386872,0.045016077170418,0.348303676712519,0.208508596658069,3407,"tags=30%, list=17%, signal=25%","DNAJA1/HK2/TMEM126A/TIMM17A/AIFM1/GZMB/DNAJC19/BAP1/HAX1/FZD5/TOMM34/HK1/HPS4/TIMM8B/HSPA1L/DDIT3/HUWE1/MICALL2/SREBF2/DNAJC15/NMT1/CSNK2A2/TIMM9/MAPT/ROMO1/TOMM40L/TIMM44/RALA/RNF31/MTX2/TOMM6/TIMM10/UBL5/ISG15/TOMM40/PARL/HSPD1",0.271288554688953
"GO:0031640","killing of cells of another organism",102,0.424521690083644,1.38860313968344,0.0455284552845528,0.34885362673705,0.208837818872802,2784,"tags=21%, list=14%, signal=18%","GBP5/GBP2/GBP1/NPPB/CCL8/POMC/CXCL10/GNLY/GZMB/MPO/CXCL11/GBP3/C7/GZMA/TAC1/GZMM/NINJ1/PRF1/RPS19/GZMH/CCL22",0.271288554688953
"GO:0141061","disruption of cell in another organism",102,0.424521690083644,1.38860313968344,0.0455284552845528,0.34885362673705,0.208837818872802,2784,"tags=21%, list=14%, signal=18%","GBP5/GBP2/GBP1/NPPB/CCL8/POMC/CXCL10/GNLY/GZMB/MPO/CXCL11/GBP3/C7/GZMA/TAC1/GZMM/NINJ1/PRF1/RPS19/GZMH/CCL22",0.271288554688953
"GO:0061458","reproductive system development",154,-0.367568739692919,-1.38640828034724,0.0145364857957598,0.175063375044427,0.104799980870907,2861,"tags=20%, list=15%, signal=17%","NCOA4/CCND1/SALL1/CITED2/MAMLD1/HYAL3/LEP/TLR9/EIF2B4/NKX3-1/TESC/NUP107/CEBPB/EIF2B2/SMAD4/VEGFA/RBP4/PSAP/HOXA10/SLIT3/CASP2/PKD1/IRX5/SULF1/SMARCC1/HSD17B3/HOXD13/WNT5A/WNT7A/HOXA9/ALOX15B",0.380730400722792
"GO:0022904","respiratory electron transport chain",107,0.422207890445018,1.38420404082346,0.0421585160202361,0.337229005448524,0.201878852793461,3103,"tags=24%, list=16%, signal=21%","NDUFC1/COX7A2/HCCS/C2orf69/NDUFS4/SDHAF2/NDUFV2/COX5B/NDUFB1/MT-ND6/NDUFAB1/NDUFB3/SLC25A51/COX7C/NDUFA12/COX6C/VPS54/NDUFA1/NDUFB2/NDUFC2-KCTD14/UQCR10/UQCRH/COX5A/NDUFB7/NDUFV3/COX8A",0.287857117255149
"GO:0090288","negative regulation of cellular response to growth factor stimulus",82,-0.407334131750548,-1.3839803918924,0.0279077715400572,0.259515780602716,0.155356589212113,3076,"tags=21%, list=16%, signal=18%","NOG/AGT/GREM1/TRIM33/GPC1/APLN/CHRDL2/CHRDL1/SORL1/SMURF2/DLX1/CRIM1/EPN2/MTMR4/SOSTDC1/SULF1/CAV1",0.352487857583619
"GO:0009060","aerobic respiration",238,0.384726381470175,1.38365141609472,0.0095372627228138,0.132194559014096,0.0791369825493166,3845,"tags=28%, list=20%, signal=23%","NDUFC1/EP300/COX7A2/TRPV4/HK2/C2orf69/ABCD1/PDK3/NDUFS4/ENO2/SDHAF2/UQCC2/NDUFV2/IDH1/COX5B/HDAC4/NCOR1/P2RX7/SLC25A33/HK3/NDUFB1/MLXIPL/MT-ND6/ADSL/NDUFAB1/PFKFB4/UCN/MDH1/NDUFB3/ADPGK/SLC25A51/HK1/COX7C/PRKAG2/NDUFA12/COX6C/NDUFA1/MLST8/ZBTB20/BLOC1S1/ARL2/NDUFB2/NDUFC2-KCTD14/UQCR10/PRKAG3/EIF6/SDHAF4/UQCRH/MFN2/PPARA/IFNG/COX5A/NDUFB7/PFKP/ACO1/NDUFV3/COX8A/DHTKD1/UCHL1/NDUFB9/VCP/ATP7A/TNF/OGDH/ENO3/NDUFA8/NDUFB5",0.380730400722792
"GO:0002377","immunoglobulin production",79,0.441596889541213,1.38317754925654,0.0495049504950495,0.367349234923492,0.219910034198498,1975,"tags=19%, list=10%, signal=17%","CR1/XRCC4/CLCF1/SASH3/MZB1/BATF/CTNNBL1/MAD2L2/BTK/LIG4/SLC15A4/HLA-E/PTPRC/PCYT1A/RNF8",0.261663521711573
"GO:0007266","Rho protein signal transduction",131,0.408612658278914,1.38225735246297,0.0451010886469673,0.348303676712519,0.208508596658069,4777,"tags=33%, list=24%, signal=25%","DOCK10/PHACTR4/ARHGEF11/NGFR/KANK2/AGTR1/ABL2/WAS/GNA12/DOCK11/SYNPO2/HEG1/GIPC1/ARHGEF3/APOA1/EPS8L1/ARHGAP27/NTN1/ARRB1/ARHGDIA/MYO6/ARHGAP20/CCDC125/ARHGEF2/ARHGDIG/CTNNAL1/APOC3/CUL3/COL1A2/PKP4/KCTD13/ABCA1/DOCK8/RHOG/F11R/ADGRG1/CDC42EP4/LIMK1/RHOB/ARHGAP29/AKAP13/SYNPO2L/DOCK6",0.266350657088526
"GO:0071356","cellular response to tumor necrosis factor",183,0.390322783038141,1.38196296510668,0.0212310566728445,0.221625080046727,0.132673691133374,2545,"tags=21%, list=13%, signal=18%","AIM2/GBP2/GBP1/CASP1/ZFP36/STAT1/ACOD1/CASP4/COMMD7/SPHK1/TNFSF13B/NPNT/TXNDC17/TRAF5/CCL3/NRDC/KLF2/CAMP/PTK2B/ZC3H12A/GBP3/LCN2/LIMS1/EDN1/MMP8/JAK2/CYLD/CCL5/CRHBP/BIRC2/FOXO3/APOA1/CD70/EDA2R/CARD16/TRAF6/VCAM1/ARHGEF2",0.352487857583619
"GO:0009913","epidermal cell differentiation",178,0.391075821578947,1.38148839792461,0.0247872301069358,0.241261992363605,0.144429137037751,1482,"tags=9%, list=8%, signal=8%","KRT75/TGM1/IVL/CERS3/SPRR2D/GATA6/KLK5/ZFP36/GLI1/ADAM9/OVOL1/ABCA12/POU2F3/HOXA7/SPRR4/KRT4",0.352487857583619
"GO:0048608","reproductive structure development",153,-0.368099677611584,-1.38084159085523,0.0133621824307236,0.166024410455311,0.0993888929389414,2861,"tags=20%, list=15%, signal=17%","NCOA4/CCND1/SALL1/CITED2/MAMLD1/HYAL3/LEP/TLR9/EIF2B4/NKX3-1/TESC/NUP107/CEBPB/EIF2B2/SMAD4/VEGFA/RBP4/PSAP/HOXA10/SLIT3/CASP2/PKD1/IRX5/SULF1/SMARCC1/HSD17B3/HOXD13/WNT5A/WNT7A/HOXA9/ALOX15B",0.380730400722792
"GO:0008064","regulation of actin polymerization or depolymerization",125,0.407270350261691,1.38071900456417,0.0330591952789909,0.288660105539352,0.172803554889999,1619,"tags=15%, list=8%, signal=14%","PLEK/BAIAP2L2/BAIAP2L1/KANK2/ADD2/SSH1/FER/HCK/ADD3/WAS/HAX1/PIK3CA/LMOD2/PTK2B/FCHSD1/DAAM2/CCL26/PREX1/CTTN",0.321775918075361
"GO:0019882","antigen processing and presentation",100,0.415221219367205,1.37933784079856,0.0481540930979133,0.361432445895832,0.216368006194305,3434,"tags=28%, list=17%, signal=23%","RAET1L/IGHE/LILRB2/ERAP2/PSMB10/RAB32/WAS/ULBP2/RAB33A/RAB3C/TAP2/HLA-DPB1/RAET1E/HLA-E/TAP1/HLA-DRA/NOD2/CST7/RAB27A/HLA-DQA1/WDFY4/CTSL/ULBP3/CTSF/HLA-DMA/ULBP1/MPEG1/HLA-DRB5",0.261663521711573
"GO:2001235","positive regulation of apoptotic signaling pathway",98,-0.397467483241373,-1.37293785591355,0.0151632500973572,0.180461614952469,0.108031584505624,1028,"tags=11%, list=5%, signal=11%","ITM2C/TAF6/TPD52L1/ING5/SIAH1/PPP2R1B/MYC/TGFBR1/WNT5A/BCLAF1/CAV1",0.380730400722792
"GO:0141060","disruption of anatomical structure in another organism",106,0.419914083785156,1.37277739804182,0.0363506308674386,0.307828036899044,0.18427824992156,2784,"tags=20%, list=14%, signal=17%","GBP5/GBP2/GBP1/NPPB/CCL8/POMC/CXCL10/GNLY/GZMB/MPO/CXCL11/GBP3/C7/GZMA/TAC1/GZMM/NINJ1/PRF1/RPS19/GZMH/CCL22",0.321775918075361
"GO:0001501","skeletal system development",324,-0.333527761440172,-1.36569919069395,0.00859284785094711,0.122871452116828,0.0735557955977729,3850,"tags=26%, list=20%, signal=21%","TMEM119/PHOSPHO1/FGFR2/RUNX2/NPPC/OSR1/MDK/ZNF219/BMP6/NFIB/RAB23/SKI/TGFBI/TGFBR2/MAPK14/COL1A1/NR5A2/BMP8B/NPR2/BMP8A/NOG/EFEMP1/HOXB3/SBDS/GREM1/BMP2/TAPT1/PLXNB1/HYAL3/SOX6/LEP/HOXC11/ATG9B/FUZ/ATP6AP1/PHEX/DLL3/BMP3/BMP4/CD44/OSR2/INPPL1/VKORC1/SLC10A7/COL9A2/COL10A1/KIAA1217/DLX4/CHRDL2/EVC/KAT2A/HYAL1/MEGF8/MMP16/EIF2AK3/FGFR3/RBP4/HOXD11/DLX1/MBOAT2/P3H1/CLEC3A/GJA1/SIX2/GPLD1/COL19A1/PKD1/COL5A1/TNFRSF11B/GHRL/LAMA5/IRX5/SULF1/TGFBR1/HOXD13/CTDSPL2/SNAI2/WNT5A/GNAS/BMP1/WNT7A/HOXA9/TLL1",0.380730400722792
"GO:0170035","L-amino acid catabolic process",94,-0.393294348434393,-1.36216223362964,0.0331800163853282,0.288660105539352,0.172803554889999,1562,"tags=15%, list=8%, signal=14%","ALDH4A1/PAH/SHMT2/ALDH8A1/OAT/HGD/BCAT2/AGXT2/PRODH/ACAD8/DLD/DAO/HNMT/NOS1",0.321775918075361
"GO:0031333","negative regulation of protein-containing complex assembly",133,0.402853865878101,1.36001160750979,0.0470016207455429,0.356884399381855,0.21364536253715,1886,"tags=17%, list=10%, signal=16%","EP300/ZDHHC12/SVIP/FKBP4/HSPA8/IRGM/ZNF827/KANK2/IFI16/JMJD6/ADD2/SSH1/MAPRE1/TFIP11/ADD3/LMOD2/ANKRD27/RIOK3/CLU/DRAP1/MEFV/HSPA5/IAPP",0.266350657088526
"GO:1902115","regulation of organelle assembly",212,-0.355140676367939,-1.3589585196474,0.00944727140906101,0.13125677085355,0.0785755848197157,3537,"tags=30%, list=18%, signal=25%","DYNC1H1/CCSAP/TBC1D12/MAPK15/YAP1/CHMP7/LRFN4/TCHP/FEZ2/WDPCP/GRID2/CROCC/IGF2BP1/PPP1R35/PDCD6IP/CDKL1/KIF24/FSCN1/TAPT1/CEP76/CHMP3/PAN3/PHF23/ATG5/HSPA1B/CDK10/FUZ/CCP110/WDR45/IFT88/PIKFYVE/ALMS1/GSK3B/MARK4/PINK1/RAB1B/PRKAA1/KAT2A/BBS4/SMAD4/CDKL5/CHMP1B/MSN/CDK5RAP2/RABEP2/CCDC88A/CEP97/SPTBN2/SH3GLB1/CEP120/MOAP1/MTM1/NAT9/AKT1/SPICE1/ODF2/PTPRS/UBQLN2/HNRNPU/CBLN1/ULK1/RAB11B/TPR",0.380730400722792
"GO:0060828","regulation of canonical Wnt signaling pathway",227,-0.343542793077077,-1.35443632540526,0.0165403333410476,0.188386703576234,0.112775861462241,3373,"tags=24%, list=17%, signal=20%","STK11/MAPK14/COL1A1/LMBR1L/UBAC2/NRARP/NOG/APP/PSEN1/GREM1/NRBP2/BMP2/GLI3/BICC1/WDR20/RNF14/DDX3X/AMER1/LGR5/LYPD6/FUZ/CSNK1G3/TMEM170B/FRMD8/SFRP1/GSK3B/RNF220/AMER3/NPHP3/NRBP1/WLS/SOX4/SMAD4/ATP6AP2/SFRP5/ZBED3/PPP1CA/SMURF2/APC2/NKX2-5/EGFR/GPC5/RNF146/UBE2B/ADNP/TRPM4/WNK2/TMEM9/TPBG/FERMT1/SNAI2/WNT5A/SOX2/SPIN4/CAV1",0.352487857583619
"GO:0015748","organophosphate ester transport",166,0.385717930109209,1.35241744061516,0.0408472012102874,0.332031813987357,0.198767604849255,3582,"tags=27%, list=18%, signal=22%","CR1/ATP8B4/PRELID2/XRCC4/PRELID1/ABCD1/ATP10A/OSBPL6/TNFAIP8L3/ANO3/P2RX7/SLC25A33/ABCA12/SLC33A1/SLC25A32/PLSCR1/SLC25A51/SLC37A4/ABCC4/SLC25A19/CD47/SLC25A47/SLC25A25/APOA1/PANX1/FASLG/SLC25A16/SLC25A23/PLSCR5/SLC25A41/XKR6/SERINC5/VMP1/ABCA7/APOC3/PITPNA/SLC35A3/VDAC2/ATP8B3/SLC19A1/CLPTM1L/APOC2/SLC35D2/ATP8A1/ABCA1",0.276500599254472
"GO:1902850","microtubule cytoskeleton organization involved in mitosis",154,-0.358259395162873,-1.35129497786171,0.0204883276026956,0.217346392276249,0.130112296459103,3559,"tags=32%, list=18%, signal=26%","NDC80/DYNC1H1/CCSAP/CDK1/CHMP7/KIF23/FLNA/KIF4A/CLASP2/SBDS/SMC3/SETD2/AURKC/PAFAH1B1/TUBG2/CHMP3/HSPA1B/EFHC1/PIBF1/RAE1/HDAC3/LSM14A/INPPL1/PKHD1/FAM110A/WDR62/CHMP1B/SAPCD2/RACGAP1/NUF2/CDK5RAP2/PCNT/CEP97/TTK/STMN1/UHRF1/GJA1/TUBG1/SPDL1/UBXN2B/NAT9/SPICE1/SMC1A/NDE1/DCTN2/GNAI1/HNRNPU/NDEL1/TPR",0.352487857583619
"GO:0050728","negative regulation of inflammatory response",162,0.392333626439774,1.3504311281945,0.046656298600311,0.35518013843786,0.212625123356428,3767,"tags=30%, list=19%, signal=25%","IL1RN/IL13RA2/PSMA1/IL1B/FFAR4/CD69/IRGM/FPR2/ACOD1/ELF4/C15orf39/SLC39A8/HCK/CLEC12A/SIGLEC10/SYT11/METRNL/FGR/MFHAS1/CYLD/MEFV/IL10RB/PTPRC/PROC/APOA1/RORA/SIRPA/ALOX5/TYRO3/CST7/PRKAR2A/PLCG1/RPS19/NLRP6/PPARA/TMEM219/IL10/PTPN6/IL1A/NPY/KLF4/PTGER4/PRKAR1B/PDCD1/PSMB4/CD200/PLK2/CDH5/GPER1",0.261663521711573
"GO:0048562","embryonic organ morphogenesis",149,-0.364046219999692,-1.34875176960174,0.0248875021094335,0.24135948827911,0.144487502016019,3076,"tags=24%, list=16%, signal=21%","NOG/EFEMP1/HOXB3/PPP1R35/HPN/DNAAF1/MICAL2/CCDC39/STOX1/EPHB2/NECTIN3/HOXC11/FUZ/PDZD7/SOX18/MFAP2/OSR2/GSC/NPHP3/NECTIN1/BBS4/VANGL2/MEGF8/RBP4/HOXD11/PLS1/FBN3/SIX2/NKX2-5/STRC/MYO3B/IRX5/HIPK1/TGFBR1/WNT5A/HOXA9",0.352487857583619
"GO:0002062","chondrocyte differentiation",75,-0.403425911259299,-1.34839904956074,0.0401357921090085,0.329223979624962,0.197086722212365,3747,"tags=35%, list=19%, signal=28%","RUNX2/NPPC/OSR1/MDK/ZNF219/BMP6/NFIB/TGFBI/NR5A2/NPR2/EFEMP1/GREM1/BMP2/SOX6/BMP4/OSR2/EIF2AK3/FGFR3/MBOAT2/SIX2/GPLD1/SULF1/TGFBR1/CTDSPL2/SNAI2/WNT7A",0.321775918075361
"GO:0170040","proteinogenic amino acid catabolic process",90,-0.390627230080926,-1.34652540724175,0.0400975675702202,0.329223979624962,0.197086722212365,1562,"tags=14%, list=8%, signal=13%","ALDH4A1/PAH/SHMT2/OAT/HGD/BCAT2/AGXT2/PRODH/ACAD8/DLD/DAO/HNMT/NOS1",0.321775918075361
"GO:0016055","Wnt signaling pathway",400,-0.326517528712601,-1.34521136260144,0.00455543021713467,0.084585053641272,0.0506360168214532,3322,"tags=23%, list=17%, signal=20%","MAPK14/CTNND1/COL1A1/LMBR1L/DRD2/SENP2/UBAC2/ROR1/NRARP/NOG/APP/PSEN1/LEO1/MARK1/GREM1/NRBP2/SALL1/BMP2/GLI3/BICC1/VGLL4/BCL9/LRP1/WDR20/HSP90B1/RNF14/DDX3X/CCDC134/AMER1/LGR5/LYPD6/FUZ/CSNK1G3/FZD3/TMEM170B/FRMD8/SFRP1/PLCG2/GSK3B/RNF220/AMER3/ALPK2/NFATC4/NPHP3/NRBP1/PRKAA1/WLS/DVL3/SOX4/SMAD4/VANGL2/RACK1/MDFIC/PORCN/ATP6AP2/FZD4/FZD8/SFRP5/ARL6/WNT8B/ZBED3/PPP1CA/SMURF2/APC2/GRK5/NKX2-5/PYGO1/EGFR/SIAH1/GPC5/FRAT2/RNF146/PYGO2/PKD1/UBE2B/CELSR2/ADNP/TRPM4/FZD1/WNK2/TMEM9/SOSTDC1/SULF1/ZBTB33/TMEM67/TPBG/FERMT1/SNAI2/WNT5A/SOX2/WNT7A/SPIN4/CAV1",0.407017918923954
"GO:0044272","sulfur compound biosynthetic process",111,-0.368603843670535,-1.33647895411166,0.0406611159603286,0.331436031205064,0.198410945301411,2584,"tags=23%, list=13%, signal=20%","ELOVL5/MRI1/LIAS/PANK1/ACOT7/BHMT/GSTM1/PDP1/MCEE/ACSBG2/MPST/CBR4/PGK1/MTR/PDHA1/PPCS/GGT7/MLYCD/TECR/ADI1/SLC27A2/ELOVL1/ACACB/DLD/PCCA",0.321775918075361
"GO:0009063","amino acid catabolic process",109,-0.37368938308009,-1.33423192773919,0.0388183760885641,0.323138238346305,0.193443552592067,2471,"tags=18%, list=13%, signal=16%","NOS2/BCKDHA/AMT/HMGCL/SARDH/ALDH4A1/PAH/SHMT2/ALDH8A1/OAT/HGD/DBT/BCAT2/AGXT2/PRODH/ACAD8/DLD/DAO/HNMT/NOS1",0.321775918075361
"GO:0071333","cellular response to glucose stimulus",119,-0.378310729483053,-1.33406286298477,0.0215679695539061,0.223160135683637,0.133592637208435,2108,"tags=18%, list=11%, signal=16%","OXCT1/CRH/PIH1D1/PRKAA1/UNC13B/ERN1/SOX4/SMAD4/KCNB1/RACK1/IGF1R/USF1/GPLD1/PDX1/ZBED6/TRPM4/GHRL/AGER/RAB11B/GNAS/STXBP4",0.352487857583619
"GO:0017157","regulation of exocytosis",167,0.376312802560864,1.32515666161515,0.0423861852433281,0.338455992764999,0.202613376775207,2663,"tags=19%, list=14%, signal=16%","RUFY4/SPI1/ITGB2/CD300A/CD84/LGALS9/UNC13D/POMC/CCR2/SNAPIN/SNF8/GAB2/RAB21/DTNBP1/SYT11/CDK5/BAIAP3/RIMS4/FGR/SLC4A8/TAC1/FGB/SYT2/PPFIA2/NSF/RALA/RAB27A/CPLX1/IL1RAPL1/CARTPT/ITGAM",0.276500599254472
"GO:1901606","alpha-amino acid catabolic process",99,-0.377619022566139,-1.32278317937136,0.0287262587175758,0.264200661163056,0.158161147235638,2210,"tags=17%, list=11%, signal=15%","AMT/HMGCL/SARDH/ALDH4A1/PAH/SHMT2/ALDH8A1/OAT/HGD/BCAT2/AGXT2/PRODH/ACAD8/DLD/DAO/HNMT/NOS1",0.352487857583619
"GO:0016032","viral process",357,0.348733497473347,1.32256443499834,0.0200001584837225,0.214693392710459,0.128524104162029,4769,"tags=34%, list=24%, signal=27%","CR1/CCR5/SELPLG/ATG12/OASL/IFITM1/ITGB7/LGALS9/ST6GAL1/HCFC2/CREB3/RAD23A/GTF2B/ZFP36/HCFC1/CCL8/STAT1/AGTR1/APOBEC3F/ISG20/IFI16/SMPD1/IFIT5/CHMP4BP1/CXCR6/KPNA3/IFNL3/OAS1/NECTIN4/APOBEC3G/EIF2AK2/OAS2/CD80/EIF2AK4/NECTIN2/RSAD2/ZC3H12A/PLSCR1/LIG4/TRIM14/NMT2/PARP9/IFIT1/LARP7/SRPK1/CCL5/ADAR/GALNT1/CTSB/AVPR1B/TRIM25/RNASEL/ITGB3/WWP2/NCAM1/TYRO3/RAB1A/PPIH/IFNB1/CHMP5/APOBEC3C/SLC20A2/LARP1/ICAM1/DAG1/MX1/CTSL/ZC3HAV1/ZNFX1/IRF7/BST2/DDX6/ISG15/OAS3/SP100/LAMTOR5/CSDE1/ST3GAL4/CH25H/PPID/SIVA1/APOBEC3A/ADARB1/OAZ3/IFIH1/TNIP1/VCP/TNF/ARL8B/TRIM38/ST3GAL1/IFITM3/APOBEC3D/CD28/F11R/EPS15/EDEM2/LDLR/KPNA6/ST3GAL2/VAPB/SLAMF1/DYNLT1/TBC1D20/VPS37B/HSP90AB1/NUP153/IL32/TRIM5/LAMP3/TRIM8/CHMP1A/MYH10/NEDD4/SMARCB1/RAB7A/USP6NL/WWP1/SLC52A1/CHMP4B/MVB12A/SSB/BANF1",0.352487857583619
"GO:0060078","regulation of postsynaptic membrane potential",136,-0.357413424380951,-1.32218450143018,0.0341830423031066,0.293275532285194,0.175566535065336,3521,"tags=25%, list=18%, signal=21%","GRM5/GRIA2/GRM1/TRPV1/DRD2/GRID2/APP/PRKCZ/GRIK5/GABRD/RGS4/DLG4/CHRNA1/GABRA3/CRH/GSK3B/CHRNA9/DRD4/CHRNA2/UNC13B/KCNK1/RIMS1/GABRB2/GABRB3/AKT1/STX1A/GABRB1/CBLN1/TMEM25/P2RX1/GABRA5/NLGN2/WNT7A/NOS1",0.321775918075361
"GO:0006644","phospholipid metabolic process",367,-0.32350180182748,-1.31800313347737,0.00263302351655755,0.0595164584877258,0.0356289469995362,3229,"tags=21%, list=16%, signal=18%","CDIPT/IP6K3/SLC44A3/PGS1/GPX4/DPM2/PLPP2/NAPEPLD/PLD1/DOLK/PHB2/PIK3C2A/SCARB1/PIP5K1B/GPAT4/CYP2W1/PCTP/PAFAH1B1/IP6K1/DOLPP1/CDS2/HMGCS2/PLA2G4F/TTC7B/MTMR14/PNLIPRP2/NR1H4/KDSR/VAPA/PLPP1/GALR2/PLCG2/PLA2G12A/PIKFYVE/FADS1/MTMR9/PLPPR2/INPPL1/IDI1/CHAT/AGPAT4/GNB3/MFSD2A/PITPNC1/PIGW/PLA2G2A/PLCH2/DGKA/INPP5B/PLD6/PIK3R5/EFR3B/PRKCD/PGAP3/MBOAT2/CPNE1/CHP1/PLPP5/LIPG/LIPH/MTM1/ETNK2/PI4K2A/SPTSSA/PLPP6/IP6K2/PLCB3/CLN3/STARD10/MBOAT7/MTMR4/PGAP2/DGKG/INPP5D/SERINC2/DGKZ/ALOX15B",0.431707695803346
"GO:0006638","neutral lipid metabolic process",121,-0.362654338659406,-1.31710715679614,0.0402321392421304,0.329223979624962,0.197086722212365,2828,"tags=20%, list=14%, signal=17%","SLC27A1/SCARB1/GPAT4/MOGAT1/APOBR/FABP6/PNLIPRP2/LMF1/MGLL/DAGLA/GNB3/ABHD2/MFSD2A/DAGLB/DGKA/SORL1/LIPG/GPLD1/PNLIPRP1/MBOAT7/SEL1L/DGKG/DGKZ/CAV1",0.321775918075361
"GO:0006639","acylglycerol metabolic process",121,-0.362654338659406,-1.31710715679614,0.0402321392421304,0.329223979624962,0.197086722212365,2828,"tags=20%, list=14%, signal=17%","SLC27A1/SCARB1/GPAT4/MOGAT1/APOBR/FABP6/PNLIPRP2/LMF1/MGLL/DAGLA/GNB3/ABHD2/MFSD2A/DAGLB/DGKA/SORL1/LIPG/GPLD1/PNLIPRP1/MBOAT7/SEL1L/DGKG/DGKZ/CAV1",0.321775918075361
"GO:1903531","negative regulation of secretion by cell",124,0.38668491430758,1.31677856250741,0.0489396411092985,0.364535197464319,0.218225438138262,1768,"tags=15%, list=9%, signal=14%","SPI1/LILRB1/CD300A/CD84/LGALS9/IL1B/FFAR4/IL12A/CCR2/ACSL4/SYT11/CDK5/RSAD2/UCN/LIF/RAB11FIP5/JAGN1/EDN1/CRHBP",0.261663521711573
"GO:0006091","generation of precursor metabolites and energy",397,0.344559040364789,1.31359788799505,0.0175346574371417,0.194436191996381,0.116397328662615,3103,"tags=22%, list=16%, signal=19%","NDUFC1/PNPT1/EP300/COX7A2/ATG12/HCCS/TRPV4/HK2/C2orf69/PRELID1/ABCD1/PDK3/RPIA/POMC/NDUFS4/ENO2/SDHAF2/UQCC2/NDUFV2/IFNLR1/IDH1/COX5B/PPP1R3C/OAS1/HDAC4/NCOR1/P2RX7/SLC25A33/HK3/PER2/NDUFB1/IRS2/MLXIPL/MT-ND6/ADSL/NDUFAB1/PFKFB4/UCN/MDH1/GYG2/NDUFB3/ADPGK/SLC25A51/HK1/COQ10B/GNPDA1/COX7C/PRKAG2/PHKB/NDUFA12/COX6C/VPS54/PGM2/SORBS1/NDUFA1/MLST8/IL10RB/DHRS2/ENPP1/SLC25A13/FDX1/NHLRC1/ZBTB20/GYG1/PYGM/BLOC1S1/ARL2/NDUFB2/NDUFC2-KCTD14/AACS/UQCR10/AKR1E2/ALDH1L2/PRKAG3/WIPI1/EIF6/SDHAF4/ALDH1L1/UQCRH/MFN2/PPARA/STBD1/IFNG/COX5A/NDUFB7/PFKP/ACO1/NDUFV3/COX8A",0.352487857583619
"GO:0043588","skin development",219,0.364173537554948,1.3133157140179,0.0484375,0.362633359872611,0.217086921625714,1482,"tags=9%, list=8%, signal=9%","KRT75/GRHL3/TGM1/IVL/CERS3/SPRR2D/GATA6/KLK5/ZFP36/ABCB6/TGFB2/TNFSF13B/ADAM9/DSC1/ABCA12/POU2F3/HOXA7/SPRR4/LSR/KRT4",0.257206466468838
"GO:0030258","lipid modification",160,-0.353423172908014,-1.31240641557394,0.0223796673328165,0.226088595344629,0.13534573100304,2640,"tags=24%, list=13%, signal=21%","ECHDC1/ACOX1/APOD/LEP/ACADL/ACADVL/CYP1A1/ABCD4/ACAA1/PLPP1/ALOX12/MTMR9/PLPPR2/CPT2/INPPL1/MFSD2A/IRS1/DGKA/PORCN/INPP5B/TYSND1/MBOAT4/MLYCD/MBOAT2/PLPP5/SLC27A2/MTM1/CYP3A7/AKT1/PLPP6/MBOAT7/ACACB/AMACR/MTMR4/ADH4/DGKG/INPP5D/DGKZ/ALOX15B",0.352487857583619
"GO:0043123","positive regulation of canonical NF-kappaB signal transduction",223,0.363311240886598,1.30682532485693,0.0436681222707424,0.344479939040474,0.206219553419961,3239,"tags=27%, list=16%, signal=23%","TLR7/APOL3/PSMA6/SLC20A1/CASP1/LGALS9/IL1B/RBCK1/RBX1/DHX15/IFIT5/TRAF5/TNIP2/MIER1/RIPK2/CLEC6A/TICAM1/EIF2AK2/BTK/ERC1/TLR2/TNFSF10/ALPK1/FLOT1/CC2D1A/PARP1/TLR8/IRAK4/HUWE1/LIMS1/PPP5C/BIRC2/TICAM2/ANKRD17/NDFIP2/TRIM25/NOD2/LTBR/UBE2N/FASLG/EDA2R/CASP10/IRAK2/CARD16/CTH/TRAF6/DHX36/TRIM22/RNF31/SECTM1/CUL1/ZC3HAV1/XIAP/IL1A/DDX21/BST2/TFG/LAMTOR5/S100A12/DDX1",0.261663521711573
"GO:0009144","purine nucleoside triphosphate metabolic process",213,0.360125884230362,1.30443675160923,0.0430502617749997,0.342363177877772,0.204952375009268,3845,"tags=26%, list=20%, signal=21%","NDUFC1/EP300/HSPA8/HK2/NDUFS4/ENO2/NDUFV2/GUK1/HDAC4/NCOR1/P2RX7/VPS9D1/HK3/NDUFB1/MLXIPL/MT-ND6/NDUFAB1/PFKFB4/NDUFB3/ADPGK/HK1/PARP1/PRKAG2/NDUFA12/MYH3/NDUFA1/MLST8/ENPP1/SLC25A13/ZBTB20/NME1/ARL2/NDUFB2/NUDT5/ITPA/PRKAG3/EIF6/PPARA/IFNG/ATP6V1B1/NDUFB7/PFKP/NDUFV3/AK2/DHTKD1/UCHL1/NDUFB9/VCP/OGDH/ENO3/GIMAP7/NME5/ATP6V1B2/NDUFA8/NDUFB5",0.321775918075361
"GO:0030509","BMP signaling pathway",127,-0.360682066994756,-1.30343652018462,0.0326621161857043,0.286928635012532,0.171767026958082,3850,"tags=27%, list=20%, signal=22%","TMEM119/RUNX2/FSTL1/BMP6/SKI/PCSK6/BMP8B/BMP8A/NOG/HFE/FSTL5/GREM1/TRIM33/SMAD5/BMP2/TMEM100/SCUBE3/TWSG1/BMP4/USP9Y/CHRDL2/CHRDL1/SMAD4/MEGF8/SORL1/SMURF2/DLX1/CRIM1/ACVR2B/MTMR4/SOSTDC1/SULF1/GDF7/CAV1",0.321775918075361
"GO:0031023","microtubule organizing center organization",150,-0.348127261798237,-1.30114931333378,0.0438097731495892,0.345134097587313,0.206611159049511,3559,"tags=30%, list=18%, signal=25%","NDC80/CDK1/HAUS8/PDE4DIP/XRCC3/ITGB1BP2/CCDC78/HAUS3/CROCC/DZIP1/CLASP2/XRCC2/PPP1R35/PCM1/PDCD6IP/PAFAH1B1/CEP76/CHMP3/TUBA1A/CHEK1/CCP110/DNM2/CEP44/ALMS1/MARK4/PKHD1/CCDC57/KAT2A/BBS4/KIAA0753/WDR62/CHMP1B/CDK5RAP2/HAUS4/NIN/CDK2/CEP120/UBXN2B/SPICE1/ODF2/NDE1/NDEL1/PARD6G/TMEM67/HEPACAM2",0.321775918075361
"GO:0070372","regulation of ERK1 and ERK2 cascade",253,0.357162122271898,1.30108403410806,0.0384024577572965,0.320461316224167,0.191841039290118,4348,"tags=30%, list=22%, signal=23%","EPO/CCR1/IL13RA2/GBP1/DUSP15/LGALS9/IL1B/FFAR4/TRPV4/FPR2/DDR2/HAVCR2/EMILIN1/ITGB1BP1/NELFE/NPNT/CCL3/DUSP3/SCIMP/NECAB2/TNFAIP8L3/CHRNA10/PTK2B/YWHAZ/NTRK1/SPRED3/MFHAS1/GPBAR1/PTPRC/IAPP/RANBP9/ITGB3/NOD2/C5AR1/EPHB1/SIRPA/ARRB1/FGB/ACTA2/GCG/BRAF/ATF3/PTPN1/ICAM1/NLRP6/ABCA7/TMEM219/PTPN6/IL1A/GLIPR2/SEMA7A/NPY/KLF4/FLT4/EZR/PDGFRA/P2RY6/TNIP1/TNF/S100A7/GPER1/TLR4/NPY5R/GCNT2/RRAS/STYX/PTPN2/CHI3L1/DAB2/SLAMF1/MC5R/VEGFB/PDGFD/CD36/ADORA2A",0.287857117255149
"GO:0006935","chemotaxis",415,0.341002596868237,1.29875644073863,0.0162522574060443,0.186188141862227,0.111459713949873,2407,"tags=17%, list=12%, signal=15%","CCR5/SPI1/C3AR1/ITGB2/CCR1/PTPRO/CCRL2/EDN2/SLIT1/ADAM8/LGALS9/ROBO2/TRPV4/RNASE2/CREB3/IL12A/FPR2/PLGRKT/CCL8/AGTR1/TGFB2/CCR2/CXCL10/STAP1/FER/CXCR6/CCL4/CCL3/NTRK3/DUSP3/FOSL1/HGF/DAPK2/SPN/PTK2B/COLEC10/EGR3/CXCL11/ELMO2/RNASE3/CCL26/CCL3L3/ENPP2/CMKLR1/EDN1/SCRIB/CTTN/AIF1/CCL5/LYST/TSC2/CSF1/MET/HSD3B7/S100A8/RARRES2/ITGB3/APOA1/C5AR1/EPHB1/RAB13/NTN1/FPR1/ALOX5/NINJ1/FGF7/OXSR1/PLXNA4/SWAP70/CCL7/RALA",0.352487857583619
"GO:0042330","taxis",415,0.341002596868237,1.29875644073863,0.0162522574060443,0.186188141862227,0.111459713949873,2407,"tags=17%, list=12%, signal=15%","CCR5/SPI1/C3AR1/ITGB2/CCR1/PTPRO/CCRL2/EDN2/SLIT1/ADAM8/LGALS9/ROBO2/TRPV4/RNASE2/CREB3/IL12A/FPR2/PLGRKT/CCL8/AGTR1/TGFB2/CCR2/CXCL10/STAP1/FER/CXCR6/CCL4/CCL3/NTRK3/DUSP3/FOSL1/HGF/DAPK2/SPN/PTK2B/COLEC10/EGR3/CXCL11/ELMO2/RNASE3/CCL26/CCL3L3/ENPP2/CMKLR1/EDN1/SCRIB/CTTN/AIF1/CCL5/LYST/TSC2/CSF1/MET/HSD3B7/S100A8/RARRES2/ITGB3/APOA1/C5AR1/EPHB1/RAB13/NTN1/FPR1/ALOX5/NINJ1/FGF7/OXSR1/PLXNA4/SWAP70/CCL7/RALA",0.352487857583619
"GO:0009749","response to glucose",154,-0.344006475573781,-1.29753533074387,0.0399282746176282,0.328726260941381,0.196788767780119,2348,"tags=18%, list=12%, signal=16%","EIF2B4/NR1H4/OXCT1/CRH/PIH1D1/EIF2B2/PRKAA1/UNC13B/NKX2-2/ERN1/SOX4/SMAD4/KCNB1/RACK1/IGF1R/ZBED3/USF1/GPLD1/PDX1/ZBED6/EIF2B1/TRPM4/GHRL/PKLR/AGER/RAB11B/GNAS/STXBP4",0.321775918075361
"GO:0016054","organic acid catabolic process",237,-0.331343314097579,-1.29640417238498,0.0128394648047971,0.160890265794867,0.0963153873466579,2771,"tags=21%, list=14%, signal=18%","CYP2W1/KYNU/GNPDA2/ECHDC1/PON2/ACOX1/NOS2/LEP/BCKDHA/ACADL/ACADVL/ABCD4/ACOT7/AMT/HMGCL/ACAA1/MCEE/SARDH/CPT2/MPST/ABHD1/ALDH4A1/ABHD2/MFSD2A/IRS1/PAH/SHMT2/ALDH8A1/OAT/HGD/TYSND1/MLYCD/DBT/DPEP2/LDHD/PON3/BCAT2/AGXT2/SLC27A2/AKT1/PRODH/ACAD8/ACACB/DLD/AMACR/DAO/HNMT/PCCA/NOS1",0.380730400722792
"GO:0046395","carboxylic acid catabolic process",237,-0.331343314097579,-1.29640417238498,0.0128394648047971,0.160890265794867,0.0963153873466579,2771,"tags=21%, list=14%, signal=18%","CYP2W1/KYNU/GNPDA2/ECHDC1/PON2/ACOX1/NOS2/LEP/BCKDHA/ACADL/ACADVL/ABCD4/ACOT7/AMT/HMGCL/ACAA1/MCEE/SARDH/CPT2/MPST/ABHD1/ALDH4A1/ABHD2/MFSD2A/IRS1/PAH/SHMT2/ALDH8A1/OAT/HGD/TYSND1/MLYCD/DBT/DPEP2/LDHD/PON3/BCAT2/AGXT2/SLC27A2/AKT1/PRODH/ACAD8/ACACB/DLD/AMACR/DAO/HNMT/PCCA/NOS1",0.380730400722792
"GO:0001508","action potential",155,-0.346508726425843,-1.29580053333157,0.0454062391230955,0.34885362673705,0.208837818872802,3054,"tags=23%, list=16%, signal=19%","SCN9A/FLNA/KCNJ5/FGF12/KCNMB4/DSG2/KCNS3/SCN3A/SCN2B/CACNA1G/KCNJ2/CNR2/CHRNA1/AKAP9/FMR1/CACNB3/KCNQ2/KCNB1/ATP1B1/KCNIP2/KCNE2/ANK3/SCN8A/GNA14/GJA5/SCN4B/GJA1/KCNC1/DLG1/KCNC4/CLN3/TRPM4/P2RX1/CAV1/NOS1",0.321775918075361
"GO:0007098","centrosome cycle",138,-0.350105695535963,-1.2943204316314,0.048591152094817,0.36321921610204,0.217437638739569,3559,"tags=30%, list=18%, signal=24%","NDC80/CDK1/HAUS8/PDE4DIP/XRCC3/ITGB1BP2/HAUS3/CROCC/XRCC2/PPP1R35/PCM1/PDCD6IP/CEP76/CHMP3/TUBA1A/CHEK1/CCP110/DNM2/CEP44/ALMS1/MARK4/PKHD1/CCDC57/KAT2A/BBS4/KIAA0753/WDR62/CHMP1B/CDK5RAP2/HAUS4/NIN/CDK2/CEP120/UBXN2B/SPICE1/ODF2/NDE1/NDEL1/PARD6G/TMEM67/HEPACAM2",0.321775918075361
"GO:0043410","positive regulation of MAPK cascade",402,0.338531064652783,1.29250562467134,0.0294662578815137,0.268485577627374,0.160726270656685,2355,"tags=17%, list=12%, signal=15%","SPI1/EPGN/EPO/IL27/FGF5/CCR1/IL13RA2/TAOK3/DUSP15/ADAM8/LGALS9/IL1B/FFAR4/TRPV4/FPR2/DDR2/HAVCR2/ADRA1D/TGFB2/NELFE/SPHK1/FLT3/GDF15/ADAM9/NPNT/TRAF4/CCL3/MAP3K10/NTRK3/SCIMP/SH3RF1/NECAB2/HGF/TNFAIP8L3/LAMTOR1/EIF2AK2/PTK2B/GHR/ZNF622/ADRB2/ZC3H12A/LIF/NTRK1/DSC2/MFHAS1/EDN1/JAK2/RASGRF1/TNIK/GPBAR1/TAOK1/PTPRC/IAPP/AVPR1B/ITGB3/NOD2/C5AR1/FGF7/LTBR/ARRB1/FGB/ADRA2B/ACTA2/EDA2R/IL15RA/GCG/BRAF/RELL2",0.352487857583619
"GO:0030177","positive regulation of Wnt signaling pathway",130,-0.358850013934425,-1.2916692704436,0.039582617747755,0.328569271897678,0.196694787821302,2841,"tags=23%, list=14%, signal=20%","NRBP2/SALL1/BMP2/WDR20/HSP90B1/DDX3X/CCDC134/AMER1/LGR5/LYPD6/CSNK1G3/SFRP1/RNF220/NRBP1/WLS/SOX4/ATP6AP2/ZBED3/SMURF2/EGFR/GPC5/RNF146/UBE2B/ADNP/TRPM4/WNK2/TMEM9/SULF1/WNT5A/SPIN4",0.321775918075361
"GO:0030111","regulation of Wnt signaling pathway",290,-0.322088511286334,-1.29147680293895,0.0117731003188698,0.152631667009841,0.0913714577870254,3872,"tags=27%, list=20%, signal=22%","USP46/CTNND2/FAM53B/FGFR2/HIC1/APCDD1L/MDK/GID8/TERT/SKI/STK11/MAPK14/COL1A1/LMBR1L/SENP2/UBAC2/NRARP/NOG/APP/PSEN1/GREM1/NRBP2/SALL1/BMP2/GLI3/BICC1/VGLL4/LRP1/WDR20/HSP90B1/RNF14/DDX3X/CCDC134/AMER1/LGR5/LYPD6/FUZ/CSNK1G3/TMEM170B/FRMD8/SFRP1/GSK3B/RNF220/AMER3/ALPK2/NFATC4/NPHP3/NRBP1/WLS/SOX4/SMAD4/RACK1/MDFIC/ATP6AP2/SFRP5/ZBED3/PPP1CA/SMURF2/APC2/NKX2-5/EGFR/GPC5/RNF146/UBE2B/ADNP/TRPM4/WNK2/TMEM9/SOSTDC1/SULF1/TPBG/FERMT1/SNAI2/WNT5A/SOX2/SPIN4/CAV1",0.380730400722792
"GO:0060070","canonical Wnt signaling pathway",277,-0.32740483793807,-1.29062467264072,0.0115667091597878,0.15058881864545,0.0901485265516597,3129,"tags=22%, list=16%, signal=19%","UBAC2/NRARP/NOG/APP/PSEN1/GREM1/NRBP2/BMP2/GLI3/BICC1/BCL9/WDR20/RNF14/DDX3X/AMER1/LGR5/LYPD6/FUZ/CSNK1G3/FZD3/TMEM170B/FRMD8/SFRP1/GSK3B/RNF220/AMER3/NPHP3/NRBP1/WLS/DVL3/SOX4/SMAD4/ATP6AP2/FZD4/FZD8/SFRP5/WNT8B/ZBED3/PPP1CA/SMURF2/APC2/NKX2-5/PYGO1/EGFR/SIAH1/GPC5/RNF146/UBE2B/ADNP/TRPM4/FZD1/WNK2/TMEM9/TPBG/FERMT1/SNAI2/WNT5A/SOX2/WNT7A/SPIN4/CAV1",0.380730400722792
"GO:0062197","cellular response to chemical stress",285,0.349985307576237,1.28408408338938,0.046875,0.356383408796895,0.213345449413077,2576,"tags=21%, list=13%, signal=19%","CYGB/EPO/PNPT1/AMBP/DNAJA1/CASP1/TRPV4/PRR5L/TXN/ABCD1/DDR2/RBX1/PRDX1/CAPN3/RIPK3/ABL2/SESN2/GDF15/FER/AIFM1/PEX14/HGF/MAPKAP1/KLF2/PIK3CA/BTK/GCH1/KEAP1/PYROXD1/OSER1/ZC3H12A/MYLK/PTGS2/SLC8A1/LCN2/PARP1/DDIT3/EDN1/PPP5C/AIF1/SETX/MLST8/DHRS2/MET/FOXO3/BMP7/SCN7A/ATP1A1/SIRPA/ALOX5/NINJ1/OXSR1/MAPT/LETM1/ROMO1/SLC25A23/NOS3/TMEM161A/ARHGEF2/SOD3",0.248911114434702
"GO:0045785","positive regulation of cell adhesion",421,0.333717863985505,1.28181269712565,0.0265428135904318,0.252006648579915,0.150861320614973,3275,"tags=22%, list=17%, signal=19%","IL12RB1/CR1/LILRB4/ITGB2/EPO/EP300/ADAM8/LGALS9/IL1B/IL12A/MAP3K8/UNC13D/LILRB2/CD274/HAVCR2/IL7/TGFB2/ITGB1BP1/CCR2/TESPA1/CD276/ABL2/SKAP1/ADAM9/NPNT/CD63/FRMD5/PTK2B/PODXL/CD80/FLOT1/LIF/CD6/PDCD1LG2/HLA-DPB1/OLFM4/CD47/HLA-E/JAK2/AIF1/ZAP70/CCL5/EFEMP2/CSF1/PTPRC/HACD1/SMARCA4/HLA-DRA/IL12RB2/FOXO3/BMP7/KAT5/BRD7/PLEKHA2/ITGB3/APOA1/ZBTB7B/NOD2/RUNX1/RARA/GLI2/LAMA1/SIRPA/ALOX5/FGB/ARL2/PIEZO1/CD70/RELL2/TRAF6/VCAM1/CD5/ARID1A/CCDC88B/DISC1/DAG1/HLA-DQA1/IFNG/SHH/IL10/PTPN6/IL1A/P2RY12/VNN1/NPY/HLA-DMA/AMBRA1/FSTL3/TNFSF9/FUT7/ST3GAL4/CD27",0.352487857583619
"GO:0050821","protein stabilization",220,-0.327083004735855,-1.27949834696038,0.0447007502035511,0.347495117653796,0.208024560669012,1919,"tags=16%, list=10%, signal=15%","PIH1D1/MTMR9/PINK1/CDKN2A/SWSAP1/EFNA1/CPN2/CD74/DVL3/SOX4/CRYAA/MUL1/HIP1R/ATP1B1/CRTAP/PARVA/ZBED3/PPP1CA/PRKCD/P3H1/CHP1/HIP1/IFT46/TBRG1/EPHA4/IP6K2/TAF1/UBE2B/USP19/EGLN3/SEL1L/RASSF2/CFP/PFN2/STXBP4/DNAAF2",0.321775918075361
"GO:0034764","positive regulation of transmembrane transport",161,-0.337222926308763,-1.27436995804102,0.0393908938557525,0.327440287397818,0.196018932269227,1791,"tags=14%, list=9%, signal=13%","CD4/ARPP19/CACNB3/THY1/IRS1/STIM2/ATP1B1/CTSS/AZIN1/KCNIP2/PTPRM/ZDHHC7/CHP1/KCNC1/OPN3/AKT1/WNK2/P2RX1/TRPC6/CAV1/SLC26A6/NOS1",0.321775918075361
"GO:0019058","viral life cycle",273,0.345769669227939,1.26860461925703,0.0442477876106195,0.345803520994163,0.207011902838522,4769,"tags=37%, list=24%, signal=28%","CR1/CCR5/SELPLG/OASL/IFITM1/ITGB7/LGALS9/RAD23A/CCL8/AGTR1/APOBEC3F/ISG20/IFI16/SMPD1/IFIT5/CHMP4BP1/CXCR6/KPNA3/IFNL3/OAS1/NECTIN4/APOBEC3G/EIF2AK2/OAS2/CD80/EIF2AK4/NECTIN2/RSAD2/ZC3H12A/PLSCR1/NMT2/IFIT1/SRPK1/CCL5/ADAR/CTSB/AVPR1B/TRIM25/RNASEL/ITGB3/WWP2/NCAM1/TYRO3/RAB1A/PPIH/IFNB1/CHMP5/APOBEC3C/SLC20A2/LARP1/ICAM1/DAG1/MX1/CTSL/ZC3HAV1/ZNFX1/BST2/DDX6/ISG15/OAS3/LAMTOR5/CH25H/PPID/SIVA1/APOBEC3A/ADARB1/IFIH1/TNIP1/VCP/TNF/ARL8B/TRIM38/IFITM3/APOBEC3D/CD28/F11R/EPS15/LDLR/KPNA6/VAPB/SLAMF1/DYNLT1/TBC1D20/VPS37B/HSP90AB1/NUP153/IL32/TRIM5/LAMP3/CHMP1A/MYH10/NEDD4/SMARCB1/RAB7A/USP6NL/WWP1/SLC52A1/CHMP4B/MVB12A/BANF1",0.261663521711573
"GO:0090101","negative regulation of transmembrane receptor protein serine/threonine kinase signaling pathway",127,-0.350436893278154,-1.26641240726123,0.0439098538885583,0.345459452882272,0.206805929821406,3689,"tags=24%, list=19%, signal=20%","SIRT1/INTS9/PBLD/SKI/ING1/NOG/IGSF1/GREM1/TRIM33/CIDEA/BMP2/IL17RD/PDPK1/LRP1/ADAM17/SIN3A/ZNF451/CHRDL2/CHRDL1/SORL1/RBBP4/SMURF2/BRMS1L/DLX1/CRIM1/PMEPA1/MTMR4/SOSTDC1/SAP30L/LDLRAD4/CAV1",0.321775918075361
"GO:0061448","connective tissue development",189,-0.331877843606104,-1.26318084180693,0.0212197293657971,0.221625080046727,0.132673691133374,3747,"tags=31%, list=19%, signal=26%","RUNX2/NPPC/OSR1/SIRT1/MDK/ZNF219/BMP6/NFIB/CUL4B/TGFBI/TGFBR2/DDB1/MAPK14/NR5A2/DYRK1B/BMP8B/NPR2/BMP8A/NOG/EFEMP1/RASAL2/GREM1/BMP2/TAPT1/HMGCS2/HYAL3/SOX6/LEP/NR1H4/OXCT1/ABHD15/BMP3/BMP4/GPR82/CD44/OSR2/PRKAA1/CHRDL2/EVC/KAT2A/HYAL1/EIF2AK3/FGFR3/SORL1/MBOAT2/SIX2/GPLD1/ACVR2B/PKD1/TRPM4/GHRL/SULF1/TGFBR1/CTDSPL2/SNAI2/GDF7/WNT5A/BMP1/WNT7A",0.352487857583619
"GO:0016042","lipid catabolic process",331,-0.309353082956133,-1.26229488665246,0.0194815866946628,0.210853195220135,0.126225207414355,3888,"tags=27%, list=20%, signal=22%","BDH2/AKT2/AUH/CROT/SMPDL3B/PLCE1/PRKACA/SCP2/ASAH2B/PEX2/HADH/FAAH2/DGKD/ABCD3/LPIN2/SIRT2/ECH1/PLPP2/NAPEPLD/PLD1/ENDOU/CIDEA/SCARB1/CYP2W1/PAFAH1B1/ECHDC1/ACOX1/FABP6/SUMF1/PLA2G4F/SGPL1/PNLIPRP2/LEP/ACADL/ACADVL/CYP1A1/ABCD4/STS/ACOT7/LIPA/OXCT1/ABHD15/ACAA1/MCEE/PLPP1/PLCG2/PLA2G12A/NAGA/ACER2/CPT2/MGLL/DAGLA/PRKAA1/HPGD/ABHD1/ABHD2/MFSD2A/IRS1/DAGLB/NCEH1/PLA2G2A/PLCH2/TYSND1/SORL1/PLD6/NEU4/MLYCD/CEL/HCAR1/FUCA1/DPEP2/PRKCD/LIPG/LIPH/GPLD1/SLC27A2/CYP46A1/PDE3B/PNLIPRP1/AKT1/PLPP6/NEU3/PLCB3/CYP24A1/ACACB/AMACR/SUMF2/SULT1E1/PCCA",0.352487857583619
"GO:0010506","regulation of autophagy",343,0.334750541080755,1.26191813159811,0.0452616690240453,0.348627560752705,0.208702486677653,3149,"tags=23%, list=16%, signal=19%","RUFY4/EP300/RHEB/SVIP/ATG12/PIP4K2A/ATP6V0E1/HK2/IRGM/PSMD14/ATP6V1E1/SQSTM1/PLEKHF1/RBX1/IFI16/ABL2/SESN2/DRAM2/RAB3GAP2/OPTN/HGF/HAX1/TICAM1/MAGEA3/DAPK2/PIK3CA/KEAP1/FZD5/HSPB8/ADRB2/VPS13D/CDK5/ZC3H12A/DCN/DRAM1/RRAGC/ATP6V0D2/DCAF12/ATP6V1D/DDIT3/HUWE1/ITPR1/CTTN/TSC2/MEFV/ATP6V0D1/LYPLA1/MLST8/CTSA/MET/EXOC1/SREBF2/FOXO3/KAT5/NOD2/RAB8A/UBR4/CSNK2A2/ATP6V0B/MAPT/GPR137B/IFNB1/TRIM22/RNF31/LARP1/WIPI1/GATA4/RUBCN/PAFAH1B2/CUL1/IFNG/ATP6V1B1/CISD1/IL10/WDR41/GPR137/CAPNS1/AMBRA1",0.252961123069611
"GO:0043487","regulation of RNA stability",192,-0.325381484063431,-1.24437989007315,0.0493274545250803,0.366494880207202,0.219398583086,3471,"tags=25%, list=18%, signal=21%","ZFP36L1/BTG2/MEX3D/RBM33/MAPK14/TNKS1BP1/TRIM71/SYNCRIP/TNRC6B/FASTKD5/IGF2BP1/IGF2BP2/ELAVL1/PAN3/GTSF1/GDNF/THRAP3/CARHSP1/EDC4/YBX1/ZC3H14/PIWIL2/DCPS/FMR1/NAF1/DHX9/TOB1/UPF1/HNRNPA0/NYNRIN/YBX3/PNN/DKC1/PRKCD/APEX1/FAM76B/AKT1/KHSRP/CIRBP/TRDMT1/QKI/HNRNPU/CACNG7/FASTKD3/VIM/CNOT8/METTL14/BCLAF1",0.321775918075361
"GO:0048598","embryonic morphogenesis",332,-0.302517255486844,-1.23119652687491,0.0384422712162733,0.320461316224167,0.191841039290118,2965,"tags=23%, list=15%, signal=20%","EFEMP1/COL5A2/LEO1/HOXB3/GREM1/PPP1R35/SALL1/HPN/SETD2/GLI3/DNAAF1/ECE1/MICAL2/CCDC39/STOX1/PLXNB2/MAPK7/GDNF/EPHB2/NECTIN3/HOXC11/FUZ/PDZD7/YBX1/SOX18/BMP4/MFAP2/APLN/OSR2/GSC/NPHP3/NECTIN1/WLS/DLL4/BBS4/SMAD4/VANGL2/RACK1/LAMB1/ITGB5/MEGF8/SP9/LAMB3/RBP4/ZNF358/HOXD11/WNT8B/ITGA2/VASP/PLS1/IGF2/FBN3/KIF16B/GJA1/SIX2/NKX2-5/ITGAV/TMEM107/STRC/NANOG/SEMA4C/COL5A1/TENM4/MYO3B/FLRT3/IRX5/SULF1/HIPK1/TGFBR1/COL6A1/HOXD13/IFT122/WNT5A/SOX2/WNT7A/HOXA9",0.321775918075361
"GO:0007423","sensory organ development",365,-0.30212423080691,-1.23023605929714,0.0173443773229041,0.193421073105706,0.115789637646162,3254,"tags=24%, list=17%, signal=20%","DRD2/ABI2/WDPCP/SMG9/OLIG1/ROR1/NOG/PSEN1/CRYBB2/ASCL1/EFEMP1/COL5A2/KRT12/ZDHHC16/CLDN3/BMP2/HPN/SGCA/PITX3/PAFAH1B1/GLI3/AGTPBP1/PBX1/NRL/ECE1/SGCB/STOX1/EPHB2/SHROOM2/SLC6A3/CYP1A1/NECTIN3/PDZD7/IFT88/LCTL/SOX12/MEIS2/MFAP2/OSR2/GSC/SDK2/CPAMD8/THY1/NECTIN1/MFSD2A/DLL4/BBS4/SOX4/CHRDL1/CRYAA/VEGFA/ACTL6A/NTF4/OLIG2/GABRB2/FZD4/RBP4/PTPRM/GABRB3/PLS1/SALL2/DLX1/JAG1/FBN3/BLOC1S5/PDE6A/STRC/ACVR2B/EPHA4/CASP2/ATOH7/COL5A1/MAF/MYO3B/ATF4/GATA2/HIPK1/BLOC1S3/IFT122/MCM2/SIX6/WNT5A/GABRA5/SOX2/MAB21L1/WNT7A",0.352487857583619
"GO:0046486","glycerolipid metabolic process",372,-0.299371892002781,-1.22865393339108,0.0256468671471504,0.245883586009467,0.147195808967597,3339,"tags=20%, list=17%, signal=17%","LPIN2/PITPNM3/IPMK/CDIPT/IP6K3/SLC44A3/PGS1/DPM2/NAPEPLD/PLD1/PHB2/PIK3C2A/SLC27A1/SCARB1/PIP5K1B/GPAT4/PCTP/PAFAH1B1/IP6K1/CDS2/MOGAT1/APOBR/FABP6/PLA2G4F/TTC7B/MTMR14/PNLIPRP2/NR1H4/LMF1/GALR2/PLCG2/PIKFYVE/MTMR9/INPPL1/MGLL/DAGLA/CHAT/AGPAT4/GNB3/ABHD2/MFSD2A/DAGLB/PITPNC1/PIGW/PLA2G2A/PLCH2/DGKA/INPP5B/SORL1/PIK3R5/EFR3B/PGAP3/MBOAT2/CPNE1/LIPG/LIPH/GPLD1/MTM1/PNLIPRP1/ETNK2/PI4K2A/IP6K2/PLCB3/CLN3/STARD10/MBOAT7/MTMR4/PGAP2/SEL1L/DGKG/INPP5D/SERINC2/DGKZ/CAV1",0.352487857583619
NA,NA,NA,NA,NA,NA,NA,NA,NA,NA,NA,NA
NA,NA,NA,NA,NA,NA,NA,NA,NA,NA,NA,NA
NA,NA,NA,NA,NA,NA,NA,NA,NA,NA,NA,NA
