Sample	0	1	2	3	4	5	6	7	8	9	10	11	12	13	14	15	16	17	18	19	20	21	22	23	24	25	26	27	28	29	30	31	32	33	34	35	36	37	38	39	40	41	42	43	44	45	46	47	48	49	50	51	52	53	54	55	56	57	58	59	60	61	62	63	64	65	66	67	68	69	70	71	72	73
SRR26260919_1 - nextera_transposase_sequence	(1, 0.0)	(2, 0.000293423984792512)	(3, 0.00030470952266914707)	(4, 0.00030470952266914707)	(5, 0.00030470952266914707)	(6, 0.00031035229160746464)	(7, 0.00031035229160746464)	(8, 0.00031035229160746464)	(9, 0.00031035229160746464)	(10, 0.00031035229160746464)	(12, 0.00031035229160746464)	(14, 0.00031035229160746464)	(16, 0.00032163782948409973)	(18, 0.00034703028970652864)	(20, 0.00036113721205232246)	(22, 0.00036113721205232246)	(24, 0.00036113721205232246)	(26, 0.00037806551886727507)	(28, 0.00037806551886727507)	(30, 0.00037806551886727507)	(32, 0.00037806551886727507)	(34, 0.00037806551886727507)	(36, 0.00037806551886727507)	(38, 0.00040345797908970403)	(40, 0.00042038628590465664)	(42, 0.00042602905484297415)	(44, 0.00042885043931213294)	(46, 0.00043449320825045046)	(48, 0.0004429573616579268)	(50, 0.00046270705294203815)	(52, 0.000476813975287832)	(54, 0.0005304202802018486)	(56, 0.0005953121229925003)	(58, 0.0006348115055607232)	(60, 0.0006743108881289458)	(62, 0.0007843448824261379)	(64, 0.0008972002611924886)	(66, 0.0010241625623046333)	(68, 0.0011708745547008893)	(70, 0.0013514431607270505)	(72, 0.0015856180716672282)	(74, 0.0018818634409288992)	(76, 0.0022401792685120625)	(78, 0.0026803152457008307)	(80, 0.003286912906569966)	(82, 0.0038624753382783547)	(84, 0.00460732083813627)	(86, 0.005733053241330619)	(88, 0.006833393184302539)	(90, 0.008105837579893143)	(92, 0.009505244276595893)	(94, 0.011288359261104237)	(96, 0.013401576228504153)	(98, 0.01582232410304238)	(100, 0.01845467581276751)	(102, 0.021422772274322537)	(104, 0.024720970718769136)	(106, 0.028352092530576474)	(108, 0.03257288369643799)	(110, 0.0372874171444023)	(112, 0.04197655813214417)	(114, 0.04724408293606359)	(116, 0.0526696052702559)	(118, 0.05822491129002952)	(120, 0.06375764623404986)	(122, 0.06939759378789825)	(124, 0.07461433367137281)	(126, 0.08000882077640438)	(128, 0.08559516202533873)	(130, 0.09975851206051575)	(132, 0.10890261912505933)	(134, 0.1117437532855022)	(136, 0.11174939605444054)	
SRR26260919_1 - polya	(1, 0.0019636835905345036)	(2, 0.0024376761813531766)	(3, 0.007149388244848321)	(4, 0.010433479766949128)	(5, 0.015957750557562)	(6, 0.019467552837195506)	(7, 0.02377298553713179)	(8, 0.027903492399980228)	(9, 0.035126236641026674)	(10, 0.05181754716056995)	(12, 0.06220588477601255)	(14, 0.07086753509632997)	(16, 0.07884923175958011)	(18, 0.08607479738509573)	(20, 0.09376589144802254)	(22, 0.1018632648745082)	(24, 0.11029074028388544)	(26, 0.11748244929577115)	(28, 0.12667451989629042)	(30, 0.13568037912184522)	(32, 0.1427084478345197)	(34, 0.14905938427459609)	(36, 0.15550060501768556)	(38, 0.1621844648251227)	(40, 0.16865954218184206)	(42, 0.1754788284437988)	(44, 0.1822416870163724)	(46, 0.18816377301713663)	(48, 0.19377550672629343)	(50, 0.20012362178190068)	(52, 0.206135992085678)	(54, 0.21226121776822168)	(56, 0.21791809362888503)	(58, 0.22343672165055956)	(60, 0.22847007154353882)	(62, 0.2328911810067106)	(64, 0.23744489553993287)	(66, 0.24300302294417564)	(68, 0.24814076406251376)	(70, 0.2532559341050986)	(72, 0.2580946084697059)	(74, 0.26281196330213935)	(76, 0.26774656473869807)	(78, 0.27425832009351647)	(80, 0.2802960828575162)	(82, 0.2853661107485945)	(84, 0.28975900636707475)	(86, 0.29535099038494744)	(88, 0.30097400963198084)	(90, 0.30584371922574893)	(92, 0.3133965654496869)	(94, 0.3199421774181353)	(96, 0.32581347849845466)	(98, 0.33120514421901703)	(100, 0.3365968099395795)	(102, 0.34512867657431556)	(104, 0.3514937199367378)	(106, 0.35678663720087966)	(108, 0.36228833691573925)	(110, 0.3677872152461297)	(112, 0.37240017885320426)	(114, 0.37625419003807514)	(116, 0.38020412829489747)	(118, 0.38421895839451037)	(120, 0.3884707847895326)	(122, 0.3926407910349493)	(124, 0.3957076359529249)	(126, 0.3995193263707584)	(128, 0.40409561197973387)	(130, 0.40827690376302717)	(132, 0.41261619307659336)	(134, 0.41583539275590353)	(136, 0.4194044441093894)	
SRR26260919_1 - polyg	(1, 0.0)	(2, 0.0)	(3, 0.00028778121585419446)	(4, 0.00030470952266914707)	(5, 0.000806915958179408)	(6, 0.0009141285680074413)	(7, 0.0009423424126990289)	(8, 0.0009649134884522991)	(9, 0.0009987701020822044)	(10, 0.0011031613274410787)	(12, 0.001334514853912098)	(14, 0.0017323300640634844)	(16, 0.0022232509616971104)	(18, 0.002663386938885878)	(20, 0.0029398826168634375)	(22, 0.0032445921395325844)	(24, 0.003978152101513865)	(26, 0.005202632961128771)	(28, 0.006432756589681994)	(30, 0.008294870339326781)	(32, 0.01024726839198465)	(34, 0.01139275048646311)	(36, 0.012024740607554674)	(38, 0.01279215718316586)	(40, 0.014137957574954594)	(42, 0.01547529381333585)	(44, 0.017698544775032958)	(46, 0.02003465111549642)	(48, 0.021259131975111326)	(50, 0.02268957390097482)	(52, 0.023945089989750475)	(54, 0.025561743290578448)	(56, 0.027237645665258756)	(58, 0.02904615310998953)	(60, 0.030659985026348344)	(62, 0.033216159355406186)	(64, 0.03532091216939863)	(66, 0.03829465139989198)	(68, 0.040924181725147946)	(70, 0.04326028806561141)	(72, 0.04598856684728794)	(74, 0.049080804225485955)	(76, 0.0549831405349661)	(78, 0.06125225682543688)	(80, 0.06611068088132828)	(82, 0.06983772976508701)	(84, 0.07301743006182895)	(86, 0.07634948511990546)	(88, 0.07983107355484738)	(90, 0.08289791847282296)	(92, 0.08607761876956489)	(94, 0.08954510028216102)	(96, 0.09276429996147117)	(98, 0.09588475118436077)	(100, 0.09863277965732142)	(102, 0.10121152506213252)	(104, 0.10383541261845018)	(106, 0.10658626247587999)	(108, 0.10901829588829484)	(110, 0.1112584751568069)	(112, 0.11364536641771522)	(114, 0.11630593197213193)	(116, 0.119203493821958)	(118, 0.1220700204426233)	(120, 0.12532589812003253)	(122, 0.12910091053976697)	(124, 0.1330395632587126)	(126, 0.1367355769133106)	(128, 0.13983627844491608)	(130, 0.14303008566400383)	(132, 0.14666967162921862)	(134, 0.15049546896939792)	(136, 0.1549024715102239)	
SRR26260919_2 - nextera_transposase_sequence	(1, 0.0)	(2, 0.00011285537876635077)	(3, 0.00012414091664298584)	(4, 0.00012414091664298584)	(5, 0.00012414091664298584)	(6, 0.00012414091664298584)	(7, 0.00012414091664298584)	(8, 0.00012414091664298584)	(9, 0.00012414091664298584)	(10, 0.00012414091664298584)	(12, 0.00012414091664298584)	(14, 0.00012978368558130338)	(16, 0.00012978368558130338)	(18, 0.00012978368558130338)	(20, 0.00012978368558130338)	(22, 0.00012978368558130338)	(24, 0.00012978368558130338)	(26, 0.00013542645451962093)	(28, 0.00013542645451962093)	(30, 0.0001382478389887797)	(32, 0.00014389060792709723)	(34, 0.00020596106624859017)	(36, 0.00021442521965606647)	(38, 0.00021442521965606647)	(40, 0.00021724660412522525)	(42, 0.00022571075753270153)	(44, 0.0002539246022242892)	(46, 0.0002708529090392418)	(48, 0.00028778121585419446)	(50, 0.0003047095226691471)	(52, 0.00033574475182989355)	(54, 0.00040345797908970403)	(56, 0.00045424289953456185)	(58, 0.00048809951316446706)	(60, 0.0005896693540541828)	(62, 0.000708167501758851)	(64, 0.0008407725718093133)	(66, 0.0010185197933663156)	(68, 0.0012639802421831286)	(70, 0.001503797922061624)	(72, 0.0017464369864092781)	(74, 0.002113216967399918)	(76, 0.002516674946489622)	(78, 0.003007595844123248)	(80, 0.003583158275831637)	(82, 0.004350574851442822)	(84, 0.005275988957326899)	(86, 0.006508933970349281)	(88, 0.007812413595100633)	(90, 0.009200534753926747)	(92, 0.010746653443025752)	(94, 0.01267648041993035)	(96, 0.0147191627756013)	(98, 0.017024233886904015)	(100, 0.019851261125001102)	(102, 0.022703680823320617)	(104, 0.025965201269668156)	(106, 0.029759963380686698)	(108, 0.03378607901817626)	(110, 0.03817897463665647)	(112, 0.04252672810363013)	(114, 0.047043764638753316)	(116, 0.05168776347498865)	(118, 0.05701171596829125)	(120, 0.06281812520582)	(122, 0.06851167906458239)	(124, 0.07456354875092795)	(126, 0.08060695428386604)	(128, 0.08677167934897795)	(130, 0.09808825245477376)	(132, 0.10709693306479773)	(134, 0.10924400664582753)	(136, 0.10927222049051913)	
SRR26260919_2 - polya	(1, 0.012436662740051854)	(2, 0.02668465430930364)	(3, 0.036299932580196724)	(4, 0.039228529659183525)	(5, 0.04419416632490296)	(6, 0.0471340489417664)	(7, 0.05039556938811394)	(8, 0.053578091069325026)	(9, 0.060552553477085505)	(10, 0.07718461492277645)	(12, 0.08888771770084702)	(14, 0.10007450712106154)	(16, 0.1151999492602217)	(18, 0.13152730118324352)	(20, 0.147902616642241)	(22, 0.1675761305456851)	(24, 0.1818579787285668)	(26, 0.19614829106485596)	(28, 0.2116856553365133)	(30, 0.2232900096581633)	(32, 0.23350906420545636)	(34, 0.24473535300823912)	(36, 0.25508701262558264)	(38, 0.2649957148812683)	(40, 0.2756549054057501)	(42, 0.28698840681836085)	(44, 0.2975375633485455)	(46, 0.31138209693870755)	(48, 0.32539027082808086)	(50, 0.3404818563536111)	(52, 0.35461981392856573)	(54, 0.3704562449539539)	(56, 0.3878275091305644)	(58, 0.4036808684627675)	(60, 0.41729686991092774)	(62, 0.4300579918649329)	(64, 0.4420178406296969)	(66, 0.4593213915790476)	(68, 0.4749377546158414)	(70, 0.49545204109109486)	(72, 0.5158139728050137)	(74, 0.5326294242412)	(76, 0.548925740935061)	(78, 0.5670813499940976)	(80, 0.5797070454935831)	(82, 0.5912126513588126)	(84, 0.6031894284303916)	(86, 0.62160742624506)	(88, 0.6376949604882034)	(90, 0.6544906622331055)	(92, 0.6697374239044396)	(94, 0.6865810891853172)	(96, 0.7058003601892269)	(98, 0.7215775421407626)	(100, 0.7344740905492875)	(102, 0.747190070351786)	(104, 0.7581737200902211)	(106, 0.7703338871522953)	(108, 0.78209059623528)	(110, 0.7964175865696682)	(112, 0.8086482882434715)	(114, 0.818805272332443)	(116, 0.8294559987035174)	(118, 0.8419970526689282)	(120, 0.8543716449506584)	(122, 0.8650364782440787)	(124, 0.8735062744204933)	(126, 0.88445042477636)	(128, 0.894415554721429)	(130, 0.9034750202518977)	(132, 0.9130282280644693)	(134, 0.9228635743239568)	(136, 0.9333732314715733)	
SRR26260919_2 - polyg	(1, 0.04662619973731782)	(2, 0.08070288135581744)	(3, 0.08121637332920432)	(4, 0.08153801115868843)	(5, 0.08285841909025474)	(6, 0.08311234369247902)	(7, 0.0834904092113463)	(8, 0.08373869104463227)	(9, 0.08421268363545094)	(10, 0.08495188636637055)	(12, 0.08592808539269947)	(14, 0.08661650320317421)	(16, 0.08782123437150502)	(18, 0.08870432771035171)	(20, 0.08951970782193859)	(22, 0.0906002980736264)	(24, 0.09178527955067309)	(26, 0.09326932778145058)	(28, 0.0948154464705496)	(30, 0.0964095286956243)	(32, 0.09866945765542048)	(34, 0.1014259502817886)	(36, 0.10412037244983521)	(38, 0.10710257583373603)	(40, 0.11023431259450228)	(42, 0.11343658396699748)	(44, 0.11712131208371883)	(46, 0.12088221758110747)	(48, 0.12460080231145873)	(50, 0.12814446120472214)	(52, 0.13156115779687338)	(54, 0.13488474870154243)	(56, 0.13822526791302642)	(58, 0.14174071296159824)	(60, 0.1453718347734056)	(62, 0.1491976321135849)	(64, 0.1532547829802352)	(66, 0.1575715012180481)	(68, 0.16191361191608344)	(70, 0.16671278689812252)	(72, 0.17168688771724944)	(74, 0.17692055590753894)	(76, 0.1821175460997294)	(78, 0.1873314645987348)	(80, 0.19322533675480746)	(82, 0.20466322939277715)	(84, 0.21559609421076736)	(86, 0.22389096455009413)	(88, 0.2308118206529406)	(90, 0.23693422495101513)	(92, 0.2435588356845999)	(94, 0.2500423771947268)	(96, 0.25584596504778634)	(98, 0.261562089982302)	(100, 0.26726410799447187)	(102, 0.27265859509950346)	(104, 0.27831829234463595)	(106, 0.28393002605379275)	(108, 0.28978722021176634)	(110, 0.2958870534340876)	(112, 0.3025201283210799)	(114, 0.30879770876495816)	(116, 0.3142627304817187)	(118, 0.3195528263613914)	(120, 0.3246087473301239)	(122, 0.3298678079806358)	(124, 0.3349209075648992)	(126, 0.34014329021731204)	(128, 0.34579452330903704)	(130, 0.3514908985522686)	(132, 0.3568487076592011)	(134, 0.36226012307104766)	(136, 0.3681765663028736)	
SRR26260920_1 - nextera_transposase_sequence	(1, 0.0)	(2, 0.0016962596476968492)	(3, 0.0017490843426078238)	(4, 0.0017490843426078238)	(5, 0.0017490843426078238)	(6, 0.0017490843426078238)	(7, 0.0017490843426078238)	(8, 0.0017490843426078238)	(9, 0.0017490843426078238)	(10, 0.0017490843426078238)	(12, 0.0017520190478806557)	(14, 0.0017608231636991514)	(16, 0.0017608231636991514)	(18, 0.0017666925742448152)	(20, 0.001778431395336143)	(22, 0.001778431395336143)	(24, 0.001778431395336143)	(26, 0.001778431395336143)	(28, 0.001778431395336143)	(30, 0.0017843008058818068)	(32, 0.0017960396269731344)	(34, 0.001813647858610126)	(36, 0.0018195172691557898)	(38, 0.0018253866797014536)	(40, 0.0018253866797014536)	(42, 0.0018283213849742855)	(44, 0.0018312560902471174)	(46, 0.001845929616611277)	(48, 0.001884080785158092)	(50, 0.0019134278378864112)	(52, 0.0019427748906147304)	(54, 0.0020073384066170326)	(56, 0.0021188572069846456)	(58, 0.002242114828443586)	(60, 0.002388850092085182)	(62, 0.002638300040275895)	(64, 0.00289068469373944)	(66, 0.003081440536473515)	(68, 0.003345564011028388)	(70, 0.003627295717220252)	(72, 0.003958917413050258)	(74, 0.004475425541068677)	(76, 0.004994868374359926)	(78, 0.00556713590256215)	(80, 0.006236248704767828)	(82, 0.0071548114551642185)	(84, 0.008261195343021853)	(86, 0.009666919168708342)	(88, 0.011087316520758991)	(90, 0.012789445579001503)	(92, 0.014717546943252075)	(94, 0.017000747645515304)	(96, 0.019753501191431648)	(98, 0.023005154633729413)	(100, 0.026556148013856036)	(102, 0.030148227267802304)	(104, 0.03415409996521787)	(106, 0.03861778668519522)	(108, 0.04377993326010657)	(110, 0.04939695915230686)	(112, 0.05476160039104361)	(114, 0.06110643319090622)	(116, 0.0672018160425781)	(118, 0.07345567297898292)	(120, 0.07959801111502014)	(122, 0.08525318817576724)	(124, 0.09093184287869702)	(126, 0.09699787867764059)	(128, 0.1031871720980431)	(130, 0.11755255440855535)	(132, 0.12728403709326597)	(134, 0.13005733357609217)	(136, 0.1300720071024563)	
SRR26260920_1 - polya	(1, 0.002212767775715267)	(2, 0.0026060182822747443)	(3, 0.006955251496611648)	(4, 0.009942781464354542)	(5, 0.01454439933215499)	(6, 0.01737345521516496)	(7, 0.02153486729204062)	(8, 0.025484980589272385)	(9, 0.032598706170616956)	(10, 0.047950149452800725)	(12, 0.05862660723536325)	(14, 0.06598391335435287)	(16, 0.07352904061080373)	(18, 0.08020549510649634)	(20, 0.08719009365583631)	(22, 0.09433903570045488)	(24, 0.10183427296726759)	(26, 0.10806171755621692)	(28, 0.11605585471941107)	(30, 0.12324588263784927)	(32, 0.12939702488970495)	(34, 0.13506981018208908)	(36, 0.14011163384081432)	(38, 0.14625397197685153)	(40, 0.1517594790686842)	(42, 0.1572121614656059)	(44, 0.1623332221666976)	(46, 0.16735743759378585)	(48, 0.1723288283259631)	(50, 0.17725032906850224)	(52, 0.1822422627375893)	(54, 0.18728408639631458)	(56, 0.19145723729428155)	(58, 0.19587103402462075)	(60, 0.20005005433313341)	(62, 0.20375952179799298)	(64, 0.2077448515584987)	(66, 0.21295101871250255)	(68, 0.21774632712830988)	(70, 0.22262087258648372)	(72, 0.2268116317160877)	(74, 0.23039197214894264)	(76, 0.23449469012036167)	(78, 0.23942499497871927)	(80, 0.2442437810367093)	(82, 0.24818215551284972)	(84, 0.25231422053699704)	(86, 0.2568043196044299)	(88, 0.26183733914733665)	(90, 0.2655556107280147)	(92, 0.26988136630016896)	(94, 0.2745651559156087)	(96, 0.27860331037102537)	(98, 0.2826297260053508)	(100, 0.28716678035714893)	(102, 0.29211175874187073)	(104, 0.29615284790256025)	(106, 0.3003964317270752)	(108, 0.3045519743934052)	(110, 0.30898924876592704)	(112, 0.3126899121149681)	(114, 0.31557766210343474)	(116, 0.31921963134701914)	(118, 0.32258573829495735)	(120, 0.3260985805065372)	(122, 0.3293737115910176)	(124, 0.33207657514729577)	(126, 0.3352313833155901)	(128, 0.3390905207493641)	(130, 0.34295259288841085)	(132, 0.34674716680618256)	(134, 0.3496261126788307)	(136, 0.3524023438669297)	
SRR26260920_1 - polyg	(1, 0.0)	(2, 0.0)	(3, 0.0004812916647444347)	(4, 0.0005517245912924007)	(5, 0.0011151880036761293)	(6, 0.001267792677863389)	(7, 0.0013382256044113551)	(8, 0.0013734420676853381)	(9, 0.0014556138153246317)	(10, 0.0016199573106032194)	(12, 0.0019662525327973856)	(14, 0.0023800459762666863)	(16, 0.002893619399012272)	(18, 0.0034688216324873285)	(20, 0.0037828350966803434)	(22, 0.004167281487421325)	(24, 0.004947913089994616)	(26, 0.006256791641677651)	(28, 0.007559800782815023)	(30, 0.009226713377783554)	(32, 0.01086134421475093)	(34, 0.011938381049880247)	(36, 0.012795314989547167)	(38, 0.01354953424466497)	(40, 0.014761567522344553)	(42, 0.015900233168203336)	(44, 0.018004416848823823)	(46, 0.020302291077451216)	(48, 0.021666929029318056)	(50, 0.02315188989737101)	(52, 0.024493050207055195)	(54, 0.025978011075108144)	(56, 0.027474710764252425)	(58, 0.029188578643586267)	(60, 0.030714625385458865)	(62, 0.03295087080335679)	(64, 0.03488190687288019)	(66, 0.03726195284914688)	(68, 0.039762321741599674)	(70, 0.042978758720623456)	(72, 0.04762733187278921)	(74, 0.05515191619233026)	(76, 0.07281590722950557)	(78, 0.08845788633369969)	(80, 0.09804263375476875)	(82, 0.1029289180340339)	(84, 0.10680566369944486)	(86, 0.11068240936485582)	(88, 0.11408666748134086)	(90, 0.1171446303756317)	(92, 0.12052834555520692)	(94, 0.12395608131387459)	(96, 0.12727816768272032)	(98, 0.13020993825027943)	(100, 0.13291867121710327)	(102, 0.13564501241556412)	(104, 0.1384770030038469)	(106, 0.14117399714957946)	(108, 0.14357752076802882)	(110, 0.14588126440720187)	(112, 0.1481380527620096)	(114, 0.15044766581172833)	(116, 0.15277782179835686)	(118, 0.15527819069080967)	(120, 0.1580778995210913)	(122, 0.1609539106884666)	(124, 0.16400306946693896)	(126, 0.16677636594976514)	(128, 0.1690243501887544)	(130, 0.17132222441738176)	(132, 0.17372281333055828)	(134, 0.17632002749701453)	(136, 0.1792958186436661)	
SRR26260920_2 - nextera_transposase_sequence	(1, 1.1738821091327676e-05)	(2, 0.0012971397305917081)	(3, 0.001308878551683036)	(4, 0.001308878551683036)	(5, 0.001308878551683036)	(6, 0.001308878551683036)	(7, 0.001308878551683036)	(8, 0.001308878551683036)	(9, 0.001308878551683036)	(10, 0.001308878551683036)	(12, 0.001308878551683036)	(14, 0.001308878551683036)	(16, 0.001308878551683036)	(18, 0.0013147479622286997)	(20, 0.0013147479622286997)	(22, 0.0013147479622286997)	(24, 0.0013147479622286997)	(26, 0.0013147479622286997)	(28, 0.0013147479622286997)	(30, 0.0013147479622286997)	(32, 0.0013176826675015316)	(34, 0.0014409402889604722)	(36, 0.001449744404778968)	(38, 0.001449744404778968)	(40, 0.0014702873416887912)	(42, 0.0014996343944171106)	(44, 0.0015025690996899425)	(46, 0.0015289814471454298)	(48, 0.0015495243840552531)	(50, 0.0015847408473292361)	(52, 0.0016522390686043702)	(54, 0.0017197372898795046)	(56, 0.0018165825638829579)	(58, 0.0019104931326135793)	(60, 0.002024946638254024)	(62, 0.0021511389649857965)	(64, 0.002424066555359165)	(66, 0.0027322106090065168)	(68, 0.0030432893679266998)	(70, 0.0033661069479382112)	(72, 0.003694793938495386)	(74, 0.004137934434693006)	(76, 0.004683789615439743)	(78, 0.005317685954371437)	(80, 0.00601027639875977)	(82, 0.006952316791338816)	(84, 0.008011745394831139)	(86, 0.00946735921015577)	(88, 0.010993405952028367)	(90, 0.012613363262631587)	(92, 0.014509182868881008)	(94, 0.016672060654958132)	(96, 0.019078518978680306)	(98, 0.021699210787319206)	(100, 0.024642720175969624)	(102, 0.02801763123972633)	(104, 0.03144243229312118)	(106, 0.03531624325325931)	(108, 0.03995894699487941)	(110, 0.044792406579233585)	(112, 0.04970510320595421)	(114, 0.054468129863760414)	(116, 0.05960386409121628)	(118, 0.06559066284779339)	(120, 0.07181810743674272)	(122, 0.07797218439387125)	(124, 0.08451657715228644)	(126, 0.09071173998323462)	(128, 0.09688342517200015)	(130, 0.1077829205552979)	(132, 0.11731484328145596)	(134, 0.11946598224644175)	(136, 0.11950119870971575)	
SRR26260920_2 - polya	(1, 0.009661049758162678)	(2, 0.0213763932073077)	(3, 0.029523135044689106)	(4, 0.03201176511605057)	(5, 0.035562758496177196)	(6, 0.03779313450352945)	(7, 0.04026415634325393)	(8, 0.0423947523713299)	(9, 0.048123297063897806)	(10, 0.060868722063806835)	(12, 0.07023043188414066)	(14, 0.07891129008117748)	(16, 0.0897080707799261)	(18, 0.10139113247106997)	(20, 0.11316517002567164)	(22, 0.12758631173636767)	(24, 0.13758485260090603)	(26, 0.14741904997016578)	(28, 0.15872940409166)	(30, 0.1682085021229071)	(32, 0.17599427521173017)	(34, 0.18351005541545273)	(36, 0.19146604141010007)	(38, 0.19855335464398916)	(40, 0.20616891482698796)	(42, 0.21492314065584558)	(44, 0.22323129128323277)	(46, 0.2340574190347097)	(48, 0.2450097391129184)	(50, 0.2566546496355155)	(52, 0.2679738078728282)	(54, 0.2815673626965856)	(56, 0.29445365354959063)	(58, 0.30659159455802343)	(60, 0.31779042987915)	(62, 0.32797972658642244)	(64, 0.33739426110166726)	(66, 0.35092912181996805)	(68, 0.3650773359402907)	(70, 0.3836364120856798)	(72, 0.40278536399090803)	(74, 0.4167486916790423)	(76, 0.4298873671855108)	(78, 0.4442410106749317)	(80, 0.4549790972682237)	(82, 0.46373919250762696)	(84, 0.4737817539512579)	(86, 0.489720138288008)	(88, 0.5033606483961307)	(90, 0.5162469392491358)	(92, 0.5282792308677465)	(94, 0.5408339000249216)	(96, 0.5550995023561575)	(98, 0.5677216697346076)	(100, 0.5776263000304153)	(102, 0.5873929991783999)	(104, 0.596332111439446)	(106, 0.6056409965648688)	(108, 0.6150144452062939)	(110, 0.6262807787486957)	(112, 0.6365229001508791)	(114, 0.6445727967142569)	(116, 0.6531568096372904)	(118, 0.6627268835319953)	(120, 0.6721179404050575)	(122, 0.6801443593262527)	(124, 0.6873960160554204)	(126, 0.6959741595679081)	(128, 0.704094489057834)	(130, 0.7114195134188225)	(132, 0.7198127704991217)	(134, 0.7280005982103228)	(136, 0.7366491746493584)	
SRR26260920_2 - polyg	(1, 0.06378875381027459)	(2, 0.132783674774553)	(3, 0.13363473930367425)	(4, 0.13406320627350773)	(5, 0.13550708126774103)	(6, 0.1357535965106589)	(7, 0.13618206348049236)	(8, 0.1363405375652253)	(9, 0.13686878451433504)	(10, 0.13754083202181355)	(12, 0.1385943912147602)	(14, 0.1394865416177011)	(16, 0.14076607311665582)	(18, 0.1417198523303262)	(20, 0.14276460740745436)	(22, 0.14395022833767845)	(24, 0.14532953981590946)	(26, 0.14695830124233117)	(28, 0.14856651973184307)	(30, 0.15033908171663354)	(32, 0.15280129944053955)	(34, 0.15588567468228587)	(36, 0.15884679230257326)	(38, 0.16191649401795546)	(40, 0.1653383603660775)	(42, 0.1687426184825625)	(44, 0.17259295180051798)	(46, 0.17645795864483763)	(48, 0.18027307549951913)	(50, 0.18396786943801452)	(52, 0.18785341921924398)	(54, 0.19182701015865838)	(56, 0.19572136405570634)	(58, 0.19949246033129536)	(60, 0.20343963892325428)	(62, 0.20785050094832067)	(64, 0.21248440057412227)	(66, 0.21749394247484635)	(68, 0.22218947091137742)	(70, 0.22721075163319282)	(72, 0.2324227881977423)	(74, 0.2378725358893912)	(76, 0.2432635894755834)	(78, 0.24888355007305654)	(80, 0.25852992630485505)	(82, 0.30477794669941327)	(84, 0.3438183309438963)	(86, 0.3627765270063905)	(88, 0.3773150569279998)	(90, 0.3874192471823601)	(92, 0.39687193286615174)	(94, 0.40584919629574456)	(96, 0.4135029076472902)	(98, 0.42060489440754345)	(100, 0.4272637406715991)	(102, 0.43430409862112285)	(104, 0.4412886971704628)	(106, 0.4483877492254432)	(108, 0.4557391859338872)	(110, 0.463337137885249)	(112, 0.47345013225542787)	(114, 0.48490722164056366)	(116, 0.4934853651530513)	(118, 0.5006225683765786)	(120, 0.5070642464504447)	(122, 0.5131831069442991)	(124, 0.5193049021434266)	(126, 0.5254237626372811)	(128, 0.5316189254682293)	(130, 0.5371948654866099)	(132, 0.5429058019475408)	(134, 0.5490275971466683)	(136, 0.5555514469681736)	
SRR26260921_1 - nextera_transposase_sequence	(1, 6.196506719336974e-06)	(2, 0.0008489214205491654)	(3, 0.0008675109407071764)	(4, 0.0008675109407071764)	(5, 0.0008675109407071764)	(6, 0.0008675109407071764)	(7, 0.0008675109407071764)	(8, 0.0008675109407071764)	(9, 0.0008675109407071764)	(10, 0.0008675109407071764)	(12, 0.0008675109407071764)	(14, 0.0008737074474265133)	(16, 0.0008861004608651873)	(18, 0.0009046899810231982)	(20, 0.0009046899810231982)	(22, 0.0009046899810231982)	(24, 0.0009077882343828667)	(26, 0.0009108864877425351)	(28, 0.0009108864877425351)	(30, 0.0009108864877425351)	(32, 0.0009108864877425351)	(34, 0.0009108864877425351)	(36, 0.0009170829944618721)	(38, 0.0009387707679795515)	(40, 0.00094186902133922)	(42, 0.00094186902133922)	(44, 0.0009604585414972309)	(46, 0.0009697533015762364)	(48, 0.0009821463150149104)	(50, 0.0010069323418922583)	(52, 0.001037914875488943)	(54, 0.0010719956624452966)	(56, 0.0011339607296386662)	(58, 0.0012176135703497154)	(60, 0.0013353471980171179)	(62, 0.001552224933193912)	(64, 0.0017319236280546842)	(66, 0.0019518996165911466)	(68, 0.002215251152162968)	(70, 0.0024786026877347896)	(72, 0.0028287053173773283)	(74, 0.0032159869873358894)	(76, 0.0036931180047248364)	(78, 0.004359242477053561)	(80, 0.005236048177839743)	(82, 0.0061035591185469185)	(84, 0.007299484915378955)	(86, 0.00860075132643972)	(88, 0.010115797219317609)	(90, 0.011900391154486658)	(92, 0.013966926145385538)	(94, 0.01634328647225127)	(96, 0.019144107509391578)	(98, 0.022434452577359515)	(100, 0.026031524727934626)	(102, 0.029981797761511948)	(104, 0.03401572363580032)	(106, 0.03859494210139034)	(108, 0.043387940048797494)	(110, 0.04903605592347314)	(112, 0.05460671546415708)	(114, 0.060573951434878585)	(116, 0.06659695596607412)	(118, 0.07273149761821773)	(120, 0.07887843228380001)	(122, 0.08514929708376903)	(124, 0.09115681034816622)	(126, 0.09715502885248442)	(128, 0.10335463382518106)	(130, 0.11786995081522791)	(132, 0.12847527206537313)	(134, 0.1312606018357151)	(136, 0.1312915843693118)	
SRR26260921_1 - polya	(1, 0.0028999651446497037)	(2, 0.003488633282986716)	(3, 0.007702257852135858)	(4, 0.010280004647380039)	(5, 0.015063707834708184)	(6, 0.017759188257619768)	(7, 0.021161070446535764)	(8, 0.024928546531892644)	(9, 0.031310948452809725)	(10, 0.04422446845590798)	(12, 0.052595949033732235)	(14, 0.059901630455830523)	(16, 0.06719491886449014)	(18, 0.07358971379884591)	(20, 0.08008984934743038)	(22, 0.08626157003989002)	(24, 0.09283916192246622)	(26, 0.0984934743038612)	(28, 0.10633205530382248)	(30, 0.11449595290654893)	(32, 0.12123775221718755)	(34, 0.12656674799581735)	(36, 0.13134115642306649)	(38, 0.13635413035901012)	(40, 0.14163975059060455)	(42, 0.1466093489795128)	(44, 0.15167809147593042)	(46, 0.1564215173695829)	(48, 0.16102862011540992)	(50, 0.16567290190155298)	(52, 0.16996398280469385)	(54, 0.17470431044498663)	(56, 0.17913171449595292)	(58, 0.1828372255141164)	(60, 0.18624220595639207)	(62, 0.18982378684016885)	(64, 0.19348282405793732)	(66, 0.19775841369427985)	(68, 0.20227256883931682)	(70, 0.20693853839897758)	(72, 0.21057278958986872)	(74, 0.21393439448510904)	(76, 0.21773595135742224)	(78, 0.22319507377715814)	(80, 0.22801905425816196)	(82, 0.2318206111304752)	(84, 0.23506758065140776)	(86, 0.2397149606909105)	(88, 0.24422291932922816)	(90, 0.2484551334185353)	(92, 0.25282676890902755)	(94, 0.25691026683707063)	(96, 0.26086673637736724)	(98, 0.26449479106153906)	(100, 0.26797103133108713)	(102, 0.2730428720808644)	(104, 0.27787304906858756)	(106, 0.2814887107393207)	(108, 0.28579528290925993)	(110, 0.29021029394678755)	(112, 0.2940397350993378)	(114, 0.29701715657797917)	(116, 0.29978079857480344)	(118, 0.3028697571743929)	(120, 0.30672398435382053)	(122, 0.31015684907633323)	(124, 0.3126137639905503)	(126, 0.3156221680027884)	(128, 0.31914178381937186)	(130, 0.32243832539405914)	(132, 0.32606018357151156)	(134, 0.3286813059137911)	(136, 0.3314232601370977)	
SRR26260921_1 - polyg	(1, 0.0)	(2, 0.0)	(3, 0.0008489214205491654)	(4, 0.00094186902133922)	(5, 0.0019580961233104837)	(6, 0.002137794818171256)	(7, 0.0021873668719259516)	(8, 0.0022059563920839628)	(9, 0.0022741179659966694)	(10, 0.0024259323806204254)	(12, 0.0027233647031486)	(14, 0.0034452577359513573)	(16, 0.0042755896363425114)	(18, 0.004991286162425932)	(20, 0.005428139886139189)	(22, 0.006072576584950234)	(24, 0.007476085356880059)	(26, 0.010490685875837496)	(28, 0.01357344796870764)	(30, 0.01791719917896286)	(32, 0.022453042097517525)	(34, 0.024909957011734637)	(36, 0.025873513806591534)	(38, 0.026964098989194843)	(40, 0.029718446225940127)	(42, 0.032070020525928514)	(44, 0.03651601409705278)	(46, 0.04129042252430193)	(48, 0.043750435691878704)	(50, 0.046510979435343325)	(52, 0.04871073932070795)	(54, 0.05095697300646761)	(56, 0.053640060415940514)	(58, 0.05598233995584989)	(60, 0.05801169590643275)	(62, 0.06119979861353162)	(64, 0.06390767204988188)	(66, 0.06749544944037798)	(68, 0.07079508926842493)	(70, 0.07433949111188567)	(72, 0.07965299562371714)	(74, 0.08524534293791874)	(76, 0.09650439564695402)	(78, 0.10896247240618101)	(80, 0.11822315169823011)	(82, 0.1240354750009682)	(84, 0.12828008210371405)	(86, 0.13314743813175323)	(88, 0.1378815692653267)	(90, 0.14154370473645483)	(92, 0.1459711087874211)	(94, 0.15120715696526082)	(96, 0.15578637543085086)	(98, 0.15968087990395413)	(100, 0.16314162890670386)	(102, 0.16661477092289223)	(104, 0.17036055923473142)	(106, 0.17418690213392202)	(108, 0.17736880833430152)	(110, 0.18070252894930483)	(112, 0.1837728980287363)	(114, 0.18688044614848381)	(116, 0.1907222803144727)	(118, 0.19481507300259476)	(120, 0.19931993338755277)	(122, 0.20452499903179583)	(124, 0.2096526083420472)	(126, 0.21497850586731732)	(128, 0.21926648851709848)	(130, 0.22364432051431005)	(132, 0.2278579450834592)	(134, 0.23247434258936522)	(136, 0.23747182525851052)	
SRR26260921_2 - nextera_transposase_sequence	(1, 0.0)	(2, 0.0005452925913016536)	(3, 0.0005576856047403276)	(4, 0.0005576856047403276)	(5, 0.0005576856047403276)	(6, 0.0005576856047403276)	(7, 0.0005576856047403276)	(8, 0.0005576856047403276)	(9, 0.0005700786181790016)	(10, 0.0005700786181790016)	(12, 0.0005700786181790016)	(14, 0.0005700786181790016)	(16, 0.0005700786181790016)	(18, 0.0005700786181790016)	(20, 0.0005700786181790016)	(22, 0.0005700786181790016)	(24, 0.0005700786181790016)	(26, 0.0005700786181790016)	(28, 0.0005700786181790016)	(30, 0.0005700786181790016)	(32, 0.0005762751248983385)	(34, 0.0008922969675845242)	(36, 0.0009108864877425351)	(38, 0.0009201812478215406)	(40, 0.0009263777545408776)	(42, 0.0009480655280585571)	(44, 0.0009821463150149104)	(46, 0.0009914410750939157)	(48, 0.0010348166221292748)	(50, 0.0010719956624452966)	(52, 0.0011091747027613184)	(54, 0.0011866310367530304)	(56, 0.001316757677859107)	(58, 0.0014468843189651835)	(60, 0.0015832074667905967)	(62, 0.0017845939351690484)	(64, 0.0020324542039425273)	(66, 0.002298903992874017)	(68, 0.0026180240889198715)	(70, 0.0030517795592734597)	(72, 0.003482436776267379)	(74, 0.003981255567174005)	(76, 0.004560628945432013)	(78, 0.005288718484954108)	(80, 0.006112853878625925)	(82, 0.007240618101545254)	(84, 0.008473722938693312)	(86, 0.010029046125246893)	(88, 0.011841524340652956)	(90, 0.013728360636691065)	(92, 0.015819681654467295)	(94, 0.01835095464931645)	(96, 0.02108361411254405)	(98, 0.0243429766469153)	(100, 0.027958638317648426)	(102, 0.03175709693660199)	(104, 0.03579102281089036)	(106, 0.04020293559505829)	(108, 0.04534603617210797)	(110, 0.05059447736338639)	(112, 0.05577165872739243)	(114, 0.06131133573447969)	(116, 0.06686340575500561)	(118, 0.07297625963363155)	(120, 0.07976143449130552)	(122, 0.08672011153712095)	(124, 0.09388946981139382)	(126, 0.10051663374772472)	(128, 0.10708493087022192)	(130, 0.11893574997095388)	(132, 0.1292281476317726)	(134, 0.13185856473413113)	(136, 0.13190503853452615)	
SRR26260921_2 - polya	(1, 0.01003214437860656)	(2, 0.026378529104217497)	(3, 0.03510321056504396)	(4, 0.03755083071918206)	(5, 0.0413616823515743)	(6, 0.043951822160257156)	(7, 0.04653576546222067)	(8, 0.0495410712210991)	(9, 0.05654932032066922)	(10, 0.07096859145656637)	(12, 0.08200766817706517)	(14, 0.09103288021377948)	(16, 0.10300762944889819)	(18, 0.11543162542116882)	(20, 0.12803222183494056)	(22, 0.1431671894969211)	(24, 0.15363618759924091)	(26, 0.16287517911777236)	(28, 0.17374075365012975)	(30, 0.18244684559079818)	(32, 0.19032570388443515)	(34, 0.1990813678788583)	(36, 0.20817783974284498)	(38, 0.21624878974478137)	(40, 0.22441268734750786)	(42, 0.2341381046435072)	(44, 0.2430393865458348)	(46, 0.25500793927423415)	(48, 0.2659571666473026)	(50, 0.2773928197978389)	(52, 0.28901436814995546)	(54, 0.3044188838542272)	(56, 0.3187390108826149)	(58, 0.33104217497385846)	(60, 0.3423786840168854)	(62, 0.35294062971999535)	(64, 0.36327330467448976)	(66, 0.37759652995623716)	(68, 0.3916533054490531)	(70, 0.41029859416753806)	(72, 0.4286464505634948)	(74, 0.4423438286665892)	(76, 0.45593586615545484)	(78, 0.4723813949885752)	(80, 0.48342356996243363)	(82, 0.4927431160683165)	(84, 0.5035746098137175)	(86, 0.5201595600480229)	(88, 0.5347027613183069)	(90, 0.5493482049494598)	(92, 0.561673056814221)	(94, 0.5743573060687037)	(96, 0.5890151427132955)	(98, 0.6022694705859573)	(100, 0.6130761783044809)	(102, 0.6236722047945471)	(104, 0.6331838426087293)	(106, 0.6429092599047287)	(108, 0.6525355330932188)	(110, 0.664401843460749)	(112, 0.6756670926765036)	(114, 0.6845126060183572)	(116, 0.6933674141202897)	(118, 0.7039789318771543)	(120, 0.71392432516169)	(122, 0.7227326594632276)	(124, 0.730149878006274)	(126, 0.7397947407149219)	(128, 0.7486278610433368)	(130, 0.7564757368033771)	(132, 0.7651911235041245)	(134, 0.7734324774408428)	(136, 0.7823089733162929)	
SRR26260921_2 - polyg	(1, 0.0601990627783587)	(2, 0.11057046589984897)	(3, 0.11140699430695945)	(4, 0.11189032183106773)	(5, 0.11371209480655281)	(6, 0.11399093760892297)	(7, 0.11428836993145114)	(8, 0.11459199876069866)	(9, 0.11529220401998373)	(10, 0.1163765926958677)	(12, 0.11791332636226327)	(14, 0.11913713643933233)	(16, 0.12077921071995662)	(18, 0.12203710158398204)	(20, 0.12322063436737539)	(22, 0.12468300995313891)	(24, 0.12647689864838696)	(26, 0.12887494674877037)	(28, 0.13150226559776926)	(30, 0.1341357809534875)	(32, 0.13699856705782115)	(34, 0.14076914139653768)	(36, 0.14478757600402772)	(38, 0.14875643855776305)	(40, 0.15242786878897022)	(42, 0.15634096278223153)	(44, 0.16103791487548896)	(46, 0.1668006661244723)	(48, 0.17168661167266952)	(50, 0.17612331048371482)	(52, 0.1802439874520739)	(54, 0.18506486967971808)	(56, 0.19031640912435616)	(58, 0.1955989311025909)	(60, 0.200859765307308)	(62, 0.20647999690174665)	(64, 0.21196700360171952)	(66, 0.2180953487471438)	(68, 0.224093567251462)	(70, 0.23028077921071996)	(72, 0.23688935362689284)	(74, 0.24372100228496185)	(76, 0.24965105921536734)	(78, 0.2561480965105921)	(80, 0.2658859068200302)	(82, 0.3018628248325007)	(84, 0.33283296541574686)	(86, 0.34965338290538706)	(88, 0.36270942256303007)	(90, 0.3721281127764223)	(92, 0.38111304751946096)	(94, 0.3898780062739631)	(96, 0.39808527942372485)	(98, 0.40584950234305406)	(100, 0.4129568955501336)	(102, 0.4199713411564231)	(104, 0.426691452693544)	(106, 0.4336346384725611)	(108, 0.4409558111614577)	(110, 0.4486549707602339)	(112, 0.45878625924634986)	(114, 0.4688896634522288)	(116, 0.47704736454823593)	(118, 0.48423841059602646)	(120, 0.49064559854382095)	(122, 0.4972107974129585)	(124, 0.5039680879903954)	(126, 0.510589055420007)	(128, 0.5175632237326208)	(130, 0.5241625033887146)	(132, 0.5308113550985631)	(134, 0.5378815692653267)	(136, 0.5449022113783355)	
SRR26260922_1 - nextera_transposase_sequence	(1, 0.0)	(2, 9.816904906587242e-05)	(3, 0.0001227113113323405)	(4, 0.0001227113113323405)	(5, 0.0001227113113323405)	(6, 0.0001227113113323405)	(7, 0.0001227113113323405)	(8, 0.0001227113113323405)	(9, 0.0001227113113323405)	(10, 0.0001227113113323405)	(12, 0.0001227113113323405)	(14, 0.0001227113113323405)	(16, 0.0001227113113323405)	(18, 0.00014111800803219158)	(20, 0.00014111800803219158)	(22, 0.00014111800803219158)	(24, 0.0001472535735988086)	(26, 0.00015952470473204266)	(28, 0.00015952470473204266)	(30, 0.00015952470473204266)	(32, 0.00016566027029865969)	(34, 0.00016566027029865969)	(36, 0.00016566027029865969)	(38, 0.00017486361864858525)	(40, 0.00019020253256512781)	(42, 0.0002086092292649789)	(44, 0.0002362192743147555)	(46, 0.00025769375379791507)	(48, 0.0002791682332810747)	(50, 0.00029143936441430873)	(52, 0.00034052388894724494)	(54, 0.00038040506513025563)	(56, 0.00043869293801311734)	(58, 0.0004969808108959791)	(60, 0.0005920820771785429)	(62, 0.0006902511262444153)	(64, 0.000819098003143373)	(66, 0.0009724871423087986)	(68, 0.0011412151953907668)	(70, 0.001334485510739203)	(72, 0.0016259248751535119)	(74, 0.001920432022351129)	(76, 0.002254820345731757)	(78, 0.0027518011566277363)	(80, 0.00321810413969063)	(82, 0.00381632178243579)	(84, 0.004626216437229238)	(86, 0.005534280141088557)	(88, 0.006715376512662335)	(90, 0.007917947363719272)	(92, 0.009375144185790815)	(94, 0.0112434239008257)	(96, 0.01336632958687519)	(98, 0.015611946584257023)	(100, 0.018060037245337217)	(102, 0.020498924558067483)	(104, 0.02331208137036139)	(106, 0.026683574649217445)	(108, 0.03036798177197097)	(110, 0.0344880140499543)	(112, 0.0388135877744193)	(114, 0.04320051715455048)	(116, 0.047946377120328745)	(118, 0.05275052495898988)	(120, 0.05753626610095116)	(122, 0.06251834534104418)	(124, 0.06747281453608744)	(126, 0.07300095911160936)	(128, 0.07850149364208153)	(130, 0.09138004576641068)	(132, 0.10016924344058956)	(134, 0.10241792822075471)	(136, 0.10243326713467124)	
SRR26260922_1 - polya	(1, 0.007049764836042962)	(2, 0.007921015146502581)	(3, 0.01605063952227014)	(4, 0.02164627531902487)	(5, 0.029732950735826106)	(6, 0.03447574291882107)	(7, 0.039697109216012154)	(8, 0.04569155677459699)	(9, 0.054434737707026254)	(10, 0.07678353528342877)	(12, 0.09007010251793794)	(14, 0.10242406378632132)	(16, 0.11664937255252289)	(18, 0.12815049020714653)	(20, 0.1428114241285779)	(22, 0.15535865571230972)	(24, 0.17156575215652858)	(26, 0.18728507113820142)	(28, 0.20517944811323996)	(30, 0.21891391163411217)	(32, 0.23448597704218618)	(34, 0.24949663820091475)	(36, 0.2612615851749029)	(38, 0.27421376408603143)	(40, 0.2855461536875731)	(42, 0.2975227776736095)	(44, 0.30843181325105457)	(46, 0.31963535597569726)	(48, 0.3314647263881349)	(50, 0.3409472429713415)	(52, 0.35003401557550134)	(54, 0.35991534392053803)	(56, 0.3685848980661679)	(58, 0.3801565747248076)	(60, 0.3898906494962455)	(62, 0.3996155209193335)	(64, 0.4098803221122838)	(66, 0.41924626294972467)	(68, 0.4273390739320926)	(70, 0.43686147169148215)	(72, 0.44496655380498323)	(74, 0.4540717331058429)	(76, 0.4623608821863425)	(78, 0.47243241306394435)	(80, 0.48185970955705143)	(82, 0.49040655239134895)	(84, 0.4985913968572161)	(86, 0.5094605512584781)	(88, 0.5200720119059423)	(90, 0.530161949480244)	(92, 0.5403868694970113)	(94, 0.5507068907800611)	(96, 0.5603397287196499)	(98, 0.5693958234959766)	(100, 0.5774579566505114)	(102, 0.585609055505762)	(104, 0.5937632221437961)	(106, 0.6010890874303367)	(108, 0.6099335051946153)	(110, 0.6187134995204442)	(112, 0.6246251169438797)	(114, 0.6300949736465187)	(116, 0.635994319938821)	(118, 0.6418047005304073)	(120, 0.6465106793200026)	(122, 0.6509835066180665)	(124, 0.6557784511083776)	(126, 0.6617759664497458)	(128, 0.6680311755449118)	(130, 0.674326265816261)	(132, 0.6809035921036743)	(134, 0.6856463842866694)	(136, 0.6902848718550318)	
SRR26260922_1 - polyg	(1, 0.0)	(2, 0.0)	(3, 0.0003558628028637875)	(4, 0.0004172184585299578)	(5, 0.0010000971873585752)	(6, 0.001159621892090618)	(7, 0.0012332486788900223)	(8, 0.0012639265067231073)	(9, 0.0013252821623892775)	(10, 0.0014418579081550012)	(12, 0.0017087550103028416)	(14, 0.0021014312065663317)	(16, 0.0024849040544798954)	(18, 0.0028683769023934596)	(20, 0.003141409570107917)	(22, 0.003641458163787205)	(24, 0.004365454900648014)	(26, 0.005436111092022685)	(28, 0.006724579861012261)	(30, 0.008218590076483507)	(32, 0.009589888980622411)	(34, 0.010519427163964892)	(36, 0.011255695031958935)	(38, 0.012016505162219446)	(40, 0.013479837549857605)	(42, 0.014725357359880863)	(44, 0.016694873906764926)	(46, 0.018961965383629917)	(48, 0.020676855959499377)	(50, 0.02246230553938493)	(52, 0.024014603627739037)	(54, 0.025922764518956934)	(56, 0.027613112832559926)	(58, 0.02949979924429466)	(60, 0.03096619941471613)	(62, 0.03281914021583447)	(64, 0.03471809775870244)	(66, 0.03669681765393643)	(68, 0.03873382542205328)	(70, 0.041172712734783554)	(72, 0.04391224276027805)	(74, 0.04637260455249148)	(76, 0.05037299330192578)	(78, 0.055072836525954426)	(80, 0.059300241201353555)	(82, 0.06303986841420663)	(84, 0.06640829391027939)	(86, 0.06947607669358788)	(88, 0.07285984110357718)	(90, 0.07609941972275097)	(92, 0.07959055653015606)	(94, 0.08319520130054356)	(96, 0.08644398326806728)	(98, 0.08947495265797609)	(100, 0.0922911772530533)	(102, 0.09518102863492992)	(104, 0.09799418544722382)	(106, 0.10082268117343428)	(108, 0.10336280531801373)	(110, 0.10600416629444236)	(112, 0.10849827369727218)	(114, 0.11109055014916787)	(116, 0.11405096053506059)	(118, 0.11678742277777178)	(120, 0.11987361225778015)	(122, 0.12323283440550296)	(124, 0.1264509385451936)	(126, 0.12972426277498378)	(128, 0.1326816053780932)	(130, 0.13581687938263448)	(132, 0.13882944207584344)	(134, 0.14220707092026613)	(136, 0.1460602060961016)	
SRR26260922_2 - nextera_transposase_sequence	(1, 0.0)	(2, 6.749122123278728e-05)	(3, 6.749122123278728e-05)	(4, 6.749122123278728e-05)	(5, 7.36267867994043e-05)	(6, 7.36267867994043e-05)	(7, 7.36267867994043e-05)	(8, 7.36267867994043e-05)	(9, 7.36267867994043e-05)	(10, 7.36267867994043e-05)	(12, 7.669456958271282e-05)	(14, 7.976235236602133e-05)	(16, 7.976235236602133e-05)	(18, 7.976235236602133e-05)	(20, 8.589791793263836e-05)	(22, 8.589791793263836e-05)	(24, 8.589791793263836e-05)	(26, 8.589791793263836e-05)	(28, 8.589791793263836e-05)	(30, 8.896570071594687e-05)	(32, 9.816904906587242e-05)	(34, 0.0001227113113323405)	(36, 0.00012884687689895753)	(38, 0.00012884687689895753)	(40, 0.00012884687689895753)	(42, 0.0001472535735988086)	(44, 0.00016259248751535117)	(46, 0.00016566027029865969)	(48, 0.00019327031534843633)	(50, 0.000233151491531447)	(52, 0.0002730326677144576)	(54, 0.00033132054059731937)	(56, 0.0003988117618301067)	(58, 0.0005031163764625961)	(60, 0.0006043532083117771)	(62, 0.0007761490441770538)	(64, 0.000981690490658724)	(66, 0.0012669942895064158)	(68, 0.0015829759161871927)	(70, 0.0018560085839016503)	(72, 0.002224142517898672)	(74, 0.0026751065870450233)	(76, 0.0032273074880405555)	(78, 0.0038009828685192475)	(80, 0.004411471642397641)	(82, 0.005215230731624472)	(84, 0.006215327918983047)	(86, 0.007605033519821804)	(88, 0.009000874686227176)	(90, 0.01054396942623136)	(92, 0.012473604796932413)	(94, 0.014685476183697851)	(96, 0.017179583586527672)	(98, 0.020149197320770314)	(100, 0.023379572591594178)	(102, 0.02687991274734919)	(104, 0.030904843759049956)	(106, 0.03542675558164671)	(108, 0.04036895364555672)	(110, 0.04574984464747986)	(112, 0.05110619338713652)	(114, 0.05641345760226024)	(116, 0.06222383819384657)	(118, 0.06840542050221321)	(120, 0.0751729493221918)	(122, 0.08202330827731971)	(124, 0.08901171745769651)	(126, 0.09631610826475406)	(128, 0.10380763382159347)	(130, 0.11623828965955955)	(132, 0.12642946406571043)	(134, 0.12892663925132358)	(136, 0.1289695882102899)	
SRR26260922_2 - polya	(1, 0.006307361402482303)	(2, 0.015338913916542565)	(3, 0.021179972335961972)	(4, 0.023278335759744997)	(5, 0.02662835455911789)	(6, 0.028714446851767682)	(7, 0.031113452988314937)	(8, 0.033107511797465475)	(9, 0.03794233746395969)	(10, 0.04910293122963606)	(12, 0.05771726528516636)	(14, 0.06561067038661916)	(16, 0.07664241727539658)	(18, 0.0890792086789293)	(20, 0.10079200334560119)	(22, 0.11238515448372406)	(24, 0.12253337993090863)	(26, 0.13195147307566574)	(28, 0.14199846169100114)	(30, 0.15184911220820477)	(32, 0.1611813074350293)	(34, 0.16920049163059772)	(36, 0.17760621645686303)	(38, 0.18605182245931137)	(40, 0.19427348031857822)	(42, 0.20298905120595767)	(44, 0.2114960128640722)	(46, 0.2205735821198821)	(48, 0.23086292557509883)	(50, 0.2419284180744926)	(52, 0.25215333809125995)	(54, 0.26309918706210467)	(56, 0.2751371667038073)	(58, 0.2858958809248703)	(60, 0.2963784946954354)	(62, 0.3056830798772101)	(64, 0.3157024584474958)	(66, 0.3281331142854619)	(68, 0.3389409130310578)	(70, 0.3517059571924045)	(72, 0.3673945983462442)	(74, 0.37959517047546215)	(76, 0.39065452740928935)	(78, 0.4027876083172745)	(80, 0.41202163449503315)	(82, 0.4199978697316353)	(84, 0.42826554433265174)	(86, 0.43983415320850816)	(88, 0.4500222598318757)	(90, 0.4602257053691598)	(92, 0.47057947226282604)	(94, 0.4816020158032535)	(96, 0.4945818047594318)	(98, 0.504576641067451)	(100, 0.5132646019097806)	(102, 0.5215782932525468)	(104, 0.5300177636894285)	(106, 0.5381228458029296)	(108, 0.546896704563192)	(110, 0.5565356780683473)	(112, 0.5649536740257458)	(114, 0.5729667226557477)	(116, 0.5814061930926293)	(118, 0.5904469489550396)	(120, 0.5986686068143063)	(122, 0.6063963516454605)	(124, 0.6140105885136322)	(126, 0.6224868723439136)	(128, 0.6305582088467984)	(130, 0.6375067368509921)	(132, 0.6446516029533177)	(134, 0.6515725209124617)	(136, 0.6588677083711694)	
SRR26260922_2 - polyg	(1, 0.05302355762670434)	(2, 0.08843804207721781)	(3, 0.08924793673201126)	(4, 0.08963447736270813)	(5, 0.09086159047603154)	(6, 0.09126653780342826)	(7, 0.0916408073029919)	(8, 0.09216233037615434)	(9, 0.09287405598188192)	(10, 0.09414411805417164)	(12, 0.09706157948109803)	(14, 0.09920289186384738)	(16, 0.10156508460699493)	(18, 0.10416349662445724)	(20, 0.10794607279627663)	(22, 0.11100772001401854)	(24, 0.11441295890349099)	(26, 0.11841948321849191)	(28, 0.12241680418514289)	(30, 0.12579443302956556)	(32, 0.1302304469342297)	(34, 0.13612672544374865)	(36, 0.141151753642808)	(38, 0.14830275531070014)	(40, 0.1555028415031252)	(42, 0.16156171250015952)	(44, 0.16772488811182634)	(46, 0.17565510660667882)	(48, 0.18350556274916532)	(50, 0.18982212749999755)	(52, 0.19753453341723515)	(54, 0.20421002875371447)	(56, 0.21002961269365072)	(58, 0.21611916151851812)	(60, 0.22256150536346597)	(62, 0.2308077054849993)	(64, 0.24130872595226432)	(66, 0.2513557145675997)	(68, 0.26076460436400695)	(70, 0.2696243610422019)	(72, 0.27910687762540853)	(74, 0.29104055265247863)	(76, 0.30144340407067777)	(78, 0.3121315592877246)	(80, 0.32445484272827496)	(82, 0.34131844468812184)	(84, 0.35587814177770405)	(86, 0.36602023165932196)	(88, 0.37547207041469555)	(90, 0.38452816519102223)	(92, 0.39454447597852454)	(94, 0.4051313943637222)	(96, 0.4151415695856579)	(98, 0.42622240099896824)	(100, 0.4386223790091013)	(102, 0.4490098915133839)	(104, 0.45815188420764325)	(106, 0.4701070337141965)	(108, 0.48154986349593726)	(110, 0.49219813753680114)	(112, 0.5024629387297515)	(114, 0.5119577264440913)	(116, 0.521053702396601)	(118, 0.5297784766323304)	(120, 0.5391750952976044)	(122, 0.5489613223763585)	(124, 0.5580665016772182)	(126, 0.5671716809780778)	(128, 0.5764731983770692)	(130, 0.5854863441944297)	(132, 0.5954750449368822)	(134, 0.6059944721008471)	(136, 0.6156948012616686)	
SRR26260923_1 - nextera_transposase_sequence	(1, 0.0)	(2, 0.0007510459566689877)	(3, 0.0007510459566689877)	(4, 0.0007510459566689877)	(5, 0.0007510459566689877)	(6, 0.0007510459566689877)	(7, 0.0007510459566689877)	(8, 0.0007510459566689877)	(9, 0.0007510459566689877)	(10, 0.0007593909117430876)	(12, 0.0007593909117430876)	(14, 0.0007677358668171874)	(16, 0.0007760808218912873)	(18, 0.0007760808218912873)	(20, 0.0007885982545024371)	(22, 0.0008094606421876867)	(24, 0.0008094606421876867)	(26, 0.0008094606421876867)	(28, 0.0008094606421876867)	(30, 0.0008094606421876867)	(32, 0.0008094606421876867)	(34, 0.0008094606421876867)	(36, 0.0008178055972617866)	(38, 0.0008261505523358864)	(40, 0.0008428404624840862)	(42, 0.0008553578950952359)	(44, 0.0008762202827804856)	(46, 0.0008970826704657352)	(48, 0.000917945058150985)	(50, 0.0009638423110585342)	(52, 0.0010472918617995329)	(54, 0.0011432588451516811)	(56, 0.0013477102444671278)	(58, 0.0014728845705786258)	(60, 0.0017357506554127717)	(62, 0.0021112736337472655)	(64, 0.00244924431424831)	(66, 0.0027872149947493546)	(68, 0.0032587049564359967)	(70, 0.0037093325304373894)	(72, 0.004356066548680128)	(74, 0.005077905162589767)	(76, 0.005895710759851553)	(78, 0.006880415458595337)	(80, 0.008069571556654567)	(82, 0.009500731351862694)	(84, 0.011157204934071517)	(86, 0.013101579466336784)	(88, 0.015350544858806697)	(90, 0.018016758004981606)	(92, 0.02078311061204571)	(94, 0.024012608225722355)	(96, 0.02794308206562339)	(98, 0.032666326637563914)	(100, 0.03764409233926448)	(102, 0.0423506470010568)	(104, 0.04741603473103542)	(106, 0.052902842692256084)	(108, 0.059090626879701125)	(110, 0.06592097260785187)	(112, 0.07293073487009576)	(114, 0.07976108059824649)	(116, 0.08695025939458352)	(118, 0.09435640702284714)	(120, 0.10242180610196466)	(122, 0.1101867867984146)	(124, 0.11725496374617717)	(126, 0.12474038844764476)	(128, 0.13267226824557665)	(130, 0.15086009782957732)	(132, 0.16312300931096707)	(134, 0.16564735822088228)	(136, 0.16567239308610457)	
SRR26260923_1 - polya	(1, 0.006242026395426698)	(2, 0.007677358668171874)	(3, 0.014178078670895667)	(4, 0.018500765399279397)	(5, 0.02317394024077532)	(6, 0.02611970938193257)	(7, 0.028931959241904226)	(8, 0.03294588263254626)	(9, 0.039571776961381554)	(10, 0.05397934189681496)	(12, 0.06399746046327186)	(14, 0.07351905420281979)	(16, 0.08435497836653846)	(18, 0.09322149313276956)	(20, 0.10276394926000276)	(22, 0.1122938879546248)	(24, 0.12408530947432792)	(26, 0.1341451528161553)	(28, 0.14590736699309906)	(30, 0.15519112951303515)	(32, 0.16583094723251246)	(34, 0.17542764556772733)	(36, 0.18263768675174963)	(38, 0.19044439222357)	(40, 0.19820937292001994)	(42, 0.2058074545149879)	(44, 0.21186171942124732)	(46, 0.21908010556034369)	(48, 0.22658639264949654)	(50, 0.23287848877536782)	(52, 0.2383569517815144)	(54, 0.24387713956303145)	(56, 0.24862541900019425)	(58, 0.25481320318763934)	(60, 0.2598452110973215)	(62, 0.2649982208555782)	(64, 0.2703056122827057)	(66, 0.27613456340196446)	(68, 0.2809245676144978)	(70, 0.2860316801198469)	(72, 0.29021250261197096)	(74, 0.2951902683136715)	(76, 0.3002681734762613)	(78, 0.3064392677535581)	(80, 0.3114086885001846)	(82, 0.31614027802719924)	(84, 0.32139342724634506)	(86, 0.32770638575990163)	(88, 0.333839927739365)	(90, 0.34021130093844026)	(92, 0.34606111444538423)	(94, 0.3507092544216579)	(96, 0.3555242934994135)	(98, 0.36028091789165045)	(100, 0.3645743972772748)	(102, 0.369435333607938)	(104, 0.373949954303026)	(106, 0.37810574192992774)	(108, 0.38264122501270104)	(110, 0.38778171733834654)	(112, 0.391745570998544)	(114, 0.39487910162886847)	(116, 0.39822960109111954)	(118, 0.40127133721562896)	(120, 0.4044799724416204)	(122, 0.40704187364936906)	(124, 0.40975815652598857)	(126, 0.41329224499986983)	(128, 0.41676374631069535)	(130, 0.4200516586098907)	(132, 0.4237317837975687)	(134, 0.4264355492415771)	(136, 0.42922693671386347)	
SRR26260923_1 - polyg	(1, 0.0)	(2, 0.0)	(3, 0.0004923523493718919)	(4, 0.0005591119899646908)	(5, 0.0010848441596329821)	(6, 0.00121836344081858)	(7, 0.0013018129915595786)	(8, 0.001335192811855978)	(9, 0.001343537766930078)	(10, 0.001447849705356326)	(12, 0.0016105763293012736)	(14, 0.0020111341728580668)	(16, 0.0023449323758220615)	(18, 0.002791387472286404)	(20, 0.0030167012592871006)	(22, 0.0033963967151586444)	(24, 0.0040222683457161335)	(26, 0.0053658061126462125)	(28, 0.006550789733168392)	(30, 0.007994466960987668)	(32, 0.009325487295306596)	(34, 0.010272639696216931)	(36, 0.010969443444904269)	(38, 0.01166624719359161)	(40, 0.01280950603874329)	(42, 0.013873487810691022)	(44, 0.01573858526975234)	(46, 0.018033447915129806)	(48, 0.019660714154579276)	(50, 0.02163846850714095)	(52, 0.02317394024077532)	(54, 0.024688549586724444)	(56, 0.026478542450118867)	(58, 0.028214293105531637)	(60, 0.029662142810887963)	(62, 0.03115171729161479)	(64, 0.03288746794702756)	(66, 0.03464408099012558)	(68, 0.03641321146583475)	(70, 0.038708074111212215)	(72, 0.04157456617916552)	(74, 0.045767906103900705)	(76, 0.054868079612206605)	(78, 0.06274571720215688)	(80, 0.06875408485550877)	(82, 0.07267204126279866)	(84, 0.07605592054534616)	(86, 0.0792770732039487)	(88, 0.08211018545160562)	(90, 0.08465122427166902)	(92, 0.08721729795695471)	(94, 0.09012134232274147)	(96, 0.09276669308123112)	(98, 0.09541621631725783)	(100, 0.09774863126046875)	(102, 0.10004766638338325)	(104, 0.10230080425339022)	(106, 0.10447466505019323)	(108, 0.1064524194027549)	(110, 0.10833837924950147)	(112, 0.11029109873684084)	(114, 0.11216454115097627)	(116, 0.11441350654344618)	(118, 0.11670836918882363)	(120, 0.11895733458129355)	(122, 0.1213690265977084)	(124, 0.12377237365904917)	(126, 0.12624248036098273)	(128, 0.12847892832084148)	(130, 0.13069868637055204)	(132, 0.13290592698765147)	(134, 0.13518409972288073)	(136, 0.1379379348973337)	
SRR26260923_2 - nextera_transposase_sequence	(1, 0.0)	(2, 0.0003922128884826936)	(3, 0.0004089027986308933)	(4, 0.0004089027986308933)	(5, 0.0004089027986308933)	(6, 0.0004089027986308933)	(7, 0.0004089027986308933)	(8, 0.0004089027986308933)	(9, 0.0004089027986308933)	(10, 0.00041724775370499315)	(12, 0.00041724775370499315)	(14, 0.00041724775370499315)	(16, 0.00041724775370499315)	(18, 0.0004214202312420431)	(20, 0.000425592708779093)	(22, 0.00043393766385319287)	(24, 0.00043393766385319287)	(26, 0.00043393766385319287)	(28, 0.00043393766385319287)	(30, 0.00043393766385319287)	(32, 0.0004381101413902428)	(34, 0.0006592514508538892)	(36, 0.0007051487037614384)	(38, 0.000726011091446688)	(40, 0.0007427010015948879)	(42, 0.0007427010015948879)	(44, 0.0007719083443542374)	(46, 0.0008094606421876867)	(48, 0.0008762202827804856)	(50, 0.0009096001030768851)	(52, 0.0009429799233732846)	(54, 0.0010598092944106826)	(56, 0.0011891560980592305)	(58, 0.0013769175872264774)	(60, 0.0015688515539307743)	(62, 0.0019109947119688687)	(64, 0.0023407598982850115)	(66, 0.0028456296802680534)	(68, 0.003354671939788145)	(70, 0.003880404109456436)	(72, 0.004397791324050628)	(74, 0.0051071125053491154)	(76, 0.005937435535222052)	(78, 0.0069263127115028866)	(80, 0.008032019258821119)	(82, 0.009346349682991847)	(84, 0.010719094792681273)	(86, 0.012463190403168145)	(88, 0.01457863651445246)	(90, 0.01702370835116372)	(92, 0.01956891964876418)	(94, 0.02253972365514373)	(96, 0.02615308920222897)	(98, 0.030404843812482853)	(100, 0.03463990851258853)	(102, 0.03888749064530536)	(104, 0.043456353548375036)	(106, 0.048434119250075604)	(108, 0.05445500433603866)	(110, 0.060742927984372905)	(112, 0.0666511561768356)	(114, 0.07264283392003931)	(116, 0.0790100346415775)	(118, 0.08604065929150664)	(120, 0.09359701611110408)	(122, 0.10092805914370079)	(124, 0.10775005991677744)	(126, 0.11491420384789217)	(128, 0.12177375691880224)	(130, 0.1341368078610812)	(132, 0.14458469161385423)	(134, 0.1468545193940094)	(136, 0.1468712093041576)	
SRR26260923_2 - polya	(1, 0.006325475946167696)	(2, 0.01340199784900438)	(3, 0.0182086919716859)	(4, 0.019677404064727476)	(5, 0.022339444733365334)	(6, 0.023966710972814807)	(7, 0.025810946044190878)	(8, 0.027605111385122345)	(9, 0.03191110820335788)	(10, 0.04118235329068283)	(12, 0.04852174127835365)	(14, 0.055302017276059795)	(16, 0.06368452464799311)	(18, 0.07187092557568507)	(20, 0.07972352830041304)	(22, 0.08882370180871894)	(24, 0.09595863839707433)	(26, 0.10266798227665061)	(28, 0.10990723080343225)	(30, 0.11816039137171701)	(32, 0.12579602526451839)	(34, 0.13256378382961337)	(36, 0.1382049734597049)	(38, 0.14398385484851906)	(40, 0.15033436565990904)	(42, 0.1577196509004874)	(44, 0.16428295806626697)	(46, 0.1721772855663654)	(48, 0.18134421871526413)	(50, 0.1896641389241417)	(52, 0.19766695084020347)	(54, 0.20709257759639926)	(56, 0.2167810704374292)	(58, 0.22526371727025168)	(60, 0.23395916045746376)	(62, 0.24134861817557918)	(64, 0.24919287594523307)	(66, 0.2600955597495445)	(68, 0.2696839131296853)	(70, 0.2815838190653517)	(72, 0.2950817838977082)	(74, 0.3043488565074961)	(76, 0.3121847693220759)	(78, 0.32244071910814465)	(80, 0.330577050305392)	(82, 0.3370402180102823)	(84, 0.3445465050994352)	(86, 0.3555117760668024)	(88, 0.36608483414568693)	(90, 0.3755146333794197)	(92, 0.38415583435865014)	(94, 0.39348966660903084)	(96, 0.40324909156819067)	(98, 0.4116023915973646)	(100, 0.41884998507922033)	(102, 0.42642303180896596)	(104, 0.4334202766385987)	(106, 0.4402381049341383)	(108, 0.44724786719638215)	(110, 0.4557931011922604)	(112, 0.4635038396807287)	(114, 0.4703049780661201)	(116, 0.477481639429846)	(118, 0.48527582746905523)	(120, 0.49193510161818693)	(122, 0.49824388765420646)	(124, 0.5046194333308187)	(126, 0.5109615991871346)	(128, 0.5173204549535988)	(130, 0.5230492666119683)	(132, 0.5293580526479877)	(134, 0.535399800121636)	(136, 0.5415959292641552)	
SRR26260923_2 - polyg	(1, 0.058356270833180346)	(2, 0.1163954333735449)	(3, 0.11738848302736278)	(4, 0.11796428492747567)	(5, 0.11909085386247914)	(6, 0.11944134197559134)	(7, 0.11980017504377763)	(8, 0.12028418243807543)	(9, 0.12103522839474441)	(10, 0.12211172759930329)	(12, 0.12476125083532999)	(14, 0.12710618321115208)	(16, 0.12984750095299388)	(18, 0.13252205905424286)	(20, 0.1371618540754424)	(22, 0.1417098545908268)	(24, 0.14602419636413644)	(26, 0.15145258963983843)	(28, 0.15742757747289393)	(30, 0.1619714055107413)	(32, 0.16726627950525763)	(34, 0.17398396833990804)	(36, 0.18132752880511593)	(38, 0.19283522185229962)	(40, 0.20411342863494558)	(42, 0.2116113707690243)	(44, 0.2177198778832654)	(46, 0.22602728065953184)	(48, 0.23449741005974323)	(50, 0.2412818585349864)	(52, 0.24992723199175385)	(54, 0.25748358881135125)	(56, 0.2633334023182953)	(58, 0.2701846104341313)	(60, 0.2770525084601154)	(62, 0.2856478121864383)	(64, 0.2964920813052311)	(66, 0.3076701486269878)	(68, 0.31759647268762964)	(70, 0.3266966461959355)	(72, 0.3348955645562387)	(74, 0.3461529089511994)	(76, 0.3564672734227868)	(78, 0.365842830448538)	(80, 0.3773463510181847)	(82, 0.40314477962976436)	(84, 0.4275370833113583)	(86, 0.44203227027506975)	(88, 0.45399893585132894)	(90, 0.46318255891037585)	(92, 0.4726582553970162)	(94, 0.4815372875958585)	(96, 0.4897320334786246)	(98, 0.4977348453946864)	(100, 0.506905951021122)	(102, 0.5148879005494986)	(104, 0.5212050315405923)	(106, 0.528456797499985)	(108, 0.536234295629046)	(110, 0.5451884324235552)	(112, 0.5552691381530679)	(114, 0.5658755760522487)	(116, 0.5748171954141468)	(118, 0.5825988660207448)	(120, 0.5894959713894884)	(122, 0.5961010033306384)	(124, 0.6029897637443079)	(126, 0.6094696213593465)	(128, 0.6168423891673136)	(130, 0.6236101477324086)	(132, 0.6311122623440244)	(134, 0.6390399696644193)	(136, 0.6470177467152588)	
SRR26260924_1 - nextera_transposase_sequence	(1, 0.0)	(2, 0.00023543644691717793)	(3, 0.000264148208736346)	(4, 0.000264148208736346)	(5, 0.000264148208736346)	(6, 0.000264148208736346)	(7, 0.000264148208736346)	(8, 0.000264148208736346)	(9, 0.000264148208736346)	(10, 0.000264148208736346)	(12, 0.000264148208736346)	(14, 0.000264148208736346)	(16, 0.000264148208736346)	(18, 0.0002756329134640132)	(20, 0.0002871176181916804)	(22, 0.0002871176181916804)	(24, 0.0002871176181916804)	(26, 0.0002871176181916804)	(28, 0.0002871176181916804)	(30, 0.0002871176181916804)	(32, 0.0002871176181916804)	(34, 0.0002871176181916804)	(36, 0.00030147349910126446)	(38, 0.0003158293800108485)	(40, 0.0003158293800108485)	(42, 0.0003330564371023493)	(44, 0.00034454114183001645)	(46, 0.00036463937510343414)	(48, 0.00037612407983110134)	(50, 0.0004019646654683526)	(52, 0.0004335476034694374)	(54, 0.0005656217078376104)	(56, 0.0006775975789323657)	(58, 0.0007981869785728716)	(60, 0.0009589728447602125)	(62, 0.0011369857680390543)	(64, 0.001335096924591314)	(66, 0.0015590486667808245)	(68, 0.0018605221658820892)	(70, 0.0022194191886216897)	(72, 0.002667322673000711)	(74, 0.0031410667430169835)	(76, 0.0037239155079460953)	(78, 0.0043871572059688765)	(80, 0.005369099460184424)	(82, 0.00633381465730847)	(84, 0.007554064534623112)	(86, 0.009004008506491098)	(88, 0.010775524210733765)	(90, 0.01265901578607119)	(92, 0.014838238508146043)	(94, 0.01722131473913699)	(96, 0.020124073859054882)	(98, 0.023282367659163365)	(100, 0.0267737178963742)	(102, 0.03064693456577997)	(104, 0.03443975830209206)	(106, 0.038924535498246114)	(108, 0.04430799083934012)	(110, 0.049565114428429785)	(112, 0.05490837330297696)	(114, 0.06095219916591184)	(116, 0.06704483502393929)	(118, 0.07343320202870418)	(120, 0.08012304253257033)	(122, 0.08654586365151823)	(124, 0.09275621773300427)	(126, 0.09916468297104258)	(128, 0.10619906461673875)	(130, 0.1220106318505546)	(132, 0.1332053477838482)	(134, 0.13651007156923445)	(136, 0.13653016980250787)	
SRR26260924_1 - polya	(1, 0.00565047472601227)	(2, 0.006862111074781162)	(3, 0.014143413872122177)	(4, 0.01806544053662053)	(5, 0.02387095877645631)	(6, 0.028223661868242184)	(7, 0.03199638737128087)	(8, 0.03723341272709712)	(9, 0.04620870947176905)	(10, 0.06570112457080222)	(12, 0.07938227907763579)	(14, 0.09182308547388132)	(16, 0.10596075699363966)	(18, 0.11682528766601284)	(20, 0.12849949002168656)	(22, 0.139389861279697)	(24, 0.15236470644577904)	(26, 0.16390109234472078)	(28, 0.17755927744209898)	(30, 0.1893110015546845)	(32, 0.2006377915923463)	(34, 0.21213685220092307)	(36, 0.22064414722794257)	(38, 0.22995537158589874)	(40, 0.23853444601746615)	(42, 0.24717955750121767)	(44, 0.2546474867503833)	(46, 0.26250589596028956)	(48, 0.27124575625804437)	(50, 0.27819113144210106)	(52, 0.2847374131368714)	(54, 0.2918751571251166)	(56, 0.2982750088346091)	(58, 0.3058549139548695)	(60, 0.3120394274507182)	(62, 0.31886134205895256)	(64, 0.3258612695904658)	(66, 0.3323903242281446)	(68, 0.33834514362944)	(70, 0.3448799406194827)	(72, 0.35031220595566925)	(74, 0.3560402024385933)	(76, 0.36154711835550973)	(78, 0.36832022296865147)	(80, 0.37488086054433134)	(82, 0.38098498110708645)	(84, 0.3870000952082022)	(86, 0.394669006790102)	(88, 0.40257048364273706)	(90, 0.41057245166173917)	(92, 0.41837343734800714)	(94, 0.42509486078987435)	(96, 0.4304524755453311)	(98, 0.43640442377044464)	(100, 0.4416529338309886)	(102, 0.44737518796154874)	(104, 0.4529854662210142)	(106, 0.45824546098628577)	(108, 0.46371792278901924)	(110, 0.470557064454345)	(112, 0.4755787515965175)	(114, 0.4796529505986575)	(116, 0.4837788307720719)	(118, 0.48790183976930446)	(120, 0.49184683584325817)	(122, 0.4951084919859156)	(124, 0.4985682592851254)	(126, 0.5028549253247272)	(128, 0.5076411760199824)	(130, 0.5121115973352269)	(132, 0.5166336998217459)	(134, 0.5202226700491419)	(136, 0.5233522520874312)	
SRR26260924_1 - polyg	(1, 0.0)	(2, 0.0)	(3, 0.0006948246360238666)	(4, 0.0007752175691175371)	(5, 0.001510238671688239)	(6, 0.00167102453787558)	(7, 0.0017112210044224153)	(8, 0.0017456751186054169)	(9, 0.0017801292327884186)	(10, 0.0019150745133385083)	(12, 0.0022194191886216897)	(14, 0.0026587091444549606)	(16, 0.003118097333561649)	(18, 0.003543031408485336)	(20, 0.0038502472599504347)	(22, 0.004275181334874121)	(24, 0.005050398903991659)	(26, 0.006411336414220224)	(28, 0.00805077801409472)	(30, 0.010184061917258905)	(32, 0.012188142892236832)	(34, 0.013554822754829231)	(36, 0.014476470309224526)	(38, 0.015421087273075154)	(40, 0.016871031244943144)	(42, 0.01815731817444187)	(44, 0.02028773090142414)	(46, 0.022808623589147092)	(48, 0.025022300425404948)	(50, 0.027235977261662804)	(52, 0.028993137084995887)	(54, 0.031123549811978155)	(56, 0.0330788207918635)	(58, 0.03522358939975535)	(60, 0.03704104392290869)	(62, 0.03906235195497812)	(64, 0.041330581138692396)	(66, 0.043550000327314084)	(68, 0.04583258539193794)	(70, 0.04855733158857699)	(72, 0.05180176067414298)	(74, 0.05569794675300409)	(76, 0.06339557009672303)	(78, 0.07033233175223404)	(80, 0.07549470652732045)	(82, 0.07940237731090921)	(84, 0.08306886929521698)	(86, 0.0868817912648025)	(88, 0.09051957148729109)	(90, 0.09412289759559667)	(92, 0.09766018665171818)	(94, 0.10149607803075902)	(96, 0.10521425118634128)	(98, 0.10821463029644435)	(100, 0.11130975822055067)	(102, 0.11450250613484214)	(104, 0.11747991583548988)	(106, 0.12048890847413868)	(108, 0.12333998642278207)	(110, 0.1261652237857882)	(112, 0.12898758997261242)	(114, 0.1315285808936088)	(116, 0.13458064117498636)	(118, 0.13764131498490967)	(120, 0.140598626452284)	(122, 0.14392919082330746)	(124, 0.14721955872778414)	(126, 0.15046398781335013)	(128, 0.15326625576690092)	(130, 0.15609149312990706)	(132, 0.15898276754509727)	(134, 0.16214967487375154)	(136, 0.16548311042095692)	
SRR26260924_2 - nextera_transposase_sequence	(1, 0.0)	(2, 6.89082283660033e-05)	(3, 7.465058072983691e-05)	(4, 7.465058072983691e-05)	(5, 7.465058072983691e-05)	(6, 7.465058072983691e-05)	(7, 7.465058072983691e-05)	(8, 7.465058072983691e-05)	(9, 7.465058072983691e-05)	(10, 7.465058072983691e-05)	(12, 7.465058072983691e-05)	(14, 7.465058072983691e-05)	(16, 8.039293309367051e-05)	(18, 8.039293309367051e-05)	(20, 8.039293309367051e-05)	(22, 8.039293309367051e-05)	(24, 8.039293309367051e-05)	(26, 8.039293309367051e-05)	(28, 8.039293309367051e-05)	(30, 8.039293309367051e-05)	(32, 8.613528545750413e-05)	(34, 0.00024404997546292835)	(36, 0.00025266350400867874)	(38, 0.00025553468019059555)	(40, 0.00025840585637251236)	(42, 0.0002612770325544292)	(44, 0.0002842464420097636)	(46, 0.0003043446752831813)	(48, 0.0003301852609204325)	(50, 0.00038760878455876854)	(52, 0.00045364583674285504)	(54, 0.0005742352363833608)	(56, 0.0007063093407515338)	(58, 0.0009159052020314605)	(60, 0.001131243415675221)	(62, 0.0013867780958658163)	(64, 0.0017428039424235001)	(66, 0.0021361550793461024)	(68, 0.002535248568632538)	(70, 0.003049189105195646)	(72, 0.003577485522668338)	(74, 0.004117266644868697)	(76, 0.004852287747439399)	(78, 0.005696413544922939)	(80, 0.006675484622956569)	(82, 0.007711979224628536)	(84, 0.009161923196496523)	(86, 0.010896113610374271)	(88, 0.012900194585352201)	(90, 0.015467026091985824)	(92, 0.01807405406516628)	(94, 0.02116631081309068)	(96, 0.024657661050301514)	(98, 0.028562460657708365)	(100, 0.033038624325316665)	(102, 0.037744482087478305)	(104, 0.04266567806328371)	(106, 0.048307539260750224)	(108, 0.054902630950613124)	(110, 0.061853748487033705)	(112, 0.06864120898108503)	(114, 0.0753138224278597)	(116, 0.08242572583046762)	(118, 0.09019799975491641)	(120, 0.09840382128283462)	(122, 0.10664122574875394)	(124, 0.11518010371377452)	(126, 0.12394580459716652)	(128, 0.13251339432400627)	(130, 0.14715352167560003)	(132, 0.15956274513384447)	(134, 0.16256025306776561)	(136, 0.16261767659140394)	
SRR26260924_2 - polya	(1, 0.007378922787526186)	(2, 0.017433781776598836)	(3, 0.022653580075323584)	(4, 0.024514102241205673)	(5, 0.02773556191731633)	(6, 0.029486979388285577)	(7, 0.031376213315986834)	(8, 0.033397521348056264)	(9, 0.038422079666410675)	(10, 0.04804913340437772)	(12, 0.05573240086718709)	(14, 0.062465309013781986)	(16, 0.07074290994624813)	(18, 0.07903199558344196)	(20, 0.08753929061046144)	(22, 0.0968619996731453)	(24, 0.10449358596468017)	(26, 0.11202468108984795)	(28, 0.11987160559502658)	(30, 0.1282812806318609)	(32, 0.13567455930029665)	(34, 0.14230410510434255)	(36, 0.1489422644369342)	(38, 0.15522439792296816)	(40, 0.16204057017883866)	(42, 0.16971809528928422)	(44, 0.17637635285514927)	(46, 0.18454197791652066)	(48, 0.19332203468082226)	(50, 0.20252989669622945)	(52, 0.21161716931199614)	(54, 0.22192756298125937)	(56, 0.23238438663580038)	(58, 0.24181332921721516)	(60, 0.2507024906764296)	(62, 0.2591408774750831)	(64, 0.26773143661137816)	(66, 0.2792706936865018)	(68, 0.29024432905378783)	(70, 0.3030268054156814)	(72, 0.31681419344124595)	(74, 0.32779931351325964)	(76, 0.33728567961831274)	(78, 0.3492269013589047)	(80, 0.3581074492895734)	(82, 0.36539449443927824)	(84, 0.37385010829502324)	(86, 0.3862220064629027)	(88, 0.3977469076571168)	(90, 0.409093795928052)	(92, 0.41881846965620423)	(94, 0.4282187004757998)	(96, 0.43902006527217086)	(98, 0.44943669246016504)	(100, 0.4581937798150113)	(102, 0.46672404425148606)	(104, 0.4746858158039414)	(106, 0.48230304621456666)	(108, 0.4904772848044838)	(110, 0.500379971455915)	(112, 0.5095016981858645)	(114, 0.5173687209243166)	(116, 0.5251467372011291)	(118, 0.5338320451514276)	(120, 0.5426207154442748)	(122, 0.5504532840685439)	(124, 0.5575336045331507)	(126, 0.5650101473108622)	(128, 0.5727594518258556)	(130, 0.5799775887471945)	(132, 0.5870177127452545)	(134, 0.5943334696567785)	(136, 0.6019162459532208)	
SRR26260924_2 - polyg	(1, 0.06237917372832449)	(2, 0.10472902241159734)	(3, 0.1058487811225449)	(4, 0.10642301635892826)	(5, 0.107812665630976)	(6, 0.10825482676299118)	(7, 0.10870847259973404)	(8, 0.10923676901720673)	(9, 0.11004644070050727)	(10, 0.11159687583874234)	(12, 0.11505377196177016)	(14, 0.11806850695278281)	(16, 0.12132442074307648)	(18, 0.12451716865736795)	(20, 0.12925173818134877)	(22, 0.1330474330938428)	(24, 0.13698668681543263)	(26, 0.14202560101469663)	(28, 0.1473516328321523)	(30, 0.15170433592393817)	(32, 0.15698155774630126)	(34, 0.16336418239870232)	(36, 0.17030381523039523)	(38, 0.18099033297948958)	(40, 0.1916423966144009)	(42, 0.19953525993849022)	(44, 0.20618777515199144)	(46, 0.21528940364866772)	(48, 0.2250772432528221)	(50, 0.2329011983485454)	(52, 0.24219519564941008)	(54, 0.2504785389342401)	(56, 0.2573923311802957)	(58, 0.2651703474571083)	(60, 0.27273876787264106)	(62, 0.28245769924842945)	(64, 0.29433862628920116)	(66, 0.3065640944718029)	(68, 0.3181464191896553)	(70, 0.3283419658116419)	(72, 0.33816425952997925)	(74, 0.3508778276635069)	(76, 0.3616188977600576)	(78, 0.3728136136933513)	(80, 0.3850677936377722)	(82, 0.4010487602663211)	(84, 0.41579799231282777)	(86, 0.4275009064303206)	(88, 0.4378457542137669)	(90, 0.44739528619482216)	(92, 0.4572951016700713)	(94, 0.4674935194682398)	(96, 0.4770832479158419)	(98, 0.4862710116979757)	(100, 0.49616221364467905)	(102, 0.504999693932619)	(104, 0.5127920660903411)	(106, 0.5217128104875568)	(108, 0.5314748095060738)	(110, 0.5423651807640842)	(112, 0.5533330737790065)	(114, 0.5634711968773547)	(116, 0.5721565048276531)	(118, 0.5806637998546725)	(120, 0.5894409854427922)	(122, 0.5981320357454544)	(124, 0.6061024208264554)	(126, 0.6142278494212801)	(128, 0.6229619673666709)	(130, 0.6310213589093114)	(132, 0.6403354544434494)	(134, 0.6497959799628654)	(136, 0.6591445296111864)	
SRR26260925_1 - nextera_transposase_sequence	(1, 0.0)	(2, 3.114605587839135e-05)	(3, 3.7375267054069614e-05)	(4, 3.7375267054069614e-05)	(5, 3.7375267054069614e-05)	(6, 3.7375267054069614e-05)	(7, 3.7375267054069614e-05)	(8, 3.7375267054069614e-05)	(9, 3.7375267054069614e-05)	(10, 3.7375267054069614e-05)	(12, 3.7375267054069614e-05)	(14, 3.7375267054069614e-05)	(16, 4.360447822974789e-05)	(18, 4.360447822974789e-05)	(20, 4.360447822974789e-05)	(22, 4.360447822974789e-05)	(24, 4.360447822974789e-05)	(26, 4.360447822974789e-05)	(28, 4.360447822974789e-05)	(30, 4.360447822974789e-05)	(32, 4.360447822974789e-05)	(34, 4.6719083817587024e-05)	(36, 5.2948294993265284e-05)	(38, 5.606290058110442e-05)	(40, 5.606290058110442e-05)	(42, 6.540671734462183e-05)	(44, 8.409435087165664e-05)	(46, 9.655277322301317e-05)	(48, 0.00011524040675004799)	(50, 0.00013392804027708279)	(52, 0.00015573027939195676)	(54, 0.00024605384143929165)	(56, 0.00032391898113527)	(58, 0.00040178412083124836)	(60, 0.0005045661052299398)	(62, 0.0006540671734462183)	(64, 0.0008160266640138533)	(66, 0.0010029029992842014)	(68, 0.0011960085457302276)	(70, 0.0014389477815816801)	(72, 0.0017223768900750413)	(74, 0.002111702588554933)	(76, 0.002529059737325377)	(78, 0.00305854268725803)	(80, 0.0036440885377717874)	(82, 0.004372906245326145)	(84, 0.005304173316090046)	(86, 0.006493952650644595)	(88, 0.007964046488104667)	(90, 0.0095026616484972)	(92, 0.011343393550910129)	(94, 0.013557878123863753)	(96, 0.016099396283540488)	(98, 0.018905655918183547)	(100, 0.022032719928374037)	(102, 0.025106835643571263)	(104, 0.028707319703113306)	(106, 0.03271581709466227)	(108, 0.03705446267852218)	(110, 0.04183538225585526)	(112, 0.04670351078964782)	(114, 0.051833266192818875)	(116, 0.05690072948423315)	(118, 0.0624758734864652)	(120, 0.06791397484283232)	(122, 0.07331158632655756)	(124, 0.07897082467966127)	(126, 0.08506610781506244)	(128, 0.09141055939749076)	(130, 0.10559135863892234)	(132, 0.11530269886180476)	(134, 0.11780684175442743)	(136, 0.11782552938795446)	
SRR26260925_1 - polya	(1, 0.008259934018949385)	(2, 0.00913825279472002)	(3, 0.01569138295153356)	(4, 0.019840037594535287)	(5, 0.025994498236105418)	(6, 0.03074115715197226)	(7, 0.03548158685666342)	(8, 0.04030922551781408)	(9, 0.047771820506276645)	(10, 0.0646249513420742)	(12, 0.07607424148297087)	(14, 0.08604409396964394)	(16, 0.09844956802600721)	(18, 0.10820762733270722)	(20, 0.11916792439631313)	(22, 0.12993200130788518)	(24, 0.1424371427430593)	(26, 0.15444394728417918)	(28, 0.16824476464389437)	(30, 0.17968471096802752)	(32, 0.19164791103091763)	(34, 0.20290409562536826)	(36, 0.21107993529344599)	(38, 0.2200095095137808)	(40, 0.22843451762888567)	(42, 0.23617119790907806)	(44, 0.2429330066402768)	(46, 0.25057001954165836)	(48, 0.25918813320320927)	(50, 0.2663454968440636)	(52, 0.2724127485291742)	(54, 0.2792057033162514)	(56, 0.2844974182099901)	(58, 0.2912093932517834)	(60, 0.2974572920609887)	(62, 0.3040602559072077)	(64, 0.3109964825513254)	(66, 0.3183189202883352)	(68, 0.3243363382840404)	(70, 0.33085520777938776)	(72, 0.3360254530552007)	(74, 0.34167223298595306)	(76, 0.34758998360284743)	(78, 0.35471308658223555)	(80, 0.3608145989288124)	(82, 0.3663554822695782)	(84, 0.3717281769086007)	(86, 0.3787858731706442)	(88, 0.38618929065293783)	(90, 0.3930476521573596)	(92, 0.40006174394117333)	(94, 0.4070820649361627)	(96, 0.41313997280450987)	(98, 0.4189237953811271)	(100, 0.4246702426906903)	(102, 0.4306876606863955)	(104, 0.43600429242483696)	(106, 0.44092536925362275)	(108, 0.44695836027726715)	(110, 0.4537263982196416)	(112, 0.45798094945262985)	(114, 0.461618808779226)	(116, 0.4656802544657682)	(118, 0.46929942615883724)	(120, 0.4729154832463185)	(122, 0.47630105952029966)	(124, 0.47979253238426733)	(126, 0.48398790611108666)	(128, 0.48846047973522366)	(130, 0.4932195970734419)	(132, 0.4977793796540383)	(134, 0.5011587267168438)	(136, 0.5044290625840748)	
SRR26260925_1 - polyg	(1, 0.0)	(2, 0.0)	(3, 0.0006229211175678269)	(4, 0.0007225884963786792)	(5, 0.0013019051357167583)	(6, 0.0014140309368789671)	(7, 0.0014514062039330368)	(8, 0.0014700938374600716)	(9, 0.0014887814709871063)	(10, 0.0015822196386222802)	(12, 0.0017784397906561457)	(14, 0.002136619433257646)	(16, 0.002603810271433517)	(18, 0.003142637038129687)	(20, 0.0034354099633865653)	(22, 0.003958663702143541)	(24, 0.0049335352511371885)	(26, 0.006599849240631126)	(28, 0.00824436099101019)	(30, 0.01004148841519337)	(32, 0.012146961792572625)	(34, 0.013520502856809682)	(36, 0.014557666517560115)	(38, 0.015535652672141603)	(40, 0.017314092462797748)	(42, 0.01881533235613621)	(44, 0.02119800563083315)	(46, 0.024234746078976306)	(48, 0.02645234525751777)	(50, 0.028564047846072704)	(52, 0.030386092114958595)	(54, 0.03240435653587835)	(56, 0.03430115133887239)	(58, 0.03626958207038672)	(60, 0.03796081290458337)	(62, 0.04000087956461801)	(64, 0.042308802305206804)	(66, 0.04470081939666726)	(68, 0.04705857582666148)	(70, 0.049908439939534296)	(72, 0.05300747249943423)	(74, 0.056059785975516585)	(76, 0.06051990117730222)	(78, 0.06563408355253408)	(80, 0.07032156496223198)	(82, 0.0743425207761323)	(84, 0.07797726549714057)	(86, 0.0816400416684394)	(88, 0.08557067392029238)	(90, 0.08927393996423312)	(92, 0.09318276997697122)	(94, 0.0966991596856416)	(96, 0.10024358084460255)	(98, 0.10359178185152962)	(100, 0.10645098978116595)	(102, 0.10946592799019422)	(104, 0.1126552841121415)	(106, 0.11596922445760234)	(108, 0.11877548409224539)	(110, 0.12168452571128716)	(112, 0.12420424163184901)	(114, 0.12709771022295158)	(116, 0.13020920120520285)	(118, 0.13366018419652864)	(120, 0.13692429085258404)	(122, 0.14071476585298426)	(124, 0.14499734853626306)	(126, 0.14869438536902813)	(128, 0.15217651441623228)	(130, 0.1555714345069769)	(132, 0.15909093882123515)	(134, 0.16280977789311507)	(136, 0.1669646617472925)	
SRR26260925_2 - nextera_transposase_sequence	(1, 0.0)	(2, 4.360447822974789e-05)	(3, 4.360447822974789e-05)	(4, 4.360447822974789e-05)	(5, 4.360447822974789e-05)	(6, 4.360447822974789e-05)	(7, 4.360447822974789e-05)	(8, 4.360447822974789e-05)	(9, 4.360447822974789e-05)	(10, 4.360447822974789e-05)	(12, 4.360447822974789e-05)	(14, 4.360447822974789e-05)	(16, 4.360447822974789e-05)	(18, 4.360447822974789e-05)	(20, 4.360447822974789e-05)	(22, 4.360447822974789e-05)	(24, 4.360447822974789e-05)	(26, 4.360447822974789e-05)	(28, 4.6719083817587024e-05)	(30, 4.9833689405426154e-05)	(32, 4.9833689405426154e-05)	(34, 0.0001245842235135654)	(36, 0.00013704264586492194)	(38, 0.00015261567380411758)	(40, 0.00015884488497979588)	(42, 0.00017130330733115243)	(44, 0.00018999094085818722)	(46, 0.00022736620791225683)	(48, 0.0002585122637906482)	(50, 0.0002803145029055221)	(52, 0.0003208043755474309)	(54, 0.0003675234593650179)	(56, 0.00044538859906099624)	(58, 0.0005450559778718486)	(60, 0.0007070154684394836)	(62, 0.0008627457478314403)	(64, 0.0011368310395612842)	(66, 0.0014732084430479106)	(68, 0.0018313880856494112)	(70, 0.002223828389717142)	(72, 0.002715936072595725)	(74, 0.0033263987678121957)	(76, 0.003980465941258414)	(78, 0.004771575760569554)	(80, 0.005659238353103708)	(82, 0.006715089647381174)	(84, 0.00820387111836828)	(86, 0.010029029992842014)	(88, 0.01205975283611313)	(90, 0.01432095649288434)	(92, 0.016631993839060978)	(94, 0.01969053652631901)	(96, 0.023219384657340747)	(98, 0.02717493375389645)	(100, 0.03154161078804692)	(102, 0.03600484059542039)	(104, 0.041115908365064416)	(106, 0.046943335419911435)	(108, 0.05332516226939382)	(110, 0.059582404895362644)	(112, 0.06607947215159507)	(114, 0.07326486724273995)	(116, 0.08088942172177016)	(118, 0.08903100072838166)	(120, 0.09759305148935143)	(122, 0.10598068433740224)	(124, 0.114446182325149)	(126, 0.12346608010753113)	(128, 0.13243614420050784)	(130, 0.14695955005660172)	(132, 0.15881062431832965)	(134, 0.1618255625273579)	(136, 0.16186605239999982)	
SRR26260925_2 - polya	(1, 0.006322649343313443)	(2, 0.015236650535709046)	(3, 0.019914788128643425)	(4, 0.021789780692522586)	(5, 0.024312611218672286)	(6, 0.026137770093146016)	(7, 0.028193409781119845)	(8, 0.02987529679855298)	(9, 0.03366888640454105)	(10, 0.041984883324071534)	(12, 0.049002089713473106)	(14, 0.055555219870286644)	(16, 0.06377154941100628)	(18, 0.07279144719338843)	(20, 0.08123825754760815)	(22, 0.08998718464384828)	(24, 0.09708537077853366)	(26, 0.10416175467410418)	(28, 0.11164615190168162)	(30, 0.11843599208317093)	(32, 0.12476487063766005)	(34, 0.13054246400310165)	(36, 0.13647578764793522)	(38, 0.14232190233630926)	(40, 0.14829260124819688)	(42, 0.1547398348150239)	(44, 0.1607665966274926)	(46, 0.1674443110078197)	(48, 0.1756637551541272)	(50, 0.1845466102906444)	(52, 0.1930370251230939)	(54, 0.2013374490146852)	(56, 0.20984966608624955)	(58, 0.2177919103352393)	(60, 0.22600512527037112)	(62, 0.23334002142973229)	(64, 0.24158126781515463)	(66, 0.25209617627969955)	(68, 0.26211274785019023)	(70, 0.2736523615531342)	(72, 0.2871199161149506)	(74, 0.29735762468217786)	(76, 0.3066329201227628)	(78, 0.31857120334095024)	(80, 0.32697752382252804)	(82, 0.3338452291437133)	(84, 0.3407970288157703)	(86, 0.3506890161627474)	(88, 0.35971825776189303)	(90, 0.36948566088535656)	(92, 0.37930912690940116)	(94, 0.3900264847371556)	(96, 0.4010615323348697)	(98, 0.41009077393401533)	(100, 0.41790220474831585)	(102, 0.4247948269142039)	(104, 0.43153483340628773)	(106, 0.4389974283947503)	(108, 0.44722621635782134)	(110, 0.4560592378049331)	(112, 0.46348134292075377)	(114, 0.4702805269190066)	(116, 0.4779611442986179)	(118, 0.48636746478019577)	(120, 0.4942723337621315)	(122, 0.5012334772509519)	(124, 0.5081292140224278)	(126, 0.5157568831070458)	(128, 0.5225934423723527)	(130, 0.5286170895792336)	(132, 0.5354411904221892)	(134, 0.5421967699422122)	(136, 0.5493821650333571)	
SRR26260925_2 - polyg	(1, 0.05621863086049638)	(2, 0.09645310584420232)	(3, 0.09724421566351346)	(4, 0.09772386492404068)	(5, 0.09908806217151422)	(6, 0.0994680440532306)	(7, 0.09989163041317672)	(8, 0.10020932018313632)	(9, 0.10096928394656907)	(10, 0.10211857340848171)	(12, 0.10477533197490849)	(14, 0.10704587944844321)	(16, 0.10971198183163351)	(18, 0.11246217856569547)	(20, 0.11620593448227812)	(22, 0.11928627940865102)	(24, 0.12308609822581476)	(26, 0.1278389863528573)	(28, 0.13238631051110242)	(30, 0.13626710907355)	(32, 0.141281624069971)	(34, 0.1476727947362169)	(36, 0.15340055441225306)	(38, 0.16054234502516818)	(40, 0.16799248159127939)	(42, 0.17466396676043083)	(44, 0.18166871472748103)	(46, 0.1899971700693629)	(48, 0.19890182744499496)	(50, 0.2059564091014506)	(52, 0.21357473436930513)	(54, 0.22074767103809867)	(56, 0.22700802826965533)	(58, 0.23337428209119854)	(60, 0.24003642344358644)	(62, 0.24848946300898184)	(64, 0.2585870143247563)	(66, 0.2688963588205039)	(68, 0.2779972363481698)	(70, 0.28736908456197774)	(72, 0.2968499439713601)	(74, 0.30880691482307454)	(76, 0.3194744389614236)	(78, 0.3302478596897591)	(80, 0.34237924845439255)	(82, 0.3557782816932765)	(84, 0.3677290233338153)	(86, 0.3770323502246907)	(88, 0.38596815365620124)	(90, 0.3948946132709482)	(92, 0.40433186820210076)	(94, 0.4140681252696859)	(96, 0.42315342976941267)	(98, 0.43268412286820046)	(100, 0.4426882360163397)	(102, 0.4520974594972017)	(104, 0.45992757794502936)	(106, 0.46907205995092505)	(108, 0.47898896414260483)	(110, 0.4888373470113522)	(112, 0.49822476825309936)	(114, 0.5069082886319949)	(116, 0.51517445186212)	(118, 0.5235932307660491)	(120, 0.5322829803561202)	(122, 0.5408201142723874)	(124, 0.5485381069190527)	(126, 0.5564741219568667)	(128, 0.5645814403020121)	(130, 0.5726825294359816)	(132, 0.5814532587713367)	(134, 0.5903672599637323)	(136, 0.599549117236682)	
SRR26260926_1 - nextera_transposase_sequence	(1, 0.0)	(2, 0.00014639153110353412)	(3, 0.00015859082536216198)	(4, 0.00015859082536216198)	(5, 0.00015859082536216198)	(6, 0.00015859082536216198)	(7, 0.00015859082536216198)	(8, 0.00015859082536216198)	(9, 0.00015859082536216198)	(10, 0.00015859082536216198)	(12, 0.00015859082536216198)	(14, 0.00015859082536216198)	(16, 0.00015859082536216198)	(18, 0.00015859082536216198)	(20, 0.00015859082536216198)	(22, 0.00015859082536216198)	(24, 0.00015859082536216198)	(26, 0.00015859082536216198)	(28, 0.00015859082536216198)	(30, 0.00015859082536216198)	(32, 0.00015859082536216198)	(34, 0.00015859082536216198)	(36, 0.00015859082536216198)	(38, 0.0001646904724914759)	(40, 0.00017079011962078982)	(42, 0.00018908906100873157)	(44, 0.0002195872966553012)	(46, 0.0002256869437846151)	(48, 0.00023178659091392906)	(50, 0.0002439858851725569)	(52, 0.00027753394438378347)	(54, 0.00031108200359501005)	(56, 0.00035682935706486446)	(58, 0.00043612476974594545)	(60, 0.0005001710646037416)	(62, 0.0006648615370952176)	(64, 0.0008783491866212048)	(66, 0.001027790541289396)	(68, 0.0011985806609101858)	(70, 0.0013754704276602893)	(72, 0.0015737089593629919)	(74, 0.0018146450209708918)	(76, 0.0022050224372469826)	(78, 0.002644197030557585)	(80, 0.003202314742889809)	(82, 0.003998318693265276)	(84, 0.004904116291968393)	(86, 0.006120995894266521)	(88, 0.0074263203799397)	(90, 0.008826189396117245)	(92, 0.010488343238855289)	(94, 0.01257442255708065)	(96, 0.015056978938711416)	(98, 0.017850617323937192)	(100, 0.02054361153152929)	(102, 0.023617833684703507)	(104, 0.027372166492796224)	(106, 0.03138878412744944)	(108, 0.035850676002542575)	(110, 0.04079748982441617)	(112, 0.04603403688493217)	(114, 0.05162131365538372)	(116, 0.057510522958736314)	(118, 0.06356747255814504)	(120, 0.0695359772741787)	(122, 0.07547398375456582)	(124, 0.08111615734918119)	(126, 0.08733169777395208)	(128, 0.09369972937695581)	(130, 0.10924468008601235)	(132, 0.11979401979616078)	(134, 0.12253581118078738)	(136, 0.12256020976930464)	
SRR26260926_1 - polya	(1, 0.00514810217714095)	(2, 0.0063070351317105955)	(3, 0.012949550855533457)	(4, 0.017054613373561726)	(5, 0.023196958032780844)	(6, 0.026820148427593317)	(7, 0.031242392596345907)	(8, 0.03640269406774549)	(9, 0.04409434909781034)	(10, 0.06182602330272592)	(12, 0.07332690796504732)	(14, 0.08387319785163108)	(16, 0.09587425357855622)	(18, 0.10531040768760487)	(20, 0.11615863010708968)	(22, 0.12627184504749217)	(24, 0.13835524601066304)	(26, 0.14974023737752745)	(28, 0.16278738258712994)	(30, 0.17399853401080895)	(32, 0.18566410914562181)	(34, 0.19597861244129167)	(36, 0.20404844559337398)	(38, 0.21252390527955567)	(40, 0.2205022437246983)	(42, 0.22821524751971572)	(44, 0.2351901940120862)	(46, 0.2423328808005128)	(48, 0.2507168457797548)	(50, 0.2572160197960388)	(52, 0.2636236991053831)	(54, 0.2705102007143785)	(56, 0.27624691883949826)	(58, 0.282605800971808)	(60, 0.2885499070993244)	(62, 0.2948233941718238)	(64, 0.30181968942914683)	(66, 0.3086238458018965)	(68, 0.31451000528168443)	(70, 0.3209176845910287)	(72, 0.3262030288285792)	(74, 0.3316347645972333)	(76, 0.3371183473664865)	(78, 0.3437669627374387)	(80, 0.34974461692416636)	(82, 0.3550299611617168)	(84, 0.36039155098838377)	(86, 0.36720790665539205)	(88, 0.3743780418559006)	(90, 0.3813346894068831)	(92, 0.3882455896043958)	(94, 0.3948149095626669)	(96, 0.40045403333371765)	(98, 0.40594371575010013)	(100, 0.4112626080468619)	(102, 0.4170786215846627)	(104, 0.4228397382982997)	(106, 0.42827147406695376)	(108, 0.4337825052482889)	(110, 0.44043112061924106)	(112, 0.4450973506731662)	(114, 0.4487388400093666)	(116, 0.45244132581686014)	(118, 0.45643354486299614)	(120, 0.46033731902575703)	(122, 0.4634328899438839)	(124, 0.4668029449828298)	(126, 0.47089885803016407)	(128, 0.47514726225573123)	(130, 0.4792401254795009)	(132, 0.48401309935818904)	(134, 0.48722151374820816)	(136, 0.49007614860472704)	
SRR26260926_1 - polyg	(1, 0.0)	(2, 0.0)	(3, 0.00025618517943118473)	(4, 0.00031108200359501005)	(5, 0.0008173527153280656)	(6, 0.0009576445993022858)	(7, 0.001012541423466111)	(8, 0.0010430396591126806)	(9, 0.0011223350717937616)	(10, 0.0012260290729920985)	(12, 0.0014669651345999982)	(14, 0.0017353496082898106)	(16, 0.0020799796710960477)	(18, 0.002503905146583365)	(20, 0.002805837679484404)	(22, 0.0031748663308078964)	(24, 0.00393427239840748)	(26, 0.005126753412188351)	(28, 0.0063832807208270195)	(30, 0.007831946914039076)	(32, 0.009295862225074416)	(34, 0.010302304001411215)	(36, 0.01118980265872639)	(38, 0.012025454315442398)	(40, 0.013495469273607053)	(42, 0.014663551698870668)	(44, 0.016435499189936364)	(46, 0.018741165804817026)	(48, 0.02081504582878376)	(50, 0.022834029028586666)	(52, 0.024602926696087705)	(54, 0.026512116247562962)	(56, 0.028244416032288115)	(58, 0.030101758583164204)	(60, 0.031538225482117634)	(62, 0.03324002703119622)	(64, 0.03516751552405942)	(66, 0.037262744312978754)	(68, 0.039522663574389556)	(70, 0.041953372955421155)	(72, 0.04457317139746149)	(74, 0.04743085607754506)	(76, 0.05246306495922905)	(78, 0.05818148414296084)	(80, 0.06262202725310138)	(82, 0.06633061270772425)	(84, 0.06997210204392465)	(86, 0.0733635058478232)	(88, 0.07670611247468723)	(90, 0.08001822086590468)	(92, 0.08362921196645853)	(94, 0.08732559812682276)	(96, 0.09075054998993254)	(98, 0.09380037355458949)	(100, 0.09649641758574624)	(102, 0.09940899908999365)	(104, 0.10235207882988762)	(106, 0.10535920486463937)	(108, 0.10783871142270549)	(110, 0.11029076956868969)	(112, 0.11289531889290673)	(114, 0.11542667245157201)	(116, 0.11845819707484102)	(118, 0.12150497081593334)	(120, 0.12465848838178864)	(122, 0.127784557535562)	(124, 0.13089842739507676)	(126, 0.13410989160866055)	(128, 0.1371902134089641)	(130, 0.14013329314885803)	(132, 0.14329291036184266)	(134, 0.14636408269145224)	(136, 0.14979818402525596)	
SRR26260926_2 - nextera_transposase_sequence	(1, 0.0)	(2, 0.00013419223684490628)	(3, 0.00013419223684490628)	(4, 0.00013419223684490628)	(5, 0.00013419223684490628)	(6, 0.00013419223684490628)	(7, 0.00015249117823284806)	(8, 0.00015249117823284806)	(9, 0.00015249117823284806)	(10, 0.00015249117823284806)	(12, 0.00015249117823284806)	(14, 0.00015249117823284806)	(16, 0.00015859082536216198)	(18, 0.00016774029605613286)	(20, 0.00017079011962078982)	(22, 0.00017079011962078982)	(24, 0.00017079011962078982)	(26, 0.00017079011962078982)	(28, 0.00017079011962078982)	(30, 0.00017079011962078982)	(32, 0.00017688976675010374)	(34, 0.0002500855323018708)	(36, 0.00026533465012515563)	(38, 0.0002714342972544695)	(40, 0.0002744841208191265)	(42, 0.00028363359151309733)	(44, 0.00030193253290103914)	(46, 0.00032023147428898095)	(48, 0.00034767988637089356)	(50, 0.0003690286513234923)	(52, 0.0004117261812286898)	(54, 0.00047577247608648595)	(56, 0.0005672671830261947)	(58, 0.0006740110077891883)	(60, 0.0007929541268108099)	(62, 0.0009423954814790009)	(64, 0.0011558831310049882)	(66, 0.001412068310436173)	(68, 0.0017353496082898108)	(70, 0.0020403319647555066)	(72, 0.002424609733902284)	(74, 0.002897332386424113)	(76, 0.0034341013338037383)	(78, 0.004208756519226606)	(80, 0.005065756940895212)	(82, 0.006139294835654462)	(84, 0.007444619321327642)	(86, 0.008935983044444897)	(88, 0.010671332652734707)	(90, 0.012556123615692708)	(92, 0.014675750993129295)	(94, 0.017326047670816195)	(96, 0.02018373235089977)	(98, 0.02356598668410434)	(100, 0.027384365787054853)	(102, 0.031169196830794145)	(104, 0.03559144099954673)	(106, 0.04060535093984278)	(108, 0.046433563771902234)	(110, 0.05240511831150056)	(112, 0.05861150926557748)	(114, 0.06518082922384857)	(116, 0.07214967606908973)	(118, 0.08001517104234003)	(120, 0.0882161466077026)	(122, 0.096365275172466)	(124, 0.1043436136176086)	(126, 0.11276417647962647)	(128, 0.12153851887514455)	(130, 0.13676018828634745)	(132, 0.14867889877702684)	(134, 0.15142983963234743)	(136, 0.15144813857373537)	
SRR26260926_2 - polya	(1, 0.005282294413985857)	(2, 0.013486319802913082)	(3, 0.018000058678605383)	(4, 0.019622564815002887)	(5, 0.022294210257642385)	(6, 0.023837420981358808)	(7, 0.025716112297187496)	(8, 0.02741791384626608)	(9, 0.0318523573092773)	(10, 0.04009603040454507)	(12, 0.0466409517742989)	(14, 0.0527710971392594)	(16, 0.060438353580807)	(18, 0.06943228327298037)	(20, 0.07792604190055001)	(22, 0.08632525599761529)	(24, 0.09293422366222692)	(26, 0.09976277862349385)	(28, 0.10750323083059322)	(30, 0.11528943039116243)	(32, 0.12265780412337365)	(34, 0.12860191025089007)	(36, 0.13458566408474704)	(38, 0.14009059561895285)	(40, 0.14605605051142187)	(42, 0.15289985459051209)	(44, 0.1595118720786884)	(46, 0.16666980798493825)	(48, 0.1747457407841499)	(50, 0.18318155276399106)	(52, 0.19163566368522014)	(54, 0.20119381073685505)	(56, 0.2112826270887403)	(58, 0.22025520801596105)	(60, 0.2282823436381382)	(62, 0.23602584566880222)	(64, 0.24480933753501427)	(66, 0.25654505861181426)	(68, 0.26669182161142796)	(70, 0.27872032575043504)	(72, 0.29237438584940423)	(74, 0.30285357961756554)	(76, 0.312335481080084)	(78, 0.32354358268019834)	(80, 0.33181470418754805)	(82, 0.3387774513856599)	(84, 0.3462098714127289)	(86, 0.35718618642192934)	(88, 0.36760743354236214)	(90, 0.3774736127740274)	(92, 0.38695246441298126)	(94, 0.39682169346821117)	(96, 0.4068129154660274)	(98, 0.41647780634242526)	(100, 0.4245476394945076)	(102, 0.43205630511069304)	(104, 0.43922644031120156)	(106, 0.4465429670428136)	(108, 0.4545060563701329)	(110, 0.4637256730060909)	(112, 0.4724695171659624)	(114, 0.47973724672053997)	(116, 0.4868311363319321)	(118, 0.49516325431057484)	(120, 0.5027695142808293)	(122, 0.5105160661350581)	(124, 0.5173964680969241)	(126, 0.5251552192454114)	(128, 0.532111866796394)	(130, 0.5389770196404369)	(132, 0.5460190622512298)	(134, 0.5532776423351132)	(136, 0.5606033185374193)	
SRR26260926_2 - polyg	(1, 0.04682089136461367)	(2, 0.08537066122187766)	(3, 0.08626120970275748)	(4, 0.08683457653291299)	(5, 0.08806670525303441)	(6, 0.08844488337505187)	(7, 0.08889015761549178)	(8, 0.08932933220880239)	(9, 0.09012838598274252)	(10, 0.09129646840800612)	(12, 0.09412670467600778)	(14, 0.09661841052833253)	(16, 0.0993693513836531)	(18, 0.10224838482868928)	(20, 0.1061643582857088)	(22, 0.10969910379714623)	(24, 0.11383161472725642)	(26, 0.11848259566335828)	(28, 0.12346295754444309)	(30, 0.12763511618089382)	(32, 0.13250873423721565)	(34, 0.13870292589703392)	(36, 0.14487881861546428)	(38, 0.1532322853590597)	(40, 0.16207067404943556)	(42, 0.16925300854420272)	(44, 0.17553869491096072)	(46, 0.18303211140932285)	(48, 0.19087625761762056)	(50, 0.1975218231650081)	(52, 0.20512808313526254)	(54, 0.21235311515993488)	(56, 0.21861135311461097)	(58, 0.22506477977742512)	(60, 0.23192688279790324)	(62, 0.2398442247717527)	(64, 0.25016177789098726)	(66, 0.26067451971835975)	(68, 0.2702967130648525)	(70, 0.2794919311122932)	(72, 0.2894923025808034)	(74, 0.3007675002993402)	(76, 0.31085936647479007)	(78, 0.32092378423815804)	(80, 0.3325832597258416)	(82, 0.35021733957668816)	(84, 0.366613191060284)	(86, 0.3778426414253509)	(88, 0.3874190874183738)	(90, 0.3963306718743014)	(92, 0.405553338333824)	(94, 0.4149101970301916)	(96, 0.42364184189580445)	(98, 0.43233688887864147)	(100, 0.44212377269762565)	(102, 0.4507791719741221)	(104, 0.45807739976434625)	(106, 0.4663759696837778)	(108, 0.4756779315559816)	(110, 0.48505918884086635)	(112, 0.4945532895976435)	(114, 0.5037515574686489)	(116, 0.512303262743947)	(118, 0.5201382594815507)	(120, 0.5281074484559993)	(122, 0.5364487159053362)	(124, 0.5443325098199744)	(126, 0.5524145422663154)	(128, 0.5604691263005743)	(130, 0.5681577315070746)	(132, 0.5767124866059374)	(134, 0.5850598537024034)	(136, 0.5936481568604774)	
SRR26260927_1 - nextera_transposase_sequence	(1, 5.987945427541998e-06)	(2, 7.185534513050398e-05)	(3, 8.981918141312998e-05)	(4, 8.981918141312998e-05)	(5, 8.981918141312998e-05)	(6, 8.981918141312998e-05)	(7, 8.981918141312998e-05)	(8, 8.981918141312998e-05)	(9, 8.981918141312998e-05)	(10, 8.981918141312998e-05)	(12, 8.981918141312998e-05)	(14, 8.981918141312998e-05)	(16, 8.981918141312998e-05)	(18, 8.981918141312998e-05)	(20, 8.981918141312998e-05)	(22, 8.981918141312998e-05)	(24, 8.981918141312998e-05)	(26, 8.981918141312998e-05)	(28, 8.981918141312998e-05)	(30, 8.981918141312998e-05)	(32, 8.981918141312998e-05)	(34, 8.981918141312998e-05)	(36, 8.981918141312998e-05)	(38, 8.981918141312998e-05)	(40, 8.981918141312998e-05)	(42, 9.580712684067197e-05)	(44, 9.880109955444297e-05)	(46, 0.00011077699040952697)	(48, 0.00011676493583706897)	(50, 0.00014670466297477897)	(52, 0.00017963836282625995)	(54, 0.00022155398081905394)	(56, 0.0002784394623807029)	(58, 0.0003502948075112069)	(60, 0.00048202960691713084)	(62, 0.0006466981061745358)	(64, 0.0007993907145768568)	(66, 0.0010568723679611628)	(68, 0.0012933962123490715)	(70, 0.0015359080021645226)	(72, 0.0017874017101212865)	(74, 0.0021646422720564325)	(76, 0.002709545305962754)	(78, 0.0032544483398690757)	(80, 0.0038861765824747567)	(82, 0.004784368396606056)	(84, 0.005796331173860654)	(86, 0.007005896150224138)	(88, 0.008529828261533576)	(90, 0.010200465035817794)	(92, 0.011945951127946285)	(94, 0.014125563263571573)	(96, 0.016670440070276925)	(98, 0.019712316347468256)	(100, 0.023002692359902585)	(102, 0.026508634407728424)	(104, 0.03032295564507268)	(106, 0.03454445717148979)	(108, 0.03932583159538207)	(110, 0.04441558520879277)	(112, 0.04954426046748249)	(114, 0.055256760405357555)	(116, 0.06092135677981229)	(118, 0.06687038056207527)	(120, 0.07268766954493232)	(122, 0.07862172346362643)	(124, 0.0843551812104979)	(126, 0.09055270472800386)	(128, 0.09643885508327765)	(130, 0.11148656194269069)	(132, 0.12179181602349047)	(134, 0.12456722872915618)	(136, 0.12457920462001128)	
SRR26260927_1 - polya	(1, 0.0039759957638878865)	(2, 0.004520898797794209)	(3, 0.010347169698792572)	(4, 0.014257298062977498)	(5, 0.020748230906433022)	(6, 0.02492781681485734)	(7, 0.029394824103803667)	(8, 0.03484385444286689)	(9, 0.04274195446179478)	(10, 0.0636548538674852)	(12, 0.07705886970703797)	(14, 0.0880707013482877)	(16, 0.10031305577489733)	(18, 0.10961832296929759)	(20, 0.12021099843061939)	(22, 0.13073181854681065)	(24, 0.14378553957885223)	(26, 0.15577640029750509)	(28, 0.17040794494970396)	(30, 0.1823988056683568)	(32, 0.19435074474173064)	(34, 0.20533263665584267)	(36, 0.21419180191589104)	(38, 0.22330844882932374)	(40, 0.2312185247391067)	(42, 0.23882620940479882)	(44, 0.24602072583599052)	(46, 0.2539697233910525)	(48, 0.2624606300073071)	(50, 0.26893359901448)	(52, 0.2754604595305008)	(54, 0.2817448082567061)	(56, 0.2871698868140592)	(58, 0.2940859637828701)	(60, 0.3001218127738325)	(62, 0.3065408902721575)	(64, 0.3134569672409685)	(66, 0.3203041828373628)	(68, 0.32607955620222706)	(70, 0.33228606163787433)	(72, 0.3375524596413975)	(74, 0.3430853212164463)	(76, 0.3484115986742449)	(78, 0.3549923506991136)	(80, 0.36119586216204713)	(82, 0.36671375387352706)	(84, 0.372049013249467)	(86, 0.3791177828266803)	(88, 0.3867464253013688)	(90, 0.3938511225511474)	(92, 0.4009857595280637)	(94, 0.40774315594304483)	(96, 0.4134496679354923)	(98, 0.4192579750002081)	(100, 0.4251770590553333)	(102, 0.431117100919455)	(104, 0.4366379866036487)	(106, 0.4417217522716319)	(108, 0.44767377002660863)	(110, 0.4545209856230029)	(112, 0.4592065529200545)	(114, 0.462874169494424)	(116, 0.4666884907317682)	(118, 0.47078723937692074)	(120, 0.47459557266883745)	(122, 0.4777332560728694)	(124, 0.4811134512667169)	(126, 0.4854307599199747)	(128, 0.48998159844490663)	(130, 0.49415220243518965)	(132, 0.4984246014977408)	(134, 0.5018736580640051)	(136, 0.5050562510587435)	
SRR26260927_1 - polyg	(1, 0.0)	(2, 0.0)	(3, 0.00040718028907285586)	(4, 0.00041915617992793985)	(5, 0.0008802279778486737)	(6, 0.0009939989409719716)	(7, 0.0010359145589647657)	(8, 0.0010898060678126438)	(9, 0.0011377096312329797)	(10, 0.0012335167580736516)	(12, 0.0014850104660304156)	(14, 0.0017814137646937444)	(16, 0.0021526663812013484)	(18, 0.0025179310522814103)	(20, 0.0027784066783794873)	(22, 0.0032304965581589082)	(24, 0.0038143212373442526)	(26, 0.004910115250584438)	(28, 0.006341234207766976)	(30, 0.007928039746065606)	(32, 0.009613646383918678)	(34, 0.010715428342586406)	(36, 0.011577692484152453)	(38, 0.012448938543859814)	(40, 0.013703413110929864)	(42, 0.014918966032720887)	(44, 0.016847084460389412)	(46, 0.019430882912373784)	(48, 0.021652410665991866)	(50, 0.023517655666671196)	(52, 0.02538290066735053)	(54, 0.027481675539704)	(56, 0.029322968758673164)	(58, 0.031098394577939364)	(60, 0.0325714291531147)	(62, 0.034200150309406124)	(64, 0.03615820846421236)	(66, 0.038209079773145485)	(68, 0.040289890809216335)	(70, 0.04269405089837444)	(72, 0.04550838524931919)	(74, 0.048424514672532136)	(76, 0.05306217840616342)	(78, 0.05714296321503329)	(80, 0.060831537598399155)	(82, 0.06395724511157608)	(84, 0.06698714549791233)	(86, 0.06974758834000919)	(88, 0.0726996454357874)	(90, 0.075816371030823)	(92, 0.07898998210742028)	(94, 0.08224143647457557)	(96, 0.08519648754306755)	(98, 0.08810363504813919)	(100, 0.09068743350012357)	(102, 0.09316644290712595)	(104, 0.09584305451323721)	(106, 0.09863942502789932)	(108, 0.10128010896144536)	(110, 0.10365432932346576)	(112, 0.1060554954399101)	(114, 0.10826205332995932)	(116, 0.1108039361639509)	(118, 0.11360330065132679)	(120, 0.11624997253030035)	(122, 0.11911819839009297)	(124, 0.12246246591137518)	(126, 0.12554326383384554)	(128, 0.12843544147534833)	(130, 0.13128270952614454)	(132, 0.1339593211322558)	(134, 0.13695029987331303)	(136, 0.1401658265679031)	
SRR26260927_2 - nextera_transposase_sequence	(1, 0.0)	(2, 3.592767256525199e-05)	(3, 5.987945427541998e-05)	(4, 5.987945427541998e-05)	(5, 5.987945427541998e-05)	(6, 5.987945427541998e-05)	(7, 5.987945427541998e-05)	(8, 5.987945427541998e-05)	(9, 5.987945427541998e-05)	(10, 5.987945427541998e-05)	(12, 5.987945427541998e-05)	(14, 5.987945427541998e-05)	(16, 5.987945427541998e-05)	(18, 5.987945427541998e-05)	(20, 5.987945427541998e-05)	(22, 6.287342698919099e-05)	(24, 6.586739970296198e-05)	(26, 6.586739970296198e-05)	(28, 6.586739970296198e-05)	(30, 6.586739970296198e-05)	(32, 6.586739970296198e-05)	(34, 9.880109955444297e-05)	(36, 0.00010778301769575596)	(38, 0.00010778301769575596)	(40, 0.00010778301769575596)	(42, 0.00011676493583706897)	(44, 0.00012874082669215296)	(46, 0.00014371069026100796)	(48, 0.00019760219910888594)	(50, 0.0002275419262465959)	(52, 0.00026945754423938996)	(54, 0.0003293369985148099)	(56, 0.0003952043982177719)	(58, 0.0005209512521961539)	(60, 0.0006287342698919098)	(62, 0.0007754389328666887)	(64, 0.0010778301769575598)	(66, 0.0013772274483346597)	(68, 0.0016526729380015915)	(70, 0.0019610521275200046)	(72, 0.0023921841983030284)	(74, 0.0029460691503506633)	(76, 0.003643664792659306)	(78, 0.004437067561808621)	(80, 0.005248434167240561)	(82, 0.006311294480629266)	(84, 0.007514871511565208)	(86, 0.008978924168599228)	(88, 0.010712434369872634)	(90, 0.012751329787950686)	(92, 0.014957887677999911)	(94, 0.017670426956676435)	(96, 0.020817092278849758)	(98, 0.024562552143777276)	(100, 0.0283798673538353)	(102, 0.03231993544515793)	(104, 0.03693364739707904)	(106, 0.04228387663658782)	(108, 0.048232900418850796)	(110, 0.0544783274997771)	(112, 0.06043932717289516)	(114, 0.06668774822653523)	(116, 0.07334334956924816)	(118, 0.08063067915456679)	(120, 0.08798387613958836)	(122, 0.09531312134289975)	(124, 0.10311840820770075)	(126, 0.11113027918975193)	(128, 0.11910921647195166)	(130, 0.13272281040146838)	(132, 0.14434541247632743)	(134, 0.1469471747645944)	(136, 0.14696214462816326)	
SRR26260927_2 - polya	(1, 0.006359198044049602)	(2, 0.013269287067433067)	(3, 0.018778196860771704)	(4, 0.020550628707324138)	(5, 0.023484721966819718)	(6, 0.025430804230770866)	(7, 0.027490657457845312)	(8, 0.029179258068412157)	(9, 0.03302950697832166)	(10, 0.042331780200008155)	(12, 0.0501011393922439)	(14, 0.05742439665012776)	(16, 0.0658135081941141)	(18, 0.07451099892761885)	(20, 0.08367255543175811)	(22, 0.0936245207323329)	(24, 0.1016992651413733)	(26, 0.1091213234988116)	(28, 0.11730085695283397)	(30, 0.124648065992428)	(32, 0.13173180543321017)	(34, 0.13871075582901038)	(36, 0.14589030239663325)	(38, 0.1523243497585271)	(40, 0.15881528260198263)	(42, 0.16584213656120317)	(44, 0.17211750336926718)	(46, 0.1790964537650674)	(48, 0.18728796310994483)	(50, 0.19661718208605528)	(52, 0.20512605253859245)	(54, 0.21372174819982898)	(56, 0.22285037100411675)	(58, 0.23175145188215795)	(60, 0.24014655137157181)	(62, 0.2476973505557023)	(64, 0.25554754701120985)	(66, 0.2666162641340213)	(68, 0.2764664343623278)	(70, 0.288035144928339)	(72, 0.3015738895400114)	(74, 0.3120677639017788)	(76, 0.3212622541057695)	(78, 0.33276210329936395)	(80, 0.3413188773153214)	(82, 0.34848046004666167)	(84, 0.35575880771383894)	(86, 0.36550119492444977)	(88, 0.37568669009669875)	(90, 0.3850338729090918)	(92, 0.3943361461307783)	(94, 0.404524635275741)	(96, 0.4157999365158026)	(98, 0.42494951712908674)	(100, 0.4329703700292793)	(102, 0.4409582892296203)	(104, 0.4483054982692143)	(106, 0.4555539062092539)	(108, 0.4627544105858732)	(110, 0.4719638706534327)	(112, 0.48021525945258564)	(114, 0.4873259446477918)	(116, 0.49475399095065764)	(118, 0.5029305304319662)	(120, 0.5107867148329013)	(122, 0.5175620750841651)	(124, 0.5241937246451678)	(126, 0.5315020120394829)	(128, 0.5381965350274748)	(130, 0.5441635226460204)	(132, 0.5503311064363887)	(134, 0.5569687439428189)	(136, 0.563729134330514)	
SRR26260927_2 - polyg	(1, 0.04612514362835601)	(2, 0.07907680731611963)	(3, 0.07992110762140305)	(4, 0.08035822763761362)	(5, 0.08174743097680336)	(6, 0.08211269564788343)	(7, 0.08241808086468806)	(8, 0.08274142991777533)	(9, 0.083477947205363)	(10, 0.08466356040001631)	(12, 0.08769046681363879)	(14, 0.09037007239246383)	(16, 0.093636496623188)	(18, 0.09689992688119839)	(20, 0.10141783170627883)	(22, 0.10493874361767352)	(24, 0.10902252239925717)	(26, 0.11430987821177674)	(28, 0.11930382469834677)	(30, 0.12305527250870182)	(32, 0.12790550830501085)	(34, 0.13423776059463652)	(36, 0.14025863972202998)	(38, 0.14894116059196588)	(40, 0.15789313900614116)	(42, 0.16522837215488012)	(44, 0.17241989461335805)	(46, 0.18126109603712381)	(48, 0.19032385144170866)	(50, 0.19763213883602365)	(52, 0.20573382899948797)	(54, 0.21317983913863645)	(56, 0.21957795882796508)	(58, 0.2259970363262901)	(60, 0.23228737299792296)	(62, 0.24052977987893454)	(64, 0.2508859314958684)	(66, 0.2610115472138419)	(68, 0.2696910741110641)	(70, 0.2784304804625616)	(72, 0.2878585005382265)	(74, 0.2996248133033465)	(76, 0.3098372542300194)	(78, 0.32086704970755175)	(80, 0.33284892850806325)	(82, 0.3466541366912613)	(84, 0.3590821174261247)	(86, 0.3687107336736123)	(88, 0.3774261882433997)	(90, 0.38559374580656697)	(92, 0.39487805519197083)	(94, 0.4037252445611641)	(96, 0.41209639226886785)	(98, 0.42078190711151753)	(100, 0.4306769869305307)	(102, 0.4395092064361551)	(104, 0.4466258795767888)	(106, 0.4555838459363916)	(108, 0.46492204683064337)	(110, 0.47455964499627223)	(112, 0.48360743053728816)	(114, 0.4918348675547308)	(116, 0.4997090157919486)	(118, 0.5074753810114706)	(120, 0.5155321615842283)	(122, 0.523759598601671)	(124, 0.5314391386124937)	(126, 0.5392623893135773)	(128, 0.54696588110611)	(130, 0.5545256622083818)	(132, 0.5624057983910271)	(134, 0.5708188617167236)	(136, 0.5787738472172131)	
SRR26260934_1 - nextera_transposase_sequence	(1, 0.0032379150501306592)	(2, 0.0033034598892021302)	(3, 0.0033121992010783263)	(4, 0.0033427867926450125)	(5, 0.003364635072335503)	(6, 0.003369004728273601)	(7, 0.003369004728273601)	(8, 0.003369004728273601)	(9, 0.003395222663902189)	(10, 0.0034061468037474346)	(12, 0.0034148861156236303)	(14, 0.003452028191097464)	(16, 0.003489170266571298)	(18, 0.00352849717001418)	(20, 0.0035416061378284744)	(22, 0.0035590847615808666)	(24, 0.003607150976899945)	(26, 0.0036705109880023666)	(28, 0.003860591021309632)	(30, 0.004044116570709751)	(32, 0.004218902808233673)	(34, 0.004542257347652928)	(36, 0.004771664284403077)	(38, 0.005068800888193744)	(40, 0.005313501620727235)	(42, 0.005658704439836982)	(44, 0.006038864506451512)	(46, 0.0064081004332207986)	(48, 0.0068057391235877215)	(50, 0.00723615023349038)	(52, 0.007791096537628833)	(54, 0.008494611143662619)	(56, 0.009263670588767878)	(58, 0.010174743851861323)	(60, 0.011431019934064514)	(62, 0.012982247792089324)	(64, 0.01485683018953339)	(66, 0.016713933963225062)	(68, 0.018890022620397896)	(70, 0.021518370667163875)	(72, 0.02465141397478018)	(74, 0.028293522199184913)	(76, 0.03226335461894699)	(78, 0.03650629053484021)	(80, 0.04145492588473625)	(82, 0.04727093793834477)	(84, 0.05416407018069445)	(86, 0.06254070061402842)	(88, 0.07189394914952732)	(90, 0.08311959525450122)	(92, 0.09423599996102267)	(94, 0.10684464217040461)	(96, 0.12121207089487102)	(98, 0.13611478247175446)	(100, 0.15248351361586976)	(102, 0.1698703745935619)	(104, 0.18902039174227664)	(106, 0.2087603124426346)	(108, 0.22998373133397687)	(110, 0.25197402484245535)	(112, 0.2740036452543767)	(114, 0.2969050120259486)	(116, 0.32055358996293526)	(118, 0.3454912164016609)	(120, 0.3697122192665384)	(122, 0.3941233021647232)	(124, 0.418623963009639)	(126, 0.4427248003362188)	(128, 0.4667688321356034)	(130, 0.4906074901058973)	(132, 0.5149945398964226)	(134, 0.5285666912401551)	(136, 0.5338168328497799)	(138, 0.5341511115290444)
SRR26260934_1 - polya	(1, 0.004609987014693449)	(2, 0.012265624218241242)	(3, 0.01885506537289311)	(4, 0.0409043492365359)	(5, 0.05220427949245747)	(6, 0.06959987978202584)	(7, 0.08454410309032118)	(8, 0.10378806784170502)	(9, 0.13840011252737972)	(10, 0.18408268053222585)	(12, 0.20908366698205388)	(14, 0.2308904349411322)	(16, 0.249998940358435)	(18, 0.26640481357802415)	(20, 0.28340932966113275)	(22, 0.3045300616379297)	(24, 0.324283091306102)	(26, 0.3518752837272221)	(28, 0.3771144164256765)	(30, 0.404184434962194)	(32, 0.4248682013451811)	(34, 0.44931861114680877)	(36, 0.4710183225354037)	(38, 0.48766671165955733)	(40, 0.5029867253785291)	(42, 0.5187502591752178)	(44, 0.5362900581107435)	(46, 0.5550817634725341)	(48, 0.570541606181525)	(50, 0.5839935919869599)	(52, 0.5974280991686424)	(54, 0.6131566757178263)	(56, 0.6302966511350159)	(58, 0.645538011047102)	(60, 0.6617953159647958)	(62, 0.676958022069996)	(64, 0.6931279338689278)	(66, 0.7126624807401952)	(68, 0.732033165513784)	(70, 0.7540737100655506)	(72, 0.780254503618665)	(74, 0.8045628996023044)	(76, 0.8374904419238425)	(78, 0.8692534709378772)	(80, 0.8942522725597362)	(82, 0.9141931974332467)	(84, 0.9326134820402989)	(86, 0.9562380268696261)	(88, 0.9774723699008137)	(90, 0.9992179626767586)	(92, 1.0158772759407575)	(94, 1.0377080770074953)	(96, 1.0656629508714777)	(98, 1.0924751597076474)	(100, 1.1136526972116396)	(102, 1.1344653684448005)	(104, 1.1621471388126516)	(106, 1.1940303333649842)	(108, 1.2487602739896624)	(110, 1.2820220949904648)	(112, 1.3047246424168533)	(114, 1.3221792330615858)	(116, 1.3395464305875566)	(118, 1.3599068424311245)	(120, 1.3778748676485837)	(122, 1.3917528949079832)	(124, 1.4041670874281196)	(126, 1.4189146762192006)	(128, 1.4354079425575517)	(130, 1.4526025386739676)	(132, 1.4728558939470522)	(134, 1.4955212992979667)	(136, 1.5193402938165392)	(138, 1.540104898834381)
SRR26260934_1 - polyg	(1, 0.0)	(2, 0.00595584104362765)	(3, 0.007227410921614184)	(4, 0.008149408324552875)	(5, 0.00829360697051011)	(6, 0.00856452563867219)	(7, 0.008839813962772367)	(8, 0.009088884351243956)	(9, 0.009569546504434742)	(10, 0.010013066582151696)	(12, 0.010847670866328422)	(14, 0.012479737359208046)	(16, 0.014540030134021279)	(18, 0.016342513208486727)	(20, 0.01835910942391898)	(22, 0.021031154030065943)	(24, 0.023524042742750884)	(26, 0.02537459203253541)	(28, 0.029344424452297492)	(30, 0.03613268495213283)	(32, 0.04565198041327943)	(34, 0.054279866063054044)	(36, 0.0601068022565078)	(38, 0.0645092306141416)	(40, 0.06719438418810285)	(42, 0.06999314881645466)	(44, 0.07331845698534728)	(46, 0.07555353599768444)	(48, 0.07703921901663777)	(50, 0.07868657930530074)	(52, 0.08058956446634244)	(54, 0.08214079232436725)	(56, 0.0833905139226633)	(58, 0.0842644451102829)	(60, 0.0850444286952334)	(62, 0.08578508537674102)	(64, 0.08653448137012484)	(66, 0.08755042637573265)	(68, 0.08885039901731681)	(70, 0.09029020064892013)	(72, 0.09252746448922633)	(74, 0.09623948720864063)	(76, 0.09923925601014494)	(78, 0.10074678730878878)	(80, 0.10204239029443485)	(82, 0.10299934494487831)	(84, 0.10396503890719799)	(86, 0.10483678526684856)	(88, 0.1056276929916443)	(90, 0.10657153867427348)	(92, 0.10787588097179575)	(94, 0.10899014323601075)	(96, 0.1098837378753518)	(98, 0.1108101049342286)	(100, 0.1114611836690052)	(102, 0.1122455369098938)	(104, 0.11301678118296812)	(106, 0.11387323374683533)	(108, 0.1148345580532169)	(110, 0.11582646995116516)	(112, 0.1168577087525563)	(114, 0.11785399030644267)	(116, 0.11917581122771731)	(118, 0.12061342803135158)	(120, 0.12228919108361219)	(122, 0.12407856519026333)	(124, 0.12638137386964102)	(126, 0.1284132638808566)	(128, 0.13054347115067944)	(130, 0.13263653634502837)	(132, 0.13489127880908697)	(134, 0.13773810965275785)	(136, 0.14103501505805285)	(138, 0.1448519095199815)
SRR26260934_2 - nextera_transposase_sequence	(1, 0.0006729270144671006)	(2, 0.0007384718535385714)	(3, 0.0007428415094766695)	(4, 0.0007559504772909636)	(5, 0.0007646897891671597)	(6, 0.0007646897891671597)	(7, 0.0007690594451052578)	(8, 0.0007777987569814539)	(9, 0.0007996470366719442)	(10, 0.0008193104883933855)	(12, 0.000858637391836268)	(14, 0.0009088884351243956)	(16, 0.0009241822309077387)	(18, 0.0009416608546601311)	(20, 0.0009678787902887194)	(22, 0.0009919118979482586)	(24, 0.0010661960488959257)	(26, 0.0011077077803078573)	(28, 0.0011645133075031317)	(30, 0.0012278733186055536)	(32, 0.0012934181576770244)	(34, 0.0014529105994176036)	(36, 0.001570891309746251)	(38, 0.0016692085683534573)	(40, 0.0017893741066511539)	(42, 0.0019357575805774385)	(44, 0.0021105438181013613)	(46, 0.002254742464058597)	(48, 0.00244919215330396)	(50, 0.0026742294341160103)	(52, 0.002929854306494746)	(54, 0.0031701853830901393)	(56, 0.00346076750297366)	(58, 0.0037841220423929164)	(60, 0.004127140033533614)	(62, 0.004590323562972008)	(64, 0.005090649167884235)	(66, 0.0056368561601464915)	(68, 0.006257347303356416)	(70, 0.007039515716275967)	(72, 0.00800084002265754)	(74, 0.009163168502191623)	(76, 0.010286170078282824)	(78, 0.01139606268655973)	(80, 0.01280964638253445)	(82, 0.014441712875414073)	(84, 0.016200499390498543)	(86, 0.018385327359547572)	(88, 0.02083233468488248)	(90, 0.02343664962398892)	(92, 0.026421124629709893)	(94, 0.029392490667616573)	(96, 0.0329231726655998)	(98, 0.03665922849267364)	(100, 0.04059628849289999)	(102, 0.04503804375397666)	(104, 0.04998449427590366)	(106, 0.05526522347709516)	(108, 0.06118829210118708)	(110, 0.06666784064756204)	(112, 0.07253847340039676)	(114, 0.07867347033748645)	(116, 0.08504661352320245)	(118, 0.0916753815812972)	(120, 0.09811625443405375)	(122, 0.10501157150437249)	(124, 0.11221494931832712)	(126, 0.11956034095026996)	(128, 0.12805276726596354)	(130, 0.13543967062931828)	(132, 0.14289430365971356)	(134, 0.14860544397080772)	(136, 0.1511048871673998)	(138, 0.1512250527056975)
SRR26260934_2 - polya	(1, 0.05519312415411654)	(2, 0.07605823125853475)	(3, 0.0817781108815051)	(4, 0.09327467565464109)	(5, 0.09892027112666378)	(6, 0.10519946670971068)	(7, 0.11063094904076658)	(8, 0.12030536728771567)	(9, 0.13382071310425295)	(10, 0.15637250740077702)	(12, 0.1722496522518563)	(14, 0.19103480312973986)	(16, 0.21562067226544857)	(18, 0.24569482925940844)	(20, 0.28291992819606576)	(22, 0.3144207778538146)	(24, 0.33929285945346876)	(26, 0.3663038876348219)	(28, 0.3849623184905006)	(30, 0.3990435347510216)	(32, 0.41198645563966807)	(34, 0.42665757545183225)	(36, 0.4407650096479818)	(38, 0.45204090679624387)	(40, 0.46517172289022857)	(42, 0.4777104506046009)	(44, 0.4915535206164955)	(46, 0.507393523392101)	(48, 0.5243303098081691)	(50, 0.5479985511968772)	(52, 0.5688702127852026)	(54, 0.5891126439184418)	(56, 0.6107489952959343)	(58, 0.6309368057299474)	(60, 0.650571854687791)	(62, 0.6655532200715601)	(64, 0.6829859624366024)	(66, 0.706234716855253)	(68, 0.7323739986769555)	(70, 0.769913712841156)	(72, 0.8005996216664496)	(74, 0.8220611868064182)	(76, 0.8509118401377106)	(78, 0.8751153643788356)	(80, 0.8900005973319667)	(82, 0.9030549444470346)	(84, 0.920496426123953)	(86, 0.9421546257811362)	(88, 0.9623577300109325)	(90, 0.9913613213000583)	(92, 1.0181822694481042)	(94, 1.0552522455989588)	(96, 1.0863489020824337)	(98, 1.1091279184877392)	(100, 1.1270216595542504)	(102, 1.143707190753878)	(104, 1.1589201479023663)	(106, 1.173875295350507)	(108, 1.1945306589698963)	(110, 1.2126559918011273)	(112, 1.2271872826232721)	(114, 1.2412029540447218)	(116, 1.2589568661212143)	(118, 1.2778141163220762)	(120, 1.2930183341586885)	(122, 1.305474038410237)	(124, 1.318626702783912)	(126, 1.3330727853152644)	(128, 1.3461948620973727)	(130, 1.3596031513434266)	(132, 1.376467838436516)	(134, 1.39481602372059)	(136, 1.4137868849758426)	(138, 1.4323120413254093)
SRR26260934_2 - polyg	(1, 0.06137181765058719)	(2, 0.06739757318922442)	(3, 0.06874779687409671)	(4, 0.07221730368894656)	(5, 0.0732660211140901)	(6, 0.07444145856143848)	(7, 0.07583100914975366)	(8, 0.07715064524305927)	(9, 0.07846154202448868)	(10, 0.07996470366719441)	(12, 0.08185894951635991)	(14, 0.08349975532111575)	(16, 0.08532845633120978)	(18, 0.0867551489949988)	(20, 0.08805730646455201)	(22, 0.08920434114830275)	(24, 0.09037540893971303)	(26, 0.09168630572114245)	(28, 0.09272628383440978)	(30, 0.093716010904389)	(32, 0.09472321659812061)	(34, 0.09603192855158096)	(36, 0.09716366943954836)	(38, 0.09822986548844428)	(40, 0.0993179098170307)	(42, 0.10043435690921476)	(44, 0.10160323987265599)	(46, 0.10273061110468529)	(48, 0.10403932305814566)	(50, 0.10520602119361783)	(52, 0.10651254831910915)	(54, 0.10784310855226001)	(56, 0.10901636117163935)	(58, 0.11039280279214023)	(60, 0.11166655749809581)	(62, 0.11309106533391577)	(64, 0.1148520366769693)	(66, 0.11691451427975158)	(68, 0.11859464698795028)	(70, 0.12030099763177757)	(72, 0.12203356621123346)	(74, 0.12358042441332016)	(76, 0.1253064385088689)	(78, 0.13100010019621067)	(80, 0.13594655071813766)	(82, 0.13777743655620073)	(84, 0.13972193344865438)	(86, 0.14143702340435788)	(88, 0.1431761464677209)	(90, 0.14486720331576483)	(92, 0.1466609470783541)	(94, 0.14864914053018868)	(96, 0.15040137256136604)	(98, 0.15228687909865535)	(100, 0.1543362477336233)	(102, 0.15631133221764365)	(104, 0.1585857381334237)	(106, 0.16075090265075126)	(108, 0.16332681482626007)	(110, 0.16599230494849987)	(112, 0.16890031097530414)	(114, 0.1720836053262086)	(116, 0.17475783476032458)	(118, 0.17744298833428584)	(120, 0.18053451991049024)	(122, 0.18404553845675203)	(124, 0.18795201086541166)	(126, 0.1918388198223499)	(128, 0.19588293639305965)	(130, 0.19998167366299563)	(132, 0.2042945240738984)	(134, 0.20883678142155132)	(136, 0.2138749947181784)	(138, 0.21932614050095572)
SRR26260935_1 - nextera_transposase_sequence	(1, 0.002492622870021576)	(2, 0.0025316310526510215)	(3, 0.0025316310526510215)	(4, 0.0025394326891769107)	(5, 0.002543333507439855)	(6, 0.002555035962228689)	(7, 0.0025589367804916335)	(8, 0.002570639235280467)	(9, 0.0025784408718063563)	(10, 0.0025881929174637174)	(12, 0.0025940441448581344)	(14, 0.0026154986453043295)	(16, 0.0026291515092246353)	(18, 0.0026720605101170254)	(20, 0.0027052174653520544)	(22, 0.0027344736023241388)	(24, 0.002765680148427695)	(26, 0.0028339444680292253)	(28, 0.0029256136972084226)	(30, 0.003027034972044981)	(32, 0.0031206546103556506)	(34, 0.0032786377500049054)	(36, 0.0033859102522358804)	(38, 0.0035321909370963018)	(40, 0.003666769167167889)	(42, 0.0038891158081557292)	(44, 0.004105611221749152)	(46, 0.004296751316633436)	(48, 0.0046107671868004735)	(50, 0.004897477329126898)	(52, 0.005273906291501049)	(54, 0.005640583208217838)	(56, 0.00618084653763566)	(58, 0.006787423777523539)	(60, 0.007680711159737844)	(62, 0.008653965316342514)	(64, 0.009894425523958885)	(66, 0.011269463961646842)	(68, 0.012901956404689142)	(70, 0.014903076173579704)	(72, 0.017331335542262696)	(74, 0.02002875137108886)	(76, 0.023126001071866843)	(78, 0.026841530467321538)	(80, 0.031062215827827557)	(82, 0.036326370073671246)	(84, 0.042384340836024145)	(86, 0.04928098752491014)	(88, 0.05700850850380332)	(90, 0.06681711602597742)	(92, 0.07589822094211236)	(94, 0.08640897575161649)	(96, 0.09836108290927863)	(98, 0.11111675862910736)	(100, 0.12535279487972353)	(102, 0.14054843242302406)	(104, 0.15635649843360694)	(106, 0.17320998373865892)	(108, 0.1911615493847298)	(110, 0.20993618768428196)	(112, 0.2297698981422236)	(114, 0.2503506152975191)	(116, 0.271643231785802)	(118, 0.2932011039159651)	(120, 0.31505348782498055)	(122, 0.33729595356029046)	(124, 0.35944089883902675)	(126, 0.3818062403496194)	(128, 0.40515068724421116)	(130, 0.428202572769082)	(132, 0.4519253990351794)	(134, 0.465073106990434)	(136, 0.47032555878148896)	(138, 0.4706610291521022)
SRR26260935_1 - polya	(1, 0.023412711214193267)	(2, 0.06146129255095453)	(3, 0.0762336913127256)	(4, 0.11443050374347875)	(5, 0.1259028102547987)	(6, 0.13664566375094805)	(7, 0.1493350255603067)	(8, 0.1715423839312501)	(9, 0.21505211083613376)	(10, 0.2579279547732889)	(12, 0.27732867440404374)	(14, 0.2978976891045504)	(16, 0.31986709756145415)	(18, 0.33871975222626527)	(20, 0.3630901143240114)	(22, 0.3959174504158214)	(24, 0.42597130472267775)	(26, 0.46297836758323285)	(28, 0.49314144480145167)	(30, 0.5155906539046976)	(32, 0.5361148091951804)	(34, 0.5598824948713017)	(36, 0.5789848019049412)	(38, 0.5954891639754596)	(40, 0.6155257169830743)	(42, 0.6324377145620705)	(44, 0.6500089504275043)	(46, 0.6705955188101942)	(48, 0.6864211385029604)	(50, 0.7012559503569384)	(52, 0.7168787275000315)	(54, 0.7370830156929529)	(56, 0.7542505168681719)	(58, 0.7701483016988024)	(60, 0.7861767639412417)	(62, 0.8010915425696101)	(64, 0.8177207308245429)	(66, 0.8356761972888767)	(68, 0.8534834326592187)	(70, 0.876037963855564)	(72, 0.9011806879693733)	(74, 0.9233412365211613)	(76, 0.9569428850381658)	(78, 0.9837961179602761)	(80, 1.0013322464613434)	(82, 1.0194652001566413)	(84, 1.042780390914261)	(86, 1.0662691680845815)	(88, 1.0838950154056965)	(90, 1.1036312054070647)	(92, 1.1225716284827918)	(94, 1.1518823769105575)	(96, 1.177951545361816)	(98, 1.1992500130774932)	(100, 1.2206694061593217)	(102, 1.2442049931487977)	(104, 1.266316781472299)	(106, 1.288385660794908)	(108, 1.3215738225760403)	(110, 1.3460436555394915)	(112, 1.3635466270853238)	(114, 1.3789002477682737)	(116, 1.3955586921601784)	(118, 1.414343082505388)	(120, 1.4285537634372951)	(122, 1.4408783987390683)	(124, 1.4547594605277565)	(126, 1.472003027659103)	(128, 1.4865667326438063)	(130, 1.5025093768844608)	(132, 1.5206774379441252)	(134, 1.538521731087965)	(136, 1.5544078134638069)	(138, 1.5689013037197774)
SRR26260935_2 - nextera_transposase_sequence	(1, 0.0004329908271868465)	(2, 0.0004680981915533476)	(3, 0.0004915031011310149)	(4, 0.0005032055559198486)	(5, 0.0005071063741827932)	(6, 0.0005149080107086823)	(7, 0.000526610465497516)	(8, 0.000526610465497516)	(9, 0.0005422137385492943)	(10, 0.0005500153750751834)	(12, 0.0006085276490193518)	(14, 0.0006494862407802698)	(16, 0.0006806927868838262)	(18, 0.0007236017877762165)	(20, 0.0007548083338797729)	(22, 0.0007782132434574403)	(24, 0.0008074693804295246)	(26, 0.0008230726534813028)	(28, 0.000838675926533081)	(30, 0.0008757337000310545)	(32, 0.0009322955648437506)	(34, 0.00102591520315442)	(36, 0.001142939751042757)	(38, 0.001238509798484899)	(40, 0.0012989724815605395)	(42, 0.0013730880285564863)	(44, 0.0014998646221021845)	(46, 0.0016754014439346898)	(48, 0.0018450870383727783)	(50, 0.002003070178022033)	(52, 0.0021727557724601216)	(54, 0.002332689321240849)	(56, 0.0025413830983083826)	(58, 0.0027812834214794736)	(60, 0.0030757952003317877)	(62, 0.0034405217079171045)	(64, 0.003922272763390758)	(66, 0.004427428728442079)	(68, 0.004987196149174623)	(70, 0.005706897118687895)	(72, 0.006703556184870231)	(74, 0.007692413614526678)	(76, 0.008815849274254713)	(78, 0.009919780842668025)	(80, 0.011409893419112846)	(82, 0.013118451818282566)	(84, 0.014975241311444178)	(86, 0.01702902212688449)	(88, 0.019309050401575586)	(90, 0.021830929408569247)	(92, 0.024627816103100497)	(94, 0.027881098534396263)	(96, 0.031298215332735704)	(98, 0.035152223776524924)	(100, 0.039421669365317755)	(102, 0.04400318041514614)	(104, 0.048647104557181645)	(106, 0.05365770561593394)	(108, 0.05974493251525893)	(110, 0.06558835827314988)	(112, 0.07178285767470585)	(114, 0.07806122466891513)	(116, 0.08453463257627163)	(118, 0.0911718748506718)	(120, 0.09833767799970096)	(122, 0.1058506539741322)	(124, 0.11341239017685023)	(126, 0.12104044029003833)	(128, 0.12976852115337678)	(130, 0.13792708255032532)	(132, 0.14621632135908252)	(134, 0.15227429212143545)	(136, 0.1550906829072814)	(138, 0.15521355868256417)
SRR26260935_2 - polya	(1, 0.05116313233678089)	(2, 0.06797175823180901)	(3, 0.07190378304085714)	(4, 0.0858023985117286)	(5, 0.0908695614352936)	(6, 0.09601474072411748)	(7, 0.10232236385529883)	(8, 0.1167709947012455)	(9, 0.14053477955910376)	(10, 0.16519380220830782)	(12, 0.17675387713054402)	(14, 0.1997452999723393)	(16, 0.23560357185445718)	(18, 0.2608711221526806)	(20, 0.288215858175922)	(22, 0.31731401200835696)	(24, 0.3369156237796534)	(26, 0.3603848968586594)	(28, 0.37733590262028494)	(30, 0.3917279716014189)	(32, 0.40499075369543047)	(34, 0.42109723230312857)	(36, 0.43515578132278077)	(38, 0.44811039877401965)	(40, 0.4659917496913575)	(42, 0.47950028333593453)	(44, 0.4964571403249545)	(46, 0.5173011627129989)	(48, 0.5359607268737941)	(50, 0.5558392967417596)	(52, 0.575197107371622)	(54, 0.6040241543347824)	(56, 0.6244780948965322)	(58, 0.6413744892024765)	(60, 0.6573132326248681)	(62, 0.672027119112695)	(64, 0.6918920361167401)	(66, 0.7150706982351567)	(68, 0.7390646313705287)	(70, 0.7741076322356912)	(72, 0.8027727952409394)	(74, 0.8228191002942115)	(76, 0.8477394777670327)	(78, 0.8661669432411829)	(80, 0.8794141220621426)	(82, 0.8938705545446152)	(84, 0.9192863359368304)	(86, 0.9487043568668269)	(88, 0.9686687447365772)	(90, 0.9937139483938127)	(92, 1.0152815725696331)	(94, 1.0482922471198015)	(96, 1.0696433758820287)	(98, 1.085024302292819)	(100, 1.0981388532928387)	(102, 1.1122617658138294)	(104, 1.126928842482501)	(106, 1.1415218036041765)	(108, 1.1610219941006366)	(110, 1.1770797124800478)	(112, 1.1897534710163549)	(114, 1.2023999238248209)	(116, 1.2185376089786226)	(118, 1.2362492743015223)	(120, 1.249615428079502)	(122, 1.2605903802622964)	(124, 1.2728760073814405)	(126, 1.2867687716249174)	(128, 1.298239127727106)	(130, 1.3111820427235559)	(132, 1.3258939788022515)	(134, 1.340783402111911)	(136, 1.3541320022077072)	(138, 1.3653624579867245)
SRR26260935_2 - polyg	(1, 0.032642047224320105)	(2, 0.03569248710594275)	(3, 0.03659747694294589)	(4, 0.04020573383616961)	(5, 0.04098589748875853)	(6, 0.04203911841975356)	(7, 0.04317035571600748)	(8, 0.044055841461695895)	(9, 0.045292400851049325)	(10, 0.04673765401747028)	(12, 0.04856518737365981)	(14, 0.0499382754022163)	(16, 0.05196670089894747)	(18, 0.05301212019341661)	(20, 0.05411995258009287)	(22, 0.055011289553175705)	(24, 0.05586361834362909)	(26, 0.05673740163452867)	(28, 0.057681399654161254)	(30, 0.05849667067111666)	(32, 0.05958109814821526)	(34, 0.060889822675433164)	(36, 0.06165048223670735)	(38, 0.06240138975232418)	(40, 0.06329077631627553)	(42, 0.06417431165283248)	(44, 0.06501298757936556)	(46, 0.06581655614153215)	(48, 0.06676835579769061)	(50, 0.06776696527300442)	(52, 0.06874412024787203)	(54, 0.06975833299623763)	(56, 0.07077059533547174)	(58, 0.0717438494920764)	(60, 0.07266249219299985)	(62, 0.07361819266742127)	(64, 0.07478453732804169)	(66, 0.07624149294925148)	(68, 0.07767309325175215)	(70, 0.07923342055692997)	(72, 0.0808425080903946)	(74, 0.08257057058087904)	(76, 0.08461850016892494)	(78, 0.08942235785974118)	(80, 0.09354552276367356)	(82, 0.09539060980204635)	(84, 0.09696654038027594)	(86, 0.0982577112253106)	(88, 0.09948451856900667)	(90, 0.100762036550121)	(92, 0.10203955453123535)	(94, 0.10348285728852484)	(96, 0.10483839163489808)	(98, 0.10619392598127131)	(100, 0.1075806668737481)	(102, 0.10895180449317313)	(104, 0.11041071052351438)	(106, 0.11169407973202315)	(108, 0.1133012168563563)	(110, 0.11481278393324731)	(112, 0.11630289650969214)	(114, 0.11850490841912435)	(116, 0.12011594636172046)	(118, 0.12154754666422111)	(120, 0.12301815514935122)	(122, 0.12452192058971634)	(124, 0.12662056081518053)	(126, 0.12872700267717058)	(128, 0.1307320232643241)	(130, 0.13259466398488012)	(132, 0.1345528747528783)	(134, 0.13669442397923487)	(136, 0.1390836751652884)	(138, 0.14198783436205062)
SRR26260936_1 - nextera_transposase_sequence	(1, 0.002095146961439446)	(2, 0.0021718479099314485)	(3, 0.0021758848019573437)	(4, 0.0021920323700609233)	(5, 0.002208179938164503)	(6, 0.002224327506268082)	(7, 0.0022283643982939773)	(8, 0.002232401290319872)	(9, 0.002232401290319872)	(10, 0.002244511966397557)	(12, 0.002260659534501136)	(14, 0.0022848808866565056)	(16, 0.0023050653467859804)	(18, 0.0023252498069154543)	(20, 0.0023393789290060865)	(22, 0.0023797478492650357)	(24, 0.002446356567692301)	(26, 0.0025028730560548293)	(28, 0.0025795740045468324)	(30, 0.002684533197220099)	(32, 0.002779400159828629)	(34, 0.002957023408968004)	(36, 0.0031104253059520094)	(38, 0.0032799747710395948)	(40, 0.003453561128153075)	(42, 0.003643295053370135)	(44, 0.003923859049169829)	(46, 0.0041579987866717325)	(48, 0.004400212308225427)	(50, 0.004612149139584907)	(52, 0.0049169344875399715)	(54, 0.005282273215883458)	(56, 0.005609261469980944)	(58, 0.005950378846169062)	(60, 0.0063096622364737075)	(62, 0.006822347523762358)	(64, 0.007415770651568905)	(66, 0.008063691821725035)	(68, 0.008905383809124118)	(70, 0.009817721406976364)	(72, 0.010929885160110404)	(74, 0.01220352459428024)	(76, 0.013660842615628294)	(78, 0.015348263482452357)	(80, 0.01742120753774938)	(82, 0.01986756410544168)	(84, 0.022933583599108846)	(86, 0.02654660196228477)	(88, 0.03066826872072345)	(90, 0.03601715065503418)	(92, 0.04157595097469143)	(94, 0.048438667418712736)	(96, 0.05606031956360229)	(98, 0.06495359269664872)	(100, 0.07512050526386499)	(102, 0.08636728644800815)	(104, 0.09872219449325945)	(106, 0.11258286326416952)	(108, 0.12767478410297756)	(110, 0.14353976976474447)	(112, 0.16137879562717397)	(114, 0.18086285499015564)	(116, 0.20125925195098954)	(118, 0.22198263716592095)	(120, 0.24351743767805722)	(122, 0.26624312133783246)	(124, 0.28930184858974406)	(126, 0.3134384260125696)	(128, 0.3381785187932664)	(130, 0.3629428329261186)	(132, 0.38889399331458385)	(134, 0.40338038034950763)	(136, 0.4093832387920133)	(138, 0.4097687619804863)
SRR26260936_1 - polya	(1, 0.01506971793266561)	(2, 0.04182220138827102)	(3, 0.054631259786435495)	(4, 0.08413690360370121)	(5, 0.09516972951047194)	(6, 0.1062590719056052)	(7, 0.11851507609622207)	(8, 0.13913552056449313)	(9, 0.17804712280209395)	(10, 0.21607666413203674)	(12, 0.23546585653240987)	(14, 0.255085151778259)	(16, 0.2752413536635522)	(18, 0.29259998937490017)	(20, 0.31384413366117203)	(22, 0.3410467305776647)	(24, 0.3675448898356387)	(26, 0.4018726011778359)	(28, 0.43024387833582517)	(30, 0.45340554633439706)	(32, 0.47314998523304896)	(34, 0.49728656265587445)	(36, 0.515353672917767)	(38, 0.5305344053811447)	(40, 0.5485106855724546)	(42, 0.5648358769251736)	(44, 0.5812680459165787)	(46, 0.6007985295378582)	(48, 0.6154282262397013)	(50, 0.6288650213478924)	(52, 0.6433049841245184)	(54, 0.6615840312177705)	(56, 0.6774974595838481)	(58, 0.692326982440973)	(60, 0.7070293431992822)	(62, 0.7216307816569439)	(64, 0.738262776803631)	(66, 0.7563964957839507)	(68, 0.773627969396483)	(70, 0.7956350862756489)	(72, 0.8214691767953632)	(74, 0.8441181595066466)	(76, 0.8795741821700813)	(78, 0.9092675414665512)	(80, 0.9266806752202488)	(82, 0.9456924182162008)	(84, 0.9706020604619852)	(86, 0.9957902482575562)	(88, 1.014192420557598)	(90, 1.0342376079121793)	(92, 1.053245314016105)	(94, 1.081608517390043)	(96, 1.1082742076670913)	(98, 1.1308363971998179)	(100, 1.1537053905265124)	(102, 1.1798523401782335)	(104, 1.2062112266613143)	(106, 1.2308221388971825)	(108, 1.2656988675549012)	(110, 1.290642823382906)	(112, 1.3093578548149545)	(114, 1.3261715101028066)	(116, 1.3442265096886215)	(118, 1.3638962660847944)	(120, 1.3794564663986062)	(122, 1.3932586002351408)	(124, 1.4089863315680273)	(126, 1.4281191813247562)	(128, 1.4449913715469838)	(130, 1.4632320681659898)	(132, 1.484163353320255)	(134, 1.5066771001486707)	(136, 1.5266778816909667)	(138, 1.5442827678158944)
SRR26260936_1 - polyg	(1, 0.0)	(2, 0.006374252508888025)	(3, 0.008219112164721988)	(4, 0.00987423789533889)	(5, 0.01007204560460774)	(6, 0.010499956159352598)	(7, 0.010701800760647343)	(8, 0.011105489963236832)	(9, 0.011807909175742542)	(10, 0.012189395472189609)	(12, 0.012990718539329744)	(14, 0.013905074583194935)	(16, 0.015778192483210163)	(18, 0.0173667094953998)	(20, 0.019375063278282506)	(22, 0.020632555144348762)	(24, 0.023030469007730325)	(26, 0.026110617623488125)	(28, 0.03280580304843479)	(30, 0.04138823549548731)	(32, 0.05197094794137076)	(34, 0.05983279516180105)	(36, 0.06391409299998078)	(38, 0.06836274801251695)	(40, 0.07110379769809957)	(42, 0.0736147445382062)	(44, 0.07570383616160681)	(46, 0.07655763882508357)	(48, 0.0773670356762755)	(50, 0.0782268936777911)	(52, 0.07900601383878882)	(54, 0.07980733690592895)	(56, 0.08055214348470656)	(58, 0.08111932681434479)	(60, 0.0816986208200607)	(62, 0.0822900255018543)	(64, 0.08295409424011402)	(66, 0.08388257940606983)	(68, 0.08506942566168293)	(70, 0.08628654860749024)	(72, 0.08800828305653441)	(74, 0.09127614715149632)	(76, 0.09327239025830134)	(78, 0.09452180834031582)	(80, 0.09570461770390301)	(82, 0.09691366686565853)	(84, 0.09821556454400963)	(86, 0.09915010504800431)	(88, 0.10003014750964939)	(90, 0.10110597923455036)	(92, 0.10200620615632493)	(94, 0.10274495739706369)	(96, 0.1034514135015953)	(98, 0.10431530839513681)	(100, 0.10504800429783673)	(102, 0.10584327202693802)	(104, 0.10693323287392964)	(106, 0.10799897236876589)	(108, 0.10894764199485119)	(110, 0.1099992523675968)	(112, 0.11127894713980549)	(114, 0.11260506617031196)	(116, 0.11426221034694181)	(118, 0.11601623993219312)	(120, 0.11773595593522435)	(122, 0.11985128735679326)	(124, 0.12252976521597453)	(126, 0.12477831407439798)	(128, 0.1266171183921931)	(130, 0.12844381203391053)	(132, 0.1304077600045084)	(134, 0.13242015067941698)	(136, 0.1344789656126234)	(138, 0.13662457372438652)
SRR26260936_2 - nextera_transposase_sequence	(1, 0.00042791055474485795)	(2, 0.0004400212308225426)	(3, 0.00045213190690022726)	(4, 0.000460205690952017)	(5, 0.0004642425829779119)	(6, 0.0004844270431073863)	(7, 0.0004844270431073863)	(8, 0.0004925008271591761)	(9, 0.000496537719185071)	(10, 0.0005025930572239133)	(12, 0.000546998869508757)	(14, 0.0005732386676770738)	(16, 0.0005893862357806534)	(18, 0.0006115891419230752)	(20, 0.0006236998180007599)	(22, 0.000637828940091392)	(24, 0.0006721425223114986)	(26, 0.0007064561045316051)	(28, 0.0007367327947258168)	(30, 0.0007912308370753977)	(32, 0.0008437104334120312)	(34, 0.0009446327340594033)	(36, 0.001029407466603196)	(38, 0.0011222559831987784)	(40, 0.0012009753777037285)	(42, 0.0012635472041050994)	(44, 0.0013483219366488921)	(46, 0.0014653918053998435)	(48, 0.0016107199183320595)	(50, 0.0017096237729664842)	(52, 0.0018166014116526986)	(54, 0.0019114683742612285)	(56, 0.002026519796999233)	(58, 0.002141571219737237)	(60, 0.002276807102604716)	(62, 0.002460485689782933)	(64, 0.0026764594131683094)	(66, 0.0028762855684501066)	(68, 0.003156849564249801)	(70, 0.0034293397759977058)	(72, 0.00389963769701446)	(74, 0.0043618618339794244)	(76, 0.004860417999177443)	(78, 0.0054296197748286215)	(80, 0.0060573564848552764)	(82, 0.006719406777102038)	(84, 0.0075812832246305965)	(86, 0.008638948935415055)	(88, 0.009856071881222363)	(90, 0.01128109476636326)	(92, 0.012821169074242158)	(94, 0.014690250082231491)	(96, 0.016738972785373146)	(98, 0.019163126446923022)	(100, 0.021879954780350284)	(102, 0.02487532866356429)	(104, 0.028397516956157574)	(106, 0.03221843525866709)	(108, 0.03693554359092526)	(110, 0.041923123688918394)	(112, 0.04718319399865943)	(114, 0.05318201554913923)	(116, 0.05942305062117272)	(118, 0.06579730313006074)	(120, 0.07328170094606987)	(122, 0.08089931619893352)	(124, 0.08864813044263875)	(126, 0.09660686307169052)	(128, 0.10547793329859453)	(130, 0.11390292695663716)	(132, 0.12251765453989685)	(134, 0.12937633409189225)	(136, 0.13240804000333933)	(138, 0.132535202102155)
SRR26260936_2 - polya	(1, 0.039404103064759985)	(2, 0.05240693228016741)	(3, 0.056197573892482706)	(4, 0.06729095317964186)	(5, 0.07202622752601656)	(6, 0.07695527268963422)	(7, 0.08243737206079947)	(8, 0.09570259925789007)	(9, 0.11629882237400578)	(10, 0.13823933053474446)	(12, 0.1490339798119874)	(14, 0.16907311182852963)	(16, 0.2049933770749423)	(18, 0.22851836535584477)	(20, 0.2515488343635751)	(22, 0.27664821053457656)	(24, 0.2950180876984112)	(26, 0.3171019055260692)	(28, 0.33350581627329307)	(30, 0.34795385283397084)	(32, 0.3600503997895649)	(34, 0.37404024910530365)	(36, 0.38674838520282073)	(38, 0.3987843787780263)	(40, 0.4150227769521885)	(42, 0.42778339264604226)	(44, 0.44301862315176954)	(46, 0.46172356235375345)	(48, 0.4786986933226415)	(50, 0.4968404860870131)	(52, 0.5137409345534221)	(54, 0.5399121055572986)	(56, 0.5590752320042216)	(58, 0.5758707212779572)	(60, 0.5913764235494195)	(62, 0.6055216932081553)	(64, 0.6261058056481932)	(66, 0.6500587044838406)	(68, 0.6729922880829494)	(70, 0.706997048063075)	(72, 0.7355923727285014)	(74, 0.7540429877328539)	(76, 0.7768413354490953)	(78, 0.793909314934579)	(80, 0.8062904627779985)	(82, 0.8198564384310183)	(84, 0.8435126257027623)	(86, 0.8716275602171073)	(88, 0.8911297855942055)	(90, 0.9137989527656182)	(92, 0.9340702060736494)	(94, 0.9642540477512654)	(96, 0.9849390824919508)	(98, 1.0005335963879827)	(100, 1.014123793393158)	(102, 1.0295951820823999)	(104, 1.0453370425373771)	(106, 1.0609598146775903)	(108, 1.0807506778345402)	(110, 1.0977722330617259)	(112, 1.1118529124480472)	(114, 1.1258548724398636)	(116, 1.1429793684137097)	(118, 1.1606004021067409)	(120, 1.1744832737837934)	(122, 1.18644458485652)	(124, 1.2003314934255984)	(126, 1.215865453941242)	(128, 1.228775434640054)	(130, 1.24347577695235)	(132, 1.2614661862657506)	(134, 1.2806010544684923)	(136, 1.2983734716124946)	(138, 1.312839674187289)
SRR26260936_2 - polyg	(1, 0.0485517003954378)	(2, 0.05377543867694578)	(3, 0.05540230616338142)	(4, 0.0615747140709747)	(5, 0.06250723612895642)	(6, 0.06381922603737225)	(7, 0.06505047810527019)	(8, 0.06624136125290919)	(9, 0.06830824997016736)	(10, 0.0706920347114583)	(12, 0.0733765679086784)	(14, 0.07502361985524351)	(16, 0.0775244744652854)	(18, 0.07866085957057481)	(20, 0.07973467284946284)	(22, 0.08085491038664867)	(24, 0.08197312947782157)	(26, 0.08297831559226938)	(28, 0.08402185218096322)	(30, 0.0849483189009061)	(32, 0.08614122049455802)	(34, 0.08762477831407439)	(36, 0.08872483139113074)	(38, 0.08976433108779869)	(40, 0.09070896382185809)	(42, 0.09177066642466844)	(44, 0.09286264571767303)	(46, 0.09389609007630209)	(48, 0.09512936059021299)	(50, 0.09621124765315282)	(52, 0.09726689491792434)	(54, 0.0983972246851749)	(56, 0.09960425540091747)	(58, 0.10088395017312615)	(60, 0.10239374779081084)	(62, 0.10439402778964176)	(64, 0.10664055820205226)	(66, 0.10955317579873541)	(68, 0.1120964177750492)	(70, 0.11468204711763487)	(72, 0.11742511524923044)	(74, 0.1204911347428976)	(76, 0.12396286188516722)	(78, 0.12964882430364016)	(80, 0.13480999075874678)	(82, 0.13800720924325552)	(84, 0.1408612919055632)	(86, 0.14304121359954647)	(88, 0.14532609448620296)	(90, 0.14799246166930652)	(92, 0.1502975270160925)	(94, 0.1524633195879851)	(96, 0.1546876470942532)	(98, 0.15680903385386097)	(100, 0.15912217298469872)	(102, 0.1613929247492646)	(104, 0.16381102307277562)	(106, 0.16623315828831256)	(108, 0.16891163614749383)	(110, 0.17136808494525085)	(112, 0.1739981201001214)	(114, 0.17723167061286318)	(116, 0.17993235137818686)	(118, 0.18308112715838487)	(120, 0.1861834786802851)	(122, 0.18923335060584867)	(124, 0.1928382951849728)	(126, 0.19655425429480905)	(128, 0.20015718042792024)	(130, 0.2036268891241769)	(132, 0.20714302207873136)	(134, 0.21111330538619896)	(136, 0.21544690897599714)	(138, 0.220061076561595)
SRR26260937_1 - nextera_transposase_sequence	(1, 0.0020476939391523277)	(2, 0.0021098630151038214)	(3, 0.0021215197168447265)	(4, 0.0021292908513386635)	(5, 0.002133176418585632)	(6, 0.002148718687573505)	(7, 0.00216037538931441)	(8, 0.00216037538931441)	(9, 0.00216037538931441)	(10, 0.0021759176583022836)	(12, 0.0021875743600431887)	(14, 0.002201173845407578)	(16, 0.0022108877635249992)	(18, 0.0022342011670068093)	(20, 0.0022516862196181667)	(22, 0.0023099697283226923)	(24, 0.0023663104534037338)	(26, 0.00243430788022568)	(28, 0.0024984197398006582)	(30, 0.0025839022192339616)	(32, 0.0027043548038899815)	(34, 0.002844235224780842)	(36, 0.0029782872948012507)	(38, 0.0031589661717852796)	(40, 0.003296903809052657)	(42, 0.003458154849801844)	(44, 0.0036368909431623887)	(46, 0.003805913118405512)	(48, 0.004021562100612257)	(50, 0.00425081056818339)	(52, 0.004462573983143166)	(54, 0.004748163175795341)	(56, 0.005105635362516431)	(58, 0.005466993116484488)	(60, 0.005952689022355533)	(62, 0.006529695758530335)	(64, 0.007149443734421789)	(66, 0.007916843265698041)	(68, 0.008853264972217417)	(70, 0.009910139263392813)	(72, 0.011277858934325676)	(74, 0.012733003868315329)	(76, 0.014434882322487472)	(78, 0.016400979349453462)	(80, 0.018893570738383672)	(82, 0.021833002360715236)	(84, 0.025403838660679162)	(86, 0.02955945283131183)	(88, 0.034391155702916995)	(90, 0.04102964734436244)	(92, 0.04773613641262983)	(94, 0.05587057144415811)	(96, 0.06470052301289371)	(98, 0.07471362980833118)	(100, 0.08629844855516736)	(102, 0.09917133284437354)	(104, 0.11357901619613225)	(106, 0.129086315078783)	(108, 0.14608955735151655)	(110, 0.16432646722516256)	(112, 0.1834065451914007)	(114, 0.20428952636023218)	(116, 0.22614389934080575)	(118, 0.24780982230990134)	(120, 0.2704568510088564)	(122, 0.29325735961406685)	(124, 0.31649305175093767)	(126, 0.33979091296375996)	(128, 0.36388531546221076)	(130, 0.3879272628028275)	(132, 0.4128959179318462)	(134, 0.4269500146641308)	(136, 0.43227129900885397)	(138, 0.4325879727394819)
SRR26260937_1 - polya	(1, 0.01586477106937183)	(2, 0.04811109365196228)	(3, 0.061018948046391186)	(4, 0.09917133284437354)	(5, 0.11043947786058181)	(6, 0.12129186718136445)	(7, 0.13454553706077355)	(8, 0.15492922283836957)	(9, 0.19778702957243063)	(10, 0.24327925089993624)	(12, 0.2643584532147396)	(14, 0.2851812080912431)	(16, 0.30600590575137)	(18, 0.32363083878361854)	(20, 0.3455978932143542)	(22, 0.37394310628098837)	(24, 0.4004640455251709)	(26, 0.4345482414155774)	(28, 0.4643971690067884)	(30, 0.4869101456357231)	(32, 0.5075405649335016)	(34, 0.5324897922262855)	(36, 0.5518982006248925)	(38, 0.5676289196242439)	(40, 0.5863301547839026)	(42, 0.6027155918643682)	(44, 0.6194682150496723)	(46, 0.6395740827691101)	(48, 0.6546267702838655)	(50, 0.6683253376130525)	(52, 0.683069122531674)	(54, 0.70117780868617)	(56, 0.7175010766906842)	(58, 0.7322332049075647)	(60, 0.7470741290073604)	(62, 0.7606036741613043)	(64, 0.7761653709854125)	(66, 0.79373396329258)	(68, 0.8104049895656977)	(70, 0.8317348109679306)	(72, 0.8556019077824337)	(74, 0.877800153464364)	(76, 0.912978136534792)	(78, 0.9432000785817121)	(80, 0.9611455709118354)	(82, 0.9794096797562102)	(84, 1.003300089974195)	(86, 1.0281482925185579)	(88, 1.046598908590787)	(90, 1.0663259335036455)	(92, 1.084749350605146)	(94, 1.1129469121163955)	(96, 1.1400526292312467)	(98, 1.161656383124391)	(100, 1.1833397911460977)	(102, 1.2078460637727273)	(104, 1.231559680680975)	(106, 1.2561825203250137)	(108, 1.2927126807973868)	(110, 1.3201952979351939)	(112, 1.3400369470818378)	(114, 1.3572247537988025)	(116, 1.3753081837661933)	(118, 1.3963291025722921)	(120, 1.411956854039599)	(122, 1.425282406913077)	(124, 1.4399892789428521)	(126, 1.458746854827592)	(128, 1.4744756310433198)	(130, 1.4918849150933617)	(132, 1.5113457786498028)	(134, 1.5303928292944415)	(136, 1.5484238041039982)	(138, 1.5636629988466084)
SRR26260937_1 - polyg	(1, 0.0)	(2, 0.002607215622715772)	(3, 0.0032522197857125204)	(4, 0.00420418376121977)	(5, 0.0042780095389121685)	(6, 0.004604397187657512)	(7, 0.004763705444783214)	(8, 0.005144491034986114)	(9, 0.005816694168711641)	(10, 0.006230507080513772)	(12, 0.006976535991931697)	(14, 0.007885758727722295)	(16, 0.009688661930315614)	(18, 0.011064152735742416)	(20, 0.012832085833113021)	(22, 0.013883131773417965)	(24, 0.01571323394674006)	(26, 0.01790857944127719)	(28, 0.023012272020170137)	(30, 0.030287996690118394)	(32, 0.03975323850373333)	(34, 0.04639950127967272)	(36, 0.049478813322895145)	(38, 0.05302050786850681)	(40, 0.05521585336304394)	(42, 0.05746365401541513)	(44, 0.05953077579080231)	(46, 0.06030206088932552)	(48, 0.06098203515754499)	(50, 0.06166978056025839)	(52, 0.062250672863680155)	(54, 0.06298698785698066)	(56, 0.06364947707258878)	(58, 0.06409243173874316)	(60, 0.06457812764461421)	(62, 0.06511433592469584)	(64, 0.06569717101174109)	(66, 0.06666856282348319)	(68, 0.06775263608538737)	(70, 0.0691844676158952)	(72, 0.07090188833905522)	(74, 0.0742065632826018)	(76, 0.07582684482458762)	(78, 0.07683903509242287)	(80, 0.07774825782821349)	(82, 0.07860696818979349)	(84, 0.07961333010675829)	(86, 0.08035741623455273)	(88, 0.08123749721599106)	(90, 0.08241093852457551)	(92, 0.08325799218441461)	(94, 0.08394962315437499)	(96, 0.08466845309506413)	(98, 0.08545528046257522)	(100, 0.08620908050848708)	(102, 0.08700367901049212)	(104, 0.08788570277555394)	(106, 0.08879298272772104)	(108, 0.0896108946332079)	(110, 0.0904948611818932)	(112, 0.09155950660756253)	(114, 0.0926319231677258)	(116, 0.09416089387940785)	(118, 0.095738434181677)	(120, 0.09733928788742796)	(122, 0.09937532512483939)	(124, 0.10159009845561136)	(126, 0.10406131922468323)	(128, 0.10587782191264095)	(130, 0.10748838953650933)	(132, 0.10932432006070189)	(134, 0.11131567327477318)	(136, 0.11355570279265043)	(138, 0.11590452819344281)
SRR26260937_2 - nextera_transposase_sequence	(1, 0.0003147309470044375)	(2, 0.0003302732159923109)	(3, 0.0003302732159923109)	(4, 0.0003458154849801844)	(5, 0.00034970105222715273)	(6, 0.0003535866194741211)	(7, 0.0003574721867210895)	(8, 0.00036135775396805783)	(9, 0.00037301445570896293)	(10, 0.00037301445570896293)	(12, 0.00042352682991955167)	(14, 0.000448783017024846)	(16, 0.0004740392041301404)	(18, 0.00048569590587104546)	(20, 0.0004973526076119505)	(22, 0.0005051237421058873)	(24, 0.000555636116316476)	(26, 0.0005906062215391913)	(28, 0.000629461894008875)	(30, 0.0006644319992315903)	(32, 0.0006935737535838529)	(34, 0.0007926557183815463)	(36, 0.0009033943849201447)	(38, 0.0010102474842117746)	(40, 0.0010743593437867525)	(42, 0.0011559562559730883)	(44, 0.0012375531681594238)	(46, 0.0013716052381798323)	(48, 0.0015095428754472093)	(50, 0.0016319382437267127)	(52, 0.0017465624775122794)	(54, 0.0018864428984031408)	(56, 0.0020340944537879384)	(58, 0.0022361439506302936)	(60, 0.002442079014719617)	(62, 0.00269464088577256)	(64, 0.0029180610024732412)	(66, 0.003127881633809533)	(68, 0.00341929917733216)	(70, 0.003875853328850943)	(72, 0.004447031714155293)	(74, 0.005020152883083126)	(76, 0.005634072508104128)	(78, 0.006310161209076623)	(80, 0.007085331874846812)	(82, 0.007955698938167725)	(84, 0.00890960569729846)	(86, 0.010036420198919285)	(88, 0.011365284197382464)	(90, 0.012954481201392525)	(92, 0.014757384403985847)	(94, 0.016768165454291974)	(96, 0.019105334153343444)	(98, 0.02188545751854931)	(100, 0.02521733143282468)	(102, 0.0287279414404606)	(104, 0.03235706124912905)	(106, 0.03646022026192764)	(108, 0.041540599437338774)	(110, 0.046659834285219595)	(112, 0.05218122534316164)	(114, 0.0578735813599703)	(116, 0.06394478018335836)	(118, 0.06997712333427675)	(120, 0.07675549539661305)	(122, 0.08393213810176363)	(124, 0.09072993800033478)	(126, 0.09762487708008014)	(128, 0.10549509353881456)	(130, 0.11300200945995745)	(132, 0.1204137289835496)	(134, 0.12600311746831358)	(136, 0.12845296761752714)	(138, 0.12856176350044227)
SRR26260937_2 - polya	(1, 0.04067411794126483)	(2, 0.05598713846156716)	(3, 0.059713397451409814)	(4, 0.0712107909351892)	(5, 0.07565199429847405)	(6, 0.08024084921714368)	(7, 0.0855563052109964)	(8, 0.09862735342979798)	(9, 0.120487554761242)	(10, 0.14585642331669846)	(12, 0.15713622503464758)	(14, 0.1771196973858059)	(16, 0.20889780911513667)	(18, 0.23185762597747273)	(20, 0.25652320686122787)	(22, 0.2823292017319683)	(24, 0.3005544549038734)	(26, 0.32205524126497287)	(28, 0.3380812633750938)	(30, 0.3516613209032483)	(32, 0.364102907228041)	(34, 0.3789418885442132)	(36, 0.39206344913722535)	(38, 0.40372209366175393)	(40, 0.41971120288302877)	(42, 0.4325452314997652)	(44, 0.44765037417235476)	(46, 0.4660893335428431)	(48, 0.4833393093357592)	(50, 0.5015101645662068)	(52, 0.519659649176796)	(54, 0.5456812930297431)	(56, 0.5642834462246041)	(58, 0.5809233879597462)	(60, 0.5955544914282055)	(62, 0.6090762654476555)	(64, 0.6271499814969288)	(66, 0.6480931889580883)	(68, 0.6703361186633587)	(70, 0.7050186919097983)	(72, 0.7313880940313491)	(74, 0.7498348245363313)	(76, 0.7730821733749431)	(78, 0.7911617177750869)	(80, 0.8039899180409529)	(82, 0.8178575075453831)	(84, 0.8413360476351894)	(86, 0.8684961626914982)	(88, 0.8876364669500644)	(90, 0.9113092854022191)	(92, 0.9321670103839453)	(94, 0.9634283416694294)	(96, 0.9848494739019659)	(98, 1.0002518624689485)	(100, 1.0134647338922644)	(102, 1.0283406280972827)	(104, 1.0434535419043662)	(106, 1.0584382319922998)	(108, 1.0783498213493892)	(110, 1.0957668765339248)	(112, 1.1098462294533147)	(114, 1.12373907514485)	(116, 1.1404178725524616)	(118, 1.159004483478335)	(120, 1.1735753606544663)	(122, 1.1849639582553304)	(124, 1.1979281533748405)	(126, 1.2128875872756688)	(128, 1.225500138559328)	(130, 1.2399816476887793)	(132, 1.2572879642067762)	(134, 1.2745826240230325)	(136, 1.2904318528234162)	(138, 1.3034931871241007)
SRR26260937_2 - polyg	(1, 0.04672006057754761)	(2, 0.05167415881743227)	(3, 0.052734918675854635)	(4, 0.05835733448221786)	(5, 0.059142219066105464)	(6, 0.06018743665553996)	(7, 0.06125985321570322)	(8, 0.06233615534311346)	(9, 0.0640263770955447)	(10, 0.06562140245042522)	(12, 0.06780509124322143)	(14, 0.06948754186115874)	(16, 0.0722929214134699)	(18, 0.0734100219969733)	(20, 0.0743192447327639)	(22, 0.07537417624031581)	(24, 0.07643493609873817)	(26, 0.07743935523207948)	(28, 0.07836800580410494)	(30, 0.07931996977961217)	(32, 0.08044872706485649)	(34, 0.08176593436157877)	(36, 0.08271012720259208)	(38, 0.08371648911955688)	(40, 0.08476559227623834)	(42, 0.08573892687160392)	(44, 0.08676083105755661)	(46, 0.08776525019089793)	(48, 0.08906108686776187)	(50, 0.09015681683140694)	(52, 0.09127003184766339)	(54, 0.09232302057159181)	(56, 0.0933565814592854)	(58, 0.0944872815281532)	(60, 0.09584334449734515)	(62, 0.09750831006267109)	(64, 0.09976193906591274)	(66, 0.10231475674717096)	(68, 0.10459752750476486)	(70, 0.10706680549021327)	(72, 0.10944865821260488)	(74, 0.11209667229141382)	(76, 0.11524981011232864)	(78, 0.1204253856852905)	(80, 0.12517354886108584)	(82, 0.12831891554750674)	(84, 0.1311825786085224)	(86, 0.13327884213826185)	(88, 0.1352740809195801)	(90, 0.13755490889355054)	(92, 0.13964340128879604)	(94, 0.1417610354383938)	(96, 0.14373296081623022)	(98, 0.1456524310362326)	(100, 0.1477797791039478)	(102, 0.1501363756392341)	(104, 0.15249685774176736)	(106, 0.15487288211328853)	(108, 0.1574198714436763)	(110, 0.15989303499637164)	(112, 0.1623564846309496)	(114, 0.16524928944631756)	(116, 0.168079925185734)	(118, 0.17085810576731636)	(120, 0.17360714459454651)	(122, 0.17637366847438796)	(124, 0.1796258882601005)	(126, 0.1829033642329183)	(128, 0.18611478556253766)	(130, 0.18906781667023362)	(132, 0.19213158644446818)	(134, 0.1955198010838246)	(136, 0.19920914718482105)	(138, 0.20340750259517038)
SRR26260938_1 - nextera_transposase_sequence	(1, 0.0013150137573763425)	(2, 0.001383378386964715)	(3, 0.0013914212845633472)	(4, 0.0014235928749578752)	(5, 0.0014235928749578752)	(6, 0.0014557644653524035)	(7, 0.0014638073629510357)	(8, 0.0014839146069476159)	(9, 0.001495978953345564)	(10, 0.0015040218509441959)	(12, 0.001518096921741802)	(14, 0.001534182716939066)	(16, 0.0015462470633370142)	(18, 0.0015904830001294906)	(20, 0.001626676039323335)	(22, 0.0016648798029168372)	(24, 0.0016990621177110235)	(26, 0.0017654160228997382)	(28, 0.0018679629672822967)	(30, 0.0019504026676682754)	(32, 0.00204691743885186)	(34, 0.002195711044426553)	(36, 0.0023304295792036405)	(38, 0.0024731910115793595)	(40, 0.002656166931948239)	(42, 0.0028371321279174605)	(44, 0.003036193843483604)	(46, 0.0032915558422401724)	(48, 0.003520778423801186)	(50, 0.00379021549335536)	(52, 0.004178285302489357)	(54, 0.004634719741211726)	(56, 0.005075068384736833)	(58, 0.00556367441385373)	(60, 0.0062754708513326676)	(62, 0.007039546123202714)	(64, 0.00788405037105908)	(66, 0.00890951981488467)	(68, 0.010025471856694869)	(70, 0.011420914590057531)	(72, 0.012969172377794203)	(74, 0.014845178242675132)	(76, 0.017167564924280142)	(78, 0.019876010690619488)	(80, 0.023018772927284967)	(82, 0.02719303678097501)	(84, 0.03163070553102025)	(86, 0.03671180608895606)	(88, 0.04289679434230412)	(90, 0.051150818002900264)	(92, 0.059430981080691975)	(94, 0.06877079591710346)	(96, 0.07934519553490496)	(98, 0.09135123092526298)	(100, 0.10497187800854638)	(102, 0.11999601072279108)	(104, 0.13620446010843434)	(106, 0.15363744065346935)	(108, 0.1717580889431874)	(110, 0.19159991731901269)	(112, 0.2119866520071453)	(114, 0.23359791785466966)	(116, 0.25616829924083084)	(118, 0.27922125448291)	(120, 0.3025697862117389)	(122, 0.3263687202060912)	(124, 0.34980974525730435)	(126, 0.37328897407211103)	(128, 0.3977052004571583)	(130, 0.42196257961463257)	(132, 0.44657786771524605)	(134, 0.46058658460766344)	(136, 0.46559932053601083)	(138, 0.4659331007863541)
SRR26260938_1 - polya	(1, 0.019049602962360045)	(2, 0.05307508125337299)	(3, 0.06586328843519797)	(4, 0.10365284280237072)	(5, 0.11487268495246246)	(6, 0.1257949398914048)	(7, 0.1389893134019607)	(8, 0.16019039147195482)	(9, 0.20499737399393406)	(10, 0.24819979844498619)	(12, 0.268079830584405)	(14, 0.2889652249236528)	(16, 0.3101763566156452)	(18, 0.32853829183332217)	(20, 0.35141028187943213)	(22, 0.3810121664911974)	(24, 0.40794179837581723)	(26, 0.44131781268574066)	(28, 0.46948605080054984)	(30, 0.49073136480733637)	(32, 0.5099297613752711)	(34, 0.533131510222925)	(36, 0.5520584589969059)	(38, 0.5679592675494014)	(40, 0.5859250900603459)	(42, 0.6022280434927731)	(44, 0.618915045285535)	(46, 0.6389800640697223)	(48, 0.6542374408143272)	(50, 0.6685899915790863)	(52, 0.6834150625777647)	(54, 0.7011516625071481)	(56, 0.7168292806512817)	(58, 0.7322615904186569)	(60, 0.7470142753389478)	(62, 0.7614914910164855)	(64, 0.7774586534741699)	(66, 0.7948775589484072)	(68, 0.8119124160623099)	(70, 0.8330752903687106)	(72, 0.8561845458939801)	(74, 0.877757607977911)	(76, 0.909760297522868)	(78, 0.9361671410635767)	(80, 0.9532582984606699)	(82, 0.9722033437542477)	(84, 0.9954372641922961)	(86, 1.0185786913079602)	(88, 1.0364138167329267)	(90, 1.056673875783881)	(92, 1.076029108854989)	(94, 1.1046075347473283)	(96, 1.13140848027037)	(98, 1.1528267165755273)	(100, 1.1732556764760527)	(102, 1.195801929169418)	(104, 1.2174232486389407)	(106, 1.2396980535383522)	(108, 1.2736591886485762)	(110, 1.2985700532359392)	(112, 1.316063355512964)	(114, 1.3317510272790958)	(116, 1.3483676537178697)	(118, 1.3662952724652206)	(120, 1.3805332119391989)	(122, 1.3928931348238969)	(124, 1.4065117711827804)	(126, 1.4231907300779438)	(128, 1.437782557046262)	(130, 1.4536773334255586)	(132, 1.4719970434308427)	(134, 1.4896652787306377)	(136, 1.5058958460846772)	(138, 1.5195687720023519)
SRR26260938_2 - nextera_transposase_sequence	(1, 0.0002734585183534902)	(2, 0.0002895443135507543)	(3, 0.0002895443135507543)	(4, 0.0003016086599487024)	(5, 0.00030965155754733445)	(6, 0.00031769445514596653)	(7, 0.00032171590394528254)	(8, 0.0003297588015439146)	(9, 0.00036997328953707493)	(10, 0.00036997328953707493)	(12, 0.0004182306751288673)	(14, 0.0004383379191254475)	(16, 0.00045643443872236966)	(18, 0.0004886060291168978)	(20, 0.00049664892671553)	(22, 0.0005167561707121101)	(24, 0.0005428955879076642)	(26, 0.0005650135563039025)	(28, 0.000629356737092959)	(30, 0.0006695712250861193)	(32, 0.0007278822326762019)	(34, 0.0008545578698546568)	(36, 0.00098324423143277)	(38, 0.0011119305930108827)	(40, 0.0012004024665958355)	(42, 0.0012707778205838661)	(44, 0.0013572389697691608)	(46, 0.0016085795197264127)	(48, 0.0018378021012874267)	(50, 0.0019906171556614356)	(52, 0.0021072391708416007)	(54, 0.0022520113276169778)	(56, 0.0024369979723855156)	(58, 0.002605898821956789)	(60, 0.002808981986322248)	(62, 0.0031065691974716345)	(64, 0.0034302958258165756)	(66, 0.003794236942154676)	(68, 0.004222521239281834)	(70, 0.0047332452367949696)	(72, 0.005398795013081773)	(74, 0.0060201088525761)	(76, 0.006705765872859483)	(78, 0.007514077081522005)	(80, 0.008447053202963326)	(82, 0.009631369874361896)	(84, 0.011022791158925243)	(86, 0.012496652143874569)	(88, 0.01436059366235755)	(90, 0.016325071400823433)	(92, 0.01856903983084178)	(94, 0.021229228211589332)	(96, 0.023923598907131076)	(98, 0.02719102605657535)	(100, 0.03104960617951908)	(102, 0.0352681059700016)	(104, 0.0398706541208188)	(106, 0.04469036050679906)	(108, 0.05042494649462373)	(110, 0.05609317857725968)	(112, 0.06211730887863509)	(114, 0.06822991105359547)	(116, 0.07472052941569153)	(118, 0.08170578598010347)	(120, 0.08879761093769731)	(122, 0.09606436891806136)	(124, 0.10314412952925725)	(126, 0.11065418516197995)	(128, 0.11898662707416276)	(130, 0.12697925656280337)	(132, 0.13521317297940294)	(134, 0.14122724965878009)	(136, 0.1436200116943731)	(138, 0.14372658008755498)
SRR26260938_2 - polya	(1, 0.04928687648441729)	(2, 0.06603218928476924)	(3, 0.06994505896650374)	(4, 0.08436597436085104)	(5, 0.08932039928160838)	(6, 0.09485793427826657)	(7, 0.10125203786917905)	(8, 0.11593032598668257)	(9, 0.14013542630976578)	(10, 0.16686398575441977)	(12, 0.17922591936351726)	(14, 0.20188075117446413)	(16, 0.23694778470449993)	(18, 0.26181642407947026)	(20, 0.289845922210703)	(22, 0.31882850370737364)	(24, 0.3381314579440906)	(26, 0.3604605524022929)	(28, 0.37709929680946297)	(30, 0.3909109627107139)	(32, 0.4038781243641084)	(34, 0.4194873778786536)	(36, 0.4336267918570488)	(38, 0.4466241143764382)	(40, 0.4638318937887115)	(42, 0.4775772057847737)	(44, 0.49364490446244086)	(46, 0.5134485290746726)	(48, 0.5320819120863035)	(50, 0.5521429094216915)	(52, 0.5714237456900122)	(54, 0.5998855495671714)	(56, 0.6200209437053468)	(58, 0.6374277848331863)	(60, 0.6539036605639841)	(62, 0.6688192141606473)	(64, 0.6885001845844999)	(66, 0.7118205661717336)	(68, 0.736735452207896)	(70, 0.7734331832260545)	(72, 0.801593378443265)	(74, 0.8213889601578981)	(76, 0.84713025392232)	(78, 0.8666282484258039)	(80, 0.8805927293814289)	(82, 0.8960531892903993)	(84, 0.9222368424227461)	(86, 0.9516477082165438)	(88, 0.9724587057530043)	(90, 0.9988293562545191)	(92, 1.0215223918290595)	(94, 1.0564868784147126)	(96, 1.0797409060967578)	(98, 1.095943323309202)	(100, 1.1099560616504185)	(102, 1.1246685320827163)	(104, 1.139746954355752)	(106, 1.1550485670371493)	(108, 1.1759962938327866)	(110, 1.1931879874498625)	(112, 1.2069916104535148)	(114, 1.2205539465292081)	(116, 1.237576739296713)	(118, 1.2555867977444497)	(120, 1.2689641471753745)	(122, 1.2800050348538967)	(124, 1.2926967272645382)	(126, 1.306960806155712)	(128, 1.3185586644929397)	(130, 1.3314695258631437)	(132, 1.3466002269705704)	(134, 1.361570070126024)	(136, 1.374653853794599)	(138, 1.3857791918979068)
SRR26260938_2 - polyg	(1, 0.035199741340413225)	(2, 0.03852145804864827)	(3, 0.03971582834204513)	(4, 0.04306167374307607)	(5, 0.04377749162935433)	(6, 0.04471851064839428)	(7, 0.04576810878501576)	(8, 0.04664076317446734)	(9, 0.04758178219350729)	(10, 0.04896918202927132)	(12, 0.050352560416236036)	(14, 0.0517620782203963)	(16, 0.05299666300178633)	(18, 0.05394773564282457)	(20, 0.05495510856705324)	(22, 0.055863955995698655)	(24, 0.05680497501473861)	(26, 0.05772789751418164)	(28, 0.05872722754081167)	(30, 0.059613957001060855)	(32, 0.06062132992528953)	(34, 0.06193232223386655)	(36, 0.06270846185213455)	(38, 0.06349465509240082)	(40, 0.06433714861585754)	(42, 0.06521181372970877)	(44, 0.06598594262357711)	(46, 0.06685457556422937)	(48, 0.06788004500805496)	(50, 0.06865015245312397)	(52, 0.06957106422816736)	(54, 0.07063272671118678)	(56, 0.07157776717902606)	(58, 0.07254693633966122)	(60, 0.07347790173670288)	(62, 0.07447522103893325)	(64, 0.07576007393031473)	(66, 0.07723192419086439)	(68, 0.07866959213661988)	(70, 0.07989010184721229)	(72, 0.08117495473859376)	(74, 0.08242763603958071)	(76, 0.08371449965536185)	(78, 0.08681704740403416)	(80, 0.08942093550159129)	(82, 0.0908143675105543)	(84, 0.0921354134411296)	(86, 0.0933720089469193)	(88, 0.0946407760431035)	(90, 0.09584721068289831)	(92, 0.09715418154267602)	(94, 0.09851343123684483)	(96, 0.09981839137222288)	(98, 0.10122790917638316)	(100, 0.10271182378333077)	(102, 0.10402884826510678)	(104, 0.10563541706043353)	(106, 0.10712737456497978)	(108, 0.10883045813149012)	(110, 0.110483273588009)	(112, 0.1122406467133101)	(114, 0.11486665277926347)	(116, 0.11682107689573107)	(118, 0.11853019263544039)	(120, 0.12021316895795414)	(122, 0.12207711047643713)	(124, 0.12460056959800794)	(126, 0.12712201799517908)	(128, 0.12950673713317348)	(130, 0.13166625513840619)	(132, 0.13361866853047413)	(134, 0.13580231522850272)	(136, 0.13823730247648858)	(138, 0.14097389838442315)
SRR26260939_1 - nextera_transposase_sequence	(1, 0.004029362031816408)	(2, 0.004095634433655493)	(3, 0.0041000525937780995)	(4, 0.004104470753900706)	(5, 0.004104470753900706)	(6, 0.004104470753900706)	(7, 0.004104470753900706)	(8, 0.004108888914023311)	(9, 0.004117725234268522)	(10, 0.004124352474452431)	(12, 0.004159697755433277)	(14, 0.004175161315862396)	(16, 0.004212715676904545)	(18, 0.004252479118007997)	(20, 0.004267942678437117)	(22, 0.004318751519847083)	(24, 0.004393860241931379)	(26, 0.004533032285793459)	(28, 0.0047340585713720185)	(30, 0.004963802897747516)	(32, 0.005281910426575127)	(34, 0.005785580680552178)	(36, 0.006172169691280177)	(38, 0.006589685822866417)	(40, 0.007097774236966075)	(42, 0.007541799329287948)	(44, 0.008133832785717113)	(46, 0.008668430160552404)	(48, 0.009293599817901111)	(50, 0.009867960633839854)	(52, 0.010431276049472082)	(54, 0.011113881788414666)	(56, 0.011803114767541156)	(58, 0.012591756349426275)	(60, 0.013760359701855487)	(62, 0.014818509051219553)	(64, 0.016157211568369086)	(66, 0.017626249809135484)	(68, 0.019325032376277376)	(70, 0.021271231910285196)	(72, 0.023623902175572736)	(74, 0.026250498368461828)	(76, 0.029398437455818396)	(78, 0.03308981023825547)	(80, 0.03718986283203357)	(82, 0.04211390228867763)	(84, 0.047844255967697244)	(86, 0.05448033247185102)	(88, 0.06187191435697037)	(90, 0.07109040545278719)	(92, 0.08031994194891051)	(94, 0.09054577355268142)	(96, 0.10155141041809226)	(98, 0.11299223605557976)	(100, 0.1259440724549984)	(102, 0.13968234135624086)	(104, 0.15467315865224202)	(106, 0.17093419698349233)	(108, 0.18822245754324848)	(110, 0.20610054247937248)	(112, 0.22483354139922068)	(114, 0.24441261798254793)	(116, 0.2636890505974766)	(118, 0.28307593721547053)	(120, 0.30296649408744136)	(122, 0.3229984320833357)	(124, 0.3439581837049772)	(126, 0.3651786067738524)	(128, 0.3863879844424211)	(130, 0.40710694633738065)	(132, 0.4287272128973516)	(134, 0.4410627159596668)	(136, 0.4458851377334909)	(138, 0.44619882710219594)
SRR26260939_1 - polya	(1, 0.02035446368484451)	(2, 0.051060676536954196)	(3, 0.06287925486492447)	(4, 0.09698303285131796)	(5, 0.10778543435108892)	(6, 0.11812392903798628)	(7, 0.13041083233895276)	(8, 0.15167543700905406)	(9, 0.19219880165359363)	(10, 0.23198654263771934)	(12, 0.24984916401341425)	(14, 0.2697286754850786)	(16, 0.2899682670067354)	(18, 0.30698481071895134)	(20, 0.32847253247524416)	(22, 0.3558872160360126)	(24, 0.3810994467756621)	(26, 0.4134381697930746)	(28, 0.44058555466642535)	(30, 0.4620180494211857)	(32, 0.481276809395624)	(34, 0.5039552253049591)	(36, 0.5231410856373744)	(38, 0.5392850427253757)	(40, 0.5577706246783579)	(42, 0.5746016056654244)	(44, 0.5911829606055636)	(46, 0.6095426249950517)	(48, 0.6243721794465777)	(50, 0.6384550648373835)	(52, 0.6528472214367715)	(54, 0.6699013195100296)	(56, 0.6868648453007742)	(58, 0.7030176387090208)	(60, 0.7175732672329451)	(62, 0.7323961944442874)	(64, 0.7482419257240127)	(66, 0.7652518421960447)	(68, 0.7829289008465902)	(70, 0.803234764770086)	(72, 0.8250626848558196)	(74, 0.844796397043438)	(76, 0.8735807102422142)	(78, 0.897008004292331)	(80, 0.912654918366539)	(82, 0.9288651478563794)	(84, 0.9493168110639212)	(86, 0.97032295336685)	(88, 0.9872732246772269)	(90, 1.0071637815491978)	(92, 1.0249512942028085)	(94, 1.0498984353351015)	(96, 1.0718964545855554)	(98, 1.0915661034513962)	(100, 1.1104250199347385)	(102, 1.1307308838582344)	(104, 1.1512267286670022)	(106, 1.1715568924711723)	(108, 1.2004118962319104)	(110, 1.2217427733038506)	(112, 1.2376459406651699)	(114, 1.2517597531768339)	(116, 1.2675568846952106)	(118, 1.2843613567215413)	(120, 1.297759427293343)	(122, 1.3099447129114896)	(124, 1.3231881478790004)	(126, 1.3390250428384807)	(128, 1.3527014574980065)	(130, 1.3681009546053486)	(132, 1.3852677157617332)	(134, 1.4029226836116657)	(136, 1.4188015510923107)	(138, 1.4322415941852773)
SRR26260939_2 - nextera_transposase_sequence	(1, 0.0006980692993717023)	(2, 0.0007466690607203651)	(3, 0.0007466690607203651)	(4, 0.0007555053809655765)	(5, 0.0007599235410881822)	(6, 0.0007731780214559993)	(7, 0.0007775961815786051)	(8, 0.0007908506619464222)	(9, 0.0008041051423142393)	(10, 0.0008151505426207536)	(12, 0.0008328231831111765)	(14, 0.0008372413432337822)	(16, 0.0008438685834176907)	(18, 0.0008527049036629022)	(20, 0.0008637503039694164)	(22, 0.0008880501846437478)	(24, 0.0009079319051954735)	(26, 0.0009432771861763192)	(28, 0.000989667867463679)	(30, 0.0010426857889349475)	(32, 0.0011597670321839989)	(34, 0.001464620080643793)	(36, 0.001877718052107427)	(38, 0.002228961781854581)	(40, 0.0024211517471879294)	(42, 0.0026641505539312434)	(44, 0.0029734217625136433)	(46, 0.003642773021088408)	(48, 0.004108888914023311)	(50, 0.0043430514005214135)	(52, 0.0045860502072647275)	(54, 0.004833467174130647)	(56, 0.005065420580567448)	(58, 0.005310628467372064)	(60, 0.005670708517364429)	(62, 0.006030788567356795)	(64, 0.006479231819801274)	(66, 0.007013829194636566)	(68, 0.007687598613333936)	(70, 0.00832381367098916)	(72, 0.009147800533855124)	(74, 0.01024350424426134)	(76, 0.011206663150989385)	(78, 0.012149940337165703)	(80, 0.013444461253089178)	(82, 0.015010699016552902)	(84, 0.01672052698400131)	(86, 0.018596035956047436)	(88, 0.020637225932691274)	(90, 0.022897114835404096)	(92, 0.02530722118228551)	(94, 0.028042062298178447)	(96, 0.03082329409535874)	(98, 0.03414133234743563)	(100, 0.037779687208401434)	(102, 0.04168534075678488)	(104, 0.045712493708539984)	(106, 0.05001578166795795)	(108, 0.05515410189054839)	(110, 0.06005605054657943)	(112, 0.0652142524897216)	(114, 0.070403381553722)	(116, 0.07606967191096382)	(118, 0.08199884279550068)	(120, 0.08791034103954713)	(122, 0.09371359436058974)	(124, 0.10011992653836801)	(126, 0.10635395047136467)	(128, 0.11352020619023112)	(130, 0.11986910228641554)	(132, 0.12662667819394097)	(134, 0.13180697093769617)	(136, 0.13390117883581126)	(138, 0.13400721467875382)
SRR26260939_2 - polya	(1, 0.04499454268861656)	(2, 0.05922543644352955)	(3, 0.06272461926063327)	(4, 0.07459179734995221)	(5, 0.07919552019770737)	(6, 0.08360926216019046)	(7, 0.089127544153325)	(8, 0.10130841161134894)	(9, 0.12129616800601718)	(10, 0.14377355762977373)	(12, 0.15453619568844124)	(14, 0.17381041922330864)	(16, 0.2034673190462995)	(18, 0.2246634422345004)	(20, 0.2468691150107167)	(22, 0.2696734484835461)	(24, 0.28602947725743244)	(26, 0.30493699350212355)	(28, 0.31939542250335073)	(30, 0.3312338825518727)	(32, 0.34246042742341387)	(34, 0.3553769185418516)	(36, 0.36723084215080276)	(38, 0.3786363225073094)	(40, 0.39345041339840636)	(42, 0.40538165480950306)	(44, 0.41909562383007115)	(46, 0.435900095856402)	(48, 0.4514188832870546)	(50, 0.4674744771726037)	(52, 0.4830816278057084)	(54, 0.5056606351122849)	(56, 0.5228958777505698)	(58, 0.5371731621867701)	(60, 0.5506551778009015)	(62, 0.5636048051202588)	(64, 0.5795190178818845)	(66, 0.5990715855044761)	(68, 0.6186307803672516)	(70, 0.6461647542513305)	(72, 0.6685140172315314)	(74, 0.6845784474373258)	(76, 0.7045131859105227)	(78, 0.7200584823019109)	(80, 0.7312916544136359)	(82, 0.7436669209170546)	(84, 0.7646067908181443)	(86, 0.7883190561961692)	(88, 0.8053665270292433)	(90, 0.8256878545131683)	(92, 0.8430843599959282)	(94, 0.8689305967131716)	(96, 0.8864839468802841)	(98, 0.8989497856662161)	(100, 0.9106159374699565)	(102, 0.9230773580957659)	(104, 0.9362744023819891)	(106, 0.9489302220531932)	(108, 0.9646213177286274)	(110, 0.9781983237853947)	(112, 0.9891332700888439)	(114, 1.0000483346717413)	(116, 1.0137866035729837)	(118, 1.0286978939867781)	(120, 1.0399597841393)	(122, 1.0493373289995307)	(124, 1.0596691964462441)	(126, 1.071755073461632)	(128, 1.0814374713703225)	(130, 1.0924011357145684)	(132, 1.1053352994734966)	(134, 1.1181590092293598)	(136, 1.1298737607944487)	(138, 1.1401349376792005)
SRR26260939_2 - polyg	(1, 0.042767789986823276)	(2, 0.04863952478976627)	(3, 0.05037586171795031)	(4, 0.054590786474916164)	(5, 0.05568649018532238)	(6, 0.05719750094725353)	(7, 0.05853620346440306)	(8, 0.059592143733705825)	(9, 0.06083364672815803)	(10, 0.06246173873333823)	(12, 0.0644432835483269)	(14, 0.0663872740022734)	(16, 0.06767958583813558)	(18, 0.06892771607277169)	(20, 0.07023107330894038)	(22, 0.07127375909787531)	(24, 0.07221482720399033)	(26, 0.0731912405910862)	(28, 0.07447913426682576)	(30, 0.07536497537140821)	(32, 0.07716758470143134)	(34, 0.07914912951642)	(36, 0.07992893477805992)	(38, 0.08072862176025154)	(40, 0.08160562654458878)	(42, 0.08238322272616738)	(44, 0.08318290970835901)	(46, 0.08394725140956981)	(48, 0.08489494675586873)	(50, 0.08573881533928643)	(52, 0.08666441988497232)	(54, 0.08774245095488811)	(56, 0.08859957401867362)	(58, 0.08948541512325606)	(60, 0.09037125622783851)	(62, 0.09123721561186923)	(64, 0.09231745576184633)	(66, 0.09335572339065867)	(68, 0.09440945457990013)	(70, 0.09539028612711858)	(72, 0.09648378075746351)	(74, 0.09741601254333332)	(76, 0.0986508882976016)	(78, 0.10544380948610789)	(80, 0.11023751321913508)	(82, 0.11162702457769458)	(84, 0.1129546816945376)	(86, 0.11412107596690552)	(88, 0.11537804252178682)	(90, 0.1167476721597946)	(92, 0.11816590155915103)	(94, 0.11959959451893659)	(96, 0.12105316919927386)	(98, 0.12245593503820118)	(100, 0.12403100912191012)	(102, 0.12542714772065353)	(104, 0.1269492038828912)	(106, 0.1285110234862323)	(108, 0.13036444165766542)	(110, 0.13231726843185712)	(112, 0.13489968302352018)	(114, 0.14028100205285393)	(116, 0.14349079538192697)	(118, 0.1459119471291149)	(120, 0.14850098896096187)	(122, 0.1511121215934218)	(124, 0.15458479544978992)	(126, 0.15854346691964463)	(128, 0.16194545021405105)	(130, 0.1650204896593846)	(132, 0.16806239290379862)	(134, 0.1711970775107874)	(136, 0.17447756140182213)	(138, 0.17827497002720172)
SRR26260940_1 - nextera_transposase_sequence	(1, 0.01652792530296536)	(2, 0.016602825266573962)	(3, 0.016602825266573962)	(4, 0.016602825266573962)	(5, 0.016602825266573962)	(6, 0.016607818597481203)	(7, 0.016607818597481203)	(8, 0.016607818597481203)	(9, 0.016617805259295685)	(10, 0.016620301924749305)	(12, 0.016627791921110167)	(14, 0.016640275248378265)	(16, 0.01666773856836809)	(18, 0.01671767187744049)	(20, 0.01673514853561583)	(22, 0.016787578510141857)	(24, 0.016847498481028737)	(26, 0.01702226506278215)	(28, 0.01733934157539191)	(30, 0.017626458102558223)	(32, 0.017993467924240385)	(34, 0.01842039771680943)	(36, 0.018744964225780047)	(38, 0.01910947738200859)	(40, 0.019568863825474694)	(42, 0.020060706919837863)	(44, 0.020570026672376375)	(46, 0.021109306410358325)	(48, 0.02167105613742286)	(50, 0.02221033587540481)	(52, 0.022824515576995365)	(54, 0.0233862653040599)	(56, 0.02392804170749547)	(58, 0.024539724743632405)	(60, 0.025268751056089486)	(62, 0.02615257062667102)	(64, 0.027173706797201658)	(66, 0.028387086207661047)	(68, 0.029640412265378363)	(70, 0.03097612828306514)	(72, 0.032891070685991786)	(74, 0.03484845640162998)	(76, 0.03696812537175349)	(78, 0.03946229415992002)	(80, 0.04270546258417258)	(82, 0.04629816417193197)	(84, 0.050372722192240045)	(86, 0.055211259841355886)	(88, 0.06038934399216407)	(90, 0.06730510729869187)	(92, 0.07452546379056132)	(94, 0.08288929306018882)	(96, 0.09218937187492385)	(98, 0.10261794347469519)	(100, 0.11413755787769855)	(102, 0.12702784161473935)	(104, 0.14164082451477805)	(106, 0.15727744025080104)	(108, 0.1736455789647347)	(110, 0.19192366675068778)	(112, 0.21173470712516362)	(114, 0.2338526663787845)	(116, 0.2565698253412742)	(118, 0.27941930757280575)	(120, 0.3030702194149494)	(122, 0.3276199308203963)	(124, 0.3522470388549054)	(126, 0.37835716616886483)	(128, 0.4053710863770348)	(130, 0.4318532168435837)	(132, 0.46036014299301853)	(134, 0.47637625187799176)	(136, 0.48266285549020727)	(138, 0.48302986531188946)
SRR26260940_1 - polya	(1, 0.01981353703992947)	(2, 0.047346763662452426)	(3, 0.05966031767970698)	(4, 0.08913095669423918)	(5, 0.09928239842865869)	(6, 0.11041752635180453)	(7, 0.12271610037633736)	(8, 0.14249468409991614)	(9, 0.1819469915980217)	(10, 0.21948435669320054)	(12, 0.23749280461016267)	(14, 0.25732132164281385)	(16, 0.27772906506070494)	(18, 0.29483871341436374)	(20, 0.3157757499084223)	(22, 0.3442876693887644)	(24, 0.3715063161641312)	(26, 0.4064845991693494)	(28, 0.4357879615984891)	(30, 0.45908434694621864)	(32, 0.47871562740803386)	(34, 0.5027510257300349)	(36, 0.5222250162682721)	(38, 0.5384733150404319)	(40, 0.5592006316363864)	(42, 0.5767771564298723)	(44, 0.5943961245360696)	(46, 0.6151583944483747)	(48, 0.6304804303372415)	(50, 0.6442370569866885)	(52, 0.6591421497448009)	(54, 0.6779645105996431)	(56, 0.6956384053458201)	(58, 0.7115521509471949)	(60, 0.7258580439964384)	(62, 0.7413423631397905)	(64, 0.758020088369973)	(66, 0.7759810996433163)	(68, 0.793927130923938)	(70, 0.8165069732864786)	(72, 0.8435233901601022)	(74, 0.8669695754350489)	(76, 0.904814030381023)	(78, 0.9346716525408665)	(80, 0.9529097936795616)	(82, 0.9709656782401425)	(84, 0.9953955497038156)	(86, 1.0206493207671832)	(88, 1.0390048051821985)	(90, 1.0594350185891723)	(92, 1.077820462989631)	(94, 1.1058505260374245)	(96, 1.1306499039882332)	(98, 1.152163670202078)	(100, 1.173774806368614)	(102, 1.1981747178468436)	(104, 1.22184809967807)	(106, 1.2447774752041174)	(108, 1.2774812959810877)	(110, 1.3009849045614676)	(112, 1.3177125631007227)	(114, 1.3331094989531982)	(116, 1.3505711771358175)	(118, 1.3690839514744106)	(120, 1.3839216342652754)	(122, 1.3971240011840185)	(124, 1.4119591873094295)	(126, 1.4307515881788284)	(128, 1.4461410340349428)	(130, 1.46326316571587)	(132, 1.4824250730724045)	(134, 1.5020963001814778)	(136, 1.5200548147893673)	(138, 1.5360634336779797)
SRR26260940_1 - polyg	(1, 0.0)	(2, 0.009562228687365155)	(3, 0.011824207588345006)	(4, 0.014265946401985509)	(5, 0.014455692976460639)	(6, 0.01535449253976389)	(7, 0.01584883229958068)	(8, 0.01683751181921426)	(9, 0.01840042439318047)	(10, 0.019261773974679416)	(12, 0.020874619857718033)	(14, 0.02327141869319337)	(16, 0.027605629920677943)	(18, 0.030856288341291373)	(20, 0.03500574632520805)	(22, 0.03758480173879766)	(24, 0.043646705460187375)	(26, 0.05100188188655232)	(28, 0.06675084756798819)	(30, 0.0859976415499459)	(32, 0.1088146671305804)	(34, 0.12383710316501281)	(36, 0.13185888926749434)	(38, 0.14151848790755067)	(40, 0.14869140775580136)	(42, 0.154793258124449)	(44, 0.16016608218063955)	(46, 0.1619686746381533)	(48, 0.16359400384845998)	(50, 0.16549146959321132)	(52, 0.16696949554175444)	(54, 0.16842005817030775)	(56, 0.169838164147964)	(58, 0.17080936700942223)	(60, 0.17192287980173682)	(62, 0.1731487425394643)	(64, 0.17451691520804813)	(66, 0.1771733672507)	(68, 0.1799896058823835)	(70, 0.18413407053539294)	(72, 0.19179384014709955)	(74, 0.2123613701540223)	(76, 0.21898502360247651)	(78, 0.22179626890325282)	(80, 0.22389346788429373)	(82, 0.2256760870181785)	(84, 0.22745121615570246)	(86, 0.2288843021260804)	(88, 0.23037980473279887)	(90, 0.23224731049210673)	(92, 0.2337403164333716)	(94, 0.234881292545676)	(96, 0.23611214861431074)	(98, 0.23747033462108008)	(100, 0.23881603730058135)	(102, 0.2404588431690634)	(104, 0.24248613551740295)	(106, 0.24497531097466224)	(108, 0.2468627900575991)	(110, 0.24887759907867052)	(112, 0.2512544245905169)	(114, 0.25405817989493235)	(116, 0.2575335382063716)	(118, 0.2611312331250382)	(120, 0.2648013313418598)	(122, 0.26883843938036356)	(124, 0.2734522771386536)	(126, 0.27772906506070494)	(128, 0.28103215345584437)	(130, 0.2842428652291999)	(132, 0.2875409602934321)	(134, 0.29121605184116095)	(136, 0.2948686733998072)	(138, 0.29861866491114464)
SRR26260940_2 - nextera_transposase_sequence	(1, 0.0029660385589007324)	(2, 0.0030209651988803753)	(3, 0.0030209651988803753)	(4, 0.0030209651988803753)	(5, 0.0030209651988803753)	(6, 0.0030259585297876157)	(7, 0.003030951860694856)	(8, 0.003035945191602096)	(9, 0.003050925184323817)	(10, 0.003050925184323817)	(12, 0.003065905177045538)	(14, 0.0030758918388600186)	(16, 0.0030883751661281195)	(18, 0.0031083484897570807)	(20, 0.0031108451552107007)	(22, 0.0031108451552107007)	(24, 0.003135811809746902)	(26, 0.0031557851333758632)	(28, 0.0031907384497265453)	(30, 0.0032506584206134287)	(32, 0.0033130750569539324)	(34, 0.0035003249659754433)	(36, 0.0037225281913476358)	(38, 0.0038947981076474262)	(40, 0.004014638049421194)	(42, 0.004181914634813743)	(44, 0.004366667878381633)	(46, 0.0046587777364551905)	(48, 0.0049234242745389255)	(50, 0.005133144172643018)	(52, 0.005357844063468831)	(54, 0.0055226239834077605)	(56, 0.005667430579717729)	(58, 0.0058397004960175185)	(60, 0.006119327026822975)	(62, 0.006403946888535671)	(64, 0.006743493390228011)	(66, 0.007115496542817413)	(68, 0.007532439673571978)	(70, 0.008019289437027906)	(72, 0.008581039164092438)	(74, 0.009357502120168303)	(76, 0.010071548439903665)	(78, 0.010900441370505554)	(80, 0.011976504181015835)	(82, 0.013174903598753505)	(84, 0.01445569297646064)	(86, 0.01582885897595172)	(88, 0.01706970170640093)	(90, 0.018867300833007437)	(92, 0.020767263243212368)	(94, 0.022961832176944474)	(96, 0.025366121008780673)	(98, 0.02804254637506147)	(100, 0.031145901533911308)	(102, 0.03463374317261865)	(104, 0.038353774698512665)	(106, 0.042740415900523264)	(108, 0.04767133017142305)	(110, 0.05274705103863281)	(112, 0.057955095174884425)	(114, 0.06425917544527529)	(116, 0.07119491207543205)	(118, 0.07788347882568042)	(120, 0.08508386199392091)	(122, 0.09266124164565806)	(124, 0.1004733078500355)	(126, 0.10867235719972404)	(128, 0.11780515942906654)	(130, 0.12652101852765446)	(132, 0.13510954768810776)	(134, 0.1418680210710575)	(136, 0.14455692976460638)	(138, 0.1446817630372874)
SRR26260940_2 - polya	(1, 0.037669688364220744)	(2, 0.04796094336404298)	(3, 0.05146126833001843)	(4, 0.060304457366740984)	(5, 0.0644589086815649)	(6, 0.06867327996727571)	(7, 0.0733320577037309)	(8, 0.08450713227413467)	(9, 0.10136961074788513)	(10, 0.11891367889047388)	(12, 0.128298644330632)	(14, 0.14547819931699224)	(16, 0.17439457860082075)	(18, 0.19370378921911896)	(20, 0.2136022128844715)	(22, 0.2338676463715062)	(24, 0.24870782582782436)	(26, 0.2671082502210048)	(28, 0.28140665327388736)	(30, 0.29366028732025506)	(32, 0.30440343876718257)	(34, 0.31602541645378435)	(36, 0.32649393470081356)	(38, 0.3370398495769051)	(40, 0.35134823929160214)	(42, 0.36219375402212806)	(44, 0.3749791778101168)	(46, 0.3905433902479848)	(48, 0.4052063064570959)	(50, 0.42074055890952045)	(52, 0.4359127948711701)	(54, 0.4589270570226406)	(56, 0.4763263185689193)	(58, 0.4902926651164704)	(60, 0.5040692650895464)	(62, 0.5171143420847117)	(64, 0.5354623365033662)	(66, 0.557540349109729)	(68, 0.5786671321782627)	(70, 0.6091389340396965)	(72, 0.6347846815792827)	(74, 0.651424956827661)	(76, 0.6710137939767646)	(78, 0.6862409565783939)	(80, 0.6975608377451077)	(82, 0.7102663682385806)	(84, 0.7323169175249536)	(86, 0.7582023449480872)	(88, 0.7754642898944171)	(90, 0.796443769701187)	(92, 0.8153684938396277)	(94, 0.8430689970475433)	(96, 0.8620111978441594)	(98, 0.8761223509880205)	(100, 0.8885482549506878)	(102, 0.9021500883420104)	(104, 0.9168978911765446)	(106, 0.931118897600365)	(108, 0.9495168253280918)	(110, 0.9651159910823105)	(112, 0.9775468883758851)	(114, 0.9906443953455765)	(116, 1.005896524601742)	(118, 1.0218427268540138)	(120, 1.0349976571291384)	(122, 1.0463674716049245)	(124, 1.059115445411109)	(126, 1.0742552247218615)	(128, 1.086850901935375)	(130, 1.1013740048790837)	(132, 1.1194698360869224)	(134, 1.138918859970623)	(136, 1.1573392576874326)	(138, 1.1719921872347294)
SRR26260940_2 - polyg	(1, 0.07780108886571095)	(2, 0.08902609674518713)	(3, 0.09159766216241588)	(4, 0.10007633804290988)	(5, 0.10143452404967924)	(6, 0.10361660965614325)	(7, 0.1054941020772656)	(8, 0.10708198130576801)	(9, 0.10940887350854199)	(10, 0.11192301562033748)	(12, 0.11484661086652667)	(14, 0.1171934763929296)	(16, 0.11961274521748752)	(18, 0.12105082451877272)	(20, 0.12234160055829435)	(22, 0.12363986659417682)	(24, 0.12494562262642014)	(26, 0.12601918877147683)	(28, 0.12722258152012172)	(30, 0.12836605429787976)	(32, 0.12980163693371133)	(34, 0.13151934276580202)	(36, 0.1326503322162919)	(38, 0.1339610815794425)	(40, 0.13509956102629328)	(42, 0.136402820393083)	(44, 0.13762119313444965)	(46, 0.13868726928314545)	(48, 0.1400229853008322)	(50, 0.14122138471856988)	(52, 0.14244475079084373)	(54, 0.14362817021585972)	(56, 0.14510619616440285)	(58, 0.14656424878931698)	(60, 0.14838431790500606)	(62, 0.15079609673320313)	(64, 0.15381955859753713)	(66, 0.1577592966833497)	(68, 0.1609425451367154)	(70, 0.16388361704107995)	(72, 0.1670394021744558)	(74, 0.1702226506278215)	(76, 0.17377790223377657)	(78, 0.1904231708130621)	(80, 0.20533076023662797)	(82, 0.20908075174796542)	(84, 0.21305044981922144)	(86, 0.21626116159257697)	(88, 0.21973402323856256)	(90, 0.22339413479356973)	(92, 0.22646253663606886)	(94, 0.22959585178036215)	(96, 0.23263179697196423)	(98, 0.23558035887268963)	(100, 0.23843404748617747)	(102, 0.24134266273964494)	(104, 0.24432118462581376)	(106, 0.24745699643556066)	(108, 0.2511171079905678)	(110, 0.25472478957104894)	(112, 0.2590365308094509)	(114, 0.2652307577998825)	(116, 0.2705910985288049)	(118, 0.2760313325522432)	(120, 0.2822155728808603)	(122, 0.2879628967550939)	(124, 0.29446171693086715)	(126, 0.30182438335359296)	(128, 0.3092919097253708)	(130, 0.3156733866248239)	(132, 0.3223319933896288)	(134, 0.32976955977596323)	(136, 0.33735692608951484)	(138, 0.3455959220864613)
SRR26260941_1 - nextera_transposase_sequence	(1, 0.028088150243866357)	(2, 0.028101814010808406)	(3, 0.028106368599789086)	(4, 0.028124586955711815)	(5, 0.028129141544692496)	(6, 0.02813369613367318)	(7, 0.02813369613367318)	(8, 0.028151914489595906)	(9, 0.02817468743449932)	(10, 0.02817696472898966)	(12, 0.028188351201441364)	(14, 0.028197460379402725)	(16, 0.02822023332430614)	(18, 0.02826577921411296)	(20, 0.028274888392074322)	(22, 0.028304493220448756)	(24, 0.02833865263780387)	(26, 0.02837964393863001)	(28, 0.028459349245791948)	(30, 0.028520836197031156)	(32, 0.028630146332567524)	(34, 0.028805498008323785)	(36, 0.028958076739176636)	(38, 0.02908105064165505)	(40, 0.02927689796782438)	(42, 0.029468190705013025)	(44, 0.029702752037518154)	(46, 0.029969195492888054)	(48, 0.030221975181315912)	(50, 0.03056812394384775)	(52, 0.030914272706379586)	(54, 0.031244480407479038)	(56, 0.03169766201105691)	(58, 0.03230342234548762)	(60, 0.03295928315870584)	(62, 0.03364474880029849)	(64, 0.03453289365153149)	(66, 0.0355098529878878)	(68, 0.036744146601652636)	(70, 0.03815151459668341)	(72, 0.03981166228014202)	(74, 0.04184300896552623)	(76, 0.04433664643244966)	(78, 0.04721742396273107)	(80, 0.05067207970457843)	(82, 0.054479716092428646)	(84, 0.059164110859060155)	(86, 0.0647047683540599)	(88, 0.07110396587191822)	(90, 0.07922935261345504)	(92, 0.08774871130182085)	(94, 0.09727691144940775)	(96, 0.10738582169203162)	(98, 0.11923686221976638)	(100, 0.13269794995217227)	(102, 0.14734095352506515)	(104, 0.16330251060786546)	(106, 0.17986755073060617)	(108, 0.19657606040623837)	(110, 0.2143799487317246)	(112, 0.23341357608199498)	(114, 0.2542986438529127)	(116, 0.2750379647764485)	(118, 0.296168980352323)	(120, 0.3177759504766787)	(122, 0.3395992635776169)	(124, 0.3619463544113335)	(126, 0.38426839500565635)	(128, 0.4064196385132036)	(130, 0.42864147814995146)	(132, 0.45146224623765896)	(134, 0.4648094692455478)	(136, 0.46973525722815546)	(138, 0.4700882378741583)
SRR26260941_1 - polya	(1, 0.017298328948630523)	(2, 0.04659799986135831)	(3, 0.059068464490465836)	(4, 0.09217577179104383)	(5, 0.10253746172209556)	(6, 0.11315876322504616)	(7, 0.12502802210870365)	(8, 0.14512742328045364)	(9, 0.18467947398869677)	(10, 0.22571404341015194)	(12, 0.244351421519103)	(14, 0.2638997174241905)	(16, 0.28320434281881146)	(18, 0.300015330746509)	(20, 0.3205109811595783)	(22, 0.3464539199935434)	(24, 0.37061829183055217)	(26, 0.4029672600658466)	(28, 0.4309779822970414)	(30, 0.4529971427241488)	(32, 0.47205126572483236)	(34, 0.49470806860923533)	(36, 0.5132771278834761)	(38, 0.529015510106223)	(40, 0.5470129684633882)	(42, 0.5636736549547233)	(44, 0.5796420439209946)	(46, 0.5982202123731968)	(48, 0.6127948971113795)	(50, 0.6263948998076961)	(52, 0.6406735362621345)	(54, 0.6577942362405184)	(56, 0.6741930338654643)	(58, 0.6895989310926214)	(60, 0.7036657791594578)	(62, 0.7178191644169274)	(64, 0.7328105940468426)	(66, 0.7490636448244065)	(68, 0.7661114713790995)	(70, 0.7852840136932806)	(72, 0.8058684785914734)	(74, 0.8250888440899518)	(76, 0.8537235450114999)	(78, 0.8782682250283955)	(80, 0.8939587840668454)	(82, 0.9098338039590127)	(84, 0.9302201442365456)	(86, 0.9510346158782628)	(88, 0.9677112434310302)	(90, 0.9867562572537523)	(92, 1.0027997969382048)	(94, 1.0264381137479448)	(96, 1.0479858742155517)	(98, 1.0662953219178937)	(100, 1.0847300208172044)	(102, 1.1047884306881282)	(104, 1.12449841450203)	(106, 1.1436800659941726)	(108, 1.1715382094945144)	(110, 1.192516646339536)	(112, 1.207621940693968)	(114, 1.221062532775961)	(116, 1.2358603923741969)	(118, 1.2521293842131933)	(120, 1.2648184691133735)	(122, 1.2765237627937265)	(124, 1.2887141202005221)	(126, 1.3033935604852604)	(128, 1.316098586446873)	(130, 1.3304387098525505)	(132, 1.3459425307427924)	(134, 1.3617014086159522)	(136, 1.376248765820251)	(138, 1.388589424663409)
SRR26260941_1 - polyg	(1, 0.0)	(2, 0.0040444750148456825)	(3, 0.005210449793900294)	(4, 0.006622372377911737)	(5, 0.006727127924467425)	(6, 0.0071643684666129045)	(7, 0.0073693249707435975)	(8, 0.007665373254487933)	(9, 0.00827568817789933)	(10, 0.008696987658612421)	(12, 0.009307302582023821)	(14, 0.010159010721411368)	(16, 0.011746284981179071)	(18, 0.012953251061059823)	(20, 0.01450864319796275)	(22, 0.015688281743959406)	(24, 0.01751011733623224)	(26, 0.019628001212249405)	(28, 0.02454012542791502)	(30, 0.031223984757065965)	(32, 0.039479177284552226)	(34, 0.04594441634263043)	(36, 0.048918562947015826)	(38, 0.05213410276737737)	(40, 0.05441139725771841)	(42, 0.05643818935412194)	(44, 0.05850825004584194)	(46, 0.05929847123399028)	(48, 0.05995888663618918)	(50, 0.06068989816758865)	(52, 0.06139813675408472)	(54, 0.06205627486179327)	(56, 0.06262104389539785)	(58, 0.06305145255407231)	(60, 0.06353651628051495)	(62, 0.06403979836288032)	(64, 0.0647776417777508)	(66, 0.06596183491272815)	(68, 0.06726444736120323)	(70, 0.06975580753363632)	(72, 0.07949807336331528)	(74, 0.10896398677383798)	(76, 0.11783177151922597)	(78, 0.12001341964097267)	(80, 0.12127048619964093)	(82, 0.12255715758668362)	(84, 0.12372313236573823)	(86, 0.12470692358556557)	(88, 0.12572715151723834)	(90, 0.1267792615717759)	(92, 0.12767879289546064)	(94, 0.12839614065991806)	(96, 0.12911804301335614)	(98, 0.12988321396211072)	(100, 0.13060056172656817)	(102, 0.131333850552458)	(104, 0.13215139927449043)	(106, 0.13309419919349158)	(108, 0.13398462133921496)	(110, 0.13488415266289966)	(112, 0.1359567583678503)	(114, 0.13711134667445318)	(116, 0.13863030209951066)	(118, 0.14016519858600052)	(120, 0.14153612986918582)	(122, 0.14321905049754785)	(124, 0.14528000201130647)	(126, 0.1472658028068839)	(128, 0.1489532780242266)	(130, 0.15069313101484713)	(132, 0.15259922650326257)	(134, 0.1546533461335502)	(136, 0.15694885897981398)	(138, 0.15925575829852945)
SRR26260941_2 - nextera_transposase_sequence	(1, 0.00480509137461959)	(2, 0.0048415280864650455)	(3, 0.0048415280864650455)	(4, 0.004846082675445728)	(5, 0.004846082675445728)	(6, 0.004855191853407092)	(7, 0.004855191853407092)	(8, 0.004859746442387774)	(9, 0.0048688556203491384)	(10, 0.004873410209329821)	(12, 0.004903015037704254)	(14, 0.004937174455059369)	(16, 0.004944006338530393)	(18, 0.0049508382220014155)	(20, 0.0049508382220014155)	(22, 0.00495994739996278)	(24, 0.004980443050375849)	(26, 0.005012325173240623)	(28, 0.005055593768557104)	(30, 0.005096585069383242)	(32, 0.005137576370209381)	(34, 0.005205895204919612)	(36, 0.005265104861668479)	(38, 0.005342532874340074)	(40, 0.005429070064973033)	(42, 0.005517884550096334)	(44, 0.005624917391142363)	(46, 0.005741059410149756)	(48, 0.005918688380396357)	(50, 0.006025721221442386)	(52, 0.006114535706565686)	(54, 0.006239786903534442)	(56, 0.006396920223367975)	(58, 0.006549498954220825)	(60, 0.006731682513448107)	(62, 0.006927529839617436)	(64, 0.007180309528045291)	(66, 0.0075219037015964475)	(68, 0.007947757771290222)	(70, 0.008373611840983996)	(72, 0.008899666868252776)	(74, 0.009576023331884063)	(76, 0.010368521814522743)	(78, 0.01112913817429665)	(80, 0.012042333264923407)	(82, 0.013183257804584268)	(84, 0.014567852854711617)	(86, 0.016093640163240115)	(88, 0.017598931821355537)	(90, 0.01942532200260905)	(92, 0.021634297658239855)	(94, 0.024173481014970116)	(96, 0.026678504954345254)	(98, 0.029547896012174963)	(100, 0.03288185514603424)	(102, 0.03638205677768842)	(104, 0.040196525049009654)	(106, 0.04440268797266955)	(108, 0.04924421605913459)	(110, 0.05393772000372747)	(112, 0.05925975722765448)	(114, 0.06460684469097525)	(116, 0.07016116595291702)	(118, 0.07600698090962248)	(120, 0.08213062579414952)	(122, 0.08855031896242091)	(124, 0.09486981117311728)	(126, 0.10148307437306765)	(128, 0.10881140804298511)	(130, 0.11581636589527414)	(132, 0.12252755275830919)	(134, 0.1278108759759004)	(136, 0.12987182748965903)	(138, 0.1299697511527437)
SRR26260941_2 - polya	(1, 0.038627469145164677)	(2, 0.0509203048040256)	(3, 0.054267927704826927)	(4, 0.0639555384667377)	(5, 0.06776317485458791)	(6, 0.07179398610249155)	(7, 0.07616639152394634)	(8, 0.08640510755251965)	(9, 0.1032889689039081)	(10, 0.12216546293434496)	(12, 0.1313019684295932)	(14, 0.14698797287906226)	(16, 0.17273506438685804)	(18, 0.19209662214373754)	(20, 0.21185215184744605)	(22, 0.23295811718392678)	(24, 0.24789944633505434)	(26, 0.2653093627137115)	(28, 0.2786770813720134)	(30, 0.28983126978570384)	(32, 0.2995712583208925)	(34, 0.31144051720454996)	(36, 0.3220299365846358)	(38, 0.33207052799254944)	(40, 0.34493724186297625)	(42, 0.3556359713785985)	(44, 0.3680244534060537)	(46, 0.38287696807205795)	(48, 0.39673885963476385)	(50, 0.41126799848313966)	(52, 0.4250980079229808)	(54, 0.44430015506553644)	(56, 0.4595990194516475)	(58, 0.4726593033537534)	(60, 0.48485649264402)	(62, 0.49666881916541894)	(64, 0.5115167792424425)	(66, 0.5294595825318396)	(68, 0.5468603897325355)	(70, 0.5729240251744886)	(72, 0.5941165277016023)	(74, 0.6088232955202246)	(76, 0.6269072910680229)	(78, 0.6408830473552458)	(80, 0.6514861305022737)	(82, 0.6625765546702345)	(84, 0.680462425597373)	(86, 0.7010696634404692)	(88, 0.7159631694072994)	(90, 0.7343864818341586)	(92, 0.7504277442241207)	(94, 0.7742687402435011)	(96, 0.7907950663599059)	(98, 0.8029535416438367)	(100, 0.8139073281423772)	(102, 0.8251799358695653)	(104, 0.837304251736141)	(106, 0.8487112198382593)	(108, 0.8637094813516453)	(110, 0.8767151101859829)	(112, 0.8871041276509188)	(114, 0.8973405663850018)	(116, 0.9098133083085996)	(118, 0.9231628086109788)	(120, 0.9340687719252221)	(122, 0.943116462935347)	(124, 0.9534371615655726)	(126, 0.9646072910406953)	(128, 0.9742038100229924)	(130, 0.9850847230978419)	(132, 0.9976143973836984)	(134, 1.0107566638874563)	(136, 1.0228582068091288)	(138, 1.033062763420347)
SRR26260941_2 - polyg	(1, 0.04370128126964451)	(2, 0.04787328477594929)	(3, 0.04897549530927436)	(4, 0.053994652365986)	(5, 0.054787150848624684)	(6, 0.05603055364035089)	(7, 0.05725118348717369)	(8, 0.058326066486614654)	(9, 0.059947500163737476)	(10, 0.06163952997006086)	(12, 0.06396920223367975)	(14, 0.06563162721162871)	(16, 0.06805466854935156)	(18, 0.06912271966532152)	(20, 0.07002225098900622)	(22, 0.07091722772371026)	(24, 0.07193745565538304)	(26, 0.07285520533499047)	(28, 0.07370691347437802)	(30, 0.07446297524517126)	(32, 0.07543537999254687)	(34, 0.07670383302366683)	(36, 0.07750771797875722)	(38, 0.07844368601428739)	(40, 0.07936826757736584)	(42, 0.0803315631467801)	(44, 0.0813358500170205)	(46, 0.0822399359296859)	(48, 0.08336491940791436)	(50, 0.08443524781837465)	(52, 0.08565815495968779)	(54, 0.08696759929163389)	(56, 0.088083473591901)	(58, 0.08922439813156186)	(60, 0.09057938835331478)	(62, 0.0921848809690052)	(64, 0.09406364892353655)	(66, 0.09643431248798157)	(68, 0.09868200214994818)	(70, 0.10081354979290738)	(72, 0.10290182884055013)	(74, 0.10514268661904572)	(76, 0.10822842065345781)	(78, 0.13169821767091255)	(80, 0.1545258176420911)	(82, 0.15852246947263962)	(84, 0.1618063281277114)	(86, 0.1642020419315502)	(88, 0.1664725045384202)	(90, 0.1691255526196675)	(92, 0.17123205002323297)	(94, 0.17353439475296772)	(96, 0.17570237910777242)	(98, 0.17772461661519526)	(100, 0.17975368600608913)	(102, 0.1818624607041449)	(104, 0.18423084697409958)	(106, 0.18653774629281505)	(108, 0.18897445139747998)	(110, 0.19129956907211818)	(112, 0.19364518239716944)	(114, 0.1966238835905355)	(116, 0.19883513654065665)	(118, 0.20118074986570794)	(120, 0.20367211003814106)	(122, 0.20604277360258605)	(124, 0.20873909027914983)	(126, 0.2117610600678324)	(128, 0.21440955356009905)	(130, 0.21692368667743556)	(132, 0.21961089417603796)	(134, 0.22256682242450063)	(136, 0.22589167238039853)	(138, 0.22978356866439137)
SRR26260942_1 - nextera_transposase_sequence	(1, 0.0028548833540292876)	(2, 0.002917285175975283)	(3, 0.0029250854037185326)	(4, 0.002932885631461782)	(5, 0.002940685859205031)	(6, 0.0029484860869482808)	(7, 0.0029484860869482808)	(8, 0.0029601864285631546)	(9, 0.0029679866563064043)	(10, 0.0029796869979212782)	(12, 0.002993337396471965)	(14, 0.0030147880227659007)	(16, 0.0030303884782523997)	(18, 0.0030830400155193328)	(20, 0.0031005905279416447)	(22, 0.0031844429761815757)	(24, 0.003270245481357319)	(26, 0.003416499751543246)	(28, 0.003566654135600797)	(30, 0.003671957210134664)	(32, 0.0038045610817699044)	(34, 0.0039995667753511405)	(36, 0.004192622411996564)	(38, 0.004358377251540613)	(40, 0.004547532774314412)	(42, 0.004795190005162581)	(44, 0.005017496495845189)	(46, 0.005198851790875738)	(48, 0.0053821571428420995)	(50, 0.005711716764994388)	(52, 0.006008125419237865)	(54, 0.006349385383005028)	(56, 0.006717946143873563)	(58, 0.007070906449255599)	(60, 0.007577921252566811)	(62, 0.008201939472026765)	(64, 0.008948811278442896)	(66, 0.009761985020676649)	(68, 0.01077211451342745)	(70, 0.011908997707006052)	(72, 0.013285737903689573)	(74, 0.01481458254136646)	(76, 0.01668468714281051)	(78, 0.018909702106572404)	(80, 0.02159493050718602)	(82, 0.02491782752581027)	(84, 0.028687287582735553)	(86, 0.033049564948147786)	(88, 0.03808266189947948)	(90, 0.045003413964677524)	(92, 0.05197876762407832)	(94, 0.05946698625759776)	(96, 0.06836704611264535)	(98, 0.07880765094698469)	(100, 0.09078490064674419)	(102, 0.1037469290990889)	(104, 0.11807009729263065)	(106, 0.13375635528430524)	(108, 0.15058534664036585)	(110, 0.16819046065687981)	(112, 0.18689150667132026)	(114, 0.20707849607084977)	(116, 0.22803380790308936)	(118, 0.24980229347756266)	(120, 0.2713036212518297)	(122, 0.29397498318758414)	(124, 0.31765452455915355)	(126, 0.3412424132547398)	(128, 0.36521446316668105)	(130, 0.38937566860139616)	(132, 0.4142271941913888)	(134, 0.42830465521101824)	(136, 0.43366926184143795)	(138, 0.43402807231762747)
SRR26260942_1 - polya	(1, 0.016856292153161995)	(2, 0.047031473177922375)	(3, 0.058958021397350735)	(4, 0.09221819249456627)	(5, 0.10308390974091271)	(6, 0.11346211275330606)	(7, 0.12534965983401816)	(8, 0.14593836096232501)	(9, 0.1850331024114911)	(10, 0.22514187346727962)	(12, 0.24438698536681175)	(14, 0.26412936178497604)	(16, 0.2836942830219814)	(18, 0.3004706228407751)	(20, 0.3203144022196016)	(22, 0.34565344204354737)	(24, 0.3687830673592177)	(26, 0.39766146052166285)	(28, 0.4235933176540956)	(30, 0.4437452060287804)	(32, 0.4626042066550217)	(34, 0.4854666741704858)	(36, 0.5043685760493148)	(38, 0.5202537398484424)	(40, 0.5376813986837974)	(42, 0.5536933161837526)	(44, 0.5694946275346402)	(46, 0.5876321070946309)	(48, 0.6018714228399327)	(50, 0.615065508067639)	(52, 0.6287919588388222)	(54, 0.6449988820323587)	(56, 0.6610166497031214)	(58, 0.67655665342461)	(60, 0.6901563504949655)	(62, 0.7038535504121114)	(64, 0.7194111046460223)	(66, 0.7359319870062246)	(68, 0.7525698727825756)	(70, 0.7717155317783813)	(72, 0.7921267777255292)	(74, 0.8110403799459733)	(76, 0.840827499640507)	(78, 0.8663985962398144)	(80, 0.8827459235327294)	(82, 0.8986135368194346)	(84, 0.9203956727924585)	(86, 0.9423552639466415)	(88, 0.9597302712447295)	(90, 0.9795428497125831)	(92, 0.9964322928336539)	(94, 1.0203828921193012)	(96, 1.0432161087807281)	(98, 1.0625197223883345)	(100, 1.0818077355404547)	(102, 1.1027103958354272)	(104, 1.1222031649658075)	(106, 1.141619881875691)	(108, 1.1690532828486992)	(110, 1.1904805084594055)	(112, 1.2064807256177459)	(114, 1.2209774488785747)	(116, 1.2362814957108301)	(118, 1.2528218786403906)	(120, 1.266017913925033)	(122, 1.278166768635144)	(124, 1.2911248969736169)	(126, 1.3072167668079406)	(128, 1.3207443117716706)	(130, 1.3355666945407805)	(132, 1.3522455315127835)	(134, 1.368193097133857)	(136, 1.382596217661767)	(138, 1.3952715877445474)
SRR26260942_1 - polyg	(1, 0.0)	(2, 0.004535832432699538)	(3, 0.005643464772240955)	(4, 0.006329884813646904)	(5, 0.006446888229795646)	(6, 0.006676994948221503)	(7, 0.006836899616958116)	(8, 0.007152808840559717)	(9, 0.007749526262918299)	(10, 0.008084936055878024)	(12, 0.00888445939956109)	(14, 0.009910189347798387)	(16, 0.011479985181127333)	(18, 0.012720221392303992)	(20, 0.014297817453376186)	(22, 0.015409349906789228)	(24, 0.017384757582767144)	(26, 0.01990033102996508)	(28, 0.02646422267590947)	(30, 0.03531163099369012)	(32, 0.04626705085908393)	(34, 0.053571964140637016)	(36, 0.056627703359054975)	(38, 0.060287960227574766)	(40, 0.06256367667166779)	(42, 0.06473213998429111)	(44, 0.06649694151120131)	(46, 0.06717751138179981)	(48, 0.06781713005674626)	(50, 0.0684547986747569)	(52, 0.06904761598324387)	(54, 0.06976913704949443)	(56, 0.0703931552689544)	(58, 0.07082411785176893)	(60, 0.07128238123168482)	(62, 0.07176989546563792)	(64, 0.07231786146460117)	(66, 0.0732538887937911)	(68, 0.0743244700515521)	(70, 0.07586891514471548)	(72, 0.07791647492731846)	(74, 0.08185753999459522)	(76, 0.0832908318424173)	(78, 0.08402990342109018)	(80, 0.08464222129893526)	(82, 0.08523698866435803)	(84, 0.0859097583072133)	(86, 0.086557177209903)	(88, 0.08715194457532577)	(90, 0.0876940604034816)	(92, 0.08831222845213411)	(94, 0.0888153431415737)	(96, 0.08934185851424303)	(98, 0.08984692326061844)	(100, 0.09048264182169327)	(102, 0.09103060782065653)	(104, 0.0917345783744848)	(106, 0.0925243514334888)	(108, 0.09328682369539143)	(110, 0.09402979538793595)	(112, 0.09480591804838925)	(114, 0.09586479896453537)	(116, 0.0972434892181547)	(118, 0.0985207765111118)	(120, 0.09972786175437964)	(122, 0.10132300832787415)	(124, 0.10309170996865595)	(126, 0.10463615506181934)	(128, 0.10586469093138112)	(130, 0.10711857754110846)	(132, 0.10846021671294737)	(134, 0.10999491152143169)	(136, 0.11179091395931487)	(138, 0.11378582220465092)
SRR26260942_2 - nextera_transposase_sequence	(1, 0.0005031146894395876)	(2, 0.0005265153726693358)	(3, 0.0005265153726693358)	(4, 0.0005265153726693358)	(5, 0.00053821571428421)	(6, 0.0005655165113855829)	(7, 0.0005655165113855829)	(8, 0.0005655165113855829)	(9, 0.0005811169668720818)	(10, 0.0005967174223585806)	(12, 0.0006240182194599535)	(14, 0.0006513190165613266)	(16, 0.0006727696428552624)	(18, 0.0006942202691491983)	(20, 0.0007078706676998848)	(22, 0.000725421180122196)	(24, 0.0007644223188384431)	(26, 0.0007975732867472531)	(28, 0.000846324710142562)	(30, 0.000861925165629061)	(32, 0.0008814257349871844)	(34, 0.0009477276708048045)	(36, 0.0010198797774298616)	(38, 0.001092031884054919)	(40, 0.0011622339337441635)	(42, 0.0012577867235989688)	(44, 0.0013455392857105249)	(46, 0.0014703429296025155)	(48, 0.0016068469151093805)	(50, 0.0017511511283594947)	(52, 0.0018467039182143)	(54, 0.0019325064233900436)	(56, 0.0020514598964745975)	(58, 0.0022055143944037735)	(60, 0.0023654190631403867)	(62, 0.0025740751552723084)	(64, 0.0027885814182116676)	(66, 0.003010887908894276)	(68, 0.003279995766036381)	(70, 0.0036232057867393555)	(72, 0.0040970696221417574)	(74, 0.004645035621105029)	(76, 0.0051052490579567445)	(78, 0.005742917675967385)	(80, 0.0064566385144747065)	(82, 0.0073809655020497635)	(84, 0.00837939465318569)	(86, 0.009502627448213605)	(88, 0.010668761495829394)	(90, 0.012242457443029965)	(92, 0.013843454187331907)	(94, 0.015908564482357192)	(96, 0.018131629389183276)	(98, 0.020602351526857528)	(100, 0.023465035108630065)	(102, 0.026600726661416333)	(104, 0.030227832562027313)	(106, 0.03403824381460466)	(108, 0.03864232824005762)	(110, 0.04325226283631803)	(112, 0.04804745284148061)	(114, 0.05318000269653873)	(116, 0.05873766496360394)	(118, 0.06467948844702419)	(120, 0.07069931420787692)	(122, 0.07695314680102716)	(124, 0.08357164004117429)	(126, 0.09009068037759499)	(128, 0.09734489217881695)	(130, 0.10417399156803181)	(132, 0.11115129528436841)	(134, 0.11672845812079174)	(136, 0.11889497137647928)	(138, 0.11900027445101315)
SRR26260942_2 - polya	(1, 0.038708630175875246)	(2, 0.05174671084871665)	(3, 0.055147610144773394)	(4, 0.06544781087973425)	(5, 0.06955073067268346)	(6, 0.07343914420269329)	(7, 0.07839618893352829)	(8, 0.08941791073473972)	(9, 0.1071868295338619)	(10, 0.12686095395927274)	(12, 0.13656248721493922)	(14, 0.1527518598960534)	(16, 0.17808114943532005)	(18, 0.19673539408330104)	(20, 0.21733384549628695)	(22, 0.23764563853970844)	(24, 0.25220086350861187)	(26, 0.26866714427461136)	(28, 0.2812937629339964)	(30, 0.2925611919091202)	(32, 0.30303884782523993)	(34, 0.3150960498593678)	(36, 0.32630692718335297)	(38, 0.33638287137069545)	(40, 0.3491342936739724)	(42, 0.35947544560458533)	(44, 0.3714312446780509)	(46, 0.38632967966765724)	(48, 0.40065284786119904)	(50, 0.4151866222038085)	(52, 0.42914512975035335)	(54, 0.4489265073072338)	(56, 0.4643846086374184)	(58, 0.4771516313961819)	(60, 0.4889163248899378)	(62, 0.5002598060855583)	(64, 0.5145673738236136)	(66, 0.5317473754281203)	(68, 0.5495884463338676)	(70, 0.5761306712872096)	(72, 0.5966881715045435)	(74, 0.6112843476690989)	(76, 0.6289869645324034)	(78, 0.6438171475292565)	(80, 0.6544722586265351)	(82, 0.6661257988749497)	(84, 0.6851778551378365)	(86, 0.7068156868976103)	(88, 0.7229095067888697)	(90, 0.7414681986469959)	(92, 0.7576302705310087)	(94, 0.7823589425340451)	(96, 0.7999055548424847)	(98, 0.8123586184345825)	(100, 0.8231950848268917)	(102, 0.8348096239365901)	(104, 0.8471866353081912)	(106, 0.8592574877408696)	(108, 0.875132901255318)	(110, 0.8889997561258796)	(112, 0.9002047832790574)	(114, 0.9111251021196066)	(116, 0.9251265109187392)	(118, 0.9399722943710788)	(120, 0.9511051694176316)	(122, 0.960722850225058)	(124, 0.9712297569952151)	(126, 0.9834878148937314)	(128, 0.9938523675075741)	(130, 1.0050495944330087)	(132, 1.0180759747642352)	(134, 1.0316132700126446)	(136, 1.0439883313273097)	(138, 1.054025274375936)
SRR26260942_2 - polyg	(1, 0.05183251335389239)	(2, 0.05684805979280177)	(3, 0.05821309964787042)	(4, 0.06165300008264341)	(5, 0.06237842126276561)	(6, 0.06329884813646904)	(7, 0.06438697990665233)	(8, 0.06532300723584226)	(9, 0.06643063957538368)	(10, 0.06766697567268871)	(12, 0.06898521416129787)	(14, 0.07005579541905885)	(16, 0.07107957531036034)	(18, 0.07195905098841171)	(20, 0.07274297387660827)	(22, 0.07366730086418333)	(24, 0.07457212728240026)	(26, 0.07545745313125907)	(28, 0.07616532379895896)	(30, 0.07690829549150346)	(32, 0.07772146923373721)	(34, 0.07880960100392051)	(36, 0.07967737634035701)	(38, 0.08054125156292188)	(40, 0.08137392587451375)	(42, 0.0823119032606395)	(44, 0.08325183070370105)	(46, 0.0840981554138436)	(48, 0.0851511861591823)	(50, 0.08609891382998709)	(52, 0.08703494115917702)	(54, 0.08799826928546833)	(56, 0.08898109798111775)	(58, 0.08991712531030768)	(60, 0.0910072071374268)	(62, 0.09230009488587038)	(64, 0.09398299402147645)	(66, 0.09582579782581913)	(68, 0.0973702429189825)	(70, 0.09878793431131809)	(72, 0.10014127382477186)	(74, 0.10136200946659041)	(76, 0.10277385068811853)	(78, 0.10626055248935104)	(80, 0.10930654142308993)	(82, 0.11092118856594256)	(84, 0.11256508656283237)	(86, 0.11403932960630651)	(88, 0.11541606980299005)	(90, 0.11697416529470411)	(92, 0.11857126192513442)	(94, 0.12030486254107162)	(96, 0.12181420660939038)	(98, 0.12357900813630056)	(100, 0.12540036131434928)	(102, 0.12723536489094872)	(104, 0.12936872717872744)	(106, 0.13124663200791475)	(108, 0.13352819862281518)	(110, 0.13555430777912422)	(112, 0.13774032160416988)	(114, 0.14059325490126334)	(116, 0.14296257407827537)	(118, 0.14539429507723337)	(120, 0.1479878708018638)	(122, 0.1505443954447138)	(124, 0.1535279825565067)	(126, 0.15672802598817476)	(128, 0.1597759649788495)	(130, 0.16240464172832453)	(132, 0.16516787240637065)	(134, 0.1683659657811029)	(136, 0.17167911251504808)	(138, 0.1752769675616219)
SRR26260943_1 - nextera_transposase_sequence	(1, 0.00635108790457418)	(2, 0.0064097855746719085)	(3, 0.006417611930684939)	(4, 0.006445004176730545)	(5, 0.00644891735473706)	(6, 0.00644891735473706)	(7, 0.00644891735473706)	(8, 0.006456743710750091)	(9, 0.006476309600782667)	(10, 0.006484135956795698)	(12, 0.006493918901811986)	(14, 0.006515441380847819)	(16, 0.006540877037890168)	(18, 0.006574139050945547)	(20, 0.0066191405980204725)	(22, 0.006658272378085624)	(24, 0.0067052305141638065)	(26, 0.006773711129277823)	(28, 0.006844148333395096)	(30, 0.0069537173175775215)	(32, 0.007116114204847903)	(34, 0.007301990160157376)	(36, 0.007470256814437529)	(38, 0.007620914167688364)	(40, 0.00781265989000761)	(42, 0.008023971502359431)	(44, 0.00822941334770148)	(46, 0.008423115659023983)	(48, 0.008632470682372547)	(50, 0.008855521828743912)	(52, 0.009057050496079445)	(54, 0.009254665985408464)	(56, 0.009606852005994832)	(58, 0.009945341903558398)	(60, 0.010274048856105673)	(62, 0.01071036820383212)	(64, 0.011279735603780084)	(66, 0.01189410455080297)	(68, 0.012596520002972449)	(70, 0.013402634672314583)	(72, 0.014551152417226796)	(74, 0.01595207014355924)	(76, 0.017446904142048046)	(78, 0.019115874561826784)	(80, 0.02107246356508439)	(82, 0.023492764162114044)	(84, 0.026447213557033025)	(86, 0.0297988505196133)	(88, 0.033790292086258805)	(90, 0.039206130447275854)	(92, 0.04493502304881412)	(94, 0.051401549704580496)	(96, 0.05870158327573462)	(98, 0.06721470202890845)	(100, 0.0772402640816004)	(102, 0.0884965206173414)	(104, 0.10065280809458088)	(106, 0.11444480397854373)	(108, 0.12919357188509956)	(110, 0.14588523267189016)	(112, 0.16346909804416623)	(114, 0.18238931370566724)	(116, 0.20279262383163754)	(118, 0.2237789974805786)	(120, 0.24597845631153936)	(122, 0.26829922366070214)	(124, 0.2909663072634414)	(126, 0.31497365433341223)	(128, 0.3396442850754874)	(130, 0.364714059974227)	(132, 0.3901340643045498)	(134, 0.40478108958293624)	(136, 0.41018518840993373)	(138, 0.41053150466351035)
SRR26260943_1 - polya	(1, 0.013664817598751102)	(2, 0.03760955382061765)	(3, 0.050135636619472825)	(4, 0.07900706395154201)	(5, 0.08942785698289202)	(6, 0.0995629880197664)	(7, 0.11138469877744885)	(8, 0.1313458197886829)	(9, 0.16948756581818664)	(10, 0.20766648703875223)	(12, 0.22677453524456598)	(14, 0.2466417399836437)	(16, 0.26642481139558133)	(18, 0.28282689700988983)	(20, 0.30201516536483713)	(22, 0.32631013101828676)	(24, 0.35020986569307844)	(26, 0.38153485563523265)	(28, 0.40974691247320405)	(30, 0.4336349076139761)	(32, 0.45346298057298867)	(34, 0.4772453199075848)	(36, 0.495619647237177)	(38, 0.5113056212762932)	(40, 0.529593858689742)	(42, 0.5459431164009625)	(44, 0.5625584702166261)	(46, 0.580954320025254)	(48, 0.5955152553874972)	(50, 0.6087848420075902)	(52, 0.6231579448255206)	(54, 0.640516802462422)	(56, 0.657157591935128)	(58, 0.672227240438218)	(60, 0.6868644827715882)	(62, 0.7017482553193688)	(64, 0.7181249052766349)	(66, 0.735716597004924)	(68, 0.7526528314171218)	(70, 0.7730541849540888)	(72, 0.7959423631141962)	(74, 0.8165393755514891)	(76, 0.8484650383176433)	(78, 0.8762036006168263)	(80, 0.8932454908352001)	(82, 0.9098041035697693)	(84, 0.9329055499312318)	(86, 0.9572298644197303)	(88, 0.9751365669775439)	(90, 0.9945302771778333)	(92, 1.01123172090964)	(94, 1.035786912900523)	(96, 1.0588140088798619)	(98, 1.0790001376264704)	(100, 1.0991314818809879)	(102, 1.1234323173014473)	(104, 1.1471676984999655)	(106, 1.1694493340690628)	(108, 1.2003810496215626)	(110, 1.2240088184249012)	(112, 1.2413363706377507)	(114, 1.2564138454968536)	(116, 1.2728237574671752)	(118, 1.2901806585150735)	(120, 1.3045322388539677)	(122, 1.3168959247655527)	(124, 1.3305959609663625)	(126, 1.347811987606026)	(128, 1.3625861911696242)	(130, 1.3785832628602583)	(132, 1.3967404088104889)	(134, 1.4161732507908433)	(136, 1.4340153859115496)	(138, 1.4494861351603074)
SRR26260943_1 - polyg	(1, 0.0)	(2, 0.004480588817459911)	(3, 0.0054627964970952285)	(4, 0.006879366935453733)	(5, 0.006996762275649189)	(6, 0.007517214950515712)	(7, 0.007873314149108596)	(8, 0.008487683096131482)	(9, 0.009352495435571343)	(10, 0.009947298492561655)	(12, 0.010927549583193714)	(14, 0.012211071969330703)	(16, 0.01458050125227566)	(18, 0.016607527459650537)	(20, 0.018992609454621556)	(22, 0.020516792288159228)	(24, 0.02320905875664169)	(26, 0.026623306567326206)	(28, 0.034015299821633434)	(30, 0.0433345332441494)	(32, 0.055596476527564796)	(34, 0.06476505259682994)	(36, 0.06954304294278499)	(38, 0.07448343017601045)	(40, 0.07771375862038875)	(42, 0.08076799405447387)	(44, 0.08344460781093027)	(46, 0.08450312246169263)	(48, 0.0855381580444159)	(50, 0.0866592835432825)	(52, 0.08746344162362138)	(54, 0.08837912527714595)	(56, 0.08923219808256624)	(58, 0.0898856988096543)	(60, 0.09046876233262506)	(62, 0.09113204600472939)	(64, 0.09187750641497053)	(66, 0.09313167996605867)	(68, 0.09473021318172012)	(70, 0.09715834013476281)	(72, 0.10106564837426824)	(74, 0.10950637333432153)	(76, 0.11225929406190499)	(78, 0.11362108000817228)	(80, 0.11483416519019199)	(82, 0.11599833564713027)	(84, 0.11740120996246597)	(86, 0.11845776802422509)	(88, 0.11956128422206236)	(90, 0.12085067637520913)	(92, 0.12204615225619952)	(94, 0.122938356841685)	(96, 0.12380316918112486)	(98, 0.12479711639477971)	(100, 0.12568345121325541)	(102, 0.1266617457148842)	(104, 0.12784939523986158)	(106, 0.12940684008645464)	(108, 0.1306179686794711)	(110, 0.132075627486898)	(112, 0.133944169985009)	(114, 0.13562096676080077)	(116, 0.137552120107016)	(118, 0.13972002072262546)	(120, 0.14168052290388955)	(122, 0.14394820955866514)	(124, 0.14659351789106942)	(126, 0.14915664948533686)	(128, 0.15098997338138925)	(130, 0.1527235112382755)	(132, 0.1545783576133637)	(134, 0.15671103962691446)	(136, 0.15890437589956624)	(138, 0.1610664067481659)
SRR26260943_2 - nextera_transposase_sequence	(1, 0.0011778665799610773)	(2, 0.0011896061139806229)	(3, 0.0011896061139806229)	(4, 0.0011974324699936532)	(5, 0.0012013456480001684)	(6, 0.001213085182019714)	(7, 0.001213085182019714)	(8, 0.0012209115380327445)	(9, 0.0012248247160392596)	(10, 0.00123265107205229)	(12, 0.001248303784078351)	(14, 0.0012678696741109268)	(16, 0.0012854789751402455)	(18, 0.0013011316871663061)	(20, 0.0013148278101891093)	(22, 0.0013206975771988822)	(24, 0.0013441766452379736)	(26, 0.0013598293572640342)	(28, 0.0013793952472966103)	(30, 0.0013930913703194135)	(32, 0.0014224402053682776)	(34, 0.0015261394225409306)	(36, 0.0016200556946972954)	(38, 0.00170614561084063)	(40, 0.001751147157915555)	(42, 0.0018274541290426013)	(44, 0.0019252835792054816)	(46, 0.0020896370554791205)	(48, 0.0023009486678309413)	(50, 0.0024144308300198826)	(52, 0.0025416091152316266)	(54, 0.0026648742224368556)	(56, 0.0028214013426974636)	(58, 0.002948579627909208)	(60, 0.0030953238031535286)	(62, 0.0032146757323522424)	(64, 0.003379029208625881)	(66, 0.0035688183419418686)	(68, 0.003813391967349069)	(70, 0.004126446207870286)	(72, 0.004552982610580443)	(74, 0.0049677794792710546)	(76, 0.005361053868925833)	(78, 0.005832591818710915)	(80, 0.0063608708495904685)	(82, 0.006967413440600326)	(84, 0.007785267643962004)	(86, 0.008661819517421409)	(88, 0.009739900058216348)	(90, 0.01098037748628167)	(92, 0.012418470403676008)	(94, 0.014165704383585049)	(96, 0.016128163153852425)	(98, 0.01832932578251723)	(100, 0.020730060489514306)	(102, 0.023398847889957677)	(104, 0.026766137564564016)	(106, 0.030720403940147627)	(108, 0.035038595870337155)	(110, 0.039337221910494116)	(112, 0.04396064172519183)	(114, 0.04911821033777887)	(116, 0.054710141709089104)	(118, 0.06041555524258828)	(120, 0.06631467108740996)	(122, 0.07292402874041413)	(124, 0.07962730266557469)	(126, 0.08651058277903492)	(128, 0.09393192486839103)	(130, 0.10163305918521295)	(132, 0.10935375939206746)	(134, 0.11553266746435495)	(136, 0.1180273184435084)	(138, 0.11811927812666151)
SRR26260943_2 - polya	(1, 0.032937219280838495)	(2, 0.04377672235888561)	(3, 0.047482501931055514)	(4, 0.05629889197973428)	(5, 0.060352944394484034)	(6, 0.0646417874896247)	(7, 0.06897367554283704)	(8, 0.07911271975771793)	(9, 0.09520370772050846)	(10, 0.11413174973802251)	(12, 0.12322597542516386)	(14, 0.1391956548697524)	(16, 0.1679614263956457)	(18, 0.18717904358564186)	(20, 0.20640644372065436)	(22, 0.22681366702463113)	(24, 0.24191462095177332)	(26, 0.25975284289447287)	(28, 0.27364071163959536)	(30, 0.2862685370666199)	(32, 0.2972195657178528)	(34, 0.30992174152700114)	(36, 0.3208590740552111)	(38, 0.33120942988244384)	(40, 0.34546122418217223)	(42, 0.35650616910556143)	(44, 0.36906551391747194)	(46, 0.384583221302308)	(48, 0.39889566986113734)	(50, 0.41374618039586253)	(52, 0.42795492973751925)	(54, 0.44987263975201097)	(56, 0.46665626022195467)	(58, 0.48044434292791105)	(60, 0.4936258830428575)	(62, 0.5058858697372697)	(64, 0.5229629785577019)	(66, 0.5430669305661738)	(68, 0.5614549540187889)	(70, 0.5884793613317828)	(72, 0.6112834061647502)	(74, 0.6265682794581986)	(76, 0.6454317540386052)	(78, 0.6607988040701904)	(80, 0.6713741676327977)	(82, 0.6827478195087342)	(84, 0.7023704506224047)	(86, 0.7259023465645839)	(88, 0.7420696414985014)	(90, 0.7601113486975397)	(92, 0.7762277723173727)	(94, 0.8005990449419493)	(96, 0.8175118002861081)	(98, 0.8306581217989959)	(100, 0.8421569953711409)	(102, 0.8549648269864651)	(104, 0.8681854988814768)	(106, 0.8805922297511333)	(108, 0.8969121386273049)	(110, 0.9116237313427988)	(112, 0.9234904436475562)	(114, 0.9349227931935904)	(116, 0.9483586898789603)	(118, 0.9625928748776593)	(120, 0.9739684833425991)	(122, 0.9838120826179881)	(124, 0.9951387763578463)	(126, 1.0083731443758808)	(128, 1.019183298618879)	(130, 1.0312026248658905)	(132, 1.0459592191284592)	(134, 1.0615708427854518)	(136, 1.0765857067964506)	(138, 1.089303535317625)
SRR26260943_2 - polyg	(1, 0.05013172344146631)	(2, 0.05512885175578623)	(3, 0.05654150901613822)	(4, 0.06271650391041922)	(5, 0.0635852294278656)	(6, 0.06493918901811985)	(7, 0.06634401992245881)	(8, 0.06742405705225701)	(9, 0.0691458553751237)	(10, 0.07118266452751487)	(12, 0.07348752637335232)	(14, 0.07524845647628417)	(16, 0.07773136792141806)	(18, 0.07887597248832376)	(20, 0.07993057396107961)	(22, 0.08107322193898206)	(24, 0.08218847767083888)	(26, 0.0832489489106045)	(28, 0.08419202481017468)	(30, 0.08514292706575786)	(32, 0.0861564401694453)	(34, 0.08754170518375168)	(36, 0.08842804000222737)	(38, 0.08935546318977149)	(40, 0.09041006466252734)	(42, 0.09149988473734182)	(44, 0.09255057303209116)	(46, 0.09359734814883397)	(48, 0.09482217286487324)	(50, 0.09608221618297112)	(52, 0.09741660988319281)	(54, 0.09865121754424835)	(56, 0.09981538800118664)	(58, 0.10108717085330407)	(60, 0.10275027150607303)	(62, 0.10488295351962383)	(64, 0.1073110804726665)	(66, 0.11074293758438034)	(68, 0.11358194822810713)	(70, 0.11616660230141042)	(72, 0.11884517264687008)	(74, 0.12157265771741119)	(76, 0.12505734273221297)	(78, 0.1353196520542991)	(80, 0.14463692888781182)	(82, 0.1482879239678905)	(84, 0.15160825550641865)	(86, 0.154269216550849)	(88, 0.1567971295430578)	(90, 0.15960092158472594)	(92, 0.1619390454436188)	(94, 0.1644591320798146)	(96, 0.1668716063208312)	(98, 0.16931538598589996)	(100, 0.17184721215611531)	(102, 0.17443382281842185)	(104, 0.17727087687314538)	(106, 0.18014510611893078)	(108, 0.18329130123616902)	(110, 0.18647271495546588)	(112, 0.18982043874003962)	(114, 0.19402123533003374)	(116, 0.1975665746039365)	(118, 0.20123126580703798)	(120, 0.20498009033727954)	(122, 0.2086839133204462)	(124, 0.21280644635030999)	(126, 0.2171755095945842)	(128, 0.22148783175776393)	(130, 0.22555558029553652)	(132, 0.2295665877522146)	(134, 0.2342232695799677)	(136, 0.23892690954379897)	(138, 0.2441999169075782)
SRR26260944_1 - nextera_transposase_sequence	(1, 0.0023788946923817434)	(2, 0.00242332807025669)	(3, 0.0024267460224009166)	(4, 0.0024369998788335966)	(5, 0.0024369998788335966)	(6, 0.0024472537352662766)	(7, 0.0024506716874105033)	(8, 0.002467761448131636)	(9, 0.0024814332567085428)	(10, 0.0024899781370691094)	(12, 0.0025070678977902427)	(14, 0.0025258666345834894)	(16, 0.002558337179953642)	(18, 0.002578844892819002)	(20, 0.0026130244142612688)	(22, 0.002677965505001575)	(24, 0.002727525811092861)	(26, 0.002773668165039921)	(28, 0.002853990040429247)	(30, 0.002939438844034913)	(32, 0.0030659030733712987)	(34, 0.003200912183068251)	(36, 0.003305159723467164)	(38, 0.0034350419049477762)	(40, 0.0035905587275100884)	(42, 0.003763165310793534)	(44, 0.003944316774437546)	(46, 0.004123759262009445)	(48, 0.004330545366735157)	(50, 0.004533913519316642)	(52, 0.004783424025845187)	(54, 0.005133764120628418)	(56, 0.005417454148599229)	(58, 0.005796846836608386)	(60, 0.0063078306821702694)	(62, 0.006830777360236946)	(64, 0.007524621645514954)	(66, 0.00831929551904765)	(68, 0.009291702904080129)	(70, 0.010428171992035488)	(72, 0.011846622131889546)	(74, 0.013422298070378027)	(76, 0.015373948744731442)	(78, 0.01753922142809902)	(80, 0.02009072270376421)	(82, 0.02332923236041895)	(84, 0.02731627353665933)	(86, 0.031928799955293186)	(88, 0.03717706547275319)	(90, 0.044235136650581215)	(92, 0.051335932230212065)	(94, 0.059438187788101324)	(96, 0.0686717855057296)	(98, 0.07917002551672173)	(100, 0.09083549618496727)	(102, 0.10385105795018232)	(104, 0.11818424026699675)	(106, 0.13363509293497328)	(108, 0.15024634035591478)	(110, 0.16772745659756194)	(112, 0.18597590309558798)	(114, 0.2052822057822522)	(116, 0.22601037656091466)	(118, 0.24679323457388477)	(120, 0.2683194971782241)	(122, 0.29033452693918793)	(124, 0.31346380909916965)	(126, 0.33694001340179036)	(128, 0.36100239649714594)	(130, 0.38536726835726554)	(132, 0.41016280218755774)	(134, 0.42382435690803166)	(136, 0.4291409814683762)	(138, 0.42955797162997184)
SRR26260944_1 - polya	(1, 0.017151283859729295)	(2, 0.04703785740884706)	(3, 0.06042939390992705)	(4, 0.09343997571886797)	(5, 0.1039638503709418)	(6, 0.11434417103295812)	(7, 0.12594470061046334)	(8, 0.14691383701529379)	(9, 0.186247630291054)	(10, 0.22601037656091466)	(12, 0.24446048223545008)	(14, 0.2643973970927241)	(16, 0.2850742985892232)	(18, 0.3024033159604522)	(20, 0.3233331459156241)	(22, 0.35108862630281656)	(24, 0.377893915993914)	(26, 0.41203071303437755)	(28, 0.44166777607696683)	(30, 0.4651012559777847)	(32, 0.4851441273515297)	(34, 0.5083998737408478)	(36, 0.5278992907236608)	(38, 0.5445703523071262)	(40, 0.5640578064574344)	(42, 0.581378278948303)	(44, 0.5988149618120752)	(46, 0.6184340071199361)	(48, 0.6339122034050665)	(50, 0.6483154537408375)	(52, 0.6635834459690979)	(54, 0.6829581076986466)	(56, 0.7007177870400483)	(58, 0.7171171214280477)	(60, 0.732578227952457)	(62, 0.7479419228407558)	(64, 0.7645873497831395)	(66, 0.7821949302541231)	(68, 0.8007048500911824)	(70, 0.8220482522558057)	(72, 0.8457038990459983)	(74, 0.8655280214825128)	(76, 0.8943533208908482)	(78, 0.9191830342425826)	(80, 0.9353157683633324)	(82, 0.9512263355947075)	(84, 0.9725321402857443)	(86, 0.9947642100078664)	(88, 1.0121222799723215)	(90, 1.0317806317298408)	(92, 1.0489421694460028)	(94, 1.074339262853679)	(96, 1.0972292883635648)	(98, 1.1175609766934969)	(100, 1.1374876376943384)	(102, 1.1592634108052062)	(104, 1.180945190232108)	(106, 1.201497336475343)	(108, 1.230787477375293)	(110, 1.2529665688391796)	(112, 1.2690377798213333)	(114, 1.2829420091440475)	(116, 1.2977092713831786)	(118, 1.3134181794380442)	(120, 1.3262594256439035)	(122, 1.3374310022273086)	(124, 1.3505320127961293)	(126, 1.3661759797602544)	(128, 1.3795196649313155)	(130, 1.3943860477826293)	(132, 1.4111169235286187)	(134, 1.428481829397362)	(136, 1.4438369794053)	(138, 1.4569499528066259)
SRR26260944_2 - nextera_transposase_sequence	(1, 0.0004374978744610103)	(2, 0.00046484149161482347)	(3, 0.00047167739590327673)	(4, 0.00047167739590327673)	(5, 0.00047167739590327673)	(6, 0.0004921851087686366)	(7, 0.0004956030609128632)	(8, 0.0005092748694897698)	(9, 0.0005263646302109031)	(10, 0.0005349095105714696)	(12, 0.0005537082473647161)	(14, 0.000574215960230076)	(16, 0.0005913057209512092)	(18, 0.0006032685534560025)	(20, 0.0006118134338165692)	(22, 0.0006186493381050224)	(24, 0.0006545378356194022)	(26, 0.0006767545245568754)	(28, 0.0006989712134943486)	(30, 0.000728023806720275)	(32, 0.000765621280306768)	(34, 0.000866450868561454)	(36, 0.0009912061218257265)	(38, 0.0011091254708015456)	(40, 0.0011774845136860784)	(42, 0.0012663512694359711)	(44, 0.0013381282644647306)	(46, 0.0014851002066664765)	(48, 0.0016201093163634287)	(50, 0.0017158119764017748)	(52, 0.001843985181810274)	(54, 0.0019601955547139797)	(56, 0.0021721085876560313)	(58, 0.0023361702905789106)	(60, 0.0025173217542229223)	(62, 0.0027719591889678076)	(64, 0.0030607761451549587)	(66, 0.0033085776756113907)	(68, 0.003640119033601375)	(70, 0.004084452812350838)	(72, 0.004624489251138648)	(74, 0.005248265517460011)	(76, 0.005856660999132353)	(78, 0.006612028423006441)	(80, 0.0073964484401064555)	(82, 0.00829366087796595)	(84, 0.009419876109488629)	(86, 0.010718697924294753)	(88, 0.012157655777014168)	(90, 0.013842706184117905)	(92, 0.015850753068851055)	(94, 0.017944248757189876)	(96, 0.02046327948748491)	(98, 0.02325574638931808)	(100, 0.026400262362006592)	(102, 0.029917335118415808)	(104, 0.033795001826040935)	(106, 0.03834600510607871)	(108, 0.04365921171427903)	(110, 0.04880835661955646)	(112, 0.05431980445212192)	(114, 0.060185010331614844)	(116, 0.06643473582733325)	(118, 0.07284339609775822)	(120, 0.07946909632934157)	(122, 0.08663995992792906)	(124, 0.0937903158136512)	(126, 0.1012568322727143)	(128, 0.10958125471997829)	(130, 0.11745621646027647)	(132, 0.12557043485067054)	(134, 0.13167660635633144)	(136, 0.1345716118224914)	(138, 0.13469807605182776)
SRR26260944_2 - polya	(1, 0.0373445451278203)	(2, 0.050565184021688955)	(3, 0.05431125957176136)	(4, 0.06450359286584521)	(5, 0.06885464594544573)	(6, 0.07349280700516128)	(7, 0.07844200171000146)	(8, 0.09021001094257379)	(9, 0.10916255558231053)	(10, 0.12950107981653117)	(12, 0.13949346291017775)	(14, 0.15691134703715673)	(16, 0.186488595917222)	(18, 0.20676730598891868)	(20, 0.2279022130727441)	(22, 0.2502453662395537)	(24, 0.266808762330476)	(26, 0.2851836730578384)	(28, 0.29973731328795544)	(30, 0.31262982877597834)	(32, 0.3242559929945653)	(34, 0.337310861209439)	(36, 0.34942408360857813)	(38, 0.36052388319695416)	(40, 0.3754893866604505)	(42, 0.3873565165052054)	(44, 0.40109155719678025)	(46, 0.4177933803495437)	(48, 0.4330545366735157)	(50, 0.4489873205938282)	(52, 0.4645646374911411)	(54, 0.4877349350768535)	(56, 0.5047870983244003)	(58, 0.5191083178087099)	(60, 0.5333526333697745)	(62, 0.5466587210672487)	(64, 0.5636373983436945)	(66, 0.5838921827503817)	(68, 0.6035248998668195)	(70, 0.6319537168264246)	(72, 0.6551957914071658)	(74, 0.6714071384272327)	(76, 0.6909424439075602)	(78, 0.7064770364030702)	(80, 0.7178998324690756)	(82, 0.7302608563986712)	(84, 0.750871107828358)	(86, 0.7751573667891604)	(88, 0.7919839451951882)	(90, 0.811691857258799)	(92, 0.8294737532891381)	(94, 0.8557184988285823)	(96, 0.8729176340183309)	(98, 0.8862681550936801)	(100, 0.8977746909872191)	(102, 0.9104228228969298)	(104, 0.9237015669772503)	(106, 0.9361070242847209)	(108, 0.9521201300804227)	(110, 0.9660551209724347)	(112, 0.9772284065319117)	(114, 0.988649493621845)	(116, 1.00223927134729)	(118, 1.0163007264686383)	(120, 1.0270536039143754)	(122, 1.0365350031624603)	(124, 1.0466572684375874)	(126, 1.05824754415866)	(128, 1.0680997912143932)	(130, 1.0789483713201686)	(132, 1.090895823040313)	(134, 1.103292735467423)	(136, 1.114876175284207)	(138, 1.1247591839092383)
SRR26260944_2 - polyg	(1, 0.03466828859889084)	(2, 0.037512024782887406)	(3, 0.038410946196819014)	(4, 0.041668254590267004)	(5, 0.04220145512476636)	(6, 0.04302859954366921)	(7, 0.04399588000048535)	(8, 0.0447204858550614)	(9, 0.045773215115483205)	(10, 0.04701393174383747)	(12, 0.04845288959655689)	(14, 0.04956714199557478)	(16, 0.05100951780043842)	(18, 0.0518537519800624)	(20, 0.052692859231470046)	(22, 0.053460189487848926)	(24, 0.05422922872029992)	(26, 0.054859840890909735)	(28, 0.05557077493690887)	(30, 0.05631417952827817)	(32, 0.05714986882754158)	(34, 0.05826241225048736)	(36, 0.05898018220077496)	(38, 0.059651809797115485)	(40, 0.06038837848419633)	(42, 0.061148872836286755)	(44, 0.061846135073708994)	(46, 0.06249896393325628)	(48, 0.0632714211178515)	(50, 0.06403020649386981)	(52, 0.06479411879810447)	(54, 0.065722092805262)	(56, 0.0665799987934629)	(58, 0.06739176242771672)	(60, 0.06818301834910519)	(62, 0.06922549375309431)	(64, 0.07041152314714097)	(66, 0.0719308028752497)	(68, 0.07329969270901247)	(70, 0.07452331957664561)	(72, 0.07600329285509574)	(74, 0.07747643022925743)	(76, 0.07939731933431281)	(78, 0.08362361716064905)	(80, 0.08718854124707744)	(82, 0.08878814285057551)	(84, 0.09032963926762172)	(86, 0.09172245476639408)	(88, 0.09297342525118103)	(90, 0.09424490344883335)	(92, 0.09552834447899045)	(94, 0.09684938298273404)	(96, 0.0980883906350162)	(98, 0.09946411637306743)	(100, 0.1008706036804167)	(102, 0.10216942549522282)	(104, 0.1036938321515479)	(106, 0.1050148706552915)	(108, 0.10653415038340024)	(110, 0.10792012997788414)	(112, 0.10935225192631509)	(114, 0.11145258351894238)	(116, 0.11310003645245961)	(118, 0.11453899430517903)	(120, 0.11603947529649453)	(122, 0.11752970243137734)	(124, 0.11933438116352901)	(126, 0.12137148064148809)	(128, 0.12318812220614456)	(130, 0.12488855339789731)	(132, 0.12669835905826532)	(134, 0.12852696345542658)	(136, 0.13052133853158282)	(138, 0.1330711308311759)
SRR26260945_1 - nextera_transposase_sequence	(1, 0.008613266814230292)	(2, 0.00867977852708149)	(3, 0.00868532116981909)	(4, 0.00868532116981909)	(5, 0.00868532116981909)	(6, 0.00870749174076949)	(7, 0.00871303438350709)	(8, 0.00872411966898229)	(9, 0.00872966231171989)	(10, 0.00872966231171989)	(12, 0.00873797627582629)	(14, 0.00875183288267029)	(16, 0.00879340270320229)	(18, 0.008832201202365489)	(20, 0.008884856308372688)	(22, 0.008992937841755887)	(24, 0.009073306161451085)	(26, 0.009281155264111083)	(28, 0.00963034175657988)	(30, 0.009993384855892674)	(32, 0.010445110239007068)	(34, 0.011013231119611062)	(36, 0.011548096143789455)	(38, 0.012174414773138248)	(40, 0.01274253565374224)	(42, 0.013391024854041433)	(44, 0.014130967659511023)	(46, 0.014879224429087012)	(48, 0.015541570236230205)	(50, 0.016176202829685397)	(52, 0.01684686260093499)	(54, 0.01764500315514938)	(56, 0.018470856923051768)	(58, 0.019299482012322955)	(60, 0.020230645992239747)	(62, 0.02155533760652613)	(64, 0.023240300998756507)	(66, 0.024944663640568486)	(68, 0.026942786347473262)	(70, 0.02924021176220843)	(72, 0.0321196146643916)	(74, 0.035514483341171556)	(76, 0.0396077250028891)	(78, 0.04393652898095465)	(80, 0.049193725617568185)	(82, 0.0553072605571409)	(84, 0.062404614582637616)	(86, 0.0706049545129167)	(88, 0.079564636498247)	(90, 0.09099356582317805)	(92, 0.10266360010719472)	(94, 0.11526479837112816)	(96, 0.12921563014166718)	(98, 0.14407545532117258)	(100, 0.16063687182112119)	(102, 0.17825693308395135)	(104, 0.1973457946722455)	(106, 0.21684481182312207)	(108, 0.2377599741934554)	(110, 0.25853934181671756)	(112, 0.2800309390317613)	(114, 0.3027530029345522)	(116, 0.3260847575384791)	(118, 0.3497961831699316)	(120, 0.3732498759140857)	(122, 0.39628232781018224)	(124, 0.41966950884148513)	(126, 0.44276570112906405)	(128, 0.46648544072462295)	(130, 0.4897091137951667)	(132, 0.5136422451361231)	(134, 0.5270526692397461)	(136, 0.5322960092695157)	(138, 0.5326479670833533)
SRR26260945_1 - polya	(1, 0.01428339033479502)	(2, 0.04113749439846668)	(3, 0.05365832434270493)	(4, 0.08638762970823252)	(5, 0.09710710076275078)	(6, 0.10798176581392184)	(7, 0.1200148431972513)	(8, 0.14018452011937743)	(9, 0.18095065745442493)	(10, 0.22058055302826443)	(12, 0.2388213902777058)	(14, 0.25768023219238956)	(16, 0.27687440399269814)	(18, 0.29318640156945475)	(20, 0.31259950775789846)	(22, 0.3377908190002902)	(24, 0.36209253608329706)	(26, 0.394691589344491)	(28, 0.42341633533210266)	(30, 0.4464681864777808)	(32, 0.4661889093381614)	(34, 0.49040194413736665)	(36, 0.5095961159376752)	(38, 0.5257640048032541)	(40, 0.5442958307964195)	(42, 0.5609819567579641)	(44, 0.577540601936544)	(46, 0.5958756641125245)	(48, 0.6111373308905059)	(50, 0.6247223482403633)	(52, 0.6397484527019968)	(54, 0.6574433396417846)	(56, 0.6742680316717691)	(58, 0.6906936534246466)	(60, 0.7054925095340383)	(62, 0.7205324706025158)	(64, 0.7361876650148668)	(66, 0.7532202061475113)	(68, 0.7709954614069943)	(70, 0.7915087821788517)	(72, 0.8137985199481098)	(74, 0.8331645136732839)	(76, 0.8627594545706988)	(78, 0.8871720245084576)	(80, 0.9021066753649207)	(82, 0.9174985942472357)	(84, 0.937083522360545)	(86, 0.9587607981072983)	(88, 0.9752335323234453)	(90, 0.9949016000778188)	(92, 1.0114325320427104)	(94, 1.0351605856023758)	(96, 1.0573477844809882)	(98, 1.0764172468197009)	(100, 1.094937987527391)	(102, 1.1155095060479931)	(104, 1.1364024978473761)	(106, 1.156879791441439)	(108, 1.187957389271162)	(110, 1.2098813126197383)	(112, 1.2254367394628125)	(114, 1.238775109210847)	(116, 1.253887124634913)	(118, 1.2693122993736536)	(120, 1.281317663543295)	(122, 1.292167386702147)	(124, 1.3045441079352078)	(126, 1.318824726948634)	(128, 1.3316060611015392)	(130, 1.345947649185079)	(132, 1.3616360994538557)	(134, 1.3773217784012637)	(136, 1.392500305538181)	(138, 1.4054423763304769)
SRR26260945_1 - polyg	(1, 0.0)	(2, 0.015220096957449409)	(3, 0.018656535454761366)	(4, 0.024348829546276495)	(5, 0.024831039464447688)	(6, 0.025917397441017273)	(7, 0.026676739496068465)	(8, 0.027170034699714858)	(9, 0.028134454536057247)	(10, 0.028874397341526838)	(12, 0.02960602618289003)	(14, 0.030467907128586817)	(16, 0.031504381320518006)	(18, 0.032405060765377997)	(20, 0.03333622474529478)	(22, 0.03452789293387877)	(24, 0.03553665391212195)	(26, 0.036318166538123545)	(28, 0.037008225558954735)	(30, 0.037712141186629924)	(32, 0.03840774285019872)	(34, 0.03897032108806511)	(36, 0.03941927514981071)	(38, 0.0397546050354355)	(40, 0.0400899349210603)	(42, 0.04038646630752189)	(44, 0.04068854033672109)	(46, 0.040985071723182685)	(48, 0.04130100235922588)	(50, 0.041586448460212276)	(52, 0.04180261152697867)	(54, 0.042076972342489874)	(56, 0.042323619944313065)	(58, 0.04255086829655466)	(60, 0.042877884218073065)	(62, 0.04326309788833625)	(64, 0.04372867987829465)	(66, 0.04504228620710583)	(68, 0.04664965260100981)	(70, 0.04987269935292417)	(72, 0.05492481820824651)	(74, 0.06677775970260397)	(76, 0.07048024505132072)	(78, 0.07146406413724471)	(80, 0.0719379600913095)	(82, 0.0723148597974663)	(84, 0.07273332932415508)	(86, 0.07313239960126228)	(88, 0.07345664420141187)	(90, 0.07379474540840547)	(92, 0.07411621868718626)	(94, 0.07443769196596706)	(96, 0.07481182035075506)	(98, 0.07526908837660706)	(100, 0.07594806211196305)	(102, 0.07670463284564544)	(104, 0.07751940132807263)	(106, 0.07848382116441502)	(108, 0.079495353464027)	(110, 0.08072582015177418)	(112, 0.08190363173351417)	(114, 0.08300938895966536)	(116, 0.08446987532102293)	(118, 0.08587216393363573)	(120, 0.0871774562983405)	(122, 0.0886379426596981)	(124, 0.09024530905360206)	(126, 0.09185267544750605)	(128, 0.09344341391319723)	(130, 0.095150547876378)	(132, 0.09697684865841719)	(134, 0.09900822722174756)	(136, 0.10163266855800113)	(138, 0.10453701335250348)
SRR26260945_2 - nextera_transposase_sequence	(1, 0.0016738781067551789)	(2, 0.0017293045341311782)	(3, 0.0017459324623439782)	(4, 0.001751475105081578)	(5, 0.001751475105081578)	(6, 0.0017681030332943777)	(7, 0.0017681030332943777)	(8, 0.0017736456760319777)	(9, 0.0017847309615071775)	(10, 0.0017985875683511775)	(12, 0.0018179868179327772)	(14, 0.0018401573888831768)	(16, 0.0018512426743583768)	(18, 0.0018678706025711765)	(20, 0.0018734132453087765)	(22, 0.0018900411735215763)	(24, 0.001909440423103176)	(26, 0.0019426962795287756)	(28, 0.002028607241961575)	(30, 0.002084033669337574)	(32, 0.0021782585958767726)	(34, 0.0024886465891823684)	(36, 0.0027713213687999656)	(38, 0.0029902557569351624)	(40, 0.0032091901450703596)	(42, 0.003436438497311957)	(44, 0.0036775434563975536)	(46, 0.00404335787707915)	(48, 0.004387001726810344)	(50, 0.004625335364527142)	(52, 0.004858126359506339)	(54, 0.005088146033116737)	(56, 0.005295995135776733)	(58, 0.00555649934444393)	(60, 0.0058031469462671275)	(62, 0.006124620225047923)	(64, 0.006565260322687117)	(66, 0.006983729849375913)	(68, 0.007529680159029505)	(70, 0.008097801039633498)	(72, 0.00874906156130149)	(74, 0.009561058722359881)	(76, 0.010605846878397466)	(78, 0.011658948998541453)	(80, 0.012958698720508637)	(82, 0.014438584331447818)	(84, 0.016178974151054196)	(86, 0.01814661232290217)	(88, 0.020322099597410145)	(90, 0.022575183870244517)	(92, 0.025135884815015684)	(94, 0.02797926053940445)	(96, 0.031163508792155604)	(98, 0.034469695185133965)	(100, 0.037742625721686726)	(102, 0.04162247563800668)	(104, 0.04580439958352582)	(106, 0.05041587834120897)	(108, 0.0559585210788089)	(110, 0.060655910798924836)	(112, 0.06591587875690717)	(114, 0.0713254980688047)	(116, 0.07708153255180222)	(118, 0.08284588099890616)	(120, 0.08881530722730129)	(122, 0.09452145792566041)	(124, 0.10047148490447394)	(126, 0.10658501984404667)	(128, 0.11316136545220898)	(130, 0.1194162377815905)	(132, 0.12538012136724802)	(134, 0.12984194877101596)	(136, 0.13167102087442395)	(138, 0.13176524580096313)
SRR26260945_2 - polya	(1, 0.04337672206445706)	(2, 0.05784301960959287)	(3, 0.06175612538233843)	(4, 0.07303540335335429)	(5, 0.07772447910936382)	(6, 0.08220293444134456)	(7, 0.0873021657599365)	(8, 0.09855927316000196)	(9, 0.11800286388350252)	(10, 0.13992401591071024)	(12, 0.1506518009293349)	(14, 0.1680889549818243)	(16, 0.1974677328124727)	(18, 0.21980458304500045)	(20, 0.24359083435341056)	(22, 0.26823065264341106)	(24, 0.28460084796891244)	(26, 0.30424951647370413)	(28, 0.3187379845897904)	(30, 0.3316495708470294)	(32, 0.3426350887529525)	(34, 0.3558709196103411)	(36, 0.36845548994606175)	(38, 0.37953246145715525)	(40, 0.39368837100898546)	(42, 0.4054664868263853)	(44, 0.4192288687438459)	(46, 0.4360618747379369)	(48, 0.4520246858222247)	(50, 0.4695228089448277)	(52, 0.4853054841401435)	(54, 0.5075785939811889)	(56, 0.525919198799907)	(58, 0.5411614663283069)	(60, 0.5548795071038666)	(62, 0.5674890193319064)	(64, 0.5840615211173302)	(66, 0.6045471286754996)	(68, 0.6256451982561737)	(70, 0.6574128551067278)	(72, 0.6828563565936803)	(74, 0.7004320767146095)	(76, 0.7223088875999166)	(78, 0.7389922422400923)	(80, 0.7509837498028897)	(82, 0.763075024934964)	(84, 0.7833472407477358)	(86, 0.8070448097723443)	(88, 0.8241992890452161)	(90, 0.8449841993112157)	(92, 0.8634827694479555)	(94, 0.8911350140658416)	(96, 0.9101767631908662)	(98, 0.9237867224330428)	(100, 0.9352101091152363)	(102, 0.9473180121755234)	(104, 0.9600217493301023)	(106, 0.972329187528943)	(108, 0.9885608167860044)	(110, 1.002434051558217)	(112, 1.0133613717153953)	(114, 1.0238840789527286)	(116, 1.0366764983911092)	(118, 1.0504499655940451)	(120, 1.0611250955066627)	(122, 1.0695914822883466)	(124, 1.0797095766058353)	(126, 1.091224416893199)	(128, 1.1004307464803527)	(130, 1.1098864949906981)	(132, 1.1212433699600404)	(134, 1.133384528876753)	(136, 1.1445335547434352)	(138, 1.154097384787164)
SRR26260945_2 - polyg	(1, 0.05901251722722646)	(2, 0.0722982318692535)	(3, 0.07491435924140066)	(4, 0.08037386233793659)	(5, 0.08147130559998138)	(6, 0.08333917620255256)	(7, 0.08468049574505174)	(8, 0.08588879186184852)	(9, 0.0871026306213829)	(10, 0.08909521068555008)	(12, 0.09127346928142685)	(14, 0.09323002216779963)	(16, 0.0947653342061148)	(18, 0.09613159564093318)	(20, 0.09738700422099958)	(22, 0.09863132751559076)	(24, 0.09957634810235155)	(26, 0.10048534151131794)	(28, 0.10150518777503632)	(30, 0.10224790190187472)	(32, 0.10394672190094909)	(34, 0.10596978650017308)	(36, 0.10674298516206826)	(38, 0.10738593171962985)	(40, 0.10799007977802824)	(42, 0.10859699915779544)	(44, 0.10934248460600263)	(46, 0.11001314437725221)	(48, 0.110875025322949)	(50, 0.1114958013095602)	(52, 0.1121193486175402)	(54, 0.11288700463669779)	(56, 0.11361309083532337)	(58, 0.11431700646299857)	(60, 0.11525371308565295)	(62, 0.11609065213903054)	(64, 0.11699133158389052)	(66, 0.11815251523741771)	(68, 0.1192416445353561)	(70, 0.12026703344181208)	(72, 0.12140327520302008)	(74, 0.12253951696422807)	(76, 0.12401385993242964)	(78, 0.13242759160810635)	(80, 0.13890416964699184)	(82, 0.14020114804759023)	(84, 0.14161729326704703)	(86, 0.142725821814567)	(88, 0.1440089436083214)	(90, 0.14538629032861497)	(92, 0.14674700912069577)	(94, 0.14806892941361333)	(96, 0.14926614024493493)	(98, 0.15054926203868932)	(100, 0.15202360500689088)	(102, 0.15329287019380128)	(104, 0.15479492637569087)	(106, 0.15635795162769403)	(108, 0.15813436862509483)	(110, 0.16009923547557398)	(112, 0.16320034408726114)	(114, 0.1689619212129963)	(116, 0.17332952369022503)	(118, 0.17628375226936577)	(120, 0.17908278685185375)	(122, 0.18193447654034892)	(124, 0.18550948110610088)	(126, 0.18949186991306644)	(128, 0.19311121562071917)	(130, 0.19616798309050554)	(132, 0.19925800641671748)	(134, 0.20223163424543986)	(136, 0.20556553385210624)	(138, 0.20936501544873098)
SRR26260946_1 - nextera_transposase_sequence	(1, 0.011802508665114966)	(2, 0.011845116999646067)	(3, 0.011845116999646067)	(4, 0.011873522556000134)	(5, 0.011873522556000134)	(6, 0.011880623945088651)	(7, 0.011880623945088651)	(8, 0.011887725334177167)	(9, 0.011887725334177167)	(10, 0.011891276028721426)	(12, 0.011898377417809943)	(14, 0.011916130890531236)	(16, 0.011948087141429562)	(18, 0.011980043392327886)	(20, 0.01201199964322621)	(22, 0.012051057283213054)	(24, 0.012122071174098224)	(26, 0.01230670729039966)	(28, 0.012725689246622153)	(30, 0.013183728842831487)	(32, 0.013624014966319532)	(34, 0.014273792067918822)	(36, 0.014760237220482225)	(38, 0.015221827511235818)	(40, 0.015757982387418837)	(42, 0.016443266434460712)	(44, 0.01704688450698464)	(46, 0.017636299801331537)	(48, 0.018310931764740638)	(50, 0.01903882414631361)	(52, 0.02009338042595836)	(54, 0.021158588789235884)	(56, 0.021925538810795703)	(58, 0.02251140341059834)	(60, 0.023203788846728732)	(62, 0.024151824290045726)	(64, 0.025028845842477554)	(66, 0.025920070173086417)	(68, 0.026992379925452458)	(70, 0.028277731350474004)	(72, 0.029637647360924974)	(74, 0.03105792517862834)	(76, 0.03287943147983291)	(78, 0.034942385010047046)	(80, 0.03744207396920497)	(82, 0.04047436711000165)	(84, 0.04370549914527681)	(86, 0.04770713189665604)	(88, 0.052220064662408486)	(90, 0.05854385164573272)	(92, 0.06470075598547681)	(94, 0.07205424438663599)	(96, 0.07989772863490283)	(98, 0.08889163791550939)	(100, 0.09855662846498078)	(102, 0.1091163940396053)	(104, 0.12117100201736261)	(106, 0.13397480654395844)	(108, 0.14755266248120263)	(110, 0.16205369899995398)	(112, 0.17771581263467784)	(114, 0.1939247332292175)	(116, 0.21195160943041746)	(118, 0.23054659675869876)	(120, 0.24882912296708534)	(122, 0.2674276609899109)	(124, 0.2863919205507951)	(126, 0.3065314600058288)	(128, 0.3266248404317872)	(130, 0.34645191876692616)	(132, 0.36751108810892286)	(134, 0.37988525859566336)	(136, 0.3843520323323405)	(138, 0.38461123303407135)
SRR26260946_1 - polya	(1, 0.01662435185621789)	(2, 0.04184138450954114)	(3, 0.053409547334735054)	(4, 0.08146713562346504)	(5, 0.09128125534379529)	(6, 0.10090363755873559)	(7, 0.11336657540908263)	(8, 0.13263264400622876)	(9, 0.16938233253930335)	(10, 0.20661846622494134)	(12, 0.22450686533891523)	(14, 0.24384394782694652)	(16, 0.2630993643404599)	(18, 0.2797379189748548)	(20, 0.2992170292446565)	(22, 0.3255454292903326)	(24, 0.3507482591654788)	(26, 0.3822216156057854)	(28, 0.40783277535352136)	(30, 0.42904817525546535)	(32, 0.44790236328547756)	(34, 0.4703001444706596)	(36, 0.4882240505300761)	(38, 0.5041879732010619)	(40, 0.5222219507913504)	(42, 0.5387255790330635)	(44, 0.5543912433623316)	(46, 0.5724323223417086)	(48, 0.5859178602208021)	(50, 0.5986115932165259)	(52, 0.6121503915137831)	(54, 0.6289203218463157)	(56, 0.6446889563173673)	(58, 0.6599178852176917)	(60, 0.6735845085185423)	(62, 0.6880535887863953)	(64, 0.7040743225700893)	(66, 0.7218633022368239)	(68, 0.7394498923145358)	(70, 0.759965805391261)	(72, 0.7822606164346595)	(74, 0.8028475434022698)	(76, 0.8344380727625369)	(78, 0.8598219880594403)	(80, 0.876648729504681)	(82, 0.8934825723390101)	(84, 0.915507530597045)	(86, 0.9388604486146326)	(88, 0.9562588518814988)	(90, 0.9763096239729261)	(92, 0.9942583848941524)	(94, 1.0196884592201312)	(96, 1.041560737612763)	(98, 1.0613097006679282)	(100, 1.0814563415120504)	(102, 1.1031688386501908)	(104, 1.1241640954903906)	(106, 1.1450208752433646)	(108, 1.1737779503573136)	(110, 1.1948051634484118)	(112, 1.211159662519266)	(114, 1.2261577962742136)	(116, 1.241926430745265)	(118, 1.2589449096958958)	(120, 1.2730447177311461)	(122, 1.2852910632142933)	(124, 1.2992452927732288)	(126, 1.316246018251138)	(128, 1.3306405339335616)	(130, 1.3475560427424087)	(132, 1.3656574835290383)	(134, 1.3835920416720873)	(136, 1.4004471886736822)	(138, 1.4154346703449967)
SRR26260946_1 - polyg	(1, 0.0)	(2, 0.014742483747760932)	(3, 0.018108542175717907)	(4, 0.020743157527557652)	(5, 0.021013010312921288)	(6, 0.021787061723569624)	(7, 0.022277057570677286)	(8, 0.022873574254112697)	(9, 0.02412341873369166)	(10, 0.024769645140746692)	(12, 0.025955577118529)	(14, 0.027404260492586433)	(16, 0.029953659175363974)	(18, 0.03202726478921089)	(20, 0.03452340305382455)	(22, 0.0361673746278162)	(24, 0.03922452263042269)	(26, 0.043112533156385656)	(28, 0.05164485214623862)	(30, 0.06289700315699354)	(32, 0.0773802862030236)	(34, 0.08676122118895432)	(36, 0.09134516784559193)	(38, 0.09650077632385516)	(40, 0.09939104168288151)	(42, 0.10235232093279302)	(44, 0.1049656321173672)	(46, 0.10586395783706459)	(48, 0.10675163147312919)	(50, 0.10769611622190194)	(52, 0.10849857318890434)	(54, 0.10943240585404429)	(56, 0.1102171093483254)	(58, 0.11084558228265914)	(60, 0.111626735082396)	(62, 0.11234752607488047)	(64, 0.11304701290009936)	(66, 0.11521648726664126)	(68, 0.11768777066944511)	(70, 0.12135563813366405)	(72, 0.12677399800820238)	(74, 0.1417934359304155)	(76, 0.14726150552857342)	(78, 0.14897649099345023)	(80, 0.15008430769125886)	(82, 0.1510785021636512)	(84, 0.15200878413424695)	(86, 0.1529248633266656)	(88, 0.15402202794084147)	(90, 0.15498781685687973)	(92, 0.1558364328529575)	(94, 0.15652171689999939)	(96, 0.15715729122342165)	(98, 0.15782127110319794)	(100, 0.15872669821198385)	(102, 0.15996233991338576)	(104, 0.16129385036748267)	(106, 0.1630336906941693)	(108, 0.16452498240275784)	(110, 0.16587069563503176)	(112, 0.16734423387089903)	(114, 0.16920124711754617)	(116, 0.1716299221858189)	(118, 0.17419707434131776)	(120, 0.17687074733314434)	(122, 0.1802545592338226)	(124, 0.18379105099990398)	(126, 0.18719261637330353)	(128, 0.19044860327038854)	(130, 0.19295539361863495)	(132, 0.195607762443196)	(134, 0.19824592848958)	(136, 0.20089474661959678)	(138, 0.20349030433144966)
SRR26260946_2 - nextera_transposase_sequence	(1, 0.0021446195047320816)	(2, 0.0021872278392631827)	(3, 0.0021872278392631827)	(4, 0.0021872278392631827)	(5, 0.0021872278392631827)	(6, 0.0021943292283516996)	(7, 0.0021943292283516996)	(8, 0.0022014306174402165)	(9, 0.0022014306174402165)	(10, 0.002212082701072991)	(12, 0.002226285479250025)	(14, 0.0022298361737942834)	(16, 0.0022298361737942834)	(18, 0.002244038951971317)	(20, 0.0022653431192368677)	(22, 0.0022759952028696432)	(24, 0.0023292556210335194)	(26, 0.002403820206462946)	(28, 0.0024428778464497883)	(30, 0.0024961382646136645)	(32, 0.0026168618791184506)	(34, 0.0029080188317476404)	(36, 0.0031991757843768303)	(38, 0.003437072318842144)	(40, 0.003678519547851716)	(42, 0.003870257053241671)	(44, 0.004133008449516792)	(46, 0.00452003415484096)	(48, 0.004917711943797903)	(50, 0.00521597028551561)	(52, 0.005503576543600541)	(54, 0.00575212516169863)	(56, 0.006068136976137628)	(58, 0.006327337677868493)	(60, 0.006622045325041941)	(62, 0.007001969641277591)	(64, 0.007381893957513241)	(66, 0.007736963411939082)	(68, 0.008095583560909184)	(70, 0.008521666906220192)	(72, 0.009072024560580247)	(74, 0.009686294716736953)	(76, 0.010378680152867342)	(78, 0.010992950309024047)	(80, 0.011859319777823101)	(82, 0.012683080912091053)	(84, 0.013624014966319532)	(86, 0.014738933053216673)	(88, 0.015903560863733436)	(90, 0.017441011601397327)	(92, 0.018942955393618635)	(94, 0.020814171418442818)	(96, 0.022909081199555283)	(98, 0.025348408351460815)	(100, 0.02792621259059242)	(102, 0.03079872447689748)	(104, 0.0341612322103102)	(106, 0.0376870718927588)	(108, 0.04230297480029474)	(110, 0.04660286589339167)	(112, 0.05111579865914412)	(114, 0.05553286267220158)	(116, 0.06079499198679256)	(118, 0.06633762617037994)	(120, 0.07257974717918622)	(122, 0.07852005915173055)	(124, 0.08463790585148781)	(126, 0.09095104075117925)	(128, 0.09765120135619489)	(130, 0.1043513619612105)	(132, 0.1111402899298326)	(134, 0.11679654633883624)	(136, 0.1189269630653913)	(138, 0.1190121797344535)
SRR26260946_2 - polya	(1, 0.036557951027684624)	(2, 0.047068006878689526)	(3, 0.05071101948109866)	(4, 0.05994992668525905)	(5, 0.06412554346930695)	(6, 0.06832246442062039)	(7, 0.07278923815729747)	(8, 0.08323538150650572)	(9, 0.10066929171881453)	(10, 0.11870326930910302)	(12, 0.1282404348549811)	(14, 0.14403037349329828)	(16, 0.17199564372387754)	(18, 0.1914818553827677)	(20, 0.21075502536900237)	(22, 0.23087326065677055)	(24, 0.24561219370998721)	(26, 0.2633088553185712)	(28, 0.2760700515106359)	(30, 0.2876169101685643)	(32, 0.2975837097542976)	(34, 0.3090062941031769)	(36, 0.31936367008877875)	(38, 0.3295257578744463)	(40, 0.3427414429681761)	(42, 0.35313077520467623)	(44, 0.3649723415097781)	(46, 0.37892657106871364)	(48, 0.3922310235260499)	(50, 0.40677466837933235)	(52, 0.42028151042569134)	(54, 0.4398458373645552)	(56, 0.4553801259956858)	(58, 0.4684821888639993)	(60, 0.4817333809031717)	(62, 0.49384835068818145)	(64, 0.5092832198720727)	(66, 0.5279279169239737)	(68, 0.5465406577249763)	(70, 0.5722334834472302)	(72, 0.5934950423782495)	(74, 0.6083724525186922)	(76, 0.6265413565016626)	(78, 0.640452977726067)	(80, 0.6506825287080755)	(82, 0.661228091504523)	(84, 0.6793898940984049)	(86, 0.7004277592731358)	(88, 0.7149891575991396)	(90, 0.733406610200208)	(92, 0.7494344453729904)	(94, 0.7729542460341583)	(96, 0.7886944749488558)	(98, 0.8011929197446455)	(100, 0.812192971442758)	(102, 0.8232995439771983)	(104, 0.8361814637837679)	(106, 0.8481153481470203)	(108, 0.8632661617673709)	(110, 0.8768440177046152)	(112, 0.8880251548244849)	(114, 0.8985600655372996)	(116, 0.9113354645075413)	(118, 0.9249097697502413)	(120, 0.9360376464519471)	(122, 0.9459795911758707)	(124, 0.9572175394084486)	(126, 0.9697621432333137)	(128, 0.9802189386661546)	(130, 0.9922841987275447)	(132, 1.0061922692574048)	(134, 1.0212472141250606)	(136, 1.0352618054912486)	(138, 1.0474513398616878)
SRR26260946_2 - polyg	(1, 0.06170396979012271)	(2, 0.07157490062316109)	(3, 0.07379763540786687)	(4, 0.08008946614029278)	(5, 0.08133931061987174)	(6, 0.0827240814921325)	(7, 0.08420827181163253)	(8, 0.08538710240032632)	(9, 0.08685708994164931)	(10, 0.08845845318110984)	(12, 0.09031546642775701)	(14, 0.09216537828531562)	(16, 0.09355725054666493)	(18, 0.09459050265904413)	(20, 0.0956947686623085)	(22, 0.0967280207746877)	(24, 0.0976831576070932)	(26, 0.09858148332679059)	(28, 0.09952241738101907)	(30, 0.10033197573710999)	(32, 0.10152500910398081)	(34, 0.10293108414350714)	(36, 0.10381875777957175)	(38, 0.10468157655382654)	(40, 0.10557280088443541)	(42, 0.10659185021863757)	(44, 0.10748662524379068)	(46, 0.10836719749076677)	(48, 0.10936494265770338)	(50, 0.11033073157374168)	(52, 0.11122905729343904)	(54, 0.11209897745678236)	(56, 0.11312512818007306)	(58, 0.11420809001607186)	(60, 0.11547568796837211)	(62, 0.11695987828787213)	(64, 0.11861805264004081)	(66, 0.12084433811929084)	(68, 0.12288598748223942)	(70, 0.12461872641983754)	(72, 0.12618103201931125)	(74, 0.1277646417860505)	(76, 0.12965361128359598)	(78, 0.14183959495949083)	(80, 0.15218631886145984)	(82, 0.15447296614796227)	(84, 0.15700106066347425)	(86, 0.1591314773900293)	(88, 0.16112341702935828)	(90, 0.16339586153768365)	(92, 0.16553337965332723)	(94, 0.16777031721621002)	(96, 0.1695740700446933)	(98, 0.17156245898947803)	(100, 0.1736715715487675)	(102, 0.17572387299534886)	(104, 0.17806378070001516)	(106, 0.18057057104826163)	(108, 0.1833117072364291)	(110, 0.18600668439552126)	(112, 0.18940469907437654)	(114, 0.19469168325077732)	(116, 0.19853353474766494)	(118, 0.20242509596817215)	(120, 0.2065083946940693)	(122, 0.21089705315077273)	(124, 0.2158325185672919)	(126, 0.22122602358002044)	(128, 0.22686097582175854)	(130, 0.23181419471099904)	(132, 0.23656857470576104)	(134, 0.24210765819480418)	(136, 0.24778521877107337)	(138, 0.2539669779726273)
SRR26260947_1 - nextera_transposase_sequence	(1, 0.010262221799157012)	(2, 0.010304693487927449)	(3, 0.010304693487927449)	(4, 0.010325929332312668)	(5, 0.010336547254505278)	(6, 0.010352474137794191)	(7, 0.010352474137794191)	(8, 0.010357783098890495)	(9, 0.010368401021083105)	(10, 0.010379018943275715)	(12, 0.010394945826564628)	(14, 0.010424145112594305)	(16, 0.010445380956979524)	(18, 0.010471925762461047)	(20, 0.010493161606846265)	(22, 0.010522360892875941)	(24, 0.010575450503838988)	(26, 0.01070021108960215)	(28, 0.010909915052906186)	(30, 0.011122273496758374)	(32, 0.01131870505732165)	(34, 0.011597425514877647)	(36, 0.011947816947233757)	(38, 0.012261045651915735)	(40, 0.01251322130399021)	(42, 0.012831758969768493)	(44, 0.01305473533581329)	(46, 0.013320183390628525)	(48, 0.01367322930353279)	(50, 0.014005039372051834)	(52, 0.014323577037830118)	(54, 0.014705822236764057)	(56, 0.015011087499801578)	(58, 0.015435804387505955)	(60, 0.015905647444528923)	(62, 0.016409998748677868)	(64, 0.01697009414433802)	(66, 0.017628405320279802)	(68, 0.018382277795955068)	(70, 0.01926887429903796)	(72, 0.020415609895839775)	(74, 0.021740195689367803)	(76, 0.02344171772073346)	(78, 0.025233492090736304)	(80, 0.02758536185639929)	(82, 0.03039911123744079)	(84, 0.03369597607824602)	(86, 0.03740163092346671)	(88, 0.0415585474618733)	(90, 0.04714622901573401)	(92, 0.052863980116454184)	(94, 0.05973908473616879)	(96, 0.0675273306644478)	(98, 0.07608272147114285)	(100, 0.08600782424068451)	(102, 0.0967451980579608)	(104, 0.10841694902818672)	(106, 0.1210867846845179)	(108, 0.1351104054204068)	(110, 0.14964103194099282)	(112, 0.16535024782495844)	(114, 0.18234423229422986)	(116, 0.20010536164191728)	(118, 0.2179142716394714)	(120, 0.2363629114491303)	(122, 0.2554592445125384)	(124, 0.27517672602421406)	(126, 0.294827845522186)	(128, 0.31531778087337403)	(130, 0.33645806395885935)	(132, 0.35840530913098306)	(134, 0.3702044751675203)	(136, 0.37475956378814973)	(138, 0.3751152641816021)
SRR26260947_1 - polya	(1, 0.01642061667087048)	(2, 0.044032523332751296)	(3, 0.056513890870163674)	(4, 0.08663693613059661)	(5, 0.09704249987935386)	(6, 0.10690124063519171)	(7, 0.11835797868101729)	(8, 0.13833559928641193)	(9, 0.17583279150961212)	(10, 0.2142537429635693)	(12, 0.23323858784395496)	(14, 0.2533436235156609)	(16, 0.2725540992426395)	(18, 0.28893224422473957)	(20, 0.30915142256001604)	(22, 0.3347512329663974)	(24, 0.35965556946916283)	(26, 0.39196325222072514)	(28, 0.41925396673627957)	(30, 0.4417321080180337)	(32, 0.46136995511326484)	(34, 0.48430732152984934)	(36, 0.5026099649093598)	(38, 0.5186908080700668)	(40, 0.5368262191750437)	(42, 0.5534777756536035)	(44, 0.5695081836838956)	(46, 0.5875055618003686)	(48, 0.601975135268347)	(50, 0.6154200792447386)	(52, 0.6296693308272205)	(54, 0.6469924708844628)	(56, 0.6633759248276592)	(58, 0.6786763507072093)	(60, 0.693129997291899)	(62, 0.7081463937527968)	(64, 0.7243387250965262)	(66, 0.7411522048885233)	(68, 0.7590434037830701)	(70, 0.7792254193906725)	(72, 0.8016584345031081)	(74, 0.8215272214060284)	(76, 0.8520351663459435)	(78, 0.8769660476541904)	(80, 0.8933495015973868)	(82, 0.9096904838518127)	(84, 0.9318527419483367)	(86, 0.955119263952892)	(88, 0.9731113331082688)	(90, 0.9928155422172037)	(92, 1.0104227116930984)	(94, 1.0355181707953307)	(96, 1.0577945715554253)	(98, 1.0779181885909683)	(100, 1.0979860615350001)	(102, 1.1214118523724448)	(104, 1.1429954337094714)	(106, 1.1642206601724978)	(108, 1.195113504791895)	(110, 1.2175173206183008)	(112, 1.234107824044253)	(114, 1.2492463266103657)	(116, 1.2658447934779624)	(118, 1.2832953486015162)	(120, 1.2971172288157455)	(122, 1.3090730092046237)	(124, 1.3237549411164542)	(126, 1.340873686171489)	(128, 1.3554096216531712)	(130, 1.3713683587086631)	(132, 1.389309992733625)	(134, 1.4074215135136685)	(136, 1.4245986571407623)	(138, 1.4396389439265935)
SRR26260947_1 - polyg	(1, 0.0)	(2, 0.008589899053821027)	(3, 0.01073471933672813)	(4, 0.013293638585147002)	(5, 0.013521923912288106)	(6, 0.014185544049326194)	(7, 0.014599643014837963)	(8, 0.015220791463105614)	(9, 0.016224185110307203)	(10, 0.016845333558574857)	(12, 0.017723966620013284)	(14, 0.01911225994669697)	(16, 0.021280970554537443)	(18, 0.02303027323576985)	(20, 0.025137930791002818)	(22, 0.02660320405358292)	(24, 0.02918601362693516)	(26, 0.032310337232110485)	(28, 0.03868639950877245)	(30, 0.04701085050777824)	(32, 0.05805348958809205)	(34, 0.0660461305185788)	(36, 0.07023224634301506)	(38, 0.07488820522447429)	(40, 0.07792758545210873)	(42, 0.0810837628238619)	(44, 0.08389485772435523)	(46, 0.08489825137155682)	(48, 0.08575564858861004)	(50, 0.08697670964076012)	(52, 0.08805442874330999)	(54, 0.08930468908148974)	(56, 0.0902868468843061)	(58, 0.0909610849435368)	(60, 0.0917415022246936)	(62, 0.09255377327242822)	(64, 0.09339524360619253)	(66, 0.09464550394437228)	(68, 0.09643462383382698)	(70, 0.09849184625864504)	(72, 0.10225589967592508)	(74, 0.11185715581859215)	(76, 0.11842168621417294)	(78, 0.12123012663411814)	(80, 0.12284670528794292)	(82, 0.12415270971763388)	(84, 0.12544013278348778)	(86, 0.12647803467781535)	(88, 0.1276274247551653)	(90, 0.12886972165170063)	(92, 0.1297616271158798)	(94, 0.13046771894168835)	(96, 0.1312932623921637)	(98, 0.13211615136209093)	(100, 0.13290718656544037)	(102, 0.13393181605702714)	(104, 0.1350307710039622)	(106, 0.13634739335584578)	(108, 0.13749147447209947)	(110, 0.1389832925401611)	(112, 0.140671542168786)	(114, 0.14235448283631458)	(116, 0.14453115688579954)	(118, 0.1465936882717139)	(120, 0.14860843900776155)	(122, 0.15092049156520226)	(124, 0.15348737425526557)	(126, 0.15578084544886922)	(128, 0.157798250665465)	(130, 0.15965107808807533)	(132, 0.161543722718908)	(134, 0.16361156306591867)	(136, 0.16559446003538847)	(138, 0.16769149966842883)
SRR26260947_2 - nextera_transposase_sequence	(1, 0.0021819830105812375)	(2, 0.002203218854966456)	(3, 0.002208527816062761)	(4, 0.00222976366044798)	(5, 0.00222976366044798)	(6, 0.002245690543736894)	(7, 0.002261617427025808)	(8, 0.002266926388122113)	(9, 0.0022722353492184173)	(10, 0.002282853271411027)	(12, 0.002317361518537007)	(14, 0.002349215285114836)	(16, 0.0023518697656629882)	(18, 0.002359833207307445)	(20, 0.00236514216840375)	(22, 0.0023784145711445116)	(24, 0.0024129228182704922)	(26, 0.002436813143203863)	(28, 0.002468666909781692)	(30, 0.0025058296374558245)	(32, 0.002564228209515177)	(34, 0.0026544805481523567)	(36, 0.0027818956144636696)	(38, 0.002922583083515745)	(40, 0.0029809816555750965)	(42, 0.003057961591471515)	(44, 0.0031588318523013046)	(46, 0.0033419910101238175)	(48, 0.0035145322457537202)	(50, 0.0036313293898724243)	(52, 0.0037321996507022137)	(54, 0.00384103335317646)	(56, 0.003968448419487774)	(58, 0.004119753810732457)	(60, 0.004294949526910513)	(62, 0.00445952732089596)	(64, 0.0046241051148814055)	(66, 0.0048603538836669655)	(68, 0.005085984730259915)	(70, 0.005332851421238085)	(72, 0.0057018242174312625)	(74, 0.006060179091431831)	(76, 0.006413225004336094)	(78, 0.0069414666334184135)	(80, 0.007451126898663665)	(82, 0.008093511191316537)	(84, 0.008937636005628986)	(86, 0.009818923547615568)	(88, 0.010851516480846833)	(90, 0.012133630585604422)	(92, 0.013644030017503115)	(94, 0.015268572112972357)	(96, 0.017126708496679008)	(98, 0.019377708001512204)	(100, 0.021761431533753022)	(102, 0.02454598162876484)	(104, 0.027683577636680928)	(106, 0.03108662169941225)	(108, 0.03473122349202543)	(110, 0.038341317037512646)	(112, 0.04245841636769694)	(114, 0.04684096375269649)	(116, 0.05149692263415572)	(118, 0.056513890870163674)	(120, 0.06167685553632001)	(122, 0.06734151702607713)	(124, 0.07300617851583427)	(126, 0.07881949091628793)	(128, 0.08481861695511225)	(130, 0.09102744695724062)	(132, 0.09738227338951735)	(134, 0.10242578643100683)	(136, 0.1045626432722695)	(138, 0.10466616801364743)
SRR26260947_2 - polya	(1, 0.035076305963285245)	(2, 0.045949058288517294)	(3, 0.04927246793480405)	(4, 0.05838264517606293)	(5, 0.062396219764869296)	(6, 0.06664869760300937)	(7, 0.07124625791240925)	(8, 0.0813173571120993)	(9, 0.09812021898190372)	(10, 0.11625297560633246)	(12, 0.1256949629161104)	(14, 0.14132454438363146)	(16, 0.1689523779288012)	(18, 0.18766381131272716)	(20, 0.20686366911751317)	(22, 0.22731113277993076)	(24, 0.24152056715419035)	(26, 0.2583552827905726)	(28, 0.2712295134491115)	(30, 0.28255087298698134)	(32, 0.29229281659870043)	(34, 0.30389024211357807)	(36, 0.31445242021467634)	(38, 0.3240881846044694)	(40, 0.3372039729928902)	(42, 0.3474768127142398)	(44, 0.3594060482976365)	(46, 0.37367122676340725)	(48, 0.3872011141173398)	(50, 0.40185384674314084)	(52, 0.4156067104631182)	(54, 0.43601701139786164)	(56, 0.4515138688379752)	(58, 0.4643243919633584)	(60, 0.4768216863840597)	(62, 0.4881828631301518)	(64, 0.5033718008266795)	(66, 0.5212046011491671)	(68, 0.5390347469911065)	(70, 0.5643744183037689)	(72, 0.5855040834670617)	(74, 0.6001780519372478)	(76, 0.6174135941364012)	(78, 0.6311133682454154)	(80, 0.641699436671447)	(82, 0.653023450689865)	(84, 0.6723878862886364)	(86, 0.6942926597719896)	(88, 0.7093010927912431)	(90, 0.7269560429170044)	(92, 0.7431032480914153)	(94, 0.7666856532812008)	(96, 0.782737297155878)	(98, 0.7948788911831269)	(100, 0.8056321918836922)	(102, 0.8179436726660227)	(104, 0.8305391828670057)	(106, 0.8424365646838246)	(108, 0.8580900364762789)	(110, 0.8713544757753964)	(112, 0.8826174367412067)	(114, 0.8933840098445127)	(116, 0.9067811731710377)	(118, 0.9204066218247038)	(120, 0.9314811146715953)	(122, 0.940673580809847)	(124, 0.9512702671580713)	(126, 0.963775525020417)	(128, 0.9744836995516635)	(130, 0.9867659810479645)	(132, 1.000991342305513)	(134, 1.0161086090272407)	(136, 1.0296411508617214)	(138, 1.0412332674155027)
SRR26260947_2 - polyg	(1, 0.05052538275353196)	(2, 0.057161584123912854)	(3, 0.05896132193556015)	(4, 0.06563999499471147)	(5, 0.06665931552520199)	(6, 0.06816706047655252)	(7, 0.06965887854461415)	(8, 0.07093833816882358)	(9, 0.07283894624130068)	(10, 0.07520674289025257)	(12, 0.07784795103566416)	(14, 0.07973794118594865)	(16, 0.08219068121244143)	(18, 0.08332414440650249)	(20, 0.08442044487288941)	(22, 0.08539729371460947)	(24, 0.08640865080345553)	(26, 0.0872341942539309)	(28, 0.0882428968622288)	(30, 0.08908171271544493)	(32, 0.09022844831224676)	(34, 0.09173353878304914)	(36, 0.09260951736393942)	(38, 0.09349080490592601)	(40, 0.09434023868133476)	(42, 0.09531708752305482)	(44, 0.09628331844258228)	(46, 0.0972070776733393)	(48, 0.09827683333424471)	(50, 0.09919793808445357)	(52, 0.10034201920070723)	(54, 0.10140381141996818)	(56, 0.10251869325019217)	(58, 0.10360437579438649)	(60, 0.10510150282354441)	(62, 0.10685080550477682)	(64, 0.10920532975098796)	(66, 0.11207482322354065)	(68, 0.11440545714481842)	(70, 0.11675732691048141)	(72, 0.11918086765094452)	(74, 0.12191498261554144)	(76, 0.12533660804210983)	(78, 0.13610052666486763)	(80, 0.14735817866958179)	(82, 0.1511620492950841)	(84, 0.1545173127079487)	(86, 0.1569355444873155)	(88, 0.15940155691654903)	(90, 0.1623613027277389)	(92, 0.16485916892355026)	(94, 0.16756939356321382)	(96, 0.17043092359412204)	(98, 0.17281464712636288)	(100, 0.175238187866826)	(102, 0.17769092789331875)	(104, 0.18040646149407863)	(106, 0.1831538488614163)	(108, 0.18598352512574673)	(110, 0.18861411534896572)	(112, 0.19178356512345962)	(114, 0.19658286595451907)	(116, 0.20003369066711715)	(118, 0.20304652608927007)	(120, 0.2062876468385641)	(122, 0.20954469447114704)	(124, 0.21328751204404187)	(126, 0.21740461137422618)	(128, 0.2216039996014032)	(130, 0.22523798347182378)	(132, 0.22892771143375557)	(134, 0.2331085182970955)	(136, 0.23734772373249485)	(138, 0.24232222027973233)
SRR26260948_1 - nextera_transposase_sequence	(1, 0.015239300118026393)	(2, 0.015332274217470814)	(3, 0.015336500312900106)	(4, 0.015340726408329397)	(5, 0.015340726408329397)	(6, 0.01534495250375869)	(7, 0.01534917859918798)	(8, 0.015353404694617273)	(9, 0.015366082980905148)	(10, 0.015370309076334441)	(12, 0.01540623088748342)	(14, 0.015425248316915234)	(16, 0.015440039650917756)	(18, 0.0154696223189228)	(20, 0.01549920498692784)	(22, 0.015564709466081865)	(24, 0.015710509758392433)	(26, 0.01595562329329136)	(28, 0.016435285124515985)	(30, 0.016938190480601717)	(32, 0.017597461367571243)	(34, 0.018455358739717487)	(36, 0.019146325342406706)	(38, 0.019830952801951983)	(40, 0.020477545402633635)	(42, 0.021400947253933905)	(44, 0.022288427294085193)	(46, 0.023114628950511747)	(48, 0.024025352515524137)	(50, 0.024898041221672905)	(52, 0.02573480811667269)	(54, 0.026413096433074032)	(56, 0.027186471896634437)	(58, 0.02792815164447516)	(60, 0.028969884167795598)	(62, 0.030024294977403915)	(64, 0.031402002087353054)	(66, 0.03272265690900676)	(68, 0.03446592127358964)	(70, 0.03639724688477601)	(72, 0.03863919051001534)	(74, 0.0410945519544339)	(76, 0.04408874056608717)	(78, 0.04745059948008884)	(80, 0.05149708585363578)	(82, 0.056092964632990655)	(84, 0.06121076619786308)	(86, 0.0672900044728994)	(88, 0.07384045238830175)	(90, 0.0822440431494486)	(92, 0.09063495562430755)	(94, 0.09998730480933041)	(96, 0.1106434044342898)	(98, 0.12227995819884489)	(100, 0.13490330524613964)	(102, 0.14876067215878758)	(104, 0.16428312067057654)	(106, 0.18055781416877942)	(108, 0.1976735006574114)	(110, 0.21609505063369455)	(112, 0.2351737584492326)	(114, 0.2552963118358057)	(116, 0.2768832072886285)	(118, 0.2989603298112491)	(120, 0.32120438310332666)	(122, 0.343754828314028)	(124, 0.3669666574594134)	(126, 0.3909497490206446)	(128, 0.41477436200327744)	(130, 0.4389772105268318)	(132, 0.46349279011215383)	(134, 0.47749595731711236)	(136, 0.4829962205183357)	(138, 0.4833976995841184)
SRR26260948_1 - polya	(1, 0.019389325829590985)	(2, 0.04934811632784088)	(3, 0.06261805597581727)	(4, 0.09409401473318293)	(5, 0.10445217463037725)	(6, 0.11397356763257177)	(7, 0.12518962490191232)	(8, 0.14650605024726038)	(9, 0.18602004251113916)	(10, 0.22418802338078844)	(12, 0.24189958932495056)	(14, 0.26143682849456673)	(16, 0.2814368251136904)	(18, 0.2984468592165901)	(20, 0.31900681348009496)	(22, 0.34617215489958286)	(24, 0.37255144256922257)	(26, 0.4059481616992014)	(28, 0.4343918969860502)	(30, 0.45722971668594325)	(32, 0.4765767815612414)	(34, 0.49948010574028856)	(36, 0.5184637264086676)	(38, 0.534131975212767)	(40, 0.553138839406007)	(42, 0.5700622385526062)	(44, 0.5868525156931828)	(46, 0.6059734844630137)	(48, 0.6210754364795881)	(50, 0.6353765434123118)	(52, 0.6502122514168407)	(54, 0.6684098183353715)	(56, 0.6849739993704809)	(58, 0.7006295698882925)	(60, 0.7149581464413064)	(62, 0.7297051064418203)	(64, 0.7463305658606545)	(66, 0.7637463051247662)	(68, 0.781590993074951)	(70, 0.8017536943681024)	(72, 0.8238582865110133)	(74, 0.8433300212014756)	(76, 0.8710363028359129)	(78, 0.8943157495081671)	(80, 0.9099797722168372)	(82, 0.9265080314407976)	(84, 0.9477103522095549)	(86, 0.969050021079764)	(88, 0.9860325855623733)	(90, 1.0053331633879492)	(92, 1.0224065889222882)	(94, 1.046028349324315)	(96, 1.0682554982346755)	(98, 1.0880737727503396)	(100, 1.1072179850450317)	(102, 1.1285851235355313)	(104, 1.1490161818884426)	(106, 1.1684900296266194)	(108, 1.1957251016206907)	(110, 1.21610967292388)	(112, 1.2312285293221716)	(114, 1.2448640262247817)	(116, 1.259714525563313)	(118, 1.2753045916019707)	(120, 1.2881138868481543)	(122, 1.2996764839426969)	(124, 1.312219535176835)	(126, 1.3278370708357832)	(128, 1.3407372271336964)	(130, 1.3552855606490335)	(132, 1.3720314637876025)	(134, 1.3890795327493657)	(136, 1.4047160858377457)	(138, 1.4180620952034493)
SRR26260948_1 - polyg	(1, 0.0)	(2, 0.01853142845744474)	(3, 0.023057576662216306)	(4, 0.031391436848779826)	(5, 0.031788689819133256)	(6, 0.03365239790345096)	(7, 0.0346159476613295)	(8, 0.03530057512087478)	(9, 0.03677125633026834)	(10, 0.037635492845558526)	(12, 0.03873216460945976)	(14, 0.039756992751063036)	(16, 0.041132586813297525)	(18, 0.04217009324118867)	(20, 0.043216051859938404)	(22, 0.044693072212475905)	(24, 0.04617220561272806)	(26, 0.04743580814608631)	(28, 0.04904806355236115)	(30, 0.05059692752719662)	(32, 0.051917582348850314)	(34, 0.052807175436716244)	(36, 0.053426298417107505)	(38, 0.0541299433060846)	(40, 0.0546962400936097)	(42, 0.055099832207107076)	(44, 0.055594285372334226)	(46, 0.05587320767066749)	(48, 0.056126773396424995)	(50, 0.056416260933331484)	(52, 0.056695183231664746)	(54, 0.05697410552999801)	(56, 0.05729951487805348)	(58, 0.05762492422610895)	(60, 0.0580137250056038)	(62, 0.05843844759624763)	(64, 0.05900685743148738)	(66, 0.060297929585136044)	(68, 0.06194399375484522)	(70, 0.06502059122736968)	(72, 0.0709941771166737)	(74, 0.08828524656562128)	(76, 0.09569993099631383)	(78, 0.09733120383202049)	(80, 0.09811091843872483)	(82, 0.0987448327531186)	(84, 0.09920336410719677)	(86, 0.0996787998429921)	(88, 0.10015846167421673)	(90, 0.10059374950343378)	(92, 0.10094028932863572)	(94, 0.10131852486955734)	(96, 0.10167774298104715)	(98, 0.1022186831959965)	(100, 0.10302375437527661)	(102, 0.10398307803772584)	(104, 0.10496775827275084)	(106, 0.10629263918983384)	(108, 0.10772105944493449)	(110, 0.1090374881711589)	(112, 0.11044477794911309)	(114, 0.11185206772706727)	(116, 0.11344107960848099)	(118, 0.11523717016593002)	(120, 0.1169656431965104)	(122, 0.11885682090111849)	(124, 0.12074165946258267)	(126, 0.12247224554087767)	(128, 0.12424086647803631)	(130, 0.12601582655833887)	(132, 0.1276914733960531)	(134, 0.12967773824782025)	(136, 0.1320063168293601)	(138, 0.13441519122405643)
SRR26260948_2 - nextera_transposase_sequence	(1, 0.0027723186016154503)	(2, 0.0028526144147719952)	(3, 0.0028526144147719952)	(4, 0.002861066605630579)	(5, 0.002861066605630579)	(6, 0.0029033275599234976)	(7, 0.002907553655352789)	(8, 0.0029117797507820812)	(9, 0.002924458037069957)	(10, 0.0029350232756431864)	(12, 0.002970945086792167)	(14, 0.002983623373080043)	(16, 0.002998414707082564)	(18, 0.0030258843273729607)	(20, 0.003034336518231545)	(22, 0.003051240899948712)	(24, 0.003072371377095171)	(26, 0.003116745379102736)	(28, 0.003184362905971405)	(30, 0.0032477543374107827)	(32, 0.003359745866287017)	(34, 0.0036957204529157184)	(36, 0.004185947522713573)	(38, 0.004610670113357402)	(40, 0.004826200980251287)	(42, 0.0050036969882815445)	(44, 0.005278393191185515)	(46, 0.005899629219291416)	(48, 0.006375064955086748)	(50, 0.006670891635137177)	(52, 0.006865292024884602)	(54, 0.007131536036929988)	(56, 0.00743158881240971)	(58, 0.007676702347308636)	(60, 0.007923928929922209)	(62, 0.00827046875512414)	(64, 0.008597991150894258)	(66, 0.009005809359820921)	(68, 0.00945166242761121)	(70, 0.010106707219151446)	(72, 0.01079978686955531)	(74, 0.011450605565666253)	(76, 0.012095085118633261)	(78, 0.012955095538494152)	(80, 0.013880610437509065)	(82, 0.015074482396284011)	(84, 0.016428945981372046)	(86, 0.0178024269958919)	(88, 0.01929423868243192)	(90, 0.021111459717027412)	(92, 0.0230618027576456)	(94, 0.02512413732714002)	(96, 0.027602742296419687)	(98, 0.030406756613754825)	(100, 0.03330163198281974)	(102, 0.03638668164620278)	(104, 0.03989856694794431)	(106, 0.04387109665147865)	(108, 0.04862334096171732)	(110, 0.05312624564162778)	(112, 0.05807922948475783)	(114, 0.06300685675531212)	(116, 0.06825566727849258)	(118, 0.07374325219342806)	(120, 0.07954145512241646)	(122, 0.08534388414683416)	(124, 0.09134071356099929)	(126, 0.09739248221574522)	(128, 0.10397673889458191)	(130, 0.11073637853373422)	(132, 0.11707974777310128)	(134, 0.12210246219081464)	(136, 0.1242683360983267)	(138, 0.12434440581605395)
SRR26260948_2 - polya	(1, 0.03800950229105086)	(2, 0.050235596367992165)	(3, 0.053903847200617486)	(4, 0.0649339562710692)	(5, 0.06937558256725493)	(6, 0.0735889997102589)	(7, 0.0783010961139193)	(8, 0.09019332865194656)	(9, 0.10938402799636082)	(10, 0.1297347905361157)	(12, 0.14028946387077207)	(14, 0.1585757787933179)	(16, 0.18920017932168126)	(18, 0.20934597623311546)	(20, 0.22982774773117842)	(22, 0.25139139965914004)	(24, 0.26727306628241876)	(26, 0.28555092901410606)	(28, 0.29963861812765036)	(30, 0.312280982604377)	(32, 0.3232878481499676)	(34, 0.3363211264539036)	(36, 0.3476956623018426)	(38, 0.35897088490719326)	(40, 0.3737896885300051)	(42, 0.38541145096055773)	(44, 0.39874055594454416)	(46, 0.4153237544090853)	(48, 0.43091593349545765)	(50, 0.44666659116042834)	(52, 0.46242781406397226)	(54, 0.48565020844793094)	(56, 0.5027933645568533)	(58, 0.5175677941776575)	(60, 0.5312265346051288)	(62, 0.5439111600361484)	(64, 0.5615276388331514)	(66, 0.5819417928043455)	(68, 0.6008916047092903)	(70, 0.6283379814748262)	(72, 0.6520400376900095)	(74, 0.6677547735438312)	(76, 0.6867278289736369)	(78, 0.7014388671630019)	(80, 0.7128472117743752)	(82, 0.7251176798533241)	(84, 0.7463664876718035)	(86, 0.7707996583962542)	(88, 0.7869581342701516)	(90, 0.8062925208591618)	(92, 0.8229348846597131)	(94, 0.8475561166307674)	(96, 0.8643273763419121)	(98, 0.876895784148626)	(100, 0.8882386242808453)	(102, 0.9008936670438598)	(104, 0.9139818845883766)	(106, 0.9261551524724518)	(108, 0.9415529311690766)	(110, 0.9550785495905252)	(112, 0.9655423618734518)	(114, 0.9765534535144718)	(116, 0.9898529758304531)	(118, 1.003524394544212)	(120, 1.0142924856980478)	(122, 1.0234208518253183)	(124, 1.0338635336310984)	(126, 1.0458381750299968)	(128, 1.0557589340502593)	(130, 1.066396016245787)	(132, 1.0788883543347736)	(134, 1.0919998154041517)	(136, 1.103885708799035)	(138, 1.114072711831343)
SRR26260948_2 - polyg	(1, 0.06195878508884774)	(2, 0.073069189972456)	(3, 0.07574008228376845)	(4, 0.08119174538755493)	(5, 0.08256945249750407)	(6, 0.08412042952005418)	(7, 0.0856629543517457)	(8, 0.08676596525879086)	(9, 0.08810141141444709)	(10, 0.08989327587646684)	(12, 0.0920401323545471)	(14, 0.0943179977909354)	(16, 0.09579924423890218)	(18, 0.09716427306256345)	(20, 0.09872370227597216)	(22, 0.0997104955587118)	(24, 0.10065080179172922)	(26, 0.10165238640847139)	(28, 0.10309982409300385)	(30, 0.10400632156258696)	(32, 0.10639829157556613)	(34, 0.10893817492857052)	(36, 0.10972000258298953)	(38, 0.11036659518367117)	(40, 0.11114630979037551)	(42, 0.11205069421224398)	(44, 0.11279660005551398)	(46, 0.1135108101830643)	(48, 0.11436236841206662)	(50, 0.11505544806247048)	(52, 0.11583727571688947)	(54, 0.11676067756818974)	(56, 0.11764815760834102)	(58, 0.11844055050133324)	(60, 0.11926041301461587)	(62, 0.12017747572277221)	(64, 0.12109031233549925)	(66, 0.12224614943541055)	(68, 0.12339353434446329)	(70, 0.12425777085975347)	(72, 0.12531429471707645)	(74, 0.12620811390037165)	(76, 0.12750975129259356)	(78, 0.14145586620925665)	(80, 0.15410668287684176)	(82, 0.15594503438858373)	(84, 0.1575678550334318)	(86, 0.15907445805397435)	(88, 0.16063600031509767)	(90, 0.16211090761992053)	(92, 0.1636006062587459)	(94, 0.16519173118787428)	(96, 0.1665314034389598)	(98, 0.16804857169807558)	(100, 0.16977704472865593)	(102, 0.1713808479440722)	(104, 0.17318539069237981)	(106, 0.17506177706298537)	(108, 0.17718116392077526)	(110, 0.1795350990748908)	(112, 0.18306177571063487)	(114, 0.19066874748336016)	(116, 0.19540831350731097)	(118, 0.1987363636578783)	(120, 0.20207075295158955)	(122, 0.2054769858675988)	(124, 0.20979394234862042)	(126, 0.21450392570456617)	(128, 0.2186729688455626)	(130, 0.2222228890061677)	(132, 0.22546853029586386)	(134, 0.22884518054386804)	(136, 0.23261485766679638)	(138, 0.23659161346576002)
SRR26260949_1 - nextera_transposase_sequence	(1, 0.010983057404506823)	(2, 0.011020313365851827)	(3, 0.011035215750389828)	(4, 0.011035215750389828)	(5, 0.011035215750389828)	(6, 0.011042666942658829)	(7, 0.01105756932719683)	(8, 0.01107992290400383)	(9, 0.011102276480810833)	(10, 0.011102276480810833)	(12, 0.011117178865348834)	(14, 0.011161886018962838)	(16, 0.011187965191904339)	(18, 0.011247574730056343)	(20, 0.011303458672073847)	(22, 0.011433854536781357)	(24, 0.011530720036278365)	(26, 0.011839944515441889)	(28, 0.012242308897967919)	(30, 0.012499375031248438)	(32, 0.012853306664025965)	(34, 0.013359987738318002)	(36, 0.013691565794288527)	(38, 0.014015692657990051)	(40, 0.014451587405726584)	(42, 0.014887482153463118)	(44, 0.015386712035486154)	(46, 0.015956728244064695)	(48, 0.016474586106760235)	(50, 0.017033425526935278)	(52, 0.017555008985765317)	(54, 0.01813992757888186)	(56, 0.018624255076366898)	(58, 0.01922407605402144)	(60, 0.019946841704114496)	(62, 0.020863338353201567)	(64, 0.021947486828341148)	(66, 0.023176933552726237)	(68, 0.02454050173795334)	(70, 0.02612388009511596)	(72, 0.0280351109121146)	(74, 0.030225761439200766)	(76, 0.032662301311163947)	(78, 0.035385712085483655)	(80, 0.0386083527418264)	(82, 0.04290023948877072)	(84, 0.047363503657902054)	(86, 0.05298542822486298)	(88, 0.05907305230863643)	(90, 0.06741466205378256)	(92, 0.07578607656800468)	(94, 0.08526026753803889)	(96, 0.09593410046338219)	(98, 0.10776659378655508)	(100, 0.12177110965614163)	(102, 0.1361742643121197)	(104, 0.1519298103649214)	(106, 0.16837459170260563)	(108, 0.18731924804653954)	(110, 0.20636076988997049)	(112, 0.22568543703962343)	(114, 0.24681701831450903)	(116, 0.26891725458436466)	(118, 0.2921314440984359)	(120, 0.3147234590580456)	(122, 0.3377588199576608)	(124, 0.3614871417382931)	(126, 0.38474231280984383)	(128, 0.4086047560513182)	(130, 0.43206483491026637)	(132, 0.45672455572452375)	(134, 0.47006964107830373)	(136, 0.47509919585987914)	(138, 0.4755723465689607)
SRR26260949_1 - polya	(1, 0.014634141616317098)	(2, 0.041249800401187094)	(3, 0.053656035529073026)	(4, 0.08763347227571558)	(5, 0.09798317833735735)	(6, 0.10860857851295215)	(7, 0.12038146229797303)	(8, 0.14101381369083557)	(9, 0.18023688979485453)	(10, 0.22170650036797712)	(12, 0.24172785399478164)	(14, 0.26222235833066765)	(16, 0.28220645599612715)	(18, 0.29872202366036693)	(20, 0.3180690443868268)	(22, 0.34360055469655726)	(24, 0.36720220620861654)	(26, 0.39778935047286385)	(28, 0.42525817077253436)	(30, 0.44604699720304597)	(32, 0.46545735306379243)	(34, 0.4885299699247526)	(36, 0.507292072058096)	(38, 0.5227085888626581)	(40, 0.5404088960976691)	(42, 0.5570362316459438)	(44, 0.5733096355614411)	(46, 0.5916209405625099)	(48, 0.6061097839295815)	(50, 0.6196001675326069)	(52, 0.6327552474835275)	(54, 0.6487566828812061)	(56, 0.6644116378383764)	(58, 0.6790755842237695)	(60, 0.6927671500180579)	(62, 0.7065332277350365)	(64, 0.7218715070207742)	(66, 0.7383386419352653)	(68, 0.7553795186544696)	(70, 0.7744135893056316)	(72, 0.7954557562732891)	(74, 0.8147468930577316)	(76, 0.8446485276332308)	(78, 0.8707612309399433)	(80, 0.8871016955858615)	(82, 0.9034458858279142)	(84, 0.9244135408728819)	(86, 0.9464914235659305)	(88, 0.9628952233461352)	(90, 0.9819553731702386)	(92, 0.9985640807378409)	(94, 1.0221061227117483)	(96, 1.0454544336866614)	(98, 1.0647120401058934)	(100, 1.0835002214121783)	(102, 1.1044268948996665)	(104, 1.1239900002019274)	(106, 1.144227438404533)	(108, 1.1735516055791846)	(110, 1.1956928234065196)	(112, 1.211765045130754)	(114, 1.2256056347704223)	(116, 1.2416480517255808)	(118, 1.258539904599405)	(120, 1.2717955756459567)	(122, 1.2834753195276152)	(124, 1.2958219451173492)	(126, 1.311756319784607)	(128, 1.3250417956002347)	(130, 1.339832412254201)	(132, 1.3562436632266746)	(134, 1.3722003914707395)	(136, 1.3872927814116)	(138, 1.3999784362495735)
SRR26260949_1 - polyg	(1, 0.0)	(2, 0.012033675514435902)	(3, 0.014693751154469102)	(4, 0.016862048104748263)	(5, 0.017174998180046287)	(6, 0.017808349522911337)	(7, 0.01813620198274736)	(8, 0.018695041402922403)	(9, 0.01973075712831348)	(10, 0.020334303702102527)	(12, 0.0213290378700141)	(14, 0.022446716710364183)	(16, 0.024462264219128838)	(18, 0.025989758634273948)	(20, 0.027915891835810593)	(22, 0.029502995789107714)	(24, 0.031324812298878346)	(26, 0.03355271878730952)	(28, 0.038202262763165865)	(30, 0.04488598222845937)	(32, 0.052992879417131974)	(34, 0.058577548022747894)	(36, 0.06123762366278109)	(38, 0.0639908392061768)	(40, 0.06591324681157895)	(42, 0.06786173358992259)	(44, 0.06948981910069921)	(46, 0.07023866392373376)	(48, 0.07094652718928882)	(50, 0.07175498155047538)	(52, 0.07245539362376144)	(54, 0.07316325688931649)	(56, 0.07378170584764354)	(58, 0.07422132619151456)	(60, 0.07477644001555511)	(62, 0.07541351695455466)	(64, 0.07622942250801021)	(66, 0.07818536047862287)	(68, 0.08032385265982603)	(70, 0.08472005609853636)	(72, 0.09173535361980037)	(74, 0.10578830223913543)	(76, 0.10986037881414425)	(78, 0.11122022140323684)	(80, 0.11223730914795542)	(82, 0.11318361056611849)	(84, 0.11421187509924058)	(86, 0.11496071992227513)	(88, 0.11582133262934469)	(90, 0.11692410908515677)	(92, 0.11772138665793982)	(94, 0.11832865882786338)	(96, 0.11905515007409093)	(98, 0.11992693956956399)	(100, 0.12099618566016557)	(102, 0.12200582221261516)	(104, 0.12313840343750324)	(106, 0.12471060500626235)	(108, 0.12590279576930244)	(110, 0.12717694964730153)	(112, 0.12851443865958714)	(114, 0.13000840270952174)	(116, 0.13182276802702336)	(118, 0.13369674288267702)	(120, 0.13567503443009668)	(122, 0.13792902009146935)	(124, 0.14030967602141503)	(126, 0.1427350391049747)	(128, 0.14479529376735337)	(130, 0.1469188835640185)	(132, 0.14883383997715166)	(134, 0.15118469113802135)	(136, 0.15387084595099604)	(138, 0.15659798232145025)
SRR26260949_2 - nextera_transposase_sequence	(1, 0.001877700451788141)	(2, 0.001922407605402144)	(3, 0.001922407605402144)	(4, 0.0019298587976711449)	(5, 0.0019298587976711449)	(6, 0.001944761182209146)	(7, 0.001944761182209146)	(8, 0.0019522123744781465)	(9, 0.0019671147590161475)	(10, 0.001974565951285148)	(12, 0.0019931939319576494)	(14, 0.0020080963164956504)	(16, 0.002022998701033652)	(18, 0.0020565290662441543)	(20, 0.0020714314507821554)	(22, 0.002093785027589157)	(24, 0.0021161386043961586)	(26, 0.0021422177773376605)	(28, 0.002201827315489665)	(30, 0.0022651624497761697)	(32, 0.0023396743724661754)	(34, 0.0026302708709571975)	(36, 0.002891062600372217)	(38, 0.003144403137518236)	(40, 0.0033008781751672476)	(42, 0.0035281395393717647)	(44, 0.0037963824610557848)	(46, 0.004202472439716315)	(48, 0.004705427917873853)	(50, 0.005007201204768375)	(52, 0.005230736972838393)	(54, 0.0053797608182184035)	(56, 0.005621924566960921)	(58, 0.0058864418925104415)	(60, 0.006173312794866963)	(62, 0.006519793235375489)	(64, 0.006869999272018515)	(66, 0.0072947172313515465)	(68, 0.007890812612871593)	(70, 0.008546517532543641)	(72, 0.009295362355578197)	(74, 0.009932439294577745)	(76, 0.010681284117612301)	(78, 0.011556799209219867)	(80, 0.012409960724020432)	(82, 0.01373999854403703)	(84, 0.015096115536995133)	(86, 0.016709298663233754)	(88, 0.018590724711156394)	(90, 0.020475876355213536)	(92, 0.022666526882299698)	(94, 0.025073261985186883)	(96, 0.028094720450266605)	(98, 0.03143658018291336)	(100, 0.03520315787489314)	(102, 0.03902561950889043)	(104, 0.04345907890894576)	(106, 0.04845882892144514)	(108, 0.054196246968575564)	(110, 0.05967287328629098)	(112, 0.06528362106484839)	(114, 0.07170654880072688)	(116, 0.07834556111240637)	(118, 0.08485417755937837)	(120, 0.0918657494845079)	(122, 0.09927223459989444)	(124, 0.10619439221779597)	(126, 0.11336989037284351)	(128, 0.12176365846387263)	(130, 0.12966192226901324)	(132, 0.13709448655734127)	(134, 0.14247797297169418)	(136, 0.14469470267172185)	(138, 0.14479901936348785)
SRR26260949_2 - polya	(1, 0.04165216478371313)	(2, 0.05473645840807811)	(3, 0.058625980772496394)	(4, 0.06890862610371717)	(5, 0.07309619615889548)	(6, 0.07751475317441281)	(7, 0.08220900430388317)	(8, 0.09395208331982804)	(9, 0.11237143060879742)	(10, 0.13256788725392343)	(12, 0.14255993608665318)	(14, 0.15920962521173493)	(16, 0.18496094569340088)	(18, 0.20489661060911185)	(20, 0.22588289363475195)	(22, 0.24777449652107558)	(24, 0.2631798365372342)	(26, 0.2810217164253561)	(28, 0.2939011022623236)	(30, 0.3054169199140639)	(32, 0.3159566313785652)	(34, 0.32823619623787814)	(36, 0.339904763331133)	(38, 0.35006818958604974)	(40, 0.3632754278828533)	(42, 0.37406102869223157)	(44, 0.3868621770103745)	(46, 0.40198437172031115)	(48, 0.41604104593578073)	(50, 0.43104029597327886)	(52, 0.4450708910158069)	(54, 0.4654946090251374)	(56, 0.4810042657330621)	(58, 0.4941295409149066)	(60, 0.5065134224659855)	(62, 0.5177572715999074)	(64, 0.5325069066963939)	(66, 0.5499836781633347)	(68, 0.5679596795122986)	(70, 0.5948324044304492)	(72, 0.6164185084337437)	(74, 0.6313469721446864)	(76, 0.6499749528171878)	(78, 0.6646724295677914)	(80, 0.6748023254574975)	(82, 0.6862324543981444)	(84, 0.7051584827614059)	(86, 0.7274748036070626)	(88, 0.7431930936985193)	(90, 0.7626220775399382)	(92, 0.77949530243309)	(94, 0.8051050502616449)	(96, 0.8230437956492638)	(98, 0.8360349493702661)	(100, 0.8469397692559486)	(102, 0.8591671757693784)	(104, 0.8712828143987733)	(106, 0.8829662838765662)	(108, 0.8985243733342394)	(110, 0.9122010367439899)	(112, 0.9234486114740463)	(114, 0.9345806927239331)	(116, 0.9487267812466307)	(118, 0.9629585584804217)	(120, 0.973677098559379)	(122, 0.9829463817420157)	(124, 0.99338922770702)	(126, 1.0050987763577544)	(128, 1.0147704239229172)	(130, 1.0258242676539795)	(132, 1.0387446350484264)	(134, 1.051899714999347)	(136, 1.0641084935321043)	(138, 1.0741713286913894)
SRR26260949_2 - polyg	(1, 0.05653219574490724)	(2, 0.06428143570466782)	(3, 0.06604736827242096)	(4, 0.0720008708953524)	(5, 0.07308874496662648)	(6, 0.07452682507454358)	(7, 0.0760021611438057)	(8, 0.0772986685986118)	(9, 0.07926578335762795)	(10, 0.0812552516934511)	(12, 0.08384454100692879)	(14, 0.08575949742006193)	(16, 0.08829290279152213)	(18, 0.08969000134195973)	(20, 0.09084866173978931)	(22, 0.09195143819560139)	(24, 0.09315853134317949)	(26, 0.09421660064537757)	(28, 0.09525604196690315)	(30, 0.09604586834741721)	(32, 0.0972902174563403)	(34, 0.09881026067921642)	(36, 0.09976028769351397)	(38, 0.10063207718898705)	(40, 0.10156720181874662)	(42, 0.10253585681371669)	(44, 0.10353059098162827)	(46, 0.10431296616987332)	(48, 0.10559084564400692)	(50, 0.10660048219645649)	(52, 0.10763247232571307)	(54, 0.10874642556992865)	(56, 0.10978959248758874)	(58, 0.11076197307869332)	(60, 0.1120398525528269)	(62, 0.11357107256410652)	(64, 0.11575427189892368)	(66, 0.11812747663660036)	(68, 0.12022126166418952)	(70, 0.12237465622993068)	(72, 0.12448334364205785)	(74, 0.126808115629986)	(76, 0.12991898840229377)	(78, 0.14351368869708525)	(80, 0.1558789422674917)	(82, 0.15961571519039547)	(84, 0.1625514849443817)	(86, 0.16493586647046188)	(88, 0.16726063845839007)	(90, 0.1696785503496807)	(92, 0.1721970533366029)	(94, 0.1746149652278936)	(96, 0.1768987556583423)	(98, 0.1790186198588729)	(100, 0.18123534955890058)	(102, 0.18341109770144876)	(104, 0.18578802803525996)	(106, 0.1880457392927671)	(108, 0.1907281685096073)	(110, 0.19352236561048253)	(112, 0.19692383488128126)	(114, 0.2025569362366457)	(116, 0.20636449548610497)	(118, 0.20999695171724275)	(120, 0.21411746104200008)	(122, 0.21850993888457587)	(124, 0.22323772037925674)	(126, 0.22816668406520063)	(128, 0.23292427032895746)	(130, 0.23696281653875578)	(132, 0.24073684542300455)	(134, 0.24497284822793136)	(136, 0.2493951308395832)	(138, 0.2545997886394801)
SRR26260950_1 - nextera_transposase_sequence	(1, 0.004086816601636454)	(2, 0.004155387349986059)	(3, 0.004187387032549209)	(4, 0.004196529798995823)	(5, 0.004196529798995823)	(6, 0.004210243948665744)	(7, 0.00421481533188905)	(8, 0.0042285294815589715)	(9, 0.004237672248005585)	(10, 0.004253672089287159)	(12, 0.004303957304743537)	(14, 0.004333671295695032)	(16, 0.004383956511151409)	(18, 0.004422813268549519)	(20, 0.004450241567889361)	(22, 0.004491384016899124)	(24, 0.004555383382025421)	(26, 0.004662810887773136)	(28, 0.004884522974103526)	(30, 0.005106235060433915)	(32, 0.005323375763540998)	(34, 0.0056205156730559525)	(36, 0.005858227600667915)	(38, 0.006098225219891533)	(40, 0.006274223473988852)	(42, 0.006470792952591053)	(44, 0.00670393349697971)	(46, 0.00693935973298002)	(48, 0.0072113570347667865)	(50, 0.007526782477174969)	(52, 0.007842207919583151)	(54, 0.008166776128437948)	(56, 0.008537058169525815)	(58, 0.008937054201565178)	(60, 0.009490191571585324)	(62, 0.010276469485994127)	(64, 0.011081032933296158)	(66, 0.01191759606316134)	(68, 0.01300329957869675)	(70, 0.014340429171514048)	(72, 0.016056983571865822)	(74, 0.017869537019907046)	(76, 0.020027229901307952)	(78, 0.02240663486903924)	(80, 0.025394033805470364)	(82, 0.02884314244745549)	(84, 0.0328682453755773)	(86, 0.0380590510256424)	(88, 0.043542425201999135)	(90, 0.05076749638643585)	(92, 0.05782571208322185)	(94, 0.06613877247480562)	(96, 0.07547582270841016)	(98, 0.08571343543700619)	(100, 0.09736360558160406)	(102, 0.11027319180422301)	(104, 0.12388219966000794)	(106, 0.13822262883152198)	(108, 0.15358933353666845)	(110, 0.1702794536849623)	(112, 0.18794327845982053)	(114, 0.20684594808819495)	(116, 0.22611889975765725)	(118, 0.24546042217546918)	(120, 0.26574136384567065)	(122, 0.28619373238674617)	(124, 0.3062186765964424)	(126, 0.3271830400585284)	(128, 0.3484491148133525)	(130, 0.3699597585706236)	(132, 0.39222468055974025)	(134, 0.40524626567133026)	(136, 0.41002793252290937)	(138, 0.41029992982469615)
SRR26260950_1 - polya	(1, 0.01847753098860688)	(2, 0.0484155197180444)	(3, 0.06137081977289643)	(4, 0.09532248297239748)	(5, 0.10607437631361553)	(6, 0.11713255233079517)	(7, 0.12918728989065573)	(8, 0.14915966319328397)	(9, 0.19060839487900852)	(10, 0.23215998268725746)	(12, 0.25286606299722647)	(14, 0.2727652941682819)	(16, 0.2931216636616679)	(18, 0.31038092102126347)	(20, 0.332561272420749)	(22, 0.3617769826009041)	(24, 0.3886590016455608)	(26, 0.42315237375702375)	(28, 0.45241608346102347)	(30, 0.47562956746897644)	(32, 0.49569108274445917)	(34, 0.5195148464127236)	(36, 0.5380769479909617)	(38, 0.5529179436254278)	(40, 0.5710983347045198)	(42, 0.5869816057138999)	(44, 0.603228301689533)	(46, 0.6226315377808596)	(48, 0.6373925342089177)	(50, 0.6509009716337899)	(52, 0.6651614015988961)	(54, 0.6825600861468026)	(56, 0.6986833547754063)	(58, 0.7136386349904552)	(60, 0.7283127751372707)	(62, 0.742671489841678)	(64, 0.7594347521215447)	(66, 0.777546572452287)	(68, 0.7950412560478829)	(70, 0.8168101829572707)	(72, 0.8415047951295752)	(74, 0.8643091403390422)	(76, 0.9009259199577311)	(78, 0.9312501905695382)	(80, 0.9501322889734076)	(82, 0.9688589603476847)	(84, 0.9932427184608044)	(86, 1.018435611404449)	(88, 1.036636573708046)	(90, 1.056908372611801)	(92, 1.0769173169802155)	(94, 1.107001589972799)	(96, 1.134996740832331)	(98, 1.1577782291256815)	(100, 1.1810511411155373)	(102, 1.2071400251709503)	(104, 1.232010635597352)	(106, 1.257214956999055)	(108, 1.2933540270709085)	(110, 1.3193537691534671)	(112, 1.3381787252670454)	(114, 1.3550151296784851)	(116, 1.3733189481046062)	(118, 1.394020457031352)	(120, 1.409910585115567)	(122, 1.4233207378011383)	(124, 1.4393000078582077)	(126, 1.4591969533376514)	(128, 1.4763533545747225)	(130, 1.4957543049744375)	(132, 1.5176009453986217)	(134, 1.5395435848704953)	(136, 1.5596896707356092)	(138, 1.5772140683221565)
SRR26260950_1 - polyg	(1, 0.0)	(2, 0.006692505038921442)	(3, 0.008420487897331488)	(4, 0.0098010456307702)	(5, 0.009979329576479172)	(6, 0.010523324180052706)	(7, 0.010779321640557896)	(8, 0.01132331624413143)	(9, 0.012182736290113145)	(10, 0.012633017537608884)	(12, 0.013478723433920679)	(14, 0.014580426790737663)	(16, 0.01661469232510928)	(18, 0.018148391396528775)	(20, 0.020168942781230468)	(22, 0.021442073008921467)	(24, 0.024477471469197314)	(26, 0.028120863898172987)	(28, 0.03519965081946387)	(30, 0.0454464063145065)	(32, 0.05679029378314282)	(34, 0.06525420982109573)	(36, 0.06937531179690698)	(38, 0.07455697468052545)	(40, 0.07831465169008381)	(42, 0.08152833409606862)	(44, 0.08472373096916022)	(46, 0.08579800602663736)	(48, 0.0867694249615901)	(50, 0.08794198475836834)	(52, 0.08888826108559289)	(54, 0.08987796555343885)	(56, 0.09072824283297395)	(58, 0.09133395111006214)	(60, 0.09192594523748038)	(62, 0.09257508165518999)	(64, 0.09329507451286084)	(66, 0.09443792031868758)	(68, 0.09556476628323277)	(70, 0.09723332115973982)	(72, 0.09956472660362638)	(74, 0.10480124608592453)	(76, 0.10705265232340323)	(78, 0.10822292642856982)	(80, 0.10913720307323123)	(82, 0.110101764933349)	(84, 0.11094975652127245)	(86, 0.11172232028601134)	(88, 0.11246517005979872)	(90, 0.1132125912168094)	(92, 0.11396458375704341)	(94, 0.11458400618380152)	(96, 0.11519428584411301)	(98, 0.11584570795343424)	(100, 0.1165017014459788)	(102, 0.11736340718357216)	(104, 0.11824796983728207)	(106, 0.11928110244574945)	(108, 0.12028452106326534)	(110, 0.12125136861499478)	(112, 0.12210164589452988)	(114, 0.12331534814031787)	(116, 0.12498161732521328)	(118, 0.1266570292765553)	(120, 0.12833472691950898)	(122, 0.130293564630696)	(124, 0.13245354320370856)	(126, 0.13438495261555577)	(128, 0.13576779604060613)	(130, 0.1371049256334234)	(132, 0.13867291007901772)	(134, 0.14038260740453457)	(136, 0.14219744654418742)	(138, 0.14449685230551085)
SRR26260950_2 - nextera_transposase_sequence	(1, 0.0006811361002727424)	(2, 0.0006857074834960494)	(3, 0.0006857074834960494)	(4, 0.0006902788667193564)	(5, 0.0007131357828358914)	(6, 0.0007222785492825054)	(7, 0.0007222785492825054)	(8, 0.0007314213157291194)	(9, 0.0007634209982922684)	(10, 0.0007817065311854964)	(12, 0.0008434202047001408)	(14, 0.0008548486627584083)	(16, 0.0008822769620982502)	(18, 0.0009165623362730527)	(20, 0.0009302764859429737)	(22, 0.0009508477104478552)	(24, 0.0010125613839624997)	(26, 0.0010605609078072232)	(28, 0.001101703356816986)	(30, 0.0011497028806617096)	(32, 0.001183988254836512)	(34, 0.001289130068972573)	(36, 0.0014171287992251688)	(38, 0.0015245563049728831)	(40, 0.0016182696610506767)	(42, 0.0017142687087401236)	(44, 0.0018468388222160266)	(46, 0.002036551225983267)	(48, 0.002219406554915547)	(50, 0.0023519766683914494)	(52, 0.002452547099304203)	(54, 0.0026011170540616805)	(56, 0.002827400523615377)	(58, 0.0029942560112660825)	(60, 0.0031816827234216697)	(62, 0.003407966192975366)	(64, 0.0037576770095583507)	(66, 0.0040548169190733055)	(68, 0.004425098960161172)	(70, 0.004900522815385101)	(72, 0.005556516307929654)	(74, 0.00632450868944523)	(76, 0.007076501229679229)	(78, 0.007862779144088033)	(80, 0.008900483135778722)	(82, 0.010059328782887044)	(84, 0.011476457582112215)	(86, 0.012969014204521949)	(88, 0.014612426473300813)	(90, 0.016500407744526602)	(92, 0.018664957700762465)	(94, 0.021174647090358007)	(96, 0.023988333464303464)	(98, 0.027053445915530803)	(100, 0.03038826997693326)	(102, 0.03408423331297697)	(104, 0.03813905023205027)	(106, 0.04254357796770656)	(108, 0.048148093799480936)	(110, 0.05335718498243926)	(112, 0.05892512974842718)	(114, 0.06494792714513414)	(116, 0.0712130078526764)	(118, 0.07724266232421831)	(120, 0.08406545178500402)	(122, 0.0911533814727415)	(124, 0.09862987873446011)	(126, 0.10590752082596483)	(128, 0.11372687182943145)	(130, 0.1214662236264902)	(132, 0.12911186206747116)	(134, 0.1349129473778477)	(136, 0.1371689249985497)	(138, 0.13726492404623916)
SRR26260950_2 - polya	(1, 0.04411841948813582)	(2, 0.05799256757087255)	(3, 0.06195138544225641)	(4, 0.07404726545112672)	(5, 0.07890664581750206)	(6, 0.08361517053750826)	(7, 0.08926540020151572)	(8, 0.10282412284184426)	(9, 0.1249907600916599)	(10, 0.14893337972373027)	(12, 0.16010584032149258)	(14, 0.18115477437320965)	(16, 0.2167498498414896)	(18, 0.24060332750070548)	(20, 0.26594250470749614)	(22, 0.2923468142053174)	(24, 0.31136605410588614)	(26, 0.3338389740316633)	(28, 0.3508125199398022)	(30, 0.36538380396409326)	(32, 0.3776968246760707)	(34, 0.39230010838292484)	(36, 0.4059159733135447)	(38, 0.41772157048773506)	(40, 0.4343819766450774)	(42, 0.44770527304940566)	(44, 0.4636411149658538)	(46, 0.4828066391295684)	(48, 0.500111610321397)	(50, 0.5187422826479847)	(52, 0.5368838169696786)	(54, 0.5635052671706068)	(56, 0.5828947891122634)	(58, 0.5995003386709261)	(60, 0.6153516099977431)	(62, 0.6302931760631221)	(64, 0.650386691021168)	(66, 0.6739704570702088)	(68, 0.6972616545929579)	(70, 0.7310464623048082)	(72, 0.7592953249332338)	(74, 0.7781637091874334)	(76, 0.8022594701574846)	(78, 0.8207712865202663)	(80, 0.8339162989788855)	(82, 0.84818815740205)	(84, 0.8735433344501222)	(86, 0.9023567629066263)	(88, 0.9218697121953121)	(90, 0.94625118461682)	(92, 0.9677549712992561)	(94, 0.9998803669010461)	(96, 1.0215875801369192)	(98, 1.0379691319176398)	(100, 1.052053563628649)	(102, 1.067527695839543)	(104, 1.0832258258283791)	(106, 1.0989262415088272)	(108, 1.119943175877981)	(110, 1.1383109936692284)	(112, 1.1527794215709952)	(114, 1.1674947041668204)	(116, 1.1852568136809798)	(118, 1.2038623433998392)	(120, 1.218824480689723)	(122, 1.2308266473425156)	(124, 1.2449499358109226)	(126, 1.2609657769337785)	(128, 1.2744102149935244)	(130, 1.2897929195399525)	(132, 1.308521876605841)	(134, 1.3281262535589933)	(136, 1.3463889295361047)	(138, 1.3612527820866873)
SRR26260950_2 - polyg	(1, 0.05083835282639711)	(2, 0.055583448612189765)	(3, 0.05710114784232769)	(4, 0.06106910848015816)	(5, 0.06207938417250901)	(6, 0.06319023029577261)	(7, 0.06450678866408502)	(8, 0.06576849043371776)	(9, 0.06707590603558355)	(10, 0.06854103435865344)	(12, 0.07029415982479167)	(14, 0.07180500198009465)	(16, 0.07317413125547509)	(18, 0.07430326291163192)	(20, 0.07540496626844889)	(22, 0.07654095499944069)	(24, 0.07765408681431595)	(26, 0.07870550495567655)	(28, 0.07989177890212472)	(30, 0.08100262502538833)	(32, 0.08228946940274924)	(34, 0.08380259724966385)	(36, 0.08487230092391769)	(38, 0.08602428949619106)	(40, 0.08711913577817308)	(42, 0.0883716947813592)	(44, 0.08963111085938028)	(46, 0.09084481310516829)	(48, 0.09210422918318936)	(50, 0.0933362169618706)	(52, 0.09466648947985293)	(54, 0.0960241902971751)	(56, 0.0972881777584195)	(58, 0.0987327348569845)	(60, 0.10019329179683109)	(62, 0.10173841932630885)	(64, 0.10348240202600048)	(66, 0.105530381710042)	(68, 0.10727665010134528)	(70, 0.10889949114561927)	(72, 0.1104857611241068)	(74, 0.11191660407300189)	(76, 0.11360344448240217)	(78, 0.11849939591456396)	(80, 0.12297706578179315)	(82, 0.12466390619119344)	(84, 0.12630503276836064)	(86, 0.12797130195325607)	(88, 0.12956442900657855)	(90, 0.13118041297601757)	(92, 0.13297468089116554)	(94, 0.1347278063573038)	(96, 0.13653350273051007)	(98, 0.13836662740305616)	(100, 0.14048546352705896)	(102, 0.1426705847077997)	(104, 0.14508198935809413)	(106, 0.14723968223949502)	(108, 0.14974937162909058)	(110, 0.15215163351293842)	(112, 0.15474360780055346)	(114, 0.15800071834715973)	(116, 0.16070012014052248)	(118, 0.16347494975706983)	(120, 0.16643949177738443)	(122, 0.16944060486348544)	(124, 0.17280971429906272)	(126, 0.17647824933576658)	(128, 0.18010564192346068)	(130, 0.18332846709589212)	(132, 0.18671357637275093)	(134, 0.19062210902867843)	(136, 0.19480721036961599)	(138, 0.19957744876313685)
SRR26260951_1 - nextera_transposase_sequence	(1, 0.005662608785077966)	(2, 0.005746166008921341)	(3, 0.005759020966435706)	(4, 0.005791158360221619)	(5, 0.005797585838978802)	(6, 0.0058040133177359845)	(7, 0.0058040133177359845)	(8, 0.0058168682752503505)	(9, 0.005829723232764716)	(10, 0.005832936972143307)	(12, 0.005842578190279081)	(14, 0.005865074365929221)	(16, 0.0058939980203365425)	(18, 0.005916494195986682)	(20, 0.005938990371636822)	(22, 0.005971127765422735)	(24, 0.006057898728644702)	(26, 0.006157524649381034)	(28, 0.0063374940545821495)	(30, 0.006485326065997352)	(32, 0.006726356519391703)	(34, 0.007060585414765204)	(36, 0.00731125708629533)	(38, 0.0075169364065251765)	(40, 0.00780938668997699)	(42, 0.008069699579642889)	(44, 0.008397500996259208)	(46, 0.008792790939825944)	(48, 0.009191294622771271)	(50, 0.009538378475659137)	(52, 0.009840469977246726)	(54, 0.010171485133241634)	(56, 0.010502500289236544)	(58, 0.010939568844724967)	(60, 0.011456980884678176)	(62, 0.012067591366610533)	(64, 0.01272319419984317)	(66, 0.013404506948104536)	(68, 0.014114743350773225)	(70, 0.01495674306796416)	(72, 0.015943361057191706)	(74, 0.01716458202105642)	(76, 0.018675039528994356)	(78, 0.0204425961872196)	(80, 0.022801480891105654)	(82, 0.025330693782057052)	(84, 0.028110578344538572)	(86, 0.031443226080137804)	(88, 0.0360549420884164)	(90, 0.04183967296988084)	(92, 0.04745407566427993)	(94, 0.0541547222686429)	(96, 0.06220835315139284)	(98, 0.0713675103803782)	(100, 0.08154863673175561)	(102, 0.09350374722011544)	(104, 0.10685683433816251)	(106, 0.12073054723554139)	(108, 0.13609864894396523)	(110, 0.15289043719710504)	(112, 0.17180972091887237)	(114, 0.19211091257343393)	(116, 0.2129423712254631)	(118, 0.23441336401383195)	(120, 0.2567649213919348)	(122, 0.27956318854366186)	(124, 0.30300741731048575)	(126, 0.32766322582303864)	(128, 0.3533506446761193)	(130, 0.37889987273592063)	(132, 0.4048443907392886)	(134, 0.4198204162435243)	(136, 0.42543803267730196)	(138, 0.4256983455669679)
SRR26260951_1 - polya	(1, 0.016132971680528595)	(2, 0.04380969520895733)	(3, 0.05680605725598077)	(4, 0.08724016917124089)	(5, 0.09757555501279068)	(6, 0.10730033037240812)	(7, 0.11854199071872068)	(8, 0.13772801480891106)	(9, 0.17577868905143268)	(10, 0.21466493553238808)	(12, 0.23242727307786248)	(14, 0.2517868390944968)	(16, 0.271265313468139)	(18, 0.2878128575285059)	(20, 0.30790515612345903)	(22, 0.33454062809322416)	(24, 0.36018305459500455)	(26, 0.3935545243022972)	(28, 0.422536026018434)	(30, 0.44607988070599425)	(32, 0.46658032420202855)	(34, 0.49030414829478985)	(36, 0.5093487678523223)	(38, 0.5251700068131275)	(40, 0.5442403362856886)	(42, 0.5607975215641912)	(44, 0.5778817601007828)	(46, 0.5969295933976938)	(48, 0.6115424663521487)	(50, 0.6254611716008278)	(52, 0.6398458690594028)	(54, 0.6582188170868095)	(56, 0.6748049260197195)	(58, 0.6905811726292245)	(60, 0.7050044349603424)	(62, 0.7195466056484683)	(64, 0.7358338368191693)	(66, 0.7540364566595108)	(68, 0.7717409468961705)	(70, 0.7919971461994317)	(72, 0.8147022149091797)	(74, 0.8341164144952501)	(76, 0.8638274350503272)	(78, 0.8884960985203944)	(80, 0.9041791466879202)	(82, 0.9200035993881039)	(84, 0.9413621112982221)	(86, 0.9636558213675104)	(88, 0.9803029913486137)	(90, 1.0001896106233368)	(92, 1.017167795760435)	(94, 1.0417914668792019)	(96, 1.0640241159002968)	(98, 1.0838850252599914)	(100, 1.104305125271561)	(102, 1.1273379953979252)	(104, 1.1498148886117932)	(106, 1.170655988481958)	(108, 1.2006530318417297)	(110, 1.2235091463022716)	(112, 1.2396356905040429)	(114, 1.2540364566595108)	(116, 1.2698994742322376)	(118, 1.2870833386895657)	(120, 1.300931341671916)	(122, 1.312552223264902)	(124, 1.325670707408312)	(126, 1.3420961293722926)	(128, 1.3561016055841937)	(130, 1.3714118599838028)	(132, 1.3891517013536272)	(134, 1.4072771914488822)	(136, 1.4238343767273849)	(138, 1.4385179519481688)
SRR26260951_1 - polyg	(1, 0.0)	(2, 0.008863493206154954)	(3, 0.010939568844724969)	(4, 0.014198300574616601)	(5, 0.014455399724903908)	(6, 0.015149567430679642)	(7, 0.015535216156110605)	(8, 0.016087979329228317)	(9, 0.016981398876476712)	(10, 0.01749238343767274)	(12, 0.018344024372999448)	(14, 0.019311359925955444)	(16, 0.0211110539779666)	(18, 0.022563664177089895)	(20, 0.02447905284673034)	(22, 0.025934876785232226)	(24, 0.02810736460515998)	(26, 0.03055623401164659)	(28, 0.03526114846190433)	(30, 0.04117121517913383)	(32, 0.04806468614621229)	(34, 0.053380211078402386)	(36, 0.05630150017354193)	(38, 0.05946703346145441)	(40, 0.06185484181974779)	(42, 0.06411088686351893)	(44, 0.06600056561813064)	(46, 0.06696147369232944)	(48, 0.06785167950019924)	(50, 0.06870010669614737)	(52, 0.06945212171073775)	(54, 0.07014950315589208)	(56, 0.07083402964353203)	(58, 0.07132251802907791)	(60, 0.07190420485660295)	(62, 0.07255016647169982)	(64, 0.07322826548058259)	(66, 0.0746358833284056)	(68, 0.07634237893843761)	(70, 0.07857271406718001)	(72, 0.08212068234114486)	(74, 0.08981116067411397)	(76, 0.09387011350927485)	(78, 0.09533557866591251)	(80, 0.0964539599696623)	(82, 0.09755948631589773)	(84, 0.09871321875281203)	(86, 0.09962592073633197)	(88, 0.10054183645923051)	(90, 0.10166343150235888)	(92, 0.10256327852836447)	(94, 0.10326387371289739)	(96, 0.1039612551580517)	(98, 0.10480325487524264)	(100, 0.1057095293800054)	(102, 0.10665436875731127)	(104, 0.10772454397038217)	(106, 0.10904539085498322)	(108, 0.11014127598308288)	(110, 0.11152961139463434)	(112, 0.11303685516319369)	(114, 0.11435448830841614)	(116, 0.1160095640883907)	(118, 0.11777712074661593)	(120, 0.11940970035094034)	(122, 0.12140221876566698)	(124, 0.12376753094831022)	(126, 0.12603000347083854)	(128, 0.12769472046894886)	(130, 0.1296133228779679)	(132, 0.13147729171755088)	(134, 0.13377832911262227)	(136, 0.13594438945379286)	(138, 0.1380397475286344)
SRR26260951_2 - nextera_transposase_sequence	(1, 0.0010283966011492333)	(2, 0.0010798164312066949)	(3, 0.0010798164312066949)	(4, 0.0010862439099638777)	(5, 0.001099098867478243)	(6, 0.001118381303749791)	(7, 0.001118381303749791)	(8, 0.0011505186975357047)	(9, 0.0011698011338072529)	(10, 0.0011698011338072529)	(12, 0.0011955110488359837)	(14, 0.0012115797457289404)	(16, 0.001243717139514854)	(18, 0.0012597858364078109)	(20, 0.001272640793922176)	(22, 0.0012822820120579502)	(24, 0.0013304881027368202)	(26, 0.00135298427838696)	(28, 0.0013754804540370995)	(30, 0.0014204728053373783)	(32, 0.0015008162898021622)	(34, 0.0016679307374889126)	(36, 0.0018768237970973505)	(38, 0.0020375107660269183)	(40, 0.002169274080549164)	(42, 0.0022946099163142263)	(44, 0.0024135182733221066)	(46, 0.002831304392538983)	(48, 0.003226594336105719)	(50, 0.0033679988687637386)	(52, 0.0035126171408003497)	(54, 0.0036508079340797778)	(56, 0.0037665025517090666)	(58, 0.0038821971693383554)	(60, 0.004033242920132149)	(62, 0.004235708500983404)	(64, 0.004486380172513529)	(66, 0.0047209831471506985)	(68, 0.004968441079302233)	(70, 0.005244822665861089)	(72, 0.005665822524456557)	(74, 0.006128600994973712)	(76, 0.006533532156676222)	(78, 0.007108791505444074)	(80, 0.007751539381162345)	(82, 0.00849712691699554)	(84, 0.009290920543507605)	(86, 0.010213263745163322)	(88, 0.011344500006427479)	(90, 0.012613927060971062)	(92, 0.014060109781337173)	(94, 0.015702330603797353)	(96, 0.01764021544908794)	(98, 0.01996374901980949)	(100, 0.0227854121942127)	(102, 0.026015220269697006)	(104, 0.029328585569024693)	(106, 0.033201141520227274)	(108, 0.03764252934144052)	(110, 0.04207106220513941)	(112, 0.046949518581841085)	(114, 0.05217184507205204)	(116, 0.057715545500122124)	(118, 0.06351634507847952)	(120, 0.06997917496882672)	(122, 0.0770140504685632)	(124, 0.08447313956627372)	(126, 0.09206399197850651)	(128, 0.10012083660063503)	(130, 0.10802663547196976)	(132, 0.11581352598629661)	(134, 0.12178144001234076)	(136, 0.12414032471622682)	(138, 0.1242560193338561)
SRR26260951_2 - polya	(1, 0.0346055456286717)	(2, 0.04650280880821689)	(3, 0.04999935725212428)	(4, 0.0587278734043784)	(5, 0.06279003997891787)	(6, 0.06705788587368719)	(7, 0.07156997596122945)	(8, 0.08192464423905078)	(9, 0.10014011903690659)	(10, 0.11858376933064237)	(12, 0.12816392641822316)	(14, 0.14503605815582782)	(16, 0.17301487318584413)	(18, 0.19206913396151226)	(20, 0.2118593410548778)	(22, 0.23268758596752837)	(24, 0.24785000835572238)	(26, 0.26541952153848136)	(28, 0.27918718103636664)	(30, 0.29184288670925945)	(32, 0.30252857014307566)	(34, 0.314888611793138)	(36, 0.3263455926778162)	(38, 0.33650743659292204)	(40, 0.35014976025504235)	(42, 0.3607486727256366)	(44, 0.37259772981450295)	(46, 0.3879658315229268)	(48, 0.4023441015027445)	(50, 0.4168219974032986)	(52, 0.43062500803434844)	(54, 0.45144361172886327)	(56, 0.46752194983995576)	(58, 0.4813313879497628)	(60, 0.4943566736511936)	(62, 0.5065238909385404)	(64, 0.5227179236672623)	(66, 0.5419200164543456)	(68, 0.5600937126402797)	(70, 0.5857811314933604)	(72, 0.6082194598346853)	(74, 0.6230894319394275)	(76, 0.6410028152356957)	(78, 0.6556349706264221)	(80, 0.6660539136918152)	(82, 0.6773951999588641)	(84, 0.6971018498283863)	(86, 0.7201186512578577)	(88, 0.736740111323932)	(90, 0.7557011736576211)	(92, 0.7717795117687136)	(94, 0.7967438392616113)	(96, 0.8138023678831741)	(98, 0.8264612872954455)	(100, 0.8378475659137947)	(102, 0.8508439279608181)	(104, 0.864701572161304)	(106, 0.8773090717435179)	(108, 0.893461325860318)	(110, 0.9076082066048772)	(112, 0.918824157036161)	(114, 0.9302425730482962)	(116, 0.9437499196565156)	(118, 0.9581442583332263)	(120, 0.9692220179712305)	(122, 0.9790689154272345)	(124, 0.9905258963119127)	(126, 1.0030562661490405)	(128, 1.0132470337185535)	(130, 1.0245818925068453)	(132, 1.0383045596534304)	(134, 1.0533545011633736)	(136, 1.0672410690182668)	(138, 1.0784891568433368)
SRR26260951_2 - polyg	(1, 0.04636783175431605)	(2, 0.05275674563895566)	(3, 0.05428005810440797)	(4, 0.060566132328932654)	(5, 0.06151739918499569)	(6, 0.06286074224524688)	(7, 0.06414623799668343)	(8, 0.06521962694913293)	(9, 0.06679435924464269)	(10, 0.06870332043552596)	(12, 0.07108791505444075)	(14, 0.07276227327068685)	(16, 0.07509866179892274)	(18, 0.07635844763533056)	(20, 0.07747361519970176)	(22, 0.07852129423712254)	(24, 0.07945327865691404)	(26, 0.08041418673111286)	(28, 0.08147793446542659)	(30, 0.08237135401267498)	(32, 0.08361185741281124)	(34, 0.08514481109639932)	(36, 0.08599323829234745)	(38, 0.08673561208880204)	(40, 0.08756475684847861)	(42, 0.08852566492267744)	(44, 0.08945122186371174)	(46, 0.09033821393220295)	(48, 0.09144374027843838)	(50, 0.09244642696455888)	(52, 0.09345875486881516)	(54, 0.09455142625753622)	(56, 0.0957501510457508)	(58, 0.09705492923345888)	(60, 0.09861680657145427)	(62, 0.10041650062346544)	(64, 0.10252792739519996)	(66, 0.10569024694373386)	(68, 0.10789808589682612)	(70, 0.1101316347649471)	(72, 0.1125130156444833)	(74, 0.11491046522091244)	(76, 0.11790888406113818)	(78, 0.12670488874034272)	(80, 0.1350670386034374)	(82, 0.13836112146649354)	(84, 0.14139810517926238)	(86, 0.1435834479567045)	(88, 0.14578807317041817)	(90, 0.14842333946086309)	(92, 0.1507275905953131)	(94, 0.15312825391112084)	(96, 0.15550642105127843)	(98, 0.15766284017431323)	(100, 0.15983211425486238)	(102, 0.1619853196385186)	(104, 0.1643184944273759)	(106, 0.16668702034939775)	(108, 0.16932550037922123)	(110, 0.17201540023910222)	(112, 0.1748724145466699)	(114, 0.17951305420935584)	(116, 0.18265287758223958)	(118, 0.18550025067167153)	(120, 0.18839261611240377)	(122, 0.19166741653918834)	(124, 0.19533750690953966)	(126, 0.19987852065148926)	(128, 0.20404031314676505)	(130, 0.2074018845367716)	(132, 0.21067668496355618)	(134, 0.21409931740175597)	(136, 0.21765049941509945)	(138, 0.2213784370942654)
SRR26260989_1 - polya	(1, 0.0008074377954580674)	(2, 0.0038344161372544875)	(3, 0.0058256088907596764)	(4, 0.012608451729075976)	(5, 0.015016150856708856)	(6, 0.017613835347978928)	(7, 0.020381410597116872)	(8, 0.02467982944940835)	(9, 0.03367125214000701)	(10, 0.0435194357493157)	(12, 0.04905823981227692)	(14, 0.05413121437785849)	(16, 0.05854380712656655)	(18, 0.06243759368995766)	(20, 0.06693147825291432)	(22, 0.07219352479096175)	(24, 0.0766864959627471)	(26, 0.08306105294747768)	(28, 0.09015992913107508)	(30, 0.09623580720277991)	(32, 0.10153986973470863)	(34, 0.1078769776814146)	(36, 0.11268598219848103)	(38, 0.11628931036938836)	(40, 0.11983966185235839)	(42, 0.12351149436111566)	(44, 0.1273559578012548)	(46, 0.1317977790674455)	(48, 0.13537096532969886)	(50, 0.1382691555163374)	(52, 0.14112898327377993)	(54, 0.1444308923581475)	(56, 0.14774558891891368)	(58, 0.15085477246613005)	(60, 0.1540032318337137)	(62, 0.1570046352227128)	(64, 0.16020333110471977)	(66, 0.16354086244476929)	(68, 0.1669286302992421)	(70, 0.17052921829663542)	(72, 0.1746513526528597)	(74, 0.17866022650383873)	(76, 0.18426022777527923)	(78, 0.19048955556376795)	(80, 0.19480350206597208)	(82, 0.1984205311044494)	(84, 0.20209784396023467)	(86, 0.2067305639812339)	(88, 0.21080520199654887)	(90, 0.2151693850131763)	(92, 0.21841009688906454)	(94, 0.22233767892579498)	(96, 0.22700784798481888)	(98, 0.23104595035328052)	(100, 0.2345168368043446)	(102, 0.2382781816478925)	(104, 0.24238022139834745)	(106, 0.24650326914574305)	(108, 0.25286503865407495)	(110, 0.25795354086956923)	(112, 0.26166373580752245)	(114, 0.26478113987528085)	(116, 0.26820727015894963)	(118, 0.2721768681895613)	(120, 0.27537647746273963)	(122, 0.2778727755339918)	(124, 0.28022567119134467)	(126, 0.2832837048329664)	(128, 0.28628054126610886)	(130, 0.2895185129684831)	(132, 0.2927583114532001)	(134, 0.2960209447172003)	(136, 0.29911186044099003)	
SRR26260989_2 - polya	(1, 0.009035265466822628)	(2, 0.014221500537649446)	(3, 0.015301128902164644)	(4, 0.018121680839239884)	(5, 0.019515515766693515)	(6, 0.020847240094496528)	(7, 0.02225934284537681)	(8, 0.025308242575285217)	(9, 0.029995766066564403)	(10, 0.03713483146170044)	(12, 0.04127249346783737)	(14, 0.04660852469076274)	(16, 0.05338771396439371)	(18, 0.060706717420282275)	(20, 0.06950724135607242)	(22, 0.07759075322236642)	(24, 0.08379450605805781)	(26, 0.0906696014046787)	(28, 0.0958412222167642)	(30, 0.10003277430200976)	(32, 0.10431749228673123)	(34, 0.10902876394846509)	(36, 0.1134678450411418)	(38, 0.11717621319675237)	(40, 0.12137689919371125)	(42, 0.12519670107222441)	(44, 0.12929508725799405)	(46, 0.13398352414044457)	(48, 0.1386390789407271)	(50, 0.1444455066168888)	(52, 0.14936320468334383)	(54, 0.15524909739141146)	(56, 0.16096053238575453)	(58, 0.16596956956934283)	(60, 0.1705283049054641)	(62, 0.17447872172147783)	(64, 0.17903563027525646)	(66, 0.18474980544311354)	(68, 0.1907306908329998)	(70, 0.19923344924693548)	(72, 0.20625560057214093)	(74, 0.21142539460188375)	(76, 0.2182265052636267)	(78, 0.22434439932921282)	(80, 0.2282427528484606)	(82, 0.23176022224926265)	(84, 0.23667974709806033)	(86, 0.24271817613174052)	(88, 0.2479619548463613)	(90, 0.2543620867838892)	(92, 0.2599008908468504)	(94, 0.2677980709141926)	(96, 0.2742301715427171)	(98, 0.27911042057114754)	(100, 0.2829137814085767)	(102, 0.2867911269308838)	(104, 0.2902336982556366)	(106, 0.29387082189988323)	(108, 0.29899311958871677)	(110, 0.3037089582063073)	(112, 0.3073634362828092)	(114, 0.3108562441219853)	(116, 0.31514278888904945)	(118, 0.31980656420987397)	(120, 0.3236007911355898)	(122, 0.32676934510894284)	(124, 0.33004841941402707)	(126, 0.3336051646351964)	(128, 0.3366622848856468)	(130, 0.33983449242368513)	(132, 0.3436378532611143)	(134, 0.34746496226899815)	(136, 0.35118794468335)	
SRR26260989_2 - polyg	(1, 0.04433235389180176)	(2, 0.04460819802554423)	(3, 0.04471049783673348)	(4, 0.044909617112084)	(5, 0.0450046097939026)	(6, 0.045110563169777185)	(7, 0.04519824872222512)	(8, 0.04533343061558236)	(9, 0.045406501909288965)	(10, 0.04553529006444687)	(12, 0.045730755775112056)	(14, 0.04589790635946593)	(16, 0.04604770251156449)	(18, 0.04623220752817368)	(20, 0.04637926350675825)	(22, 0.046547327482283456)	(24, 0.04678663596917261)	(26, 0.0470241176737191)	(28, 0.04724698511952427)	(30, 0.04746437221830144)	(32, 0.047711901225732586)	(34, 0.04802793457101369)	(36, 0.04833392061341013)	(38, 0.048683749432030535)	(40, 0.04903997198885027)	(42, 0.04941263558675399)	(44, 0.04977981883762972)	(46, 0.0501625297384181)	(48, 0.050621052106427096)	(50, 0.05110606281840474)	(52, 0.051680585865172976)	(54, 0.05223958126202856)	(56, 0.052826891785195465)	(58, 0.053422422828904345)	(60, 0.05415130898362781)	(62, 0.05492677808808924)	(64, 0.055742436404089296)	(66, 0.05649963768512407)	(68, 0.057296114786526145)	(70, 0.05817662387569082)	(72, 0.05910554269693613)	(74, 0.06003446151818144)	(76, 0.06107024710647267)	(78, 0.06218001737964185)	(80, 0.06337655981408763)	(82, 0.06470919753306198)	(84, 0.06598885856409903)	(86, 0.06725755890108008)	(88, 0.06848058967949451)	(90, 0.06977669175161555)	(92, 0.0710791875619359)	(94, 0.07236067537531563)	(96, 0.07359923380364271)	(98, 0.0748240913643998)	(100, 0.0760379882311009)	(102, 0.07732221621799461)	(104, 0.07872701183950423)	(106, 0.08033275351870704)	(108, 0.08189556581285723)	(110, 0.08333233012536348)	(112, 0.08487413442257301)	(114, 0.0864908367958318)	(116, 0.08827103618875916)	(118, 0.09002840080240318)	(120, 0.09200406590599572)	(122, 0.09416697619971146)	(124, 0.09631801240819984)	(126, 0.09835578811144301)	(128, 0.10051778501398739)	(130, 0.10270992382518578)	(132, 0.10512127651750398)	(134, 0.107803906387708)	(136, 0.11050571747250998)	
SRR26260990_1 - polya	(1, 0.0009935467255860432)	(2, 0.004332206325874315)	(3, 0.006279900510342128)	(4, 0.01275337133101395)	(5, 0.014947739185282435)	(6, 0.017345955419455644)	(7, 0.020052513740879692)	(8, 0.02415860253610339)	(9, 0.03300630742860669)	(10, 0.04197820566180824)	(12, 0.047046150468094974)	(14, 0.05185714353500602)	(16, 0.05619620190726368)	(18, 0.059829499502036095)	(20, 0.06429532073238578)	(22, 0.06932300976617031)	(24, 0.07399696190541433)	(26, 0.08025801928820223)	(28, 0.08714518240926893)	(30, 0.09306363747288923)	(32, 0.09818896816763656)	(34, 0.10422133850238008)	(36, 0.10889186461843241)	(38, 0.11244550717399834)	(40, 0.11599658021217053)	(42, 0.1195510792735344)	(44, 0.12334026092352807)	(46, 0.12776411336977972)	(48, 0.131176432468689)	(50, 0.13407998712363445)	(52, 0.13681566664218772)	(54, 0.14004726301773612)	(56, 0.1433045545672221)	(58, 0.14615757538009028)	(60, 0.14908768171477121)	(62, 0.15192185940008518)	(64, 0.15495560293631427)	(66, 0.1582591457988879)	(68, 0.1613931005134735)	(70, 0.16497843378356247)	(72, 0.1688515530017522)	(74, 0.17242832121386195)	(76, 0.17767356272031792)	(78, 0.18342414264754608)	(80, 0.1873597867889839)	(82, 0.1906230738790553)	(84, 0.19409192236062728)	(86, 0.19835389521107225)	(88, 0.20220988431330358)	(90, 0.2064513010245985)	(92, 0.209512452746361)	(94, 0.21341811918487166)	(96, 0.21778372923686481)	(98, 0.2215472157129209)	(100, 0.2249680998698094)	(102, 0.22854058555292955)	(104, 0.23219615229844787)	(106, 0.2359836209368457)	(108, 0.24186438974535757)	(110, 0.24660001030205175)	(112, 0.24997549965165056)	(114, 0.2528764847892022)	(116, 0.25587168556452494)	(118, 0.2598270293393149)	(120, 0.2628522078175648)	(122, 0.26530438391700695)	(124, 0.26750046478287126)	(126, 0.27024213984200995)	(128, 0.27298724092434035)	(130, 0.2759053561778504)	(132, 0.27888599635460853)	(134, 0.28183837184003535)	(136, 0.2846674104905618)	
SRR26260990_2 - polya	(1, 0.008582188095148408)	(2, 0.013245005659019458)	(3, 0.01428137767450145)	(4, 0.01676353147687072)	(5, 0.018082550405665986)	(6, 0.019267954429985884)	(7, 0.020544148068885198)	(8, 0.02337746924840126)	(9, 0.027802178200450826)	(10, 0.034692767344709205)	(12, 0.03846567538454241)	(14, 0.04333576735150986)	(16, 0.049720161569198104)	(18, 0.056473709785789444)	(20, 0.06461565390080748)	(22, 0.07188481860774606)	(24, 0.07758143866970535)	(26, 0.08424933630650477)	(28, 0.08907488997198043)	(30, 0.09311502782076438)	(32, 0.09714403109417535)	(34, 0.10180256612905683)	(36, 0.10604226982875589)	(38, 0.1095582261292134)	(40, 0.11353412604315341)	(42, 0.11723166157276974)	(44, 0.12115360162144084)	(46, 0.12566910018806982)	(48, 0.1303045095664075)	(50, 0.13568507898893467)	(52, 0.14038130027892454)	(54, 0.14640596206148682)	(56, 0.15188502965077466)	(58, 0.15682963762216107)	(60, 0.16126805066697736)	(62, 0.16515830000112547)	(64, 0.16962240821987928)	(66, 0.1751477271222548)	(68, 0.1806841806000032)	(70, 0.18874646967581477)	(72, 0.19542378887639134)	(74, 0.20043863032320708)	(76, 0.2070465725541522)	(78, 0.2128519688524472)	(80, 0.2167233750590411)	(82, 0.22020250161018806)	(84, 0.22490129241757173)	(86, 0.23096107093784868)	(88, 0.236033298273125)	(90, 0.24221041808771684)	(92, 0.24732204468969746)	(94, 0.25440706065008345)	(96, 0.26032894173689547)	(98, 0.264901826191985)	(100, 0.2686507520694765)	(102, 0.2722891886990364)	(104, 0.2757922974125251)	(106, 0.2793399444275056)	(108, 0.2841415159306395)	(110, 0.28857050741167867)	(112, 0.2919982436149505)	(114, 0.29536516790657014)	(116, 0.2993975972031728)	(118, 0.30401073743076457)	(120, 0.30756609299792637)	(122, 0.31035830189914226)	(124, 0.3133843368831901)	(126, 0.31682577717922866)	(128, 0.3199109110633329)	(130, 0.32311595575914587)	(132, 0.3269085634323312)	(134, 0.33058811234019125)	(136, 0.33396959723037545)	
SRR26260990_2 - polyg	(1, 0.08409345225128352)	(2, 0.08447374082555956)	(3, 0.08467930221706012)	(4, 0.0850030614086735)	(5, 0.08516751052187395)	(6, 0.08531654253071186)	(7, 0.08545872249316641)	(8, 0.08565914484987945)	(9, 0.08581502890510072)	(10, 0.08605913305750763)	(12, 0.08638888778970644)	(14, 0.08661329230876122)	(16, 0.0867871629857388)	(18, 0.08692506041920374)	(20, 0.08707837495703125)	(22, 0.08729592742970267)	(24, 0.08751947544295953)	(26, 0.08775158851419558)	(28, 0.08799483616080458)	(30, 0.08827148753353242)	(32, 0.08858496865557078)	(34, 0.08888731520223618)	(36, 0.08920507885326413)	(38, 0.08950656889413161)	(40, 0.08982433254515956)	(42, 0.09024830291512947)	(44, 0.0906782688256848)	(46, 0.09109110462028178)	(48, 0.09154248317578509)	(50, 0.09204011304437604)	(52, 0.09262596301015263)	(54, 0.09320153490635419)	(56, 0.0938550488301664)	(58, 0.09458821779318506)	(60, 0.09535564698812049)	(62, 0.09612478919465176)	(64, 0.09694789126645192)	(66, 0.0977941189947959)	(68, 0.09869944562319627)	(70, 0.09976236931841376)	(72, 0.10074906399761645)	(74, 0.10175288879277752)	(76, 0.10301623484470804)	(78, 0.10428728944881985)	(80, 0.1054564198629793)	(82, 0.10689877562667488)	(84, 0.10833427934398712)	(86, 0.10961903804086565)	(88, 0.11091835733630877)	(90, 0.11223480674771028)	(92, 0.11353583905474923)	(94, 0.1147692074037526)	(96, 0.11594775938168915)	(98, 0.11708691209292142)	(100, 0.11828345069261427)	(102, 0.11954508373294896)	(104, 0.12086924169653174)	(106, 0.12244521236470271)	(108, 0.12393553245308177)	(110, 0.1255055075806673)	(112, 0.127042078982134)	(114, 0.12857608086620692)	(116, 0.1302214285040093)	(118, 0.13182309434611789)	(120, 0.13373738480446684)	(122, 0.13579214221367453)	(124, 0.1377518274793132)	(126, 0.13974662948266656)	(128, 0.14184849471075978)	(130, 0.1439683465606093)	(132, 0.1463031813657365)	(134, 0.1487502184303911)	(136, 0.15135485256186282)	
SRR26260991_1 - polya	(1, 0.0006229302568696148)	(2, 0.0031675915328072484)	(3, 0.004764622361325666)	(4, 0.009829239463919986)	(5, 0.011789793331858065)	(6, 0.013879168471046801)	(7, 0.016178539929123596)	(8, 0.019711419176299146)	(9, 0.027128347985429433)	(10, 0.03529173429783407)	(12, 0.03977753801727475)	(14, 0.04416187292716869)	(16, 0.04789504278101478)	(18, 0.05141203995365258)	(20, 0.05538255858809063)	(22, 0.06002894772785748)	(24, 0.0641106408840598)	(26, 0.06979377655615213)	(28, 0.07554838156366436)	(30, 0.08041359039706245)	(32, 0.08465145728621934)	(34, 0.08986518942197366)	(36, 0.09394864725312463)	(38, 0.09697065310266914)	(40, 0.1001708911220262)	(42, 0.10346024522628956)	(44, 0.10696753668670984)	(46, 0.1108798210478428)	(48, 0.11400682505683135)	(50, 0.11666266085453325)	(52, 0.11927790912841646)	(54, 0.12216403500691575)	(56, 0.12509780710902832)	(58, 0.12781628886740692)	(60, 0.13052682958851664)	(62, 0.13315884227441188)	(64, 0.13603261542827072)	(66, 0.13917550151179703)	(68, 0.14212162633855008)	(70, 0.1454012747305959)	(72, 0.14897385916411582)	(74, 0.15243085738849987)	(76, 0.15734812413288285)	(78, 0.162508916020178)	(80, 0.16602503085534148)	(82, 0.16898262606926068)	(84, 0.1722922739354334)	(86, 0.17613838298599238)	(88, 0.17971361443193526)	(90, 0.18368942709121922)	(92, 0.18643349663635309)	(94, 0.19011637325416295)	(96, 0.19422983055944076)	(98, 0.19779447395569183)	(100, 0.2008332442172484)	(102, 0.20413583338362656)	(104, 0.2075010685106814)	(106, 0.21111335813054571)	(108, 0.2167144364175263)	(110, 0.22089759838327538)	(112, 0.22393019228251176)	(114, 0.22663014495392964)	(116, 0.22953479991938963)	(118, 0.23313120746471622)	(120, 0.23598821620656296)	(122, 0.23825494117808993)	(124, 0.24043166772723631)	(126, 0.24307515080029773)	(128, 0.24572481023567938)	(130, 0.24843888030668637)	(132, 0.25128265398641836)	(134, 0.2541555448028029)	(136, 0.2568307920249398)	
SRR26260991_2 - polya	(1, 0.007877508970725101)	(2, 0.012093317423023997)	(3, 0.013069182669621439)	(4, 0.015463846574924745)	(5, 0.0165755917925674)	(6, 0.017766747382898816)	(7, 0.019084959569532253)	(8, 0.02166138499454539)	(9, 0.025983073943762633)	(10, 0.032407373094283404)	(12, 0.035987898565072216)	(14, 0.04073399183943717)	(16, 0.04664212356748099)	(18, 0.05282642692498685)	(20, 0.06048776321450365)	(22, 0.06740528901316906)	(24, 0.07258019830005333)	(26, 0.07851127080242946)	(28, 0.08286472390072222)	(30, 0.08641348522243551)	(32, 0.09003724522946599)	(34, 0.09406776281215776)	(36, 0.09797651782339345)	(38, 0.10121469635414626)	(40, 0.10464698912924938)	(42, 0.10790104973453994)	(44, 0.11135628328397537)	(46, 0.11527386166995426)	(48, 0.11922938056732887)	(50, 0.12429840935729479)	(52, 0.12849568872263298)	(54, 0.13362736347327558)	(56, 0.13852345411827488)	(58, 0.14284514306749213)	(60, 0.1467530157412535)	(62, 0.15012089788073127)	(64, 0.15380289216106682)	(66, 0.1584104584519636)	(68, 0.16352007476574823)	(70, 0.17057259819798454)	(72, 0.17624691049533367)	(74, 0.1808121245874631)	(76, 0.1867096682658151)	(78, 0.19168605162097746)	(80, 0.19508393323458212)	(82, 0.19830887670322014)	(84, 0.20263144798991173)	(86, 0.20775253469086247)	(88, 0.21219863322395877)	(90, 0.21779265281114485)	(92, 0.2224849234995763)	(94, 0.2292392168654926)	(96, 0.23476264945473307)	(98, 0.23893698804573898)	(100, 0.24222369513757935)	(102, 0.24548834379256174)	(104, 0.24864975896304875)	(106, 0.2519752889037592)	(108, 0.25655373805800347)	(110, 0.2608074870216981)	(112, 0.2639997840037863)	(114, 0.2671020825634939)	(116, 0.27084495812955744)	(118, 0.27518429382826115)	(120, 0.2785786460919685)	(122, 0.2814109493845343)	(124, 0.28427060513880403)	(126, 0.2873843740856778)	(128, 0.29006491533266066)	(130, 0.2931504494803562)	(132, 0.29671773988903016)	(134, 0.3003053240596135)	(136, 0.3036546771121306)	
SRR26260991_2 - polyg	(1, 0.055038446973106)	(2, 0.05532079496488826)	(3, 0.055444322211293)	(4, 0.05567196527966745)	(5, 0.05581313927555858)	(6, 0.05592431379732285)	(7, 0.05600901819485753)	(8, 0.05618725036467008)	(9, 0.056316071635920735)	(10, 0.05650136250552784)	(12, 0.056750181673285965)	(14, 0.05691253176856076)	(16, 0.0570360590149655)	(18, 0.05718429171065119)	(20, 0.057319289344222084)	(22, 0.057475463077176644)	(24, 0.05762104876043937)	(26, 0.057849574166288144)	(28, 0.05803574737336957)	(30, 0.05824397901730899)	(32, 0.05848044546042663)	(34, 0.05870808852880108)	(36, 0.05897896613341719)	(38, 0.0592586671127765)	(40, 0.05952513303002101)	(42, 0.05984189218330173)	(44, 0.06016394536142837)	(46, 0.06044894036563359)	(48, 0.06081069873010461)	(50, 0.06127127889169943)	(52, 0.06169480087937282)	(54, 0.06215979272833923)	(56, 0.06261154951519085)	(58, 0.06309948213848957)	(60, 0.0636959422711296)	(62, 0.06436210706424086)	(64, 0.06504327159441559)	(66, 0.06575090624881988)	(68, 0.06648148167755648)	(70, 0.06739381862600291)	(72, 0.06825233298851585)	(74, 0.06915408188727044)	(76, 0.07024112165563215)	(78, 0.07137316063518416)	(80, 0.07245137702880267)	(82, 0.07359400405804652)	(84, 0.07470133758831757)	(86, 0.07585455266725324)	(88, 0.07697070957226751)	(90, 0.0780939251770763)	(92, 0.07918625897028393)	(94, 0.08011888968063971)	(96, 0.08116975361255432)	(98, 0.0821967944326623)	(100, 0.08324059966478235)	(102, 0.0843117573586063)	(104, 0.08549673658661748)	(106, 0.08688112408382488)	(108, 0.08804757422487536)	(110, 0.0892537295522702)	(112, 0.09055605966436589)	(114, 0.09181603757769422)	(116, 0.09304866302931866)	(118, 0.09432805236708203)	(120, 0.09580332062414434)	(122, 0.09753446674875935)	(124, 0.09911826251516297)	(126, 0.10067294114491404)	(128, 0.10231408884714845)	(130, 0.10392700175020461)	(132, 0.10567226527440872)	(134, 0.10769370042807486)	(136, 0.10974601739334217)	
SRR26260992_1 - polya	(1, 0.0008037240847215534)	(2, 0.0036779317600606916)	(3, 0.005375728304367111)	(4, 0.0114554210295442)	(5, 0.013744246526081458)	(6, 0.016223180061393602)	(7, 0.018933631307292986)	(8, 0.022867550129466396)	(9, 0.031499584444532075)	(10, 0.040799820282024335)	(12, 0.04573980590345693)	(14, 0.05051132945092563)	(16, 0.054660766792304236)	(18, 0.05822388082597614)	(20, 0.062471195573456664)	(22, 0.06746011989794021)	(24, 0.07158414675888851)	(26, 0.07742479274223976)	(28, 0.08387152574029905)	(30, 0.08925948872042891)	(32, 0.0939190179282233)	(34, 0.09970225504838015)	(36, 0.10397780366300546)	(38, 0.10739692497423894)	(40, 0.11078781241832766)	(42, 0.11414858373746192)	(44, 0.11772205018908691)	(46, 0.12174443512831398)	(48, 0.12493203872896023)	(50, 0.12787024316982756)	(52, 0.13058163554463176)	(54, 0.13353113353235702)	(56, 0.136508865387227)	(58, 0.13937554403132754)	(60, 0.14233821782372036)	(62, 0.14527548113568284)	(64, 0.1482334492835515)	(66, 0.1514728149739632)	(68, 0.1547262975979473)	(70, 0.1581284785888939)	(72, 0.1618214684114318)	(74, 0.16528576391009697)	(76, 0.17033021483996527)	(78, 0.1759826350423513)	(80, 0.17965209664226853)	(82, 0.1827578220281949)	(84, 0.1862164707534311)	(86, 0.19034614438780834)	(88, 0.19414736403440128)	(90, 0.19846244006302927)	(92, 0.2015051098123323)	(94, 0.2052573907558743)	(96, 0.2095479974329768)	(98, 0.2131722848454624)	(100, 0.2162573053954826)	(102, 0.2195719613982804)	(104, 0.22313131091633298)	(106, 0.22686571041068324)	(108, 0.23284658460085358)	(110, 0.23763787185532365)	(112, 0.24123486652956927)	(114, 0.24411283872052772)	(116, 0.24714515605187765)	(118, 0.25100378456166494)	(120, 0.2540803349515417)	(122, 0.2563870418972707)	(124, 0.2585911657923736)	(126, 0.2613373799366564)	(128, 0.26411465133479844)	(130, 0.26695591949846864)	(132, 0.2700447045641081)	(134, 0.27291608885273283)	(136, 0.27579876668821535)	
SRR26260992_2 - polya	(1, 0.008392987573239828)	(2, 0.012932993410121295)	(3, 0.013924943275808083)	(4, 0.01645281551417119)	(5, 0.017730868566925136)	(6, 0.018954336143199163)	(7, 0.02020980210223728)	(8, 0.022871314645085704)	(9, 0.026861701201548686)	(10, 0.03337243096513616)	(12, 0.03702495224476655)	(14, 0.04180024030785456)	(16, 0.04805027736480519)	(18, 0.05440289747238187)	(20, 0.062405316550118835)	(22, 0.06972541717185682)	(24, 0.07548794945610748)	(26, 0.08172104619277125)	(28, 0.08623093590469827)	(30, 0.08994839507876168)	(32, 0.09361973893648858)	(34, 0.09794704964087933)	(36, 0.1020447248924925)	(38, 0.10535749863748063)	(40, 0.10914177796378668)	(42, 0.11262771942726282)	(44, 0.11628871086703665)	(46, 0.12042403127484286)	(48, 0.12462428957708208)	(50, 0.13003954529545186)	(52, 0.1345673164565706)	(54, 0.1397651713979256)	(56, 0.14470892153497747)	(58, 0.14910117013380125)	(60, 0.15321578570570127)	(62, 0.1568523077939496)	(64, 0.16072599436621415)	(66, 0.1656396283783116)	(68, 0.17104076716310904)	(70, 0.17889448787388346)	(72, 0.18507488139187694)	(74, 0.18990475493144487)	(76, 0.19632043067564492)	(78, 0.20195685168664887)	(80, 0.20553596491170284)	(82, 0.20877250721540003)	(84, 0.2132842791851367)	(86, 0.21877388408698778)	(88, 0.2236169334312233)	(90, 0.22958180843001158)	(92, 0.23467519806293086)	(94, 0.24183342451303874)	(96, 0.24772489145725057)	(98, 0.2519976166851614)	(100, 0.2556087282929794)	(102, 0.25924054473670366)	(104, 0.2625429660637387)	(106, 0.26589150270711026)	(108, 0.27053973836804673)	(110, 0.274907517615345)	(112, 0.2781986453955221)	(114, 0.2814474223749821)	(116, 0.28532863797848523)	(118, 0.28980464704983855)	(120, 0.29346375623180265)	(122, 0.2961563260285104)	(124, 0.29893171516884276)	(126, 0.3021757865037786)	(128, 0.3049841151557799)	(130, 0.30807572360813384)	(132, 0.3117724779462911)	(134, 0.3153252395620099)	(136, 0.3186464834671414)	
SRR26260992_2 - polyg	(1, 0.0619978077343291)	(2, 0.06233661414006652)	(3, 0.06248531250702906)	(4, 0.06276200440504795)	(5, 0.06288999793610431)	(6, 0.06302740275620894)	(7, 0.06313280919354947)	(8, 0.0632852720761313)	(9, 0.0634509107633807)	(10, 0.06370501556768378)	(12, 0.06395441472746272)	(14, 0.0641266413170459)	(16, 0.06428475097305669)	(18, 0.06444286062906751)	(20, 0.06460002915617347)	(22, 0.06481554767537867)	(24, 0.06499342103839081)	(26, 0.06519294036621395)	(28, 0.06541316452994328)	(30, 0.06565221127176914)	(32, 0.06588372898235637)	(34, 0.066151009591327)	(36, 0.0664352305205845)	(38, 0.06674862644589163)	(40, 0.06705637559776978)	(42, 0.06740647555036512)	(44, 0.06778857388572455)	(46, 0.0681386738383199)	(48, 0.06853771249396619)	(50, 0.06897439630580554)	(52, 0.06944213737150415)	(54, 0.06988070344115313)	(56, 0.07039455982318824)	(58, 0.07093100329893914)	(60, 0.07155967740736303)	(62, 0.07225046602350545)	(64, 0.072945960284172)	(66, 0.07363769002921923)	(68, 0.07442635605146357)	(70, 0.075355250280527)	(72, 0.0761712090410113)	(74, 0.07708410407869268)	(76, 0.07804876120613952)	(78, 0.07921481991921914)	(80, 0.08026888429262447)	(82, 0.08141517929870273)	(84, 0.0825605331758762)	(86, 0.08367765318590487)	(88, 0.0848615933481762)	(90, 0.08604741576825717)	(92, 0.08718618174309684)	(94, 0.08828165578831451)	(96, 0.08942136289205901)	(98, 0.09062318450352203)	(100, 0.09176100934945688)	(102, 0.09295059628515717)	(104, 0.09418912192390841)	(106, 0.09569681042943995)	(108, 0.09708215217734407)	(110, 0.0984674939252482)	(112, 0.09993094937225291)	(114, 0.10133511369825356)	(116, 0.1029011521958843)	(118, 0.10452459955670947)	(120, 0.10623086626115932)	(122, 0.10809053697709584)	(124, 0.10994267866179375)	(126, 0.11178823244415789)	(128, 0.11365637332023784)	(130, 0.11553957225879502)	(132, 0.11754323569716994)	(134, 0.11988382328347263)	(136, 0.12220935280729811)	
SRR26260993_1 - polya	(1, 0.0007132425871288022)	(2, 0.003498021783903014)	(3, 0.005130923417484716)	(4, 0.010433246216372477)	(5, 0.01239051657174919)	(6, 0.014357001947631443)	(7, 0.016642327033005385)	(8, 0.020335707251625847)	(9, 0.027890181062067605)	(10, 0.035712811969220576)	(12, 0.04015537335494145)	(14, 0.04443575037976481)	(16, 0.048114386565576414)	(18, 0.051335036232262675)	(20, 0.05525234144916776)	(22, 0.05959630211547936)	(24, 0.06330350486485813)	(26, 0.06847313136846611)	(28, 0.07403808225176177)	(30, 0.07867508057014953)	(32, 0.08310105491896044)	(34, 0.08833702957020831)	(36, 0.09224327676250675)	(38, 0.09543535986562583)	(40, 0.0984634156037463)	(42, 0.10174396290371857)	(44, 0.1050871723431285)	(46, 0.10889205430986601)	(48, 0.11184454687984105)	(50, 0.11450953081004325)	(52, 0.11704734745726898)	(54, 0.11969758735466231)	(56, 0.12240219587303833)	(58, 0.12494554153256739)	(60, 0.1275801158951013)	(62, 0.13019626021662412)	(64, 0.13280503252174253)	(66, 0.13562943630669055)	(68, 0.13834418134762266)	(70, 0.14130588893810325)	(72, 0.14451824508633454)	(74, 0.1476679390951281)	(76, 0.15210497146854565)	(78, 0.15697603130777416)	(80, 0.16033767078819516)	(82, 0.16311692097266606)	(84, 0.1662859665245213)	(86, 0.1700401658784783)	(88, 0.173600849801819)	(90, 0.17753382055358352)	(92, 0.18020801950429124)	(94, 0.18349409581656684)	(96, 0.18715614496546845)	(98, 0.19026713588813882)	(100, 0.19318368987814222)	(102, 0.19622464664497047)	(104, 0.19929232697126475)	(106, 0.20256642375688313)	(108, 0.2074199750571511)	(110, 0.21122762153004027)	(112, 0.21415431204259977)	(114, 0.21673912529440378)	(116, 0.2195017884419647)	(118, 0.22284039037112185)	(120, 0.22547496473365575)	(122, 0.22752346379203733)	(124, 0.22960237241808718)	(126, 0.23222312424986277)	(128, 0.2347812139422007)	(130, 0.23735312616529694)	(132, 0.24018674497075052)	(134, 0.2428415923783966)	(136, 0.24539138855227954)	
SRR26260993_2 - polya	(1, 0.007816180392799096)	(2, 0.012403417600456946)	(3, 0.013417069856066355)	(4, 0.015777958109585724)	(5, 0.017090177029574632)	(6, 0.018194136486138334)	(7, 0.019451065283094)	(8, 0.022215571434756023)	(9, 0.026561375105168726)	(10, 0.03313444923177046)	(12, 0.03684625949140201)	(14, 0.04172469134703492)	(16, 0.04777435230892199)	(18, 0.05399817715836376)	(20, 0.06148814582526674)	(22, 0.06821603229636154)	(24, 0.07343818441685111)	(26, 0.07933211153219455)	(28, 0.08378112343226929)	(30, 0.08749477669600195)	(32, 0.09117064837566188)	(34, 0.09530542807649772)	(36, 0.0990725284591625)	(38, 0.10227014057458492)	(40, 0.10589532964146438)	(42, 0.10936939237205298)	(44, 0.1127854004734567)	(46, 0.11672390023752452)	(48, 0.12081905535018653)	(50, 0.1258209684805937)	(52, 0.13009305198696208)	(54, 0.13500189341026328)	(56, 0.13964442074095434)	(58, 0.14385937112018837)	(60, 0.14762647150285318)	(62, 0.15102497106529636)	(64, 0.1548851431550671)	(66, 0.1595359640042132)	(68, 0.16447152898698045)	(70, 0.17187856246933358)	(72, 0.1776840253878238)	(74, 0.18223993152576284)	(76, 0.18822877335231333)	(78, 0.19346198349740953)	(80, 0.19682270147578002)	(82, 0.20001017706864632)	(84, 0.20424171448479034)	(86, 0.2094942761729482)	(88, 0.21397185463659008)	(90, 0.2193055085051967)	(92, 0.22385772863493347)	(94, 0.23019029072634062)	(96, 0.235476947990369)	(98, 0.2394237412728918)	(100, 0.24265452746213415)	(102, 0.2459673273338758)	(104, 0.24897787453303574)	(106, 0.25212849004387994)	(108, 0.25644388414662433)	(110, 0.26043490952757375)	(112, 0.26340583213855984)	(114, 0.2663362086593216)	(116, 0.2699752202569594)	(118, 0.27392477804563387)	(120, 0.27705696351546694)	(122, 0.27954225454581105)	(124, 0.2821528698550306)	(126, 0.2851164204496123)	(128, 0.2877233497506296)	(130, 0.29063253172422854)	(132, 0.29382277182324656)	(134, 0.29703604947352835)	(136, 0.30005396868909273)	
SRR26260993_2 - polyg	(1, 0.06908132272183176)	(2, 0.06946098156666002)	(3, 0.0696876710710963)	(4, 0.07001756880519464)	(5, 0.07018159617019325)	(6, 0.07031982147777635)	(7, 0.07044145974844948)	(8, 0.07062760316266138)	(9, 0.07078610151535668)	(10, 0.0710017329951863)	(12, 0.07127357610009974)	(14, 0.07147538504917107)	(16, 0.07163480490391691)	(18, 0.0718034397791683)	(20, 0.07194350809085251)	(22, 0.0721259654968622)	(24, 0.07228722835570917)	(26, 0.07249364481503326)	(28, 0.0727092762948629)	(30, 0.07294333781570361)	(32, 0.07320873040626316)	(34, 0.07349255303783381)	(36, 0.07376439614274723)	(38, 0.07405651229277285)	(40, 0.07434125642639403)	(42, 0.07466746815229015)	(44, 0.07501487442534902)	(46, 0.07535214417585179)	(48, 0.07571337297966896)	(50, 0.07614832194753045)	(52, 0.07657129138873472)	(54, 0.0770007113442929)	(56, 0.07744579683471049)	(58, 0.07795354446456575)	(60, 0.0784917016620893)	(62, 0.079066718941635)	(64, 0.07969886934831504)	(66, 0.08033747026934897)	(68, 0.08103136131341614)	(70, 0.08184320461995422)	(72, 0.0826209523506218)	(74, 0.08343740316741266)	(76, 0.08435061169951166)	(78, 0.08529146529312731)	(80, 0.08618440078011415)	(82, 0.08718883801521801)	(84, 0.08823750734874847)	(86, 0.08930829273149224)	(88, 0.09036802008962934)	(90, 0.0914609215215864)	(92, 0.0925169628715213)	(94, 0.09351955710252405)	(96, 0.09453320935813346)	(98, 0.09546853393944577)	(100, 0.0964582271417408)	(102, 0.09750689647527125)	(104, 0.09863112897694713)	(106, 0.09986962773289172)	(108, 0.1009560786504949)	(110, 0.10207201763371579)	(112, 0.1031741340861784)	(114, 0.10436563623754472)	(116, 0.10558201894427602)	(118, 0.10683894774123168)	(120, 0.10811430657919843)	(122, 0.10963294195851143)	(124, 0.11111195274965062)	(126, 0.11271352331351348)	(128, 0.11432523039993245)	(130, 0.11602540168320458)	(132, 0.11786379827405984)	(134, 0.11989663179758198)	(136, 0.12196079639082295)	
SRR26260994_1 - polya	(1, 0.004389700862513642)	(2, 0.018886838610677754)	(3, 0.02700338159933814)	(4, 0.05164735692727244)	(5, 0.06076050570837256)	(6, 0.0701772716029834)	(7, 0.08184683012608593)	(8, 0.09920399472976316)	(9, 0.13432623700565108)	(10, 0.1712945176854419)	(12, 0.19199842360140515)	(14, 0.2142389565880371)	(16, 0.23291256791289056)	(18, 0.24977142962034787)	(20, 0.2679652795520966)	(22, 0.28918023564767137)	(24, 0.3080404208476211)	(26, 0.333900023473543)	(28, 0.36135071883553427)	(30, 0.38400148257858907)	(32, 0.4040529593536877)	(34, 0.4282890216130885)	(36, 0.44752119571928606)	(38, 0.4630705637692354)	(40, 0.4786025491600143)	(42, 0.4953014904031034)	(44, 0.5114441865527377)	(46, 0.5295151990263486)	(48, 0.5439648241727801)	(50, 0.5571130675693166)	(52, 0.5695381923443616)	(54, 0.5827304718107966)	(56, 0.5970143822731364)	(58, 0.6106794700690077)	(60, 0.6237187821347425)	(62, 0.6370257871517024)	(64, 0.6504289762160723)	(66, 0.6646607387009007)	(68, 0.6791173169110004)	(70, 0.6938531765117721)	(72, 0.7091696169288373)	(74, 0.7239448772237288)	(76, 0.7441284622085229)	(78, 0.7655717105612031)	(80, 0.7809032159495493)	(82, 0.7940560947218644)	(84, 0.8087583478482401)	(86, 0.82637277580764)	(88, 0.8415304546042817)	(90, 0.8592978499643817)	(92, 0.8719767615633157)	(94, 0.8872491659104824)	(96, 0.9035089052985312)	(98, 0.9179284005024007)	(100, 0.9314891923432492)	(102, 0.9451392151678395)	(104, 0.9594080606588982)	(106, 0.9738518915856063)	(108, 0.994500172992224)	(110, 1.0111261070667972)	(112, 1.0237111523062108)	(114, 1.0349391912863835)	(116, 1.0469587206807847)	(118, 1.0605693428112553)	(120, 1.0719341253769024)	(122, 1.0811782235237533)	(124, 1.0907004442173318)	(126, 1.1021347574196607)	(128, 1.1129120061053461)	(130, 1.1238480164114553)	(132, 1.1354468854539312)	(134, 1.1465428162244087)	(136, 1.1574591261834577)	
SRR26260994_1 - polyg	(1, 0.0)	(2, 0.000296664049842527)	(3, 0.0004380430110956063)	(4, 0.003159008593245034)	(5, 0.0043039464106060365)	(6, 0.004480090690200037)	(7, 0.004524126760098537)	(8, 0.004577433581554616)	(9, 0.004663188033462221)	(10, 0.0048659857237842614)	(12, 0.005218274282972262)	(14, 0.005678335329017119)	(16, 0.0065057499055310416)	(18, 0.0072462511861926615)	(20, 0.007676182289675386)	(22, 0.008137402179664941)	(24, 0.008612528196990862)	(26, 0.009277704621247152)	(28, 0.011093613082587935)	(30, 0.015222574057544666)	(32, 0.01888915629856715)	(34, 0.020858032160607984)	(36, 0.02215941391050313)	(38, 0.022978716579404174)	(40, 0.024174643530331857)	(42, 0.025583797767083864)	(44, 0.026659204947763023)	(46, 0.027740406348165672)	(48, 0.028850578847185754)	(50, 0.030917956444525864)	(52, 0.03349870190936691)	(54, 0.0352647800810857)	(56, 0.036967121835846134)	(58, 0.038227944047676876)	(60, 0.03952469042179324)	(62, 0.040965133445052065)	(64, 0.042961821561765645)	(66, 0.04552402552349153)	(68, 0.0487977596672616)	(70, 0.0507851770324176)	(72, 0.052377428612431776)	(74, 0.054213037420832416)	(76, 0.05614019490086415)	(78, 0.058037222438333744)	(80, 0.0599052788771859)	(82, 0.06200626294892224)	(84, 0.06438536956738594)	(86, 0.06694525584122243)	(88, 0.06953527205762106)	(90, 0.07172896364493318)	(92, 0.07382994771666951)	(94, 0.07565744461745727)	(96, 0.07730879723865103)	(98, 0.07898100905084933)	(100, 0.08055124259591426)	(102, 0.08220143637316332)	(104, 0.08436152148607923)	(106, 0.08660040798723453)	(108, 0.08852988315515567)	(110, 0.09031102629815553)	(112, 0.09180129961103635)	(114, 0.09337385084399069)	(116, 0.0958723183887582)	(118, 0.09851216489477882)	(120, 0.10169319152297311)	(122, 0.10572828613840934)	(124, 0.10944585751299851)	(126, 0.11195011927748955)	(128, 0.1140383560658342)	(130, 0.11622045921369936)	(132, 0.11860420120794185)	(134, 0.12097867245062675)	(136, 0.12362431317637085)	
SRR26260994_2 - polya	(1, 0.029409141628529884)	(2, 0.04352154318705447)	(3, 0.046604068079949476)	(4, 0.0538236658554141)	(5, 0.057260796995386505)	(6, 0.060544960734658856)	(7, 0.06419068378467678)	(8, 0.07310219371939956)	(9, 0.08768276823158189)	(10, 0.10780725217519643)	(12, 0.1179668370383583)	(14, 0.13238053802250419)	(16, 0.15213998612353907)	(18, 0.17215437989240737)	(20, 0.19681226134767804)	(22, 0.21927992774747065)	(24, 0.23590354413415446)	(26, 0.25558071431511586)	(28, 0.27011261738162085)	(30, 0.28174972827427186)	(32, 0.2935328535039547)	(34, 0.3076881322884331)	(36, 0.32062662493097926)	(38, 0.3315406172021391)	(40, 0.34405033758514725)	(42, 0.3556318239684527)	(44, 0.36793990550508354)	(46, 0.38207664278644676)	(48, 0.39680323163566095)	(50, 0.4143191578597617)	(52, 0.42916858416711384)	(54, 0.44763128589403234)	(56, 0.46508579338906414)	(58, 0.4801403350746277)	(60, 0.4942527366331523)	(62, 0.5069339659199756)	(64, 0.5207612918681046)	(66, 0.5378646696478931)	(68, 0.5564038550751618)	(70, 0.5826644177059488)	(72, 0.6044309835191994)	(74, 0.6217244117059184)	(76, 0.6425372489526832)	(78, 0.6609918387719889)	(80, 0.6732709492100022)	(82, 0.68493934888916)	(84, 0.7006138720851367)	(86, 0.7196270246857864)	(88, 0.736002648468305)	(90, 0.7550552017630745)	(92, 0.7715084680898877)	(94, 0.7944558958827851)	(96, 0.8138815969277471)	(98, 0.8284876660067128)	(100, 0.8403588633761926)	(102, 0.8522254253698938)	(104, 0.8640062329116872)	(106, 0.8755390478493155)	(108, 0.8905680949680956)	(110, 0.9046596373356157)	(112, 0.9161298747002302)	(114, 0.9272953361073895)	(116, 0.9406962074838698)	(118, 0.9555444749472772)	(120, 0.9673751127786927)	(122, 0.9770676835321415)	(124, 0.9872156799558564)	(126, 0.9985653975502224)	(128, 1.0084051414846478)	(130, 1.0189865455436795)	(132, 1.0310918293899882)	(134, 1.0432724380927023)	(136, 1.0549744442462563)	
SRR26260994_2 - polyg	(1, 0.04463403337396395)	(2, 0.04502108725149287)	(3, 0.04520418459475505)	(4, 0.04569321673941734)	(5, 0.04582300726122345)	(6, 0.045996833852928055)	(7, 0.04617066044463266)	(8, 0.046423288424576686)	(9, 0.04669445790763587)	(10, 0.04710352982011405)	(12, 0.04770728751530137)	(14, 0.048235720354083376)	(16, 0.04879660082331691)	(18, 0.04944555343234743)	(20, 0.0499878923984658)	(22, 0.05061714466043647)	(24, 0.05142949426566933)	(26, 0.052335710230422675)	(28, 0.05315037752354493)	(30, 0.054140030252316486)	(32, 0.055169083675207745)	(34, 0.05630590958495587)	(36, 0.05745780046598506)	(38, 0.058802059441834004)	(40, 0.06008721737650339)	(42, 0.06144422363574401)	(44, 0.06283599521332556)	(46, 0.06424862598191164)	(48, 0.06576787039340991)	(50, 0.06760000266997646)	(52, 0.06949587136350135)	(54, 0.07144157034664823)	(56, 0.07354950748205275)	(58, 0.07561688507939286)	(60, 0.07770280417984812)	(62, 0.07997761484328908)	(64, 0.08236251568147626)	(66, 0.0849038604521976)	(68, 0.08756456614922276)	(70, 0.09027741982375931)	(72, 0.09305053338342012)	(74, 0.09589317757976276)	(76, 0.09903712120172674)	(78, 0.10219612979497177)	(80, 0.10528444890759026)	(82, 0.10873664501884373)	(84, 0.1123255847155715)	(86, 0.11589714175312879)	(88, 0.11973059752218769)	(90, 0.12350611109401172)	(92, 0.1272572889429971)	(94, 0.13130628968576974)	(96, 0.13548044557456967)	(98, 0.13971370250454915)	(100, 0.14394927712241806)	(102, 0.14812806838699677)	(104, 0.152312653871299)	(106, 0.15708940861134155)	(108, 0.16184066878460077)	(110, 0.1665467340440168)	(112, 0.1713061061248889)	(114, 0.17655219266253389)	(116, 0.18207524290296156)	(118, 0.18797723511330527)	(120, 0.19512266687630925)	(122, 0.20295876963035286)	(124, 0.2105376090286737)	(126, 0.2179797048415202)	(128, 0.225658204819085)	(130, 0.23320459658695428)	(132, 0.24138371714862833)	(134, 0.25036939309581174)	(136, 0.2599391263911226)	
SRR26260995_1 - polya	(1, 0.0032019166986552916)	(2, 0.016416070316622917)	(3, 0.023739496855274666)	(4, 0.05031440589635126)	(5, 0.06045325346555839)	(6, 0.07152502161293772)	(7, 0.08410612198143134)	(8, 0.10203485637837632)	(9, 0.14043120188857777)	(10, 0.18420017037128872)	(12, 0.20693011388661275)	(14, 0.23046303547100644)	(16, 0.24985945384896877)	(18, 0.2666120419455752)	(20, 0.28504388708289163)	(22, 0.30693087021865295)	(24, 0.3258091844898089)	(26, 0.35095805778996514)	(28, 0.3779594448096347)	(30, 0.40093594590633286)	(32, 0.42098707461861956)	(34, 0.44553121547256774)	(36, 0.46491930420251065)	(38, 0.48046742519551267)	(40, 0.4956723646901156)	(42, 0.5120234637521872)	(44, 0.5285228305490041)	(46, 0.546205007364575)	(48, 0.5610184534022664)	(50, 0.5737828060271867)	(52, 0.5860973576590597)	(54, 0.5992532037408915)	(56, 0.613391948289012)	(58, 0.6267893541634063)	(60, 0.6395720320139693)	(62, 0.6527945152799564)	(64, 0.6661885892951429)	(66, 0.6804372851971193)	(68, 0.6948758970739379)	(70, 0.710355714953181)	(72, 0.726411944475366)	(74, 0.7412836980491931)	(76, 0.7614814285666212)	(78, 0.7836649471718728)	(80, 0.7995379244376313)	(82, 0.8129236688047985)	(84, 0.8273689444000326)	(86, 0.8452643602049)	(88, 0.8607808285354284)	(90, 0.8785063195207001)	(92, 0.891455590331651)	(94, 0.9063256779758742)	(96, 0.9235147396286969)	(98, 0.938869612787649)	(100, 0.9525385651874756)	(102, 0.9665223782824353)	(104, 0.9814807601956641)	(106, 0.9966190625061119)	(108, 1.020005382285364)	(110, 1.0381923357709104)	(112, 1.0513148632606648)	(114, 1.0622700163357726)	(116, 1.0742547139060776)	(118, 1.0885650492033974)	(120, 1.100731333100525)	(122, 1.1102637822939205)	(124, 1.1195913221460385)	(126, 1.1306847473782682)	(128, 1.141668221256642)	(130, 1.1524884340338355)	(132, 1.1639566934269383)	(134, 1.1751667337314395)	(136, 1.1861485416802093)	
SRR26260995_1 - polyg	(1, 0.0)	(2, 0.00027654431424390134)	(3, 0.0004298098378007623)	(4, 0.0025522041531425115)	(5, 0.003824974370506009)	(6, 0.0039116027099077135)	(7, 0.0039649124572318385)	(8, 0.004054872655841301)	(9, 0.004184815164943857)	(10, 0.004363069632558902)	(12, 0.004722910426996749)	(14, 0.005305985788354372)	(16, 0.006452145355823072)	(18, 0.007451703118150426)	(20, 0.008136400185344665)	(22, 0.008851083985408723)	(24, 0.009495798742109866)	(26, 0.010403730376223878)	(28, 0.012502801677111323)	(30, 0.016959163367487443)	(32, 0.021350553803312286)	(34, 0.023482943696277313)	(36, 0.02502226265026144)	(38, 0.02617508593614565)	(40, 0.02760445353627377)	(42, 0.029327024746684575)	(44, 0.03080803616453294)	(46, 0.032447310894749795)	(48, 0.03406992632892787)	(50, 0.03846298269435659)	(52, 0.044521968663664244)	(54, 0.048275308061203455)	(56, 0.05183206776548496)	(58, 0.054022765194585744)	(60, 0.05629842503348435)	(62, 0.059117177923247485)	(64, 0.06275556817811906)	(66, 0.06755344543729036)	(68, 0.07442373912368705)	(70, 0.07854358303407963)	(72, 0.08159223420917805)	(74, 0.08488910889525444)	(76, 0.08835091061211485)	(78, 0.09151784278908867)	(80, 0.09439823507419534)	(82, 0.097443554390086)	(84, 0.10106028756010715)	(86, 0.10457873088349945)	(88, 0.10803886667075596)	(90, 0.11153398697969394)	(92, 0.11507242145833278)	(94, 0.11842760368054495)	(96, 0.12117138973813353)	(98, 0.12361864032623167)	(100, 0.1261691785497703)	(102, 0.12906456420131185)	(104, 0.13269629073776792)	(106, 0.13660789344767563)	(108, 0.1401030137566136)	(110, 0.1430916914659724)	(112, 0.145738853606536)	(114, 0.14800451786781135)	(116, 0.15132304963873816)	(118, 0.15499142662647958)	(120, 0.1593345051037919)	(122, 0.16457385370799113)	(124, 0.16948334825062233)	(126, 0.1733183181987516)	(128, 0.17647858665730992)	(130, 0.17955722456527817)	(132, 0.18302902185976183)	(134, 0.18654413332394637)	(136, 0.1905323687956325)	
SRR26260995_2 - polya	(1, 0.026604895773946414)	(2, 0.0407386425332552)	(3, 0.043737315820237266)	(4, 0.05066758297237359)	(5, 0.05404608820904005)	(6, 0.05722801375244879)	(7, 0.06062317828515404)	(8, 0.06827645888537381)	(9, 0.08103081593267085)	(10, 0.09941601504107866)	(12, 0.10926665678881473)	(14, 0.12282066004597367)	(16, 0.14167731723227922)	(18, 0.1621665854303861)	(20, 0.18842163598751793)	(22, 0.21230107092951842)	(24, 0.23016983186072376)	(26, 0.250640774833188)	(28, 0.26484782249506744)	(30, 0.27637772128351346)	(32, 0.2882224807670926)	(34, 0.3022529398909609)	(36, 0.3154354408464548)	(38, 0.325875821673964)	(40, 0.33806043079673453)	(42, 0.3502050576090119)	(44, 0.3629794058115554)	(46, 0.37744134070282837)	(48, 0.39270125587435933)	(50, 0.4117544927539226)	(52, 0.42780572448729604)	(54, 0.4463691780633189)	(56, 0.4645061536607487)	(58, 0.4806223566486734)	(60, 0.49564737574605744)	(62, 0.5087182594180915)	(64, 0.5231801943093644)	(66, 0.5414054641757998)	(68, 0.5606419533117897)	(70, 0.5882797254401411)	(72, 0.6104815692710355)	(74, 0.6281220978465094)	(76, 0.6512885149180497)	(78, 0.6711913758955912)	(80, 0.6841489763545615)	(82, 0.6960237225710105)	(84, 0.7124447906764451)	(86, 0.732479260092693)	(88, 0.7496949766191778)	(90, 0.7714969973451413)	(92, 0.7902237120223443)	(94, 0.8164637692130412)	(96, 0.8383007744606861)	(98, 0.8545519177465251)	(100, 0.8677427483500383)	(102, 0.8806970169498007)	(104, 0.8934013961089815)	(106, 0.9052244985077103)	(108, 0.9219454339418429)	(110, 0.9368171875156701)	(112, 0.9490167900048755)	(114, 0.9605366932156982)	(116, 0.9752601790547801)	(118, 0.9915179860590346)	(120, 1.0049870269063956)	(122, 1.0154640581851901)	(124, 1.0262876028215917)	(126, 1.0381606831084367)	(128, 1.048422809468331)	(130, 1.0596061948991702)	(132, 1.0726504236975423)	(134, 1.085504736521072)	(136, 1.0977476531799781)	
SRR26260995_2 - polyg	(1, 0.06183264317757014)	(2, 0.0626656079795096)	(3, 0.06294881601216902)	(4, 0.06369182061549902)	(5, 0.06391172332321103)	(6, 0.06420159507428597)	(7, 0.06447813938852986)	(8, 0.06486796691583753)	(9, 0.06521781213265211)	(10, 0.06578589412757482)	(12, 0.0665472239565475)	(14, 0.06715195640275554)	(16, 0.06771670653847049)	(18, 0.06843805405695008)	(20, 0.06904611836236588)	(22, 0.06985409422024716)	(24, 0.07069205681099824)	(26, 0.0717399265318381)	(28, 0.07281111926713224)	(30, 0.07400225893390568)	(32, 0.07523837869998384)	(34, 0.07666274851130031)	(36, 0.07803547450489655)	(38, 0.07964309657263971)	(40, 0.08128903502127209)	(42, 0.08305325447177987)	(44, 0.08506736336286949)	(46, 0.08717143245256857)	(48, 0.08965866535115981)	(50, 0.09237413060548244)	(52, 0.09555938800809895)	(54, 0.09833149486895348)	(56, 0.10137681418484415)	(58, 0.10456540344666843)	(60, 0.1084153667612326)	(62, 0.1128733943812126)	(64, 0.11771625173968864)	(66, 0.12196603815918378)	(68, 0.12651902376658486)	(70, 0.13205657376987842)	(72, 0.1374708449824849)	(74, 0.14281681308133237)	(76, 0.14888912648747105)	(78, 0.1551513558684519)	(80, 0.16114037279439666)	(82, 0.16748423272596763)	(84, 0.1739663648146605)	(86, 0.18074669830244772)	(88, 0.18739708928113238)	(90, 0.1939158718211106)	(92, 0.20014311668041004)	(94, 0.20631371993317754)	(96, 0.2124843231859451)	(98, 0.2188398446247432)	(100, 0.22512539702017836)	(102, 0.2317791198580708)	(104, 0.23884266137851745)	(106, 0.24737888466879304)	(108, 0.25475728688437277)	(110, 0.26256383300814945)	(112, 0.2702154476787653)	(114, 0.2783185292720324)	(116, 0.2871312968765519)	(118, 0.29576581001345637)	(120, 0.3057547239183144)	(122, 0.31708137929508723)	(124, 0.3281131651319734)	(126, 0.3382420171235573)	(128, 0.34893728518045997)	(130, 0.35960756429330454)	(132, 0.37115912016660096)	(134, 0.3837868665640032)	(136, 0.39716428128315096)	
SRR26260996_1 - polya	(1, 0.0031644370607188804)	(2, 0.013931262657528368)	(3, 0.020954940914032254)	(4, 0.03948246484985881)	(5, 0.04705670942098471)	(6, 0.054754083838831194)	(7, 0.06330457219467026)	(8, 0.0754891500265767)	(9, 0.10031916311668661)	(10, 0.1264534730831295)	(12, 0.14202412169985185)	(14, 0.15936432211372997)	(16, 0.17496927118775307)	(18, 0.18893835229820277)	(20, 0.2048291385163986)	(22, 0.22399957615188765)	(24, 0.2408824371350893)	(26, 0.26375380616343685)	(28, 0.28946155916088345)	(30, 0.3119125277125707)	(32, 0.33150424532362516)	(34, 0.35534921963997046)	(36, 0.3736093759086323)	(38, 0.3886514456833613)	(40, 0.4032819099704816)	(42, 0.4188622330751605)	(44, 0.43431590833749834)	(46, 0.4518610319962757)	(48, 0.466156407200535)	(50, 0.4787323620452318)	(52, 0.49068475216617946)	(54, 0.5037567443933793)	(56, 0.5176202856352112)	(58, 0.5309622840262911)	(60, 0.5433139666501755)	(62, 0.5563798023850393)	(64, 0.569212570910039)	(66, 0.5832933483814423)	(68, 0.5973424638922604)	(70, 0.6121461894636946)	(72, 0.6276368036800486)	(74, 0.6418169645277335)	(76, 0.661164181443157)	(78, 0.6825104993699798)	(80, 0.6977117584465404)	(82, 0.7102534128339365)	(84, 0.724167965012267)	(86, 0.7414378055137334)	(88, 0.7567164604939469)	(90, 0.774068094393592)	(92, 0.786309839654333)	(94, 0.8003791836399694)	(96, 0.8164854470899263)	(98, 0.8312610286963958)	(100, 0.8447156029473346)	(102, 0.8587506464756702)	(104, 0.8734286037036685)	(106, 0.8880256470323931)	(108, 0.909277858576365)	(110, 0.9268282592285733)	(112, 0.9398325300400767)	(114, 0.950652125571195)	(116, 0.9622113796815419)	(118, 0.9759561885711792)	(120, 0.9874204567997702)	(122, 0.9965434989428599)	(124, 1.0053622344647688)	(126, 1.0159135828298171)	(128, 1.0262283459893813)	(130, 1.0370048460741472)	(132, 1.048156012692506)	(134, 1.059213072928014)	(136, 1.069904261618981)	
SRR26260996_1 - polyg	(1, 0.0)	(2, 0.00030782461680144754)	(3, 0.00045206243724555436)	(4, 0.002627942728579215)	(5, 0.0036411254673085506)	(6, 0.003734352351254132)	(7, 0.0037818452921320697)	(8, 0.003852205204543829)	(9, 0.0039348781016276466)	(10, 0.00410638038813131)	(12, 0.004369350560770261)	(14, 0.004774799556043025)	(16, 0.005465206196583415)	(18, 0.006079975931281162)	(20, 0.006458160460494369)	(22, 0.006876801939344338)	(24, 0.007333261871115627)	(26, 0.007933959623331023)	(28, 0.009262002970102982)	(30, 0.012578593341412293)	(32, 0.016174864364558346)	(34, 0.01801389657522071)	(36, 0.01939470985630149)	(38, 0.020254859785535248)	(40, 0.021513422718800593)	(42, 0.02311147222945268)	(44, 0.024347168191184206)	(46, 0.02555647918576132)	(48, 0.02683790909056049)	(50, 0.029941660726824228)	(52, 0.0341614964737195)	(54, 0.036836052644271505)	(56, 0.03938835846700808)	(58, 0.04119572871708515)	(60, 0.042974955002197515)	(62, 0.04507168039206795)	(64, 0.04758352926516776)	(66, 0.05078138728428222)	(68, 0.05459665353480988)	(70, 0.05754033637033687)	(72, 0.05986221347992493)	(74, 0.06239341132893797)	(76, 0.06521308481883924)	(78, 0.06783047356055669)	(80, 0.07009430374240505)	(82, 0.07250676923922325)	(84, 0.07535370719518406)	(86, 0.07815139321245665)	(88, 0.0809578742187807)	(90, 0.083723898275468)	(92, 0.08644946538251852)	(94, 0.08908268510452862)	(96, 0.0913412382929461)	(98, 0.09352239557771064)	(100, 0.0957299378296296)	(102, 0.09799376801147795)	(104, 0.10076331006378583)	(106, 0.10384771272413634)	(108, 0.10671399965601039)	(110, 0.10896111935866096)	(112, 0.11108510921459094)	(114, 0.11304815077087903)	(116, 0.11604636253852513)	(118, 0.1189539859189411)	(120, 0.12226529929681952)	(122, 0.12680967013971403)	(124, 0.13110162479683135)	(126, 0.13425111037616272)	(128, 0.13685354763649268)	(130, 0.13949380334974398)	(132, 0.1423803187564364)	(134, 0.14540755398795235)	(136, 0.14863003797641094)	
SRR26260996_2 - polya	(1, 0.027046350331080327)	(2, 0.04068034235866901)	(3, 0.043624904693101145)	(4, 0.05054304308098739)	(5, 0.05379543003222097)	(6, 0.05672416138636046)	(7, 0.06000821029817933)	(8, 0.06815764715327137)	(9, 0.08056561770708515)	(10, 0.09869736713559554)	(12, 0.10847651546192497)	(14, 0.12180004437599676)	(16, 0.14101885445126883)	(18, 0.161039767528035)	(20, 0.18655403076634924)	(22, 0.2098018253260997)	(24, 0.22779549342650204)	(26, 0.24941093801829967)	(28, 0.26465705153902286)	(30, 0.27707029908626746)	(32, 0.28954159356125186)	(34, 0.3041843708330441)	(36, 0.31756154918032986)	(38, 0.32868545133262905)	(40, 0.3419016813802729)	(42, 0.3538250480373507)	(44, 0.3664379418360637)	(46, 0.381164271503845)	(48, 0.39640774652785266)	(50, 0.4148666695490777)	(52, 0.43064927740194053)	(54, 0.45017151459948834)	(56, 0.4686357146141443)	(58, 0.48515358355171)	(60, 0.5004515875078368)	(62, 0.51372410548541)	(64, 0.528538385043706)	(66, 0.5473315176488869)	(68, 0.5668379238661421)	(70, 0.5945271878968849)	(72, 0.6174574833518773)	(74, 0.6349348855949584)	(76, 0.6573533126871551)	(78, 0.6773232148274229)	(80, 0.6904550129801725)	(82, 0.702694119744198)	(84, 0.7191196412967233)	(86, 0.740064907722799)	(88, 0.7575985978958094)	(90, 0.7785983932540042)	(92, 0.7958453667839367)	(94, 0.8205003595919224)	(96, 0.8413893380880686)	(98, 0.8574331571157601)	(100, 0.870619484200629)	(102, 0.883891122679297)	(104, 0.8965647019024652)	(106, 0.9088803250712385)	(108, 0.9250103349916343)	(110, 0.9400541637641737)	(112, 0.9525984566482852)	(114, 0.9642518171414829)	(116, 0.9786201907548693)	(118, 0.9946807202617585)	(120, 1.0076102336663246)	(122, 1.0177807590054444)	(124, 1.028094642666103)	(126, 1.0400628637673435)	(128, 1.050352121458658)	(130, 1.061186668471164)	(132, 1.0736992993946903)	(134, 1.0864863339766222)	(136, 1.0988687990621868)	
SRR26260996_2 - polyg	(1, 0.04261172195437181)	(2, 0.04314997528432177)	(3, 0.04336281401936734)	(4, 0.04388347737121436)	(5, 0.04406113615005405)	(6, 0.04425990290261727)	(7, 0.04441997170335402)	(8, 0.044636328434020184)	(9, 0.044914250088046635)	(10, 0.0453179400855091)	(12, 0.04584212143297671)	(14, 0.046370700274970054)	(16, 0.04691598959616119)	(18, 0.04760023974436555)	(20, 0.048191263008624335)	(22, 0.048936198581283834)	(24, 0.049792830514897)	(26, 0.05087989116165868)	(28, 0.05180072651534759)	(30, 0.05286755868729089)	(32, 0.05395637833186287)	(34, 0.05511379889103631)	(36, 0.05632135088780313)	(38, 0.057765488090054495)	(40, 0.059273828712381585)	(42, 0.060944876632160874)	(44, 0.06267309198077473)	(46, 0.0642992854563915)	(48, 0.06628167598859283)	(50, 0.06839159386204047)	(52, 0.07077767439170427)	(54, 0.07308372052099968)	(56, 0.07554279945979067)	(58, 0.07810126177486326)	(60, 0.08109331705017334)	(62, 0.08438264295542308)	(64, 0.08783555565703019)	(66, 0.09120051846812258)	(68, 0.09480822297703553)	(70, 0.09906763617466244)	(72, 0.10314675209673418)	(74, 0.1072795174520199)	(76, 0.11191799467776514)	(78, 0.1165995673498626)	(80, 0.12134622294094091)	(82, 0.12697325693607137)	(84, 0.13252201552864376)	(86, 0.13787288686755805)	(88, 0.14337503201815766)	(90, 0.14877427579685504)	(92, 0.1542386024945333)	(94, 0.1595516553805263)	(96, 0.16467209800629207)	(98, 0.1696395078225623)	(100, 0.1747617094461384)	(102, 0.17988742906533506)	(104, 0.18535615325753907)	(106, 0.1915610180333511)	(108, 0.19746685318141316)	(110, 0.20331376190283035)	(112, 0.20917914010125566)	(114, 0.21508057775479197)	(116, 0.2215097147514165)	(118, 0.2280408736210381)	(120, 0.23517097124506472)	(122, 0.24311988234978327)	(124, 0.2505982615402481)	(126, 0.2578787534770549)	(128, 0.26550488848358456)	(130, 0.2734977745335604)	(132, 0.28215380275801705)	(134, 0.29174473831864506)	(136, 0.30159336705848105)	
SRR26260997_1 - polya	(1, 0.00470933132506679)	(2, 0.019574309858180587)	(3, 0.027668856919263046)	(4, 0.053416640757565095)	(5, 0.06331188675514936)	(6, 0.07397605330815663)	(7, 0.08581202530824625)	(8, 0.10268160183888456)	(9, 0.13955785250167935)	(10, 0.17822497564020373)	(12, 0.19934203983961646)	(14, 0.221549841184741)	(16, 0.24102342982000674)	(18, 0.25817551709784525)	(20, 0.2764908116695904)	(22, 0.2982293995128434)	(24, 0.3175285684694029)	(26, 0.3435355252105712)	(28, 0.3713038750451526)	(30, 0.39501266827322745)	(32, 0.4156654322011547)	(34, 0.4407511582449312)	(36, 0.46048760470585276)	(38, 0.47687445635105774)	(40, 0.4930696920112053)	(42, 0.50991224577472)	(44, 0.5266737312368645)	(46, 0.5453808559319002)	(48, 0.5604067427601584)	(50, 0.5735410358897722)	(52, 0.586233138284638)	(54, 0.6003304245699252)	(56, 0.6148907828191015)	(58, 0.6290347447930567)	(60, 0.642530160356048)	(62, 0.6560869912988656)	(64, 0.6698698308394431)	(66, 0.6846611109167655)	(68, 0.6993307885420323)	(70, 0.7144831910527323)	(72, 0.7307496685534782)	(74, 0.7458824181426338)	(76, 0.7666985469808986)	(78, 0.7892613292214181)	(80, 0.8049984061480627)	(82, 0.8185945429339689)	(84, 0.8340380543450447)	(86, 0.8523287827648595)	(88, 0.8679884763129233)	(90, 0.8862755198099483)	(92, 0.8995473833903727)	(94, 0.9154269439982139)	(96, 0.9322240503806574)	(98, 0.946881444929959)	(100, 0.9608116813821193)	(102, 0.9751128667284292)	(104, 0.9898230785043812)	(106, 1.0047789517996377)	(108, 1.0260999150600731)	(110, 1.042916674364061)	(112, 1.0560239447265514)	(114, 1.0673649087652424)	(116, 1.0797892401040663)	(118, 1.0940167269945849)	(120, 1.1059042879137284)	(122, 1.1158191868328569)	(124, 1.1257193460608272)	(126, 1.1373944097657724)	(128, 1.1485327030510375)	(130, 1.1599436806227303)	(132, 1.1719061683052616)	(134, 1.1834940221708539)	(136, 1.1948902600513884)	
SRR26260997_1 - polyg	(1, 0.0)	(2, 0.00034883935741235485)	(3, 0.0005208024209254875)	(4, 0.0033606495840852214)	(5, 0.004655285790819806)	(6, 0.00481250916317467)	(7, 0.004866554697421655)	(8, 0.004942709768406042)	(9, 0.00506062729767219)	(10, 0.005263298051098382)	(12, 0.005575288180615066)	(14, 0.005974488149484838)	(16, 0.006949764381123605)	(18, 0.007783785239162298)	(20, 0.008216149513138173)	(22, 0.008685363015009722)	(24, 0.009147206671302137)	(26, 0.009889104459601651)	(28, 0.011882647688757467)	(30, 0.016885544529393105)	(32, 0.021512579245492897)	(34, 0.0238623316776402)	(36, 0.025273657106044414)	(38, 0.026132244116013552)	(40, 0.02743793509111684)	(42, 0.029112118345176838)	(44, 0.030175832723765214)	(46, 0.031280081253038834)	(48, 0.032276238713818475)	(50, 0.03400692411731851)	(52, 0.03605082795793174)	(54, 0.03758866906877776)	(56, 0.03904421357065677)	(58, 0.040261466398810446)	(60, 0.041436956768682365)	(62, 0.04298462434030056)	(64, 0.04503221310370335)	(66, 0.04841865714731555)	(68, 0.054133972393934165)	(70, 0.05706348601164003)	(72, 0.05900544032174191)	(74, 0.06097933062935337)	(76, 0.06301586462438746)	(78, 0.06502660415989459)	(80, 0.06707787784608696)	(82, 0.06939937920351426)	(84, 0.0720095328461243)	(86, 0.07474743047877269)	(88, 0.07757130964317763)	(90, 0.0802600749719651)	(92, 0.08294761199315606)	(94, 0.08537720441907733)	(96, 0.08729090765445918)	(98, 0.08905475736306531)	(100, 0.09071788584875662)	(102, 0.09233433864578007)	(104, 0.09437701417879678)	(106, 0.09670220045901363)	(108, 0.09874733260722339)	(110, 0.10068805860972875)	(112, 0.10244085354996618)	(114, 0.10411012357364009)	(116, 0.10727670055747476)	(118, 0.11055136860980343)	(120, 0.11448440953386807)	(122, 0.11970963004947427)	(124, 0.12449511644552544)	(126, 0.12783365649287326)	(128, 0.13034063229737544)	(130, 0.13288937056015937)	(132, 0.13571202141696778)	(134, 0.1385555535029171)	(136, 0.1415907015739239)	
SRR26260997_2 - polya	(1, 0.02866869930283226)	(2, 0.04178948104888428)	(3, 0.044798834660364106)	(4, 0.05199917379117828)	(5, 0.05539421598796612)	(6, 0.0585657062021869)	(7, 0.06225308560694707)	(8, 0.07081438955470803)	(9, 0.08477287708158832)	(10, 0.10426734694599495)	(12, 0.11438491661854977)	(14, 0.1285559013596284)	(16, 0.1488929902352494)	(18, 0.16983194983316635)	(20, 0.19524317739002128)	(22, 0.21857733680115685)	(24, 0.2361175692794964)	(26, 0.2564976489209957)	(28, 0.27128401576793204)	(30, 0.28309296500089814)	(32, 0.29491788223261906)	(34, 0.3089709494444316)	(36, 0.3218804622838818)	(38, 0.3324525057671498)	(40, 0.34513109677845377)	(42, 0.35689951186073465)	(44, 0.3693570075046646)	(46, 0.38343095594561805)	(48, 0.3980772957265508)	(50, 0.4161530703169741)	(52, 0.4315511343469786)	(54, 0.44998680306318295)	(56, 0.467525807233926)	(58, 0.48308600786667144)	(60, 0.49786991809841474)	(62, 0.5105595638780873)	(64, 0.5247244070811835)	(66, 0.5423972967799474)	(68, 0.5611781199307746)	(70, 0.5881898322858982)	(72, 0.6103239351752313)	(74, 0.6278936470358873)	(76, 0.6501235579177493)	(78, 0.6692077730449175)	(80, 0.6816308760761448)	(82, 0.693416487464777)	(84, 0.7096018966641524)	(86, 0.7288900108523433)	(88, 0.7453456477229535)	(90, 0.7659455944242303)	(92, 0.7833715942960933)	(94, 0.8078014040833268)	(96, 0.8285585741569584)	(98, 0.8437060634372724)	(100, 0.8559584317125831)	(102, 0.8684761144287427)	(104, 0.8807284827040534)	(106, 0.892515322400282)	(108, 0.9080423587279214)	(110, 0.9225425299048681)	(112, 0.934534496969716)	(114, 0.9458926573147584)	(116, 0.960084523284978)	(118, 0.9758265134420088)	(120, 0.9885431819888049)	(122, 0.9989064131806642)	(124, 1.0095091643538454)	(126, 1.021218620671493)	(128, 1.0313533866503994)	(130, 1.0422226805720256)	(132, 1.0549540888099802)	(134, 1.0680699573256462)	(136, 1.0807903107952317)	
SRR26260997_2 - polyg	(1, 0.050920719721431626)	(2, 0.05157663597797458)	(3, 0.05181001442131383)	(4, 0.05239714545245153)	(5, 0.052556825439999434)	(6, 0.05272633188831952)	(7, 0.05287127218470916)	(8, 0.05312921677997886)	(9, 0.05343383706391641)	(10, 0.05382198226441748)	(12, 0.05432558837899165)	(14, 0.05482673787837279)	(16, 0.05533402891573652)	(18, 0.055845004875889837)	(20, 0.05631790330055095)	(22, 0.05692591556082953)	(24, 0.057619909352864665)	(26, 0.05844287544253466)	(28, 0.05915775046371068)	(30, 0.05996966178501198)	(32, 0.060893349097596805)	(34, 0.06184897240769121)	(36, 0.06290408863310393)	(38, 0.06400588054718451)	(40, 0.06521207860696948)	(42, 0.06649566004533536)	(44, 0.0679143553193187)	(46, 0.06932322413252986)	(48, 0.07088071816492024)	(50, 0.07248488788597846)	(52, 0.07414678806407324)	(54, 0.07588238669795935)	(56, 0.07767203086609245)	(58, 0.07963609471293173)	(60, 0.08168614009152758)	(62, 0.08404326236925402)	(64, 0.0865723477104936)	(66, 0.08897368906169484)	(68, 0.09154822178400575)	(70, 0.09423821542038975)	(72, 0.09681888968068326)	(74, 0.09959977807920992)	(76, 0.10255262954124972)	(78, 0.10576956713654181)	(80, 0.10899018965462348)	(82, 0.11310624841056997)	(84, 0.11724564501085039)	(86, 0.12102269087015669)	(88, 0.1248439558029378)	(90, 0.12877945334219548)	(92, 0.13290533855891415)	(94, 0.1374648163572052)	(96, 0.14188303878189618)	(98, 0.14611087352912622)	(100, 0.15053892241458938)	(102, 0.15497311283803517)	(104, 0.15975982754168286)	(106, 0.16515823942839872)	(108, 0.17037609009842575)	(110, 0.17626459671615402)	(112, 0.1819885101159483)	(114, 0.18793966042109922)	(116, 0.19420894239374942)	(118, 0.20119924092555827)	(120, 0.20997672701030717)	(122, 0.22015694037028463)	(124, 0.2297942417725992)	(126, 0.23881124783866994)	(128, 0.24808988342279997)	(130, 0.25741396638800135)	(132, 0.2675511889821005)	(134, 0.278721418264875)	(136, 0.2908214763982169)	
SRR26260998_1 - polya	(1, 0.002681488178603446)	(2, 0.013121346130993585)	(3, 0.01987318251475163)	(4, 0.04382191495760375)	(5, 0.05358034720408302)	(6, 0.06440513265446861)	(7, 0.07602578171557452)	(8, 0.09287416233729433)	(9, 0.12753324232572258)	(10, 0.1669883108702563)	(12, 0.18855855549610273)	(14, 0.21078941893607653)	(16, 0.22918271127272402)	(18, 0.24580481694629785)	(20, 0.26323839139942967)	(22, 0.28398806423056283)	(24, 0.30162840717079353)	(26, 0.3254718047239915)	(28, 0.35189655728908464)	(30, 0.3753329200217671)	(32, 0.3957080688007966)	(34, 0.42003392615722535)	(36, 0.4397172457844522)	(38, 0.45543815295765155)	(40, 0.470231853015747)	(42, 0.48631818122589476)	(44, 0.5022445564554565)	(46, 0.5197912683826613)	(48, 0.5344406206290084)	(50, 0.5468896440692465)	(52, 0.5586000228511689)	(54, 0.5717486780276284)	(56, 0.5859584846850483)	(58, 0.5993360156711267)	(60, 0.6122180825466096)	(62, 0.6254525661516761)	(64, 0.638580414436352)	(66, 0.6530581098254851)	(68, 0.667127469963366)	(70, 0.681922470452198)	(72, 0.697634274610242)	(74, 0.7124123694994998)	(76, 0.7329955871963647)	(78, 0.7557999405911222)	(80, 0.7718953718164253)	(82, 0.785392542430259)	(84, 0.7994918124750788)	(86, 0.8169670007117777)	(88, 0.8328205518200972)	(90, 0.8509550584401868)	(92, 0.8638540309152439)	(94, 0.8788544994604383)	(96, 0.8958290218635958)	(98, 0.9109205205603431)	(100, 0.9244749101265816)	(102, 0.9384961543272132)	(104, 0.9537385029893912)	(106, 0.9697051915717836)	(108, 0.9931246487048919)	(110, 1.0118742590633325)	(112, 1.0255261809348064)	(114, 1.0368321257576862)	(116, 1.0489040242843477)	(118, 1.0630605132815723)	(120, 1.0746083382214358)	(122, 1.0839844438313926)	(124, 1.0931316736317305)	(126, 1.10401757932673)	(128, 1.1146486005973815)	(130, 1.126049476864024)	(132, 1.137888598288857)	(134, 1.1495469598413204)	(136, 1.161020660229205)	
SRR26260998_1 - polyg	(1, 0.0)	(2, 0.00031470423822601066)	(3, 0.00044994903481900694)	(4, 0.002262749481459746)	(5, 0.0033213001009472364)	(6, 0.0034253345598649256)	(7, 0.0034669483434320017)	(8, 0.003539772464674384)	(9, 0.0036438069235920738)	(10, 0.003842772826272155)	(12, 0.0041795843870181745)	(14, 0.004550207146912443)	(16, 0.0052901522359645094)	(18, 0.005972878372611847)	(20, 0.00641892611522144)	(22, 0.006905287210661639)	(24, 0.007400751321257134)	(26, 0.008109486072633895)	(28, 0.009646595203142757)	(30, 0.013143453453513594)	(32, 0.016878290528658645)	(34, 0.018865348693986515)	(36, 0.02035044059503653)	(38, 0.021363476138747534)	(40, 0.022568975431456258)	(42, 0.024238728497085173)	(44, 0.025379206252970347)	(46, 0.026658830097657925)	(48, 0.027947556957500806)	(50, 0.03016089007097465)	(52, 0.033114168273500555)	(54, 0.03533140267918382)	(56, 0.037306756967883443)	(58, 0.03882956136029113)	(60, 0.04046550322677179)	(62, 0.042572201019855004)	(64, 0.045052122434305425)	(66, 0.0483448130590503)	(68, 0.052973046050151004)	(70, 0.0561747065233429)	(72, 0.058679336121786274)	(74, 0.06151817641950273)	(76, 0.0645455791740075)	(78, 0.06743643670118278)	(80, 0.06988774863943084)	(82, 0.07247300494353542)	(84, 0.07539767366985897)	(86, 0.07829373291998015)	(88, 0.0811416762328519)	(90, 0.08400392428382483)	(92, 0.08669711633905652)	(94, 0.08935129547219407)	(96, 0.09160754279997146)	(98, 0.09372334360820997)	(100, 0.09571950478869314)	(102, 0.09783660602766811)	(104, 0.10020729126025496)	(106, 0.10307214017270083)	(108, 0.10572111758289252)	(110, 0.10808790152326994)	(112, 0.11018679673193434)	(114, 0.1121244385292763)	(116, 0.11504000424044455)	(118, 0.1180452996724293)	(120, 0.12152785318469896)	(122, 0.12596232199606547)	(124, 0.1304592114827826)	(126, 0.1338130223521416)	(128, 0.136519218714738)	(130, 0.1391942047396591)	(132, 0.1421019678664085)	(134, 0.14501363228536734)	(136, 0.1483245289404228)	
SRR26260998_2 - polya	(1, 0.028019080648006716)	(2, 0.04396236147714263)	(3, 0.04727585899367104)	(4, 0.05489378224791885)	(5, 0.05842055040522852)	(6, 0.06175745567501341)	(7, 0.06549229275015847)	(8, 0.0736225857145759)	(9, 0.08661128791044943)	(10, 0.10681608026300118)	(12, 0.1176447670055962)	(14, 0.13126807940086765)	(16, 0.1502842780602848)	(18, 0.17169587013628174)	(20, 0.19950818229718956)	(22, 0.2247664484916681)	(24, 0.2437995527506594)	(26, 0.2652111448266563)	(28, 0.2807681977270603)	(30, 0.29307027249407713)	(32, 0.3054204631983434)	(34, 0.3199345706480975)	(36, 0.33340183135499235)	(38, 0.3445400206128675)	(40, 0.3574285896420328)	(42, 0.36942506318597884)	(44, 0.3822174003406452)	(46, 0.3965819582557052)	(48, 0.4120388779894009)	(50, 0.43144130457755003)	(52, 0.44752243106475187)	(54, 0.46596904106159465)	(56, 0.4845235868095646)	(58, 0.5010832718077878)	(60, 0.5169069130091684)	(62, 0.5302857444259832)	(64, 0.5449663070100057)	(66, 0.5634051144224297)	(68, 0.5830988374955484)	(70, 0.6115171503796517)	(72, 0.6346010963827504)	(74, 0.6525353366694238)	(76, 0.6753487930793365)	(78, 0.6957577530575143)	(80, 0.708912910387656)	(82, 0.7208612679943527)	(84, 0.737081540570357)	(86, 0.757251221293024)	(88, 0.775104834874036)	(90, 0.7973005866841251)	(92, 0.8165677684756811)	(94, 0.843748071298664)	(96, 0.8662715316543438)	(98, 0.8830262812630376)	(100, 0.8964610312015208)	(102, 0.910020622490705)	(104, 0.9229833160718492)	(106, 0.9355259705251131)	(108, 0.9522690162571787)	(110, 0.9681186660732888)	(112, 0.98121140272808)	(114, 0.9935706964475015)	(116, 1.0083006753995098)	(118, 1.0246587936335803)	(120, 1.037769736318682)	(122, 1.0481952895329707)	(124, 1.059046083598086)	(126, 1.0711882053845168)	(128, 1.0818530378543163)	(130, 1.093166785261615)	(132, 1.1060137405072132)	(134, 1.1192248163590233)	(136, 1.132188810370904)	
SRR26260998_2 - polyg	(1, 0.051949607060548235)	(2, 0.05262062932056733)	(3, 0.052854706853132136)	(4, 0.0534867161910571)	(5, 0.05364796960237952)	(6, 0.053902854026727856)	(7, 0.05407971260688793)	(8, 0.054316391000925675)	(9, 0.05461028834736815)	(10, 0.055009520583464776)	(12, 0.055585611399721485)	(14, 0.05615389963155937)	(16, 0.05677680595432903)	(18, 0.05757136913431288)	(20, 0.058121451335840166)	(22, 0.058901709777722834)	(24, 0.05973398544906435)	(26, 0.06078733434560596)	(28, 0.061819876350364025)	(30, 0.06286932395469622)	(32, 0.06403711075604729)	(34, 0.06535444709209252)	(36, 0.06669519118139425)	(38, 0.0682010899742278)	(40, 0.06981232365671552)	(42, 0.07151068619854681)	(44, 0.07338460688980168)	(46, 0.0752923387802048)	(48, 0.07747056026379393)	(50, 0.07969299639242308)	(52, 0.08234327423335122)	(54, 0.08478288229497104)	(56, 0.08738504419864974)	(58, 0.09033702197043919)	(60, 0.09373764834631115)	(62, 0.09744387594525383)	(64, 0.10138288064602485)	(66, 0.10515673064326404)	(68, 0.10959119945463056)	(70, 0.1147760168009409)	(72, 0.11979567944371942)	(74, 0.12465018738296613)	(76, 0.13032266625545313)	(78, 0.1363930769333003)	(80, 0.14203564589884848)	(82, 0.14849358493616405)	(84, 0.15523501787403035)	(86, 0.16192313315170132)	(88, 0.16834205926692275)	(90, 0.17502367239091135)	(92, 0.1815375299498952)	(94, 0.18801367501752136)	(96, 0.19413870378630033)	(98, 0.20012068517406745)	(100, 0.20595311702714042)	(102, 0.21218348068557358)	(104, 0.2187831666731645)	(106, 0.22655063946210646)	(108, 0.2336093774996717)	(110, 0.24081116291824875)	(112, 0.24791541603159048)	(114, 0.25532266950652993)	(116, 0.2632279879535379)	(118, 0.2709850572965881)	(120, 0.2795054794819469)	(122, 0.28932763283451324)	(124, 0.29856719321714054)	(126, 0.30779895101534904)	(128, 0.31716205231794103)	(130, 0.3267150165080579)	(132, 0.33705604172447623)	(134, 0.3482293426122361)	(136, 0.35972515032264074)	
SRR26260999_1 - polya	(1, 0.00615509843382329)	(2, 0.020851885081294257)	(3, 0.03001901071644333)	(4, 0.05414104003015919)	(5, 0.06403486438362417)	(6, 0.07549128953303075)	(7, 0.08677100379191788)	(8, 0.10392585878167054)	(9, 0.1402052002599993)	(10, 0.17884134878379526)	(12, 0.19996028571649246)	(14, 0.2218198199768723)	(16, 0.24123419174652527)	(18, 0.25839897431439696)	(20, 0.27724648137345104)	(22, 0.2994991477273461)	(24, 0.31998470517604666)	(26, 0.34844012233873645)	(28, 0.3760487170878697)	(30, 0.4006691108231628)	(32, 0.4213839953264139)	(34, 0.44594780186642835)	(36, 0.46542273186260763)	(38, 0.48198292492302797)	(40, 0.4981460148586856)	(42, 0.5154775807389577)	(44, 0.532294898072662)	(46, 0.5509110925615417)	(48, 0.5662928820992286)	(50, 0.5795184016694533)	(52, 0.5924967245445133)	(54, 0.6066375668173163)	(56, 0.6219319936675554)	(58, 0.6358703133467294)	(60, 0.6494621605495479)	(62, 0.6630808122132879)	(64, 0.6769287909315783)	(66, 0.6924446027738725)	(68, 0.7076536524522876)	(70, 0.7236459880442971)	(72, 0.7400969777454076)	(74, 0.7555393255096208)	(76, 0.7768995025906114)	(78, 0.7979896495467633)	(80, 0.8134270335219169)	(82, 0.8266307124202799)	(84, 0.8414664851614178)	(86, 0.8592348644789289)	(88, 0.8745451754541584)	(90, 0.8915570733189965)	(92, 0.9044788089987778)	(94, 0.9206359423875639)	(96, 0.9382603718223486)	(98, 0.9538476622271)	(100, 0.9676628799375977)	(102, 0.9814493076715498)	(104, 0.9962979862642427)	(106, 1.0119378928330254)	(108, 1.0338232387965147)	(110, 1.0502821705601204)	(112, 1.0626469691074218)	(114, 1.0736735301242728)	(116, 1.085837791593569)	(118, 1.099010694999763)	(120, 1.11003527050099)	(122, 1.1191716206439697)	(124, 1.1283913624431499)	(126, 1.1393762276319008)	(128, 1.1497545177975763)	(130, 1.1604812659552313)	(132, 1.1719654883233712)	(134, 1.183571819902376)	(136, 1.1947790628409938)	
SRR26260999_1 - polyg	(1, 0.0)	(2, 0.00030576940606735054)	(3, 0.00043681343723907224)	(4, 0.0036652618415605786)	(5, 0.005041224168863656)	(6, 0.005227862637502169)	(7, 0.00529338465308803)	(8, 0.005345008059307193)	(9, 0.005474066574855101)	(10, 0.005698429840346079)	(12, 0.00608262711355408)	(14, 0.006549223285150362)	(16, 0.007313646800318738)	(18, 0.007920221823393905)	(20, 0.00831037564347335)	(22, 0.008787892151000608)	(24, 0.00931008276006368)	(26, 0.010104289009589266)	(28, 0.011866434125724159)	(30, 0.015432420186094042)	(32, 0.0188673622152922)	(34, 0.02076849342509407)	(36, 0.022141477478961426)	(38, 0.02313125701743269)	(40, 0.024487364188497625)	(42, 0.026106552179717912)	(44, 0.027172774069706015)	(46, 0.028293597639348998)	(48, 0.029425341544922955)	(50, 0.03136717582501301)	(52, 0.03377461351888744)	(54, 0.035551650002200945)	(56, 0.03726912101680002)	(58, 0.03863614852379593)	(60, 0.040104437327606365)	(62, 0.04201847438896303)	(64, 0.04424225188763467)	(66, 0.047289025612377196)	(68, 0.05180011710968252)	(70, 0.054765484693848676)	(72, 0.057047834903422835)	(74, 0.05973523030025503)	(76, 0.06259040176729952)	(78, 0.06524999994539832)	(80, 0.06755121255339872)	(82, 0.06984646861452765)	(84, 0.07240976928487147)	(86, 0.07505447609579168)	(88, 0.07777066146916918)	(90, 0.08033396213951301)	(92, 0.0828784004114306)	(94, 0.08533448323808848)	(96, 0.08737261502593352)	(98, 0.0891486587514351)	(100, 0.09090683283632237)	(102, 0.0927295361789836)	(104, 0.09488282787300983)	(106, 0.09720588115287218)	(108, 0.09936711490939368)	(110, 0.1013327753769695)	(112, 0.10307903636811389)	(114, 0.10486202939829883)	(116, 0.10744717074050461)	(118, 0.11033907424658965)	(120, 0.11390208203352381)	(122, 0.11815009271067378)	(124, 0.12193746376309891)	(126, 0.1250080636753272)	(128, 0.12774410420494287)	(130, 0.1305099274689157)	(132, 0.133463381959339)	(134, 0.1364069088716432)	(136, 0.13959961799473605)	
SRR26260999_2 - polya	(1, 0.03494308946350196)	(2, 0.04737638829982501)	(3, 0.050517474016698705)	(4, 0.05750053246565242)	(5, 0.06091363382298862)	(6, 0.06430688002408669)	(7, 0.06826401266234793)	(8, 0.07637285847000415)	(9, 0.08938195683723325)	(10, 0.10634918060053548)	(12, 0.11601864168850949)	(14, 0.1303530717346344)	(16, 0.15217388844034987)	(18, 0.17469757767689548)	(20, 0.2008160429503563)	(22, 0.22584545290415514)	(24, 0.24449043736958015)	(26, 0.2669555538952233)	(28, 0.2820683060658833)	(30, 0.29446685837878955)	(32, 0.3063809448794853)	(34, 0.3201445391837637)	(36, 0.3331268330900713)	(38, 0.3444561852395538)	(40, 0.358168156137613)	(42, 0.3704128309896737)	(44, 0.3832372764038881)	(46, 0.39796086751228055)	(48, 0.4133555629015221)	(50, 0.43323553808495946)	(52, 0.4493102725753573)	(54, 0.46882392012620094)	(56, 0.4878133915523577)	(58, 0.5043993963158877)	(60, 0.5204661887437902)	(62, 0.534013361845073)	(64, 0.5495460505701696)	(66, 0.5693247644567925)	(68, 0.5900247575928649)	(70, 0.6187899151928697)	(72, 0.6432971345376055)	(74, 0.6618031329093635)	(76, 0.685534015645188)	(78, 0.7050893590241318)	(80, 0.7178582100008793)	(82, 0.7303788715246502)	(84, 0.7476995170689914)	(86, 0.7689365921813055)	(88, 0.7862205056866061)	(90, 0.8077186761034518)	(92, 0.8262564427251908)	(94, 0.8531472735763153)	(96, 0.8749412858211092)	(98, 0.8911828036239076)	(100, 0.9042395543661081)	(102, 0.9167929768976719)	(104, 0.9293831314682763)	(106, 0.9416208570156537)	(108, 0.9580569553495857)	(110, 0.9725571759502991)	(112, 0.9843461749666944)	(114, 0.995930665873837)	(116, 1.0103038134746263)	(118, 1.0258325311684753)	(120, 1.0383154678953939)	(122, 1.0486828377251385)	(124, 1.0596547970623345)	(126, 1.0713862161256391)	(128, 1.081355490072809)	(130, 1.092538906823941)	(132, 1.1052263516601124)	(134, 1.118434001589723)	(136, 1.1311829974102325)	
SRR26260999_2 - polyg	(1, 0.0751855201269634)	(2, 0.0761524662357608)	(3, 0.07643838048559001)	(4, 0.07721074606325365)	(5, 0.07748673273496379)	(6, 0.07778853110978351)	(7, 0.07804466262525551)	(8, 0.07838815682817532)	(9, 0.07876143376545235)	(10, 0.0793501391479132)	(12, 0.08006790304592193)	(14, 0.08068043461586855)	(16, 0.0812433282952198)	(18, 0.0819382587635547)	(20, 0.08258553685691805)	(22, 0.08345022891108902)	(24, 0.08439136331677685)	(26, 0.0855379985895294)	(28, 0.08658337256546747)	(30, 0.08770320337729853)	(32, 0.08894613615780608)	(34, 0.09026154025858282)	(36, 0.09164345913275734)	(38, 0.09308097244439867)	(40, 0.09463364566222118)	(42, 0.09630346430184872)	(44, 0.09807652975391459)	(46, 0.09985853002628763)	(48, 0.10189467629850885)	(50, 0.10409959139875427)	(52, 0.10652986252230255)	(54, 0.10895219158335559)	(56, 0.11153832568337327)	(58, 0.11433790271295097)	(60, 0.11748494497669609)	(62, 0.12122168538071398)	(64, 0.1251053539408941)	(66, 0.12889669602456688)	(68, 0.1330136626705451)	(70, 0.13786725561295837)	(72, 0.14252229699299018)	(74, 0.1471852804355173)	(76, 0.1526732456197391)	(78, 0.15822574006173484)	(80, 0.16354394366012054)	(82, 0.16946574400814568)	(84, 0.17573103855909067)	(86, 0.1818484121960615)	(88, 0.1879499017080418)	(90, 0.1941030146262413)	(92, 0.20027002615380746)	(94, 0.20590194122075578)	(96, 0.21120624620977477)	(98, 0.21658500803468678)	(100, 0.2219171102424392)	(102, 0.22762149662965672)	(104, 0.2338043922822134)	(106, 0.24028908630958984)	(108, 0.24643425716529405)	(110, 0.25286434951301556)	(112, 0.2592031081420416)	(114, 0.26566596149755606)	(116, 0.27246138872005937)	(118, 0.2790900326301623)	(120, 0.28633716465708325)	(122, 0.2944847280194039)	(124, 0.30256279833489097)	(126, 0.31083346366588804)	(128, 0.31950222487945984)	(130, 0.3283635811085416)	(132, 0.3379446867512559)	(134, 0.3483021290028814)	(136, 0.35877076012944054)	
SRR26261000_1 - polya	(1, 0.005258930620362579)	(2, 0.02135701589667286)	(3, 0.0299291242148103)	(4, 0.05692548213546923)	(5, 0.06694983669041256)	(6, 0.07751396418292977)	(7, 0.0891730596345254)	(8, 0.1067336725369287)	(9, 0.14317091617048683)	(10, 0.18134957011455113)	(12, 0.2021578168580239)	(14, 0.22475888085843843)	(16, 0.24457368836204307)	(18, 0.2622037006421345)	(20, 0.2814620279505736)	(22, 0.3045051916903344)	(24, 0.3246438629564834)	(26, 0.35268378188978516)	(28, 0.38221578744338036)	(30, 0.4070016466673082)	(32, 0.4289202834537901)	(34, 0.4550658564109397)	(36, 0.47582912207628136)	(38, 0.4928910875982593)	(40, 0.5096870221724329)	(42, 0.5275547915797889)	(44, 0.5452914732737342)	(46, 0.5648710939973959)	(48, 0.5804409728990804)	(50, 0.5938800338710088)	(52, 0.6071160374045168)	(54, 0.6217670171386647)	(56, 0.6371068499550498)	(58, 0.6517758221204502)	(60, 0.6655875834540368)	(62, 0.6795291473273735)	(64, 0.6937431680168187)	(66, 0.7090393049287336)	(68, 0.7239241862691634)	(70, 0.7396007345847018)	(72, 0.755980272892747)	(74, 0.7715527221417532)	(76, 0.79326187562151)	(78, 0.8161585295639293)	(80, 0.8318851996522423)	(82, 0.8456159950451929)	(84, 0.8609147023044295)	(86, 0.8794006402426737)	(88, 0.8952108466189446)	(90, 0.9129398172709244)	(92, 0.9263107640388257)	(94, 0.9424396934829975)	(96, 0.9601712344822991)	(98, 0.9757783834201494)	(100, 0.9901440546015797)	(102, 1.004825878503589)	(104, 1.0195796721306083)	(106, 1.0349606305041417)	(108, 1.058256973455098)	(110, 1.0766876489259238)	(112, 1.0901999647965233)	(114, 1.1016727100672896)	(116, 1.1142674119440132)	(118, 1.1285315544062333)	(120, 1.140215068157386)	(122, 1.14987957408728)	(124, 1.1594682547711814)	(126, 1.1712725748464576)	(128, 1.1822775169046602)	(130, 1.1937168476602436)	(132, 1.2055520119033813)	(134, 1.2170838751625488)	(136, 1.228478224840001)	
SRR26261000_1 - polyg	(1, 0.0)	(2, 0.00036498931969280855)	(3, 0.0005603357161481145)	(4, 0.003541938609413311)	(5, 0.004935066857818257)	(6, 0.005132983601595343)	(7, 0.005212664368570533)	(8, 0.0052949154828675045)	(9, 0.005449136322174325)	(10, 0.005667615844525653)	(12, 0.006107145236550092)	(14, 0.006690614078594229)	(16, 0.007806144816246898)	(18, 0.008744321588696723)	(20, 0.00925967622671368)	(22, 0.009807160206252896)	(24, 0.010448461863037089)	(26, 0.011441901102905192)	(28, 0.013567578338017534)	(30, 0.01831372466768494)	(32, 0.02251624253879579)	(34, 0.024950361452521778)	(36, 0.026590243043817637)	(38, 0.02774432899129701)	(40, 0.02932637776785281)	(42, 0.031159035408282194)	(44, 0.03244163872185059)	(46, 0.033800067281411494)	(48, 0.03539753814189798)	(50, 0.03905385720713052)	(52, 0.04359951644569905)	(54, 0.04639219881081339)	(56, 0.048980538563846196)	(58, 0.050791348252040444)	(60, 0.052604728287556475)	(62, 0.05487948566733208)	(64, 0.05774670810477805)	(66, 0.06160608460843123)	(68, 0.06707963923016247)	(70, 0.07045193491633828)	(72, 0.07277038820058415)	(74, 0.07521735885091904)	(76, 0.07784296864011765)	(78, 0.08027451720652186)	(80, 0.08248758625057473)	(82, 0.08497568245805809)	(84, 0.08791873014149659)	(86, 0.0907936636209079)	(88, 0.09374056682532907)	(90, 0.0967568694074383)	(92, 0.09966007670738919)	(94, 0.10237307830552833)	(96, 0.10459514356520745)	(98, 0.10676323153112917)	(100, 0.10898015609616471)	(102, 0.11114438854110376)	(104, 0.1140810103562378)	(106, 0.11728109277185433)	(108, 0.11995553916016677)	(110, 0.12233825112745715)	(112, 0.12447292457819573)	(114, 0.1265150655253502)	(116, 0.1299130646847438)	(118, 0.13331106384413743)	(120, 0.1374171936906815)	(122, 0.1423908157583265)	(124, 0.14714724347728103)	(126, 0.1507829997639393)	(128, 0.15383528720855347)	(130, 0.15687986361120226)	(132, 0.16005681290092277)	(134, 0.1636103180732841)	(136, 0.1673758768996923)	
SRR26261000_2 - polya	(1, 0.031964839293660334)	(2, 0.04618657102507096)	(3, 0.04911676697190055)	(4, 0.05667615844525654)	(5, 0.06018982323413027)	(6, 0.06331536557741516)	(7, 0.06706807266721446)	(8, 0.07567616584785683)	(9, 0.08995958591499019)	(10, 0.10911638450421907)	(12, 0.11902892895066496)	(14, 0.13328664554458053)	(16, 0.15375432126791738)	(18, 0.17459084183192972)	(20, 0.20059247533905966)	(22, 0.2245699603302876)	(24, 0.2424004597014778)	(26, 0.26348244843472013)	(28, 0.2783133524813928)	(30, 0.2905314984754756)	(32, 0.3027676369008109)	(34, 0.3171345932559021)	(36, 0.3306828939890063)	(38, 0.3417739426824885)	(40, 0.3547927518673059)	(42, 0.3670841527600595)	(44, 0.3796749991158005)	(46, 0.39433754541289645)	(48, 0.40964524888775933)	(50, 0.42742434131251394)	(52, 0.44262923089450557)	(54, 0.46160481999754893)	(56, 0.47938262724864267)	(58, 0.4950925900793641)	(60, 0.5095880638005443)	(62, 0.5224385152357851)	(64, 0.5369070003100866)	(66, 0.554866017047366)	(68, 0.5741012112299091)	(70, 0.6014561326019565)	(72, 0.623973660314413)	(74, 0.6412078391069502)	(76, 0.663503031776073)	(78, 0.6827420814795988)	(80, 0.6955077114532209)	(82, 0.70785051929241)	(84, 0.7248405150893782)	(86, 0.744851954163099)	(88, 0.7615874855752108)	(90, 0.7818803776806666)	(92, 0.7992405034919711)	(94, 0.8238233052774783)	(96, 0.844619985458003)	(98, 0.8599739551846579)	(100, 0.8726727561279137)	(102, 0.8850978150813997)	(104, 0.8976539617482968)	(106, 0.9094839852967909)	(108, 0.9257144434601727)	(110, 0.9404746629554964)	(112, 0.9525270215473245)	(114, 0.9639522153926381)	(116, 0.9783860007780956)	(118, 0.9942797434423243)	(120, 1.0071790314766789)	(122, 1.0176866113281169)	(124, 1.0284692183429853)	(126, 1.0403545043588978)	(128, 1.0505742053102964)	(130, 1.0616035656680558)	(132, 1.0739695066331412)	(134, 1.0863907100656447)	(136, 1.098286277470844)	
SRR26261000_2 - polyg	(1, 0.06647946313052676)	(2, 0.06726084871634798)	(3, 0.0675333055324567)	(4, 0.06834553528613929)	(5, 0.06855887411384706)	(6, 0.06884418266656468)	(7, 0.06910892844070805)	(8, 0.06943022185593059)	(9, 0.06981063325955408)	(10, 0.07030285477167503)	(12, 0.07099556337489482)	(14, 0.0716394353790008)	(16, 0.07222033387372315)	(18, 0.07291304247694295)	(20, 0.07355562930738804)	(22, 0.07437557010303597)	(24, 0.07537286486388675)	(26, 0.07648839560153942)	(28, 0.07753838248248668)	(30, 0.07861021731566908)	(32, 0.07981442503592318)	(34, 0.0811304428646747)	(36, 0.08258140392781971)	(38, 0.0841775896146453)	(40, 0.08579176773272336)	(42, 0.0875254670012642)	(44, 0.08929129561132729)	(46, 0.09109182391023442)	(48, 0.09327661913374771)	(50, 0.09567732353229055)	(52, 0.09842502481927373)	(54, 0.10103392735088079)	(56, 0.10372893651776748)	(58, 0.10654346683511695)	(60, 0.10977053789761218)	(62, 0.11330348029139925)	(64, 0.11714357919013907)	(66, 0.12075106165625779)	(68, 0.1248302028559232)	(70, 0.12932059962707343)	(72, 0.13345628846781804)	(74, 0.13762539182374572)	(76, 0.1425450365976333)	(78, 0.14745311480857287)	(80, 0.15231749711504217)	(82, 0.15836295401586953)	(84, 0.16447266959974138)	(86, 0.17033948736170504)	(88, 0.1762384344651909)	(90, 0.1821245298320679)	(92, 0.18794636651590035)	(94, 0.19314103845321845)	(96, 0.19825474444990043)	(98, 0.2034468460398967)	(100, 0.20881501642143496)	(102, 0.21401097353241394)	(104, 0.2196258972568431)	(106, 0.22578830496081145)	(108, 0.23172837762144582)	(110, 0.2379434774455107)	(112, 0.24410717032313994)	(114, 0.250436650603024)	(116, 0.257200519580289)	(118, 0.2641841532535662)	(120, 0.2720018646327611)	(122, 0.28078345625762363)	(124, 0.28937869770165714)	(126, 0.29781072209075754)	(128, 0.3062054764436921)	(130, 0.3150269084520423)	(132, 0.3246271556988918)	(134, 0.3349355336328919)	(136, 0.3458556542294757)	
SRR26261001_1 - polya	(1, 0.0033289655750479196)	(2, 0.015637704161775026)	(3, 0.023015009392916987)	(4, 0.04769698217363741)	(5, 0.056870242007115206)	(6, 0.06669838031437292)	(7, 0.07863502885917963)	(8, 0.09516326852128416)	(9, 0.1301670190648767)	(10, 0.1708674681502707)	(12, 0.19258388329688547)	(14, 0.21552943588197732)	(16, 0.2346871118403194)	(18, 0.2519781360883608)	(20, 0.2706942651969573)	(22, 0.29252478795642767)	(24, 0.3112483588658626)	(26, 0.3360208735567837)	(28, 0.3624355456327134)	(30, 0.3849556752698763)	(32, 0.40556574269184775)	(34, 0.4308083311357282)	(36, 0.4502984075315192)	(38, 0.46640866604653314)	(40, 0.4819632700989459)	(42, 0.49842949475406373)	(44, 0.5143499873476982)	(46, 0.5321879839573627)	(48, 0.5472129798501087)	(50, 0.5599756682879787)	(52, 0.57217153956199)	(54, 0.5853063180417803)	(56, 0.5993787634272103)	(58, 0.6131684203807806)	(60, 0.6261382389419863)	(62, 0.6393449548298813)	(64, 0.653123449082194)	(66, 0.6676882936230986)	(68, 0.6823908114795136)	(70, 0.697311622160522)	(72, 0.712809172406507)	(74, 0.727152003222399)	(76, 0.7471096727708699)	(78, 0.7687107400044894)	(80, 0.7843199172630505)	(82, 0.7975489585534608)	(84, 0.8118409370636237)	(86, 0.8294358348459001)	(88, 0.8446047055548553)	(90, 0.8622541765432801)	(92, 0.8756829061561876)	(94, 0.8907227856506105)	(96, 0.9074296285328367)	(98, 0.9219547834692698)	(100, 0.9356166895084475)	(102, 0.9497461887003051)	(104, 0.9636983249721807)	(106, 0.978581926648997)	(108, 1.0006679512372527)	(110, 1.0183223834262365)	(112, 1.0313554572945685)	(114, 1.0424350584428186)	(116, 1.0544957370015986)	(118, 1.068229580448881)	(120, 1.079697395540868)	(122, 1.089149722905786)	(124, 1.0984879426578487)	(126, 1.109112353654816)	(128, 1.1196363003404648)	(130, 1.130482725062445)	(132, 1.1417074413270438)	(134, 1.1523194493226139)	(136, 1.163132385940821)	
SRR26261001_1 - polyg	(1, 0.0)	(2, 0.00034232283856677564)	(3, 0.0004986006561733471)	(4, 0.0031875713591181646)	(5, 0.004403065496058165)	(6, 0.004579188115900491)	(7, 0.0046288001214898795)	(8, 0.004710659930712369)	(9, 0.0048297287441269)	(10, 0.005056703669698349)	(12, 0.005521816222098859)	(14, 0.006134524491127799)	(16, 0.007217306513116186)	(18, 0.008177298821270839)	(20, 0.008732953283871983)	(22, 0.00943744376324129)	(24, 0.010041469931292086)	(26, 0.010936966632180535)	(28, 0.0131236157785328)	(30, 0.01793722062084315)	(32, 0.022508966935905234)	(34, 0.02494119550992497)	(36, 0.026543663290462195)	(38, 0.027658693116083682)	(40, 0.029242556394524888)	(42, 0.031043472197419663)	(44, 0.032325942541905336)	(46, 0.03364934279100226)	(48, 0.035003750543592546)	(50, 0.03821364730522593)	(52, 0.0424133035783676)	(54, 0.04526103269919847)	(56, 0.04783961668970689)	(58, 0.049558672683379185)	(60, 0.05132486008236138)	(62, 0.05344825392158718)	(64, 0.056231487435151835)	(66, 0.06034928389907102)	(68, 0.065982727133746)	(70, 0.0694431645236058)	(72, 0.07217306513116187)	(74, 0.0751162973627523)	(76, 0.07829766722117179)	(78, 0.08113423364074504)	(80, 0.08362723692161177)	(82, 0.08635217632860889)	(84, 0.08940827587291517)	(86, 0.09259956813245254)	(88, 0.09563582287452307)	(90, 0.0988184330330823)	(92, 0.10194398938521373)	(94, 0.10489342311750283)	(96, 0.10730952778970601)	(98, 0.10962764875087017)	(100, 0.11184034420015686)	(102, 0.1140902486536356)	(104, 0.1169218538726499)	(106, 0.12020616864266737)	(108, 0.12333420559507827)	(110, 0.12604054049997937)	(112, 0.12817881794088198)	(114, 0.1302885684785707)	(116, 0.13349970554034382)	(118, 0.13708293264403737)	(120, 0.14146491303772002)	(122, 0.14684533504388914)	(124, 0.15214513754097547)	(126, 0.15595161866982127)	(128, 0.1589891137120315)	(130, 0.16202908935452126)	(132, 0.16541014753543803)	(134, 0.1688408177219442)	(136, 0.17254311363905228)	
SRR26261001_2 - polya	(1, 0.02596692372548556)	(2, 0.03952340425278577)	(3, 0.04256710079569471)	(4, 0.049743477404199654)	(5, 0.05299306377030455)	(6, 0.0560119543104188)	(7, 0.05961378591620835)	(8, 0.06753682320883357)	(9, 0.08064679568582929)	(10, 0.09989749415465149)	(12, 0.10990051478161181)	(14, 0.12361947462721726)	(16, 0.14247823825188327)	(18, 0.16259218561796082)	(20, 0.18902298159570716)	(22, 0.21271767546519876)	(24, 0.23052218397109028)	(26, 0.2505815581310195)	(28, 0.26501493085711214)	(30, 0.27676553438095863)	(32, 0.2887145859271627)	(34, 0.30263199379512573)	(36, 0.31583994998316045)	(38, 0.32661195669675624)	(40, 0.33915263140961377)	(42, 0.35066385700649144)	(44, 0.363040812100904)	(46, 0.3774642624258787)	(48, 0.3921171682767044)	(50, 0.4106199657612666)	(52, 0.4259761217913218)	(54, 0.44434496686079267)	(56, 0.46235164428946096)	(58, 0.4784544610036365)	(60, 0.49368410641943883)	(62, 0.5066787309834392)	(64, 0.5212423352242039)	(66, 0.5391001766361041)	(68, 0.5584066886112143)	(70, 0.5860777847286953)	(72, 0.6086586890727053)	(74, 0.6267311024087794)	(76, 0.6499544822251719)	(78, 0.6699233144749004)	(80, 0.6830940616587431)	(82, 0.6953184598359683)	(84, 0.7116383290745975)	(86, 0.7316704166314525)	(88, 0.7493868638274228)	(90, 0.7710759923709635)	(92, 0.7892253043157013)	(94, 0.8151947086414663)	(96, 0.8369222864893386)	(98, 0.8526319280592183)	(100, 0.8659614336609471)	(102, 0.8788965238182402)	(104, 0.8916765764580664)	(106, 0.9037645416199208)	(108, 0.9202940215821651)	(110, 0.935740719522421)	(112, 0.9481697672227023)	(114, 0.9602937010886089)	(116, 0.9746514155061778)	(118, 0.9910779505568241)	(120, 1.0044570681641423)	(122, 1.0152551211806724)	(124, 1.0261858863121542)	(126, 1.038328424680157)	(128, 1.0489019833713953)	(130, 1.0603177058575133)	(132, 1.073170936205584)	(134, 1.0860700576588247)	(136, 1.0986504219761537)	
SRR26261001_2 - polyg	(1, 0.045027856272928345)	(2, 0.04577947815760757)	(3, 0.04594815897661149)	(4, 0.046578231447596714)	(5, 0.04677916007023373)	(6, 0.04699497229454757)	(7, 0.047210784518861404)	(8, 0.04746132514708781)	(9, 0.047756516580344674)	(10, 0.04821170673162731)	(12, 0.048830616501354916)	(14, 0.04947061137345802)	(16, 0.05015525705059157)	(18, 0.05078656982171653)	(20, 0.05136454968683289)	(22, 0.0521620626766823)	(24, 0.05313693858651378)	(26, 0.05423460421017898)	(28, 0.05517723231637735)	(30, 0.05618559632998166)	(32, 0.05745938457348919)	(34, 0.05876542062062982)	(36, 0.06008137906888833)	(38, 0.06155113473447394)	(40, 0.06310771140984098)	(42, 0.0648639764077053)	(44, 0.06667357431157822)	(46, 0.06865557393487426)	(48, 0.070723154267812)	(50, 0.07312437533833838)	(52, 0.07578233853778982)	(54, 0.07827534181865656)	(56, 0.0810722186337583)	(58, 0.08403653596772422)	(60, 0.08741263294808205)	(62, 0.0913394231904821)	(64, 0.0955043510597112)	(66, 0.09950183841007612)	(68, 0.1036295572751132)	(70, 0.10852254132636655)	(72, 0.11332126256700009)	(74, 0.11803068219757272)	(76, 0.12353265361743582)	(78, 0.12919958495588363)	(80, 0.13469535487504808)	(82, 0.14064259404507592)	(84, 0.14698176805925994)	(86, 0.15331598087288503)	(88, 0.15963655038497304)	(90, 0.16613572311718283)	(92, 0.172282650609708)	(94, 0.1782001225763822)	(96, 0.18410395124151935)	(98, 0.18971382877353937)	(100, 0.195577967834205)	(102, 0.2015797802103812)	(104, 0.208158332151534)	(106, 0.21540168496758463)	(108, 0.2227120139911809)	(110, 0.22950513785650783)	(112, 0.2361853944091189)	(114, 0.24348580103159734)	(116, 0.251228994803961)	(118, 0.2591135827922545)	(120, 0.2680114959947112)	(122, 0.2785875352862289)	(124, 0.28899117285832354)	(126, 0.2987002423521667)	(128, 0.30851473735788737)	(130, 0.3186467491993801)	(132, 0.32982309375852936)	(134, 0.34201896503254064)	(136, 0.35474568476635837)	
SRR26261002_1 - polya	(1, 0.0032405826160776014)	(2, 0.014945322964734461)	(3, 0.021995962966242212)	(4, 0.04580204216364074)	(5, 0.05511024285793896)	(6, 0.06504215401390902)	(7, 0.07632317801632142)	(8, 0.09291929986602428)	(9, 0.12673525402710184)	(10, 0.16405618980431355)	(12, 0.1848352394241417)	(14, 0.20682781265961395)	(16, 0.22545438324052025)	(18, 0.24204711535945317)	(20, 0.2598059148632508)	(22, 0.2809832578485487)	(24, 0.2989844231023982)	(26, 0.32320913404988627)	(28, 0.349445650209343)	(30, 0.3728263181951121)	(32, 0.39252912829547926)	(34, 0.41645723780059624)	(36, 0.4356804009970147)	(38, 0.4514223106926888)	(40, 0.46634051581126357)	(42, 0.4825434288916516)	(44, 0.4983751664527295)	(46, 0.5158729566872405)	(48, 0.5303996479018855)	(50, 0.5428280957699279)	(52, 0.5544616517724157)	(54, 0.5672816135443879)	(56, 0.5814625522204974)	(58, 0.5948791066079818)	(60, 0.6072312855337002)	(62, 0.6199648091710386)	(64, 0.6329474780199688)	(66, 0.6473368851384305)	(68, 0.6610449563721312)	(70, 0.6757055419521893)	(72, 0.6907983182054169)	(74, 0.7048318035930332)	(76, 0.7243583476933628)	(78, 0.7458475459094966)	(80, 0.7614301382589828)	(82, 0.7739534985885839)	(84, 0.7880937604954539)	(86, 0.8054881639414813)	(88, 0.8208843210986199)	(90, 0.8385838003139433)	(92, 0.8512834266435823)	(94, 0.8657457129735979)	(96, 0.8821164177270988)	(98, 0.8965142991724854)	(100, 0.909541034521425)	(102, 0.923293172255135)	(104, 0.937513092835099)	(106, 0.9517109801650582)	(108, 0.9734086468235443)	(110, 0.9906149202118393)	(112, 1.003241667329924)	(114, 1.013653225389843)	(116, 1.0251613613538422)	(118, 1.0389016350298572)	(120, 1.0500707979168613)	(122, 1.0590874817649434)	(124, 1.0679194252860629)	(126, 1.0780564151536152)	(128, 1.0881883204250125)	(130, 1.0984236124848938)	(132, 1.1092792252756767)	(134, 1.12010433048953)	(136, 1.1302701330686271)	
SRR26261002_1 - polyg	(1, 0.0)	(2, 0.0002779579231363633)	(3, 0.00043727526932427885)	(4, 0.002264340154330374)	(5, 0.003294818308396892)	(6, 0.0033592231930260493)	(7, 0.003420238346885251)	(8, 0.0034846432315144083)	(9, 0.0035795556930731665)	(10, 0.003759211423880816)	(12, 0.004069371789331758)	(14, 0.004455801097106702)	(16, 0.005160865097257477)	(18, 0.005743898789689849)	(20, 0.006194732982093951)	(22, 0.006696413136047387)	(24, 0.00713029867460171)	(26, 0.007747229674733638)	(28, 0.009131934694260522)	(30, 0.012350484060333412)	(32, 0.01573174050336417)	(34, 0.017597787292224755)	(36, 0.019082489369465334)	(38, 0.019973988561963668)	(40, 0.021143445677598367)	(42, 0.022736619139477526)	(44, 0.023917940312807067)	(46, 0.025236545582319816)	(48, 0.02649413569797336)	(50, 0.030304193083403513)	(52, 0.03535319706525245)	(54, 0.03847683396976659)	(56, 0.0415716581627361)	(58, 0.04339702818235721)	(60, 0.045344428509696735)	(62, 0.04763927624095671)	(64, 0.05040699141462549)	(66, 0.05374587622303181)	(68, 0.058027106185485795)	(70, 0.0610761690130609)	(72, 0.06363202601360746)	(74, 0.06648617932191012)	(76, 0.06930982505328318)	(78, 0.07193517153461383)	(80, 0.07434865984282225)	(82, 0.07703841120878206)	(84, 0.07985188774784524)	(86, 0.08281790217155645)	(88, 0.08580425497988736)	(90, 0.0888431486151526)	(92, 0.0917718760003943)	(94, 0.09458196280868753)	(96, 0.09688697973225738)	(98, 0.09909538932888348)	(100, 0.1013326116370542)	(102, 0.10372915129141286)	(104, 0.10664940434972964)	(106, 0.10988151263888235)	(108, 0.11281193488950902)	(110, 0.1151898310246329)	(112, 0.1173677330443294)	(114, 0.11932191283320884)	(116, 0.12230826564153977)	(118, 0.1252861441229458)	(120, 0.12866231596982164)	(122, 0.13304693272075926)	(124, 0.13729934997166862)	(126, 0.1403585819915536)	(128, 0.14315172014599706)	(130, 0.14570418741577368)	(132, 0.14865833778179)	(134, 0.15182265145554363)	(136, 0.1550954365139358)	
SRR26261002_2 - polya	(1, 0.025680600313184004)	(2, 0.03909715470066847)	(3, 0.04203266154745006)	(4, 0.0487172106258026)	(5, 0.05188999862648109)	(6, 0.0548322849348026)	(7, 0.05793049885854206)	(8, 0.06547264982169339)	(9, 0.07762144490121443)	(10, 0.0952565192319087)	(12, 0.10477827296471412)	(14, 0.11793212321752702)	(16, 0.1366214038176775)	(18, 0.156990296014341)	(20, 0.1837742536931456)	(22, 0.20766846589056293)	(24, 0.22585267660599)	(26, 0.24704188364898283)	(28, 0.2623719410561072)	(30, 0.27488682705878353)	(32, 0.28742035658069454)	(34, 0.30208094216075265)	(36, 0.3158720617983173)	(38, 0.3270598682045559)	(40, 0.34030863091892755)	(42, 0.3527269095946601)	(44, 0.36613159992444966)	(46, 0.3813192886392359)	(48, 0.3973781381619009)	(50, 0.4169724768776295)	(52, 0.43361097036195684)	(54, 0.4533239496546339)	(56, 0.4725454179856674)	(58, 0.48971440433549274)	(60, 0.5053071658772887)	(62, 0.5190084576494495)	(64, 0.5341300466142216)	(66, 0.553127792714438)	(68, 0.5733729597379982)	(70, 0.6034042794944203)	(72, 0.6278781356535001)	(74, 0.6465165702921012)	(76, 0.6707683990857489)	(78, 0.6916067689940513)	(80, 0.7051843355931087)	(82, 0.7178856567881324)	(84, 0.7352190450803007)	(86, 0.7569929806811109)	(88, 0.7758161556466745)	(90, 0.7983188833630251)	(92, 0.8176996690402465)	(94, 0.8443954937190323)	(96, 0.8671778742239042)	(98, 0.8836926425351281)	(100, 0.8971973299226315)	(102, 0.9107257454255244)	(104, 0.9236829912936799)	(106, 0.9361453364694219)	(108, 0.9533160176846323)	(110, 0.9692579214957335)	(112, 0.9824710920370208)	(114, 0.9950859750974107)	(116, 1.010577044716108)	(118, 1.0278697562390366)	(120, 1.0417049423766107)	(122, 1.0525758089558586)	(124, 1.063707684804393)	(126, 1.0761547761916699)	(128, 1.0868849689439646)	(130, 1.0981998902540766)	(132, 1.1110893415068328)	(134, 1.124475388317388)	(136, 1.1368970567238903)	
SRR26261002_2 - polyg	(1, 0.05538820078107532)	(2, 0.05609665451199605)	(3, 0.05631698701204317)	(4, 0.05698137424295448)	(5, 0.05715425051222222)	(6, 0.05742542897381867)	(7, 0.05763559228155592)	(8, 0.057889822089302594)	(9, 0.05817794920474882)	(10, 0.05862708853176794)	(12, 0.0591965633011205)	(14, 0.05979824051278762)	(16, 0.06042195097445946)	(18, 0.0611219303784553)	(20, 0.06167106676318812)	(22, 0.06248629701336245)	(24, 0.06351847003281395)	(26, 0.06475402689846278)	(28, 0.06583704587946362)	(30, 0.06696413136047387)	(32, 0.06817087551457808)	(34, 0.06947931159178097)	(36, 0.07087757553438767)	(38, 0.07242668249625739)	(40, 0.07408934543892065)	(42, 0.07583844651621777)	(44, 0.07777398278586244)	(46, 0.07982985449784054)	(48, 0.08203826409446664)	(50, 0.08450768296037933)	(52, 0.08732454923021249)	(54, 0.08998887761539762)	(56, 0.09276845684676126)	(58, 0.09588700915512045)	(60, 0.0992157247712169)	(62, 0.10283765209891452)	(64, 0.10686126252285186)	(66, 0.11078318102369056)	(68, 0.1149220422938064)	(70, 0.12000663844873988)	(72, 0.12481327668053699)	(74, 0.12954703570078005)	(76, 0.1347858646057465)	(78, 0.1405280685300514)	(80, 0.14591265585812593)	(82, 0.15245653110952534)	(84, 0.15897837311092)	(86, 0.16520530853532853)	(88, 0.1712203857866148)	(90, 0.17731681657638004)	(92, 0.1834827368469294)	(94, 0.1893045994443282)	(96, 0.19491290900321984)	(98, 0.20050935450441662)	(100, 0.20618715354409234)	(102, 0.2120361339876508)	(104, 0.21834442295053827)	(106, 0.22561539545209314)	(108, 0.23227452154967101)	(110, 0.23888958114723946)	(112, 0.24562836591791132)	(114, 0.2525637550732406)	(116, 0.2599720116709786)	(118, 0.2673294223071674)	(120, 0.27542748911659143)	(122, 0.2847255206185798)	(124, 0.2932303551203985)	(126, 0.30169451285297777)	(128, 0.3106128945087311)	(130, 0.3196160194337333)	(132, 0.32958013303201794)	(134, 0.34029507199584774)	(136, 0.35127610482511906)	
SRR26261003_1 - polya	(1, 0.004114220751085787)	(2, 0.018448448196351587)	(3, 0.026129839512870214)	(4, 0.05117566252882444)	(5, 0.060818367414181757)	(6, 0.07061233041538781)	(7, 0.0824835715409166)	(8, 0.10054126960465894)	(9, 0.1392406585445596)	(10, 0.18166982052443054)	(12, 0.20484256387245786)	(14, 0.22943839399376206)	(16, 0.24975614040514435)	(18, 0.26718485680381565)	(20, 0.2866958932640047)	(22, 0.3088047878638958)	(24, 0.3277498668739508)	(26, 0.35405743467294326)	(28, 0.38275740167094335)	(30, 0.4072612164384396)	(32, 0.42916717306623364)	(34, 0.45509155363840936)	(36, 0.47528829355711266)	(38, 0.49212584281967514)	(40, 0.5081163466334847)	(42, 0.5255904404669106)	(44, 0.5422212703044798)	(46, 0.5608033298364978)	(48, 0.575832084130369)	(50, 0.5889007853397004)	(52, 0.6016518445057494)	(54, 0.615662127486239)	(56, 0.6305118930096894)	(58, 0.6445221759901791)	(60, 0.6581669185240344)	(62, 0.6716730077850284)	(64, 0.6855799310530214)	(66, 0.7005595264592419)	(68, 0.715226521759375)	(70, 0.7301531768250482)	(72, 0.745973515258528)	(74, 0.7609253800101761)	(76, 0.7818758895395257)	(78, 0.8046162867730853)	(80, 0.8204820026413197)	(82, 0.8341229637222787)	(84, 0.8490105437746911)	(86, 0.8671325265376693)	(88, 0.883164626333337)	(90, 0.9013723220286295)	(92, 0.9146779942861238)	(94, 0.9302449753755568)	(96, 0.9471064738397954)	(98, 0.9620911111832109)	(100, 0.9757711472774309)	(102, 0.9901847852335173)	(104, 1.005035811241266)	(106, 1.0202372518840648)	(108, 1.0418003567826017)	(110, 1.0601605710780415)	(112, 1.0739389249475633)	(114, 1.0853034513849986)	(116, 1.097666281387036)	(118, 1.112227396006075)	(120, 1.1245637558378383)	(122, 1.1344535156457487)	(124, 1.14421218508659)	(126, 1.1553536058031488)	(128, 1.1664950265197074)	(130, 1.1778885440960138)	(132, 1.1900849901706174)	(134, 1.2018566530365458)	(136, 1.21336235371544)	
SRR26261003_1 - polyg	(1, 0.0)	(2, 0.0003655404466344603)	(3, 0.0004941098451058911)	(4, 0.0034864995703135075)	(5, 0.00473689999466311)	(6, 0.004908325859291684)	(7, 0.004963787168436223)	(8, 0.005064625912335384)	(9, 0.005175548530624462)	(10, 0.005383528439916482)	(12, 0.005784362446915649)	(14, 0.006323849726776163)	(16, 0.00727425488802576)	(18, 0.008098611619401404)	(20, 0.008529697249570319)	(22, 0.009038932906261087)	(24, 0.00962757907377244)	(26, 0.01041033982328968)	(28, 0.012290982397009043)	(30, 0.016569066106930968)	(32, 0.020387073047812967)	(34, 0.022509728606890315)	(36, 0.02383827905776177)	(38, 0.02477733986032271)	(40, 0.026204208086495845)	(42, 0.027960062714639994)	(44, 0.029115926816584134)	(46, 0.030365066756634994)	(48, 0.031646979288453086)	(50, 0.034073411563526654)	(52, 0.03720193359299814)	(54, 0.03922753186107254)	(56, 0.041240525286159554)	(58, 0.04273672014876337)	(60, 0.044242998885757084)	(62, 0.04607448257182561)	(64, 0.04827528815742481)	(66, 0.05119078834040931)	(68, 0.054911737990288374)	(70, 0.057285229924814884)	(72, 0.0591167136108834)	(74, 0.061187689313712434)	(76, 0.06338975538361037)	(78, 0.06554896498735116)	(80, 0.06766279715633733)	(82, 0.06996570197013444)	(84, 0.07260641657599373)	(86, 0.07540721268779293)	(88, 0.0781298587730703)	(90, 0.08083107662526909)	(92, 0.08351212672868805)	(94, 0.08589948399050068)	(96, 0.08797424114622593)	(98, 0.08991160551338857)	(100, 0.09175695452674323)	(102, 0.0937396963286605)	(104, 0.09618881732111137)	(106, 0.09863793831356227)	(108, 0.10100638831089381)	(110, 0.10317694227332326)	(112, 0.10503993806686027)	(114, 0.10676806204043215)	(116, 0.10974910740695111)	(118, 0.11265452371554571)	(120, 0.11640068305139956)	(122, 0.12100649267899374)	(124, 0.12538289416421736)	(126, 0.12836898146793127)	(128, 0.13103112430686914)	(130, 0.13378780346821245)	(132, 0.1367360762429642)	(134, 0.1396906514392096)	(136, 0.1430195904721807)	
SRR26261003_2 - polya	(1, 0.02884996462955009)	(2, 0.043332929222067156)	(3, 0.046421115753978975)	(4, 0.05365881659734129)	(5, 0.05701422580058589)	(6, 0.06004695102335317)	(7, 0.06375277486164735)	(8, 0.0724425536171576)	(9, 0.08684484721455532)	(10, 0.10709578795810443)	(12, 0.11758931974511092)	(14, 0.13204203271445825)	(16, 0.15180264506579766)	(18, 0.17189476478770557)	(20, 0.198449387509251)	(22, 0.2220078390526926)	(24, 0.23998612660561436)	(26, 0.2607652102703353)	(28, 0.27605866626694187)	(30, 0.28867737458162324)	(32, 0.3011044892828961)	(34, 0.3159328265732678)	(36, 0.3297187433485819)	(38, 0.34143620538966446)	(40, 0.35483893493816177)	(42, 0.36708580038471494)	(44, 0.3799238329673769)	(46, 0.39468032265272046)	(48, 0.410215791634685)	(50, 0.42851676316808407)	(52, 0.44439382339500705)	(54, 0.46401326150488764)	(56, 0.48243902098386193)	(58, 0.4985101957927908)	(60, 0.5132792903211217)	(62, 0.5264009318710001)	(64, 0.5411788497894223)	(66, 0.5597369601197641)	(68, 0.5786643923496368)	(70, 0.6067668897900343)	(72, 0.6293850200466162)	(74, 0.6476456560824556)	(76, 0.6711171342092842)	(78, 0.6914172338404841)	(80, 0.7047229060979785)	(82, 0.7172168264670846)	(84, 0.734485461359816)	(86, 0.7554498362164517)	(88, 0.7733499737428515)	(90, 0.7945941761138074)	(92, 0.8125497749493518)	(94, 0.8375892955438125)	(96, 0.8590578641199439)	(98, 0.8745706443845311)	(100, 0.887534725397067)	(102, 0.900774852471027)	(104, 0.9139872488904146)	(106, 0.9263614232511405)	(108, 0.9427565425248453)	(110, 0.958413017999489)	(112, 0.9711741610399278)	(114, 0.9832785917607234)	(116, 0.9980678540378342)	(118, 1.015004981559997)	(120, 1.0285022474308998)	(122, 1.0395718205424302)	(124, 1.0510334042708687)	(126, 1.0638474876518547)	(128, 1.07508218420652)	(130, 1.0869849374395173)	(132, 1.100438086359964)	(134, 1.114026107100376)	(136, 1.1271679163990345)	
SRR26261003_2 - polyg	(1, 0.0749433544658568)	(2, 0.07584838219235177)	(3, 0.07620131779599884)	(4, 0.0769752551554249)	(5, 0.0772147471721854)	(6, 0.0774567601575434)	(7, 0.07771389895448626)	(8, 0.07807187649532828)	(9, 0.07842481209897534)	(10, 0.07899329051770687)	(12, 0.07978487465731529)	(14, 0.08047309908442707)	(16, 0.08113359285696657)	(18, 0.08181173340968842)	(20, 0.08246214330783802)	(22, 0.08331044924088972)	(24, 0.0843112737740889)	(26, 0.08537764349082252)	(28, 0.08648560918941456)	(30, 0.08756962568633055)	(32, 0.0888023793304978)	(34, 0.09022672658807346)	(36, 0.09160317544229701)	(38, 0.09324054454635965)	(40, 0.09493085399096934)	(42, 0.09670561588359458)	(44, 0.09850936891509082)	(46, 0.10036354131853666)	(48, 0.10240426539819594)	(50, 0.10469078391610942)	(52, 0.1073088098045914)	(54, 0.10973524207966498)	(56, 0.11235578893674444)	(58, 0.11519187860890835)	(60, 0.11816914252253109)	(62, 0.12134178150245846)	(64, 0.12506021018374003)	(66, 0.1286336831706666)	(68, 0.13239244734950784)	(70, 0.13668439638671587)	(72, 0.14065870338064157)	(74, 0.14465065715474962)	(76, 0.14934596116755433)	(78, 0.15404378614895653)	(80, 0.15839245697960785)	(82, 0.16383774915016258)	(84, 0.16969269871780762)	(86, 0.17554386683255646)	(88, 0.18122360908267676)	(90, 0.18688318358401718)	(92, 0.1927368726673635)	(94, 0.19817712290072326)	(96, 0.20356821424643218)	(98, 0.2086908224365096)	(100, 0.21398737745981306)	(102, 0.21917048889622995)	(104, 0.22458805041221241)	(106, 0.23056778792543267)	(108, 0.23631811729628235)	(110, 0.24238860967901188)	(112, 0.24835448186494602)	(114, 0.2546153073767852)	(116, 0.26131352094028704)	(118, 0.2679449288359556)	(120, 0.2754561547721444)	(122, 0.2842190416169815)	(124, 0.2925949597821056)	(126, 0.3006381100923625)	(128, 0.30902159116327904)	(130, 0.31764078279805985)	(132, 0.3272494546073512)	(134, 0.33763710571326355)	(136, 0.3484482795435524)	
SRR26261004_1 - polya	(1, 0.003995041590326851)	(2, 0.01737440906397181)	(3, 0.025522014857666923)	(4, 0.05002180850304384)	(5, 0.059523438459903426)	(6, 0.06879716335959671)	(7, 0.07967292674937074)	(8, 0.09553578903713666)	(9, 0.1269967415609606)	(10, 0.15927044373717908)	(12, 0.17806590786348192)	(14, 0.1990348488952604)	(16, 0.21761748991670943)	(18, 0.23417244623837005)	(20, 0.25245512398604875)	(22, 0.27378938341828496)	(24, 0.2924172702966714)	(26, 0.31787057848269257)	(28, 0.3455660702458352)	(30, 0.3690453184514012)	(32, 0.3896707261249511)	(34, 0.4149681874704101)	(36, 0.434418878636066)	(38, 0.4505012671186024)	(40, 0.46636077786141)	(42, 0.4827950785645708)	(44, 0.4987668660634824)	(46, 0.5169355912825779)	(48, 0.5317309865011164)	(50, 0.5448154180184286)	(52, 0.5569697958098047)	(54, 0.570210074167679)	(56, 0.5845630654517182)	(58, 0.5985306290655497)	(60, 0.6117826378307782)	(62, 0.6251536264420274)	(64, 0.6388580937766302)	(66, 0.6534138535306482)	(68, 0.6677500870898957)	(70, 0.6827834420004755)	(72, 0.6984703481779293)	(74, 0.7132406068092803)	(76, 0.7335107507172474)	(78, 0.7561839523603355)	(80, 0.7715122432272482)	(82, 0.7844743433535813)	(84, 0.7993250390639323)	(86, 0.8173245112626322)	(88, 0.833532582681106)	(90, 0.8514599966632018)	(92, 0.8642394375893061)	(94, 0.8795124279644063)	(96, 0.8962131764917542)	(98, 0.9114442725548754)	(100, 0.9253029109575612)	(102, 0.9393341539256009)	(104, 0.9538832105897024)	(106, 0.9687255274376574)	(108, 0.9901703878535184)	(110, 1.0074610082935322)	(112, 1.0201885002727824)	(114, 1.0310257208955353)	(116, 1.0430259276188285)	(118, 1.057043764407035)	(120, 1.0685898367884745)	(122, 1.0778836709579178)	(124, 1.0872311298466943)	(126, 1.0983917745579261)	(128, 1.1091787220063045)	(130, 1.1203108785853906)	(132, 1.1317698107979137)	(134, 1.142912022011875)	(136, 1.1537861096291695)	
SRR26261004_1 - polyg	(1, 0.0)	(2, 0.0002781782315412153)	(3, 0.00041559157483265905)	(4, 0.0023427299258711987)	(5, 0.0034654974869110437)	(6, 0.003569395380619209)	(7, 0.0036062623751608154)	(8, 0.0036766448192857015)	(9, 0.0037671365331605547)	(10, 0.0039296864636394575)	(12, 0.00422797396493064)	(14, 0.004569831550680086)	(16, 0.0053725265681996166)	(18, 0.006037808242427703)	(20, 0.006433290547510395)	(22, 0.006848882122343055)	(24, 0.0073013406917173205)	(26, 0.007993434725612031)	(28, 0.009515036136692896)	(30, 0.013190005183499432)	(32, 0.01706941847276397)	(34, 0.01903007227338579)	(36, 0.020407557251258555)	(38, 0.02130409552761127)	(40, 0.02262628001367162)	(42, 0.024176369556898274)	(44, 0.025310867525292265)	(46, 0.026559318022269407)	(48, 0.027703870625538383)	(50, 0.029835453219034927)	(52, 0.03248820105355145)	(54, 0.034453882171610765)	(56, 0.03628214994637863)	(58, 0.037724990050938795)	(60, 0.03918793942524892)	(62, 0.04111842932124579)	(64, 0.0436371153574292)	(66, 0.04709926129938191)	(68, 0.052146688006623726)	(70, 0.055369198484056)	(72, 0.05766835832546893)	(74, 0.06021385672131897)	(76, 0.06296715090458534)	(78, 0.0655109735279562)	(80, 0.06792576167043146)	(82, 0.07057013064255216)	(84, 0.07350440825356824)	(86, 0.07644538895450097)	(88, 0.07938301811047536)	(90, 0.0822636710021582)	(92, 0.0850387502276537)	(94, 0.08776858359621176)	(96, 0.09011466506704129)	(98, 0.09233003628449603)	(100, 0.09451021627988833)	(102, 0.09658984992653077)	(104, 0.0989409587147978)	(106, 0.1017813930669807)	(108, 0.10433862187018489)	(110, 0.10653723536284798)	(112, 0.10867719681874033)	(114, 0.11069315111117456)	(116, 0.11370283848375301)	(118, 0.11671755317376896)	(120, 0.12038917067561716)	(122, 0.1251483645164428)	(124, 0.12970478988728956)	(126, 0.13306974102545077)	(128, 0.13602915522365427)	(130, 0.13904219414119107)	(132, 0.14217924022218598)	(134, 0.14534477443532667)	(136, 0.14884211159934185)	
SRR26261004_2 - polya	(1, 0.02848813214578711)	(2, 0.04248753543672273)	(3, 0.04543019191013462)	(4, 0.052679583654997864)	(5, 0.05573954420195123)	(6, 0.05890340264261276)	(7, 0.06232197850010721)	(8, 0.07028860086605263)	(9, 0.08344341482748961)	(10, 0.1016188431365018)	(12, 0.11186619184658933)	(14, 0.1257985642383584)	(16, 0.14566652275132613)	(18, 0.1665114566196465)	(20, 0.19302552878497847)	(22, 0.2173393116851682)	(24, 0.23533208079395151)	(26, 0.25640156817447984)	(28, 0.27162093383024677)	(30, 0.28354740656445665)	(32, 0.2956498354089786)	(34, 0.3103396569613298)	(36, 0.32380784037637045)	(38, 0.33483274751679004)	(40, 0.34796074911856045)	(42, 0.360334653104707)	(44, 0.373315186728311)	(46, 0.38811560926428695)	(48, 0.4035209856652411)	(50, 0.4226432254249809)	(52, 0.4388177813938714)	(54, 0.4580472705922777)	(56, 0.4767723522744556)	(58, 0.4934630461669285)	(60, 0.5088952349275493)	(62, 0.5224823981886106)	(64, 0.5375794324533987)	(66, 0.5561570461574101)	(68, 0.5757920722957741)	(70, 0.6039065071787078)	(72, 0.6270908194279409)	(74, 0.6451187797587866)	(76, 0.6686968985406234)	(78, 0.6891379712414651)	(80, 0.7022676486157147)	(82, 0.7147504778130069)	(84, 0.7316606979002505)	(86, 0.7527620249578828)	(88, 0.7700224814932715)	(90, 0.7917421685957154)	(92, 0.8106549367955598)	(94, 0.8365137819215386)	(96, 0.8583323396002531)	(98, 0.8748487531548931)	(100, 0.8880923830577258)	(102, 0.9013443918229542)	(104, 0.9140618291673295)	(106, 0.9265748222692467)	(108, 0.9435168820335942)	(110, 0.9590630233227981)	(112, 0.9717737575772567)	(114, 0.9839867874054036)	(116, 0.9988291042533586)	(118, 1.0154008182998109)	(120, 1.0287768342284975)	(122, 1.0391481901020432)	(124, 1.050080929756109)	(126, 1.0623375296687139)	(128, 1.0730356611756964)	(130, 1.0843705862247615)	(132, 1.097253925044574)	(134, 1.1104623637253441)	(136, 1.1230608212236985)	
SRR26261004_2 - polyg	(1, 0.05317226076387206)	(2, 0.053721914137037835)	(3, 0.05397328000891243)	(4, 0.05452628492703653)	(5, 0.054680455995119615)	(6, 0.0548714940577443)	(7, 0.05510275065986893)	(8, 0.05531389799224359)	(9, 0.05563229476328474)	(10, 0.05603783170324241)	(12, 0.05667630101780388)	(14, 0.057274551792865405)	(16, 0.0578795056578436)	(18, 0.05850289302009258)	(20, 0.05902070671615424)	(22, 0.05977145278681969)	(24, 0.0605423081272351)	(26, 0.06150252575779605)	(28, 0.06255155932975268)	(30, 0.0635637259071677)	(32, 0.0647769851820824)	(34, 0.06596510786980964)	(36, 0.06721020682182845)	(38, 0.06870164432828436)	(40, 0.07012605093557372)	(42, 0.07160073071723799)	(44, 0.07310557440352722)	(46, 0.07463890622196223)	(48, 0.07655766571060496)	(50, 0.07857362000303918)	(52, 0.08076385463330646)	(54, 0.08298760471315703)	(56, 0.08527838569217414)	(58, 0.08763954911531613)	(60, 0.0901046104321663)	(62, 0.0929768844614533)	(64, 0.0961239851773232)	(66, 0.09904988392594347)	(68, 0.1022372031813133)	(70, 0.10555858423501623)	(72, 0.10903916367423976)	(74, 0.1126672110916297)	(76, 0.11616119671068653)	(78, 0.12000877032284696)	(80, 0.12411608866927779)	(82, 0.12860715891343716)	(84, 0.13295243695190928)	(86, 0.1371167315626317)	(88, 0.14133465089268735)	(90, 0.1454922424134931)	(92, 0.14968670092884045)	(94, 0.15392808107360442)	(96, 0.15842585440768045)	(98, 0.16283313602788163)	(100, 0.16749178351995742)	(102, 0.17233979330217872)	(104, 0.1777642688172324)	(106, 0.1837283430705769)	(108, 0.18939748136758855)	(110, 0.19530625512912062)	(112, 0.20106923668496543)	(114, 0.20734835616439273)	(116, 0.21381516216148644)	(118, 0.22086681275380832)	(120, 0.2289507391932952)	(122, 0.23840377174825902)	(124, 0.24737920914666112)	(126, 0.2559340276527931)	(128, 0.26450225233875835)	(130, 0.273165996056036)	(132, 0.2823626354216877)	(134, 0.29219104101198423)	(136, 0.3030383162696125)	
SRR26261005_1 - polya	(1, 0.0045785593236048324)	(2, 0.017268851946671753)	(3, 0.0255348224285884)	(4, 0.047222284028171364)	(5, 0.05638225891950056)	(6, 0.06668758770276084)	(7, 0.07736422822155989)	(8, 0.09292218994063382)	(9, 0.12545481046206802)	(10, 0.16063516928230553)	(12, 0.18073455915143044)	(14, 0.20206499023607227)	(16, 0.2209619013308755)	(18, 0.23775947299782502)	(20, 0.2560308666304514)	(22, 0.27825815836862533)	(24, 0.29827614528034363)	(26, 0.32612880981192977)	(28, 0.3537215561286387)	(30, 0.37869655470979946)	(32, 0.399701373964815)	(34, 0.42421508912067185)	(36, 0.4436803927952613)	(38, 0.4602637461532461)	(40, 0.47631583810499856)	(42, 0.49367180549731593)	(44, 0.5107721390409354)	(46, 0.5293248727193355)	(48, 0.5445786444396796)	(50, 0.5578530389851901)	(52, 0.5705233378994203)	(54, 0.5845232184512914)	(56, 0.5995884780597465)	(58, 0.6137868675779248)	(60, 0.6279367009460709)	(62, 0.641796625536085)	(64, 0.6562606457573792)	(66, 0.6718485980397082)	(68, 0.6872851693837022)	(70, 0.7035429109120608)	(72, 0.7206275351130229)	(74, 0.7364011432631212)	(76, 0.7585770226071437)	(78, 0.7805601054730978)	(80, 0.7962008982716381)	(82, 0.8102250568985251)	(84, 0.8258529965985275)	(86, 0.8446228048300116)	(88, 0.8606320531199712)	(90, 0.8782479387271657)	(92, 0.8918807919096772)	(94, 0.9083598923572991)	(96, 0.9264799050515904)	(98, 0.942343484891454)	(100, 0.9565333056772736)	(102, 0.9714471843473937)	(104, 0.9872422143283887)	(106, 1.0037712990481025)	(108, 1.0276480717653043)	(110, 1.045542441174153)	(112, 1.0590424790051063)	(114, 1.070830198486402)	(116, 1.0834033851005682)	(118, 1.0973161502067934)	(120, 1.1088396671070329)	(122, 1.1184637816677854)	(124, 1.1280721868858807)	(126, 1.139728519137678)	(128, 1.1510678082922081)	(130, 1.162805543501412)	(132, 1.175210211712526)	(134, 1.1874163709573329)	(136, 1.1991569624106564)	
SRR26261005_1 - polyg	(1, 0.0)	(2, 0.00033132431786535283)	(3, 0.0004912739885589714)	(4, 0.002699150692954814)	(5, 0.0038902044907983668)	(6, 0.00401016674381858)	(7, 0.004055866649731043)	(8, 0.004121560264480208)	(9, 0.004244378761619951)	(10, 0.0044143252867319205)	(12, 0.0047213715295812775)	(14, 0.005126958194554382)	(16, 0.005930990914201769)	(18, 0.006583642695514123)	(20, 0.00703207302228016)	(22, 0.007560478184393008)	(24, 0.008081742736207032)	(26, 0.008804372498447847)	(28, 0.010540968923121417)	(30, 0.014611116793450106)	(32, 0.018591292974013636)	(34, 0.020863435171098878)	(36, 0.022324404038237912)	(38, 0.023394067461001485)	(40, 0.02480933642222806)	(42, 0.026434539326240004)	(44, 0.027689858616772957)	(46, 0.028809506311628284)	(48, 0.030046260015384303)	(50, 0.03233982404336601)	(52, 0.03509038713047234)	(54, 0.03702406439939342)	(56, 0.03886062936825049)	(58, 0.04037872311778011)	(60, 0.04205248217182404)	(62, 0.04418895277323167)	(64, 0.046766713091106506)	(66, 0.05038557439054962)	(68, 0.05563963544842304)	(70, 0.0590442784389015)	(72, 0.06166059805238998)	(74, 0.06431119259531279)	(76, 0.0672274178413518)	(78, 0.06996512782992026)	(80, 0.07242721026095417)	(82, 0.07498354874793255)	(84, 0.07774696493357676)	(86, 0.08061463402958377)	(88, 0.08355942171681807)	(90, 0.08633283475688064)	(92, 0.08893487314977147)	(94, 0.0915854676926943)	(96, 0.09398042838691928)	(98, 0.09620401443397253)	(100, 0.0982176665382404)	(102, 0.10034271216316991)	(104, 0.10280765083832336)	(106, 0.10553107960629417)	(108, 0.10818453039333652)	(110, 0.11044524761394364)	(112, 0.11262741812126373)	(114, 0.11468677013144407)	(116, 0.11777865439083411)	(118, 0.12077199822810039)	(120, 0.1246650589630183)	(122, 0.12933644622050783)	(124, 0.13373077779840303)	(126, 0.1370982896153276)	(128, 0.13994025251425887)	(130, 0.1427550810940546)	(132, 0.1457070093915877)	(134, 0.1488902934628027)	(136, 0.15214926800318518)	
SRR26261005_2 - polya	(1, 0.03197850916224561)	(2, 0.04458311446172666)	(3, 0.0475221896607219)	(4, 0.0546370937624684)	(5, 0.05801603055587109)	(6, 0.06145209223166436)	(7, 0.06526803437535497)	(8, 0.07321410551588439)	(9, 0.08589868565071225)	(10, 0.10296474426489745)	(12, 0.11256600887269386)	(14, 0.12667442670110687)	(16, 0.14787632680036994)	(18, 0.16991939079283425)	(20, 0.19652673288830574)	(22, 0.22135749114143027)	(24, 0.23999019965517707)	(26, 0.2628187307805119)	(28, 0.2778454310933534)	(30, 0.29010014648819216)	(32, 0.302087803057855)	(34, 0.31594344328168966)	(36, 0.32890079472993256)	(38, 0.3401201216314421)	(40, 0.3536387250491724)	(42, 0.36571349706448086)	(44, 0.37821527757565887)	(46, 0.393201990470827)	(48, 0.4088984800296981)	(50, 0.42828666511306024)	(52, 0.44445586307371343)	(54, 0.4638083451055815)	(56, 0.4828394996740026)	(58, 0.4996841993689243)	(60, 0.5161675841827256)	(62, 0.529776159290221)	(64, 0.5448385626545568)	(66, 0.563844011025902)	(68, 0.584367553146777)	(70, 0.6136040679542749)	(72, 0.638030667664486)	(74, 0.6567319260371015)	(76, 0.6805130145762992)	(78, 0.7000268744009206)	(80, 0.7134126624670929)	(82, 0.7260729645269046)	(84, 0.7430876107469384)	(86, 0.7639110585003639)	(88, 0.7817240249518058)	(90, 0.8035757205882618)	(92, 0.8230424523849109)	(94, 0.8505937831618868)	(96, 0.8732338021753326)	(98, 0.8898857053921863)	(100, 0.9032929152892548)	(102, 0.9159175142975726)	(104, 0.9286520787044923)	(106, 0.9413195213746028)	(108, 0.9581356586283294)	(110, 0.9734365583766457)	(112, 0.985645573865572)	(114, 0.9978988611383509)	(116, 1.0130083925306588)	(118, 1.0288876817131798)	(120, 1.0415565525053503)	(122, 1.0522131993153125)	(124, 1.0631183393636738)	(126, 1.0751302740083528)	(128, 1.0856341117579202)	(130, 1.0970433788933784)	(132, 1.110184958087331)	(134, 1.1233393903798214)	(136, 1.1365866506061963)	
SRR26261005_2 - polyg	(1, 0.06375993748024372)	(2, 0.06441116113949631)	(3, 0.06471106677204684)	(4, 0.0653794278960166)	(5, 0.0655565150314274)	(6, 0.06578501456098972)	(7, 0.06601637033467155)	(8, 0.06628200103778774)	(9, 0.06654191925266487)	(10, 0.06705318695006054)	(12, 0.06762015140778703)	(14, 0.06814141595960105)	(16, 0.06872837412616424)	(18, 0.06933818224568367)	(20, 0.06988515299457346)	(22, 0.07062920458771073)	(24, 0.07155748392655761)	(26, 0.07266570664493484)	(28, 0.07363397340145514)	(30, 0.07472363053305542)	(32, 0.07586184381468769)	(34, 0.07706146634488982)	(36, 0.07831535751336302)	(38, 0.07969920778927476)	(40, 0.08108877055342557)	(42, 0.08260115181471614)	(44, 0.08424920467168431)	(46, 0.08590725438307084)	(48, 0.08783950352993214)	(50, 0.08985315563420002)	(52, 0.09212672595334502)	(54, 0.09445313678870132)	(56, 0.09698662532272345)	(58, 0.09938015789488867)	(60, 0.10251488581607164)	(62, 0.10608090659930348)	(64, 0.10990684559741246)	(66, 0.11362853168515862)	(68, 0.1177229576305033)	(70, 0.12225010455995661)	(72, 0.1267943889541271)	(74, 0.1315157604837084)	(76, 0.13683694327839072)	(78, 0.14219382912456718)	(80, 0.14732364356324107)	(82, 0.15298900377432667)	(84, 0.15875004816341648)	(86, 0.16445396767011566)	(88, 0.17041780539169205)	(90, 0.17596463147181718)	(92, 0.181877056799242)	(94, 0.18762810433391344)	(96, 0.19303640257424143)	(98, 0.19843470396015106)	(100, 0.20363021201357412)	(102, 0.20928129100406206)	(104, 0.21500234797547846)	(106, 0.2216331186989648)	(108, 0.2280896585311599)	(110, 0.2343676831058844)	(112, 0.24098131636465359)	(114, 0.2478434428618218)	(116, 0.25551388644481665)	(118, 0.2629358367894125)	(120, 0.2712175166139866)	(122, 0.2806045629128183)	(124, 0.2898373720291955)	(126, 0.29884596598218965)	(128, 0.30830013401783035)	(130, 0.3178614112079533)	(132, 0.3280139309308188)	(134, 0.338926211589479)	(136, 0.3503469037014153)	
SRR26261006_1 - polya	(1, 0.0010322958609820328)	(2, 0.005178799705262211)	(3, 0.007345581789303357)	(4, 0.014885152062549646)	(5, 0.017493604355568005)	(6, 0.020174802330064964)	(7, 0.023167767510898777)	(8, 0.027771529924473008)	(9, 0.03866086562580529)	(10, 0.04982905977280554)	(12, 0.05594749119716633)	(14, 0.06150041155003276)	(16, 0.06640208484966222)	(18, 0.07059708581492813)	(20, 0.07562259997707471)	(22, 0.08149767977648924)	(24, 0.08634046371492173)	(26, 0.09315430921341723)	(28, 0.10053799588349509)	(30, 0.10629443094049809)	(32, 0.11152432582679883)	(34, 0.11795452445749649)	(36, 0.12300601922017115)	(38, 0.12682430147778)	(40, 0.1306936789164274)	(42, 0.13481593420021476)	(44, 0.13902219342570948)	(46, 0.14382340840329705)	(48, 0.14753343815870565)	(50, 0.15070913356325355)	(52, 0.15377138034549556)	(54, 0.1572467186761339)	(56, 0.16068741620606813)	(58, 0.16404757387436536)	(60, 0.16724838385942375)	(62, 0.17033834328222902)	(64, 0.17358158824814993)	(66, 0.1771495907206717)	(68, 0.1807072009529823)	(70, 0.1843557432871411)	(72, 0.18849618499129805)	(74, 0.19246861881204014)	(76, 0.1983921957324404)	(78, 0.2046422621994768)	(80, 0.2089247311865205)	(82, 0.21253257057985203)	(84, 0.2165318510211398)	(86, 0.22132353977853375)	(88, 0.22554971746443334)	(90, 0.23013356141760272)	(92, 0.23367385124956125)	(94, 0.2381416485203719)	(96, 0.24296451399839952)	(98, 0.2471058217225741)	(100, 0.25077947863724337)	(102, 0.25470774543708774)	(104, 0.2586974996581819)	(106, 0.26315836876885174)	(108, 0.26966824124116884)	(110, 0.2748288545260613)	(112, 0.2785674629420508)	(114, 0.2817180437660883)	(116, 0.28527478797838124)	(118, 0.28946286078350636)	(120, 0.29277192327076496)	(122, 0.29533794058292084)	(124, 0.2978918336148303)	(126, 0.30110909798022306)	(128, 0.3041929952629051)	(130, 0.30755142089116716)	(132, 0.3110310893218935)	(134, 0.31440423729045475)	(136, 0.31760071717542515)	
SRR26261006_2 - polya	(1, 0.01003197588390593)	(2, 0.01545499323413201)	(3, 0.016546178456311005)	(4, 0.019649994199397922)	(5, 0.020992325226681607)	(6, 0.022454167016394418)	(7, 0.024052839968888403)	(8, 0.027371428676340712)	(9, 0.032891440268538255)	(10, 0.04082678168982883)	(12, 0.04505382539574603)	(14, 0.05062406614896452)	(16, 0.05791075857707091)	(18, 0.06540529580940188)	(20, 0.07461455267658555)	(22, 0.08290149822502269)	(24, 0.08907275687045722)	(26, 0.09599485487115303)	(28, 0.1010887846146902)	(30, 0.1052093078584423)	(32, 0.10944501176453553)	(34, 0.11433975690402418)	(36, 0.118796295914606)	(38, 0.12257820533147556)	(40, 0.12681131117751598)	(42, 0.1307854770382933)	(44, 0.1349510333229607)	(46, 0.1396838327191577)	(48, 0.1447465857420612)	(50, 0.150577498520578)	(52, 0.1556445816435695)	(54, 0.16165822464580043)	(56, 0.16738521502220494)	(58, 0.17240206898417548)	(60, 0.1769928410974857)	(62, 0.1810735274204281)	(64, 0.18565650535357986)	(66, 0.19133499860899864)	(68, 0.1974006028122857)	(70, 0.20612662050964725)	(72, 0.21304958453036066)	(74, 0.21864060976400157)	(76, 0.2259766653331113)	(78, 0.2320976948175249)	(80, 0.23609351117874228)	(82, 0.23980354093415085)	(84, 0.24495116391877936)	(86, 0.25113887694454834)	(88, 0.2564839524931902)	(90, 0.2630371259663874)	(92, 0.268650667720486)	(94, 0.2764786226595939)	(96, 0.28299369125201657)	(98, 0.2877723897091465)	(100, 0.29166601570828676)	(102, 0.29566443012955695)	(104, 0.29934674724440224)	(106, 0.303180617862328)	(108, 0.30857592257199074)	(110, 0.3132844734076949)	(112, 0.3168697962805687)	(114, 0.32051574055467474)	(116, 0.32505974758703443)	(118, 0.33011817050984993)	(120, 0.33406289169002873)	(122, 0.3372316589344358)	(124, 0.34045758350000466)	(126, 0.34402212189245607)	(128, 0.347287017358817)	(130, 0.35084462759112756)	(132, 0.3549634187948445)	(134, 0.3589947419767835)	(136, 0.36271256591235057)	
SRR26261006_2 - polyg	(1, 0.0701874583466022)	(2, 0.07058929163476971)	(3, 0.07078847623881825)	(4, 0.0710950473250495)	(5, 0.07129076784902763)	(6, 0.07145357961233688)	(7, 0.071573090374766)	(8, 0.07176361477863853)	(9, 0.07192815858198298)	(10, 0.07217584030701726)	(12, 0.07245123467261481)	(14, 0.072664275596945)	(16, 0.07285913010090553)	(18, 0.07302973604437321)	(20, 0.07319168178766484)	(22, 0.07338480425159018)	(24, 0.07359871119593797)	(26, 0.0738290725206202)	(28, 0.07403864936487997)	(30, 0.07429239323003747)	(32, 0.0745608594354942)	(34, 0.07482499554086293)	(36, 0.07512810254702376)	(38, 0.07546238627381828)	(40, 0.07580619622080642)	(42, 0.07617252268825223)	(44, 0.07655443751601487)	(46, 0.07694674458398876)	(48, 0.0774022711132476)	(50, 0.07786472580264728)	(52, 0.07839992617352554)	(54, 0.07888662942341808)	(56, 0.07942442785434915)	(58, 0.07998041270564987)	(60, 0.08064205199909809)	(62, 0.08139289135435934)	(64, 0.08215845304991985)	(66, 0.08294220116585001)	(68, 0.08368524634095284)	(70, 0.08462920816013944)	(72, 0.08552207479828748)	(74, 0.08642533367664676)	(76, 0.08755375775958266)	(78, 0.08872721488343388)	(80, 0.08981840010561287)	(82, 0.09099965140962252)	(84, 0.09213846773276964)	(86, 0.09326515977567033)	(88, 0.09447585576027845)	(90, 0.09578960812698126)	(92, 0.09702974879218787)	(94, 0.0981746272554582)	(96, 0.09927793675788363)	(98, 0.10040549482080192)	(100, 0.10158241602472357)	(102, 0.1028052362895781)	(104, 0.10408694591562963)	(106, 0.10555225178541286)	(108, 0.1069907110346504)	(110, 0.10838933336307824)	(112, 0.10973945857052034)	(114, 0.1111476071191418)	(116, 0.11261897512904824)	(118, 0.11419426554106696)	(120, 0.11590205701577885)	(122, 0.11776573209365918)	(124, 0.11960948871113462)	(126, 0.12140648024765956)	(128, 0.12325976308532864)	(130, 0.12536938784820803)	(132, 0.12765394865464308)	(134, 0.1300562881834721)	(136, 0.13263356375585678)	
SRR26261235_1 - illumina_universal_adapter	(1, 4.22363253335018e-05)	(2, 5.732072723832387e-05)	(3, 6.938824876218152e-05)	(4, 9.352329180989684e-05)	(5, 0.00012369209561954097)	(6, 0.00013575961714339864)	(7, 0.00017799594247690042)	(8, 0.00020213098552461574)	(9, 0.0002383335500961887)	(10, 0.0003575003251442831)	(12, 0.0005943254350499896)	(14, 0.0008733868702891978)	(16, 0.001158482066290335)	(18, 0.0014526279034343653)	(20, 0.001748282180768878)	(22, 0.002135951309722805)	(24, 0.0025115529171528747)	(26, 0.0028569857207733)	(28, 0.0032476717301081915)	(30, 0.0036609843423003165)	(32, 0.00408033071525437)	(34, 0.0045404049733514425)	(36, 0.005074392800782144)	(38, 0.00570039547983226)	(40, 0.006496851900406865)	(42, 0.007403424454886672)	(44, 0.008658446693367869)	(46, 0.010334323744993601)	(48, 0.012609051552240767)	(50, 0.01559727156958602)	(52, 0.01971682172979293)	(54, 0.0253568796020059)	(56, 0.03284477670755957)	(58, 0.04281858324702793)	(60, 0.0561652620524145)	(62, 0.07370992990791304)	(64, 0.09801844357753381)	(66, 0.13076668011290252)	(68, 0.1731734591879288)	(70, 0.2286599231546263)	(72, 0.2996169497149093)	(74, 0.3924901038027083)	(76, 0.5111425007458482)	(78, 0.65745365702167)	(80, 0.8393368498694429)	(82, 1.0603866922630867)	(84, 1.3305498388186403)	(86, 1.6514493711810632)	(88, 2.0211982306720615)	(90, 2.3320334500835873)																								
SRR26261235_1 - polya	(1, 0.05002892735753288)	(2, 0.05970104585890479)	(3, 0.06912276328865666)	(4, 0.07778422686240549)	(5, 0.0873628220719675)	(6, 0.09546616277523792)	(7, 0.1064626917638532)	(8, 0.11599603376770075)	(9, 0.1268960225841252)	(10, 0.14273615302437884)	(12, 0.1612778998457861)	(14, 0.17915593298338123)	(16, 0.19613644420763943)	(18, 0.21684129426219823)	(20, 0.2400033933870525)	(22, 0.2611049632117081)	(24, 0.28043260737235665)	(26, 0.29783397340975937)	(28, 0.31947858170298854)	(30, 0.3403915965038339)	(32, 0.3625113634570649)	(34, 0.3841212776259131)	(36, 0.40760769139172104)	(38, 0.4291286075893307)	(40, 0.45212025297266045)	(42, 0.4747362967485602)	(44, 0.4952737099419754)	(46, 0.5157281589249142)	(48, 0.5344494101289888)	(50, 0.5536880563183989)	(52, 0.5757429603434392)	(54, 0.5978355753732416)	(56, 0.6184529358967524)	(58, 0.6383854645737843)	(60, 0.6588218122744373)	(62, 0.6784843301573729)	(64, 0.6974484402321152)	(66, 0.7158136995512361)	(68, 0.7351730209558847)	(70, 0.7547043045422483)	(72, 0.7729850912107021)	(74, 0.7922508893235409)	(76, 0.8120687765460961)	(78, 0.8338898723416117)	(80, 0.854464996539789)	(82, 0.873846944547295)	(84, 0.8932530275978485)	(86, 0.9115654915103025)	(88, 0.9290302120357055)	(90, 0.9423467220372824)																								
SRR26261235_1 - polyg	(1, 0.0)	(2, 0.0)	(3, 0.029592579656879937)	(4, 0.040199931076350816)	(5, 0.0440162847582708)	(6, 0.045651433924753515)	(7, 0.04671035893847202)	(8, 0.04739519078495094)	(9, 0.04792917861238165)	(10, 0.04848126772209813)	(12, 0.04899112050648112)	(14, 0.04950851549181652)	(16, 0.04980266132896055)	(18, 0.05000479231448516)	(20, 0.05019485577848592)	(22, 0.05038341080229619)	(24, 0.05060213462991611)	(26, 0.05086460322306002)	(28, 0.05126132299315684)	(30, 0.05167011028477751)	(32, 0.052106049499826876)	(34, 0.05260685164306697)	(36, 0.053178550475259725)	(38, 0.0537909771925955)	(40, 0.05438681106783597)	(42, 0.054969068981362106)	(44, 0.05563579954555524)	(46, 0.05668265703774989)	(48, 0.05780342809927817)	(50, 0.061743473876817695)	(52, 0.06795673902141391)	(54, 0.0780632882976447)	(56, 0.07940730850736434)	(58, 0.08086144485098919)	(60, 0.08241362980699538)	(62, 0.08372748121290538)	(64, 0.08539883294395967)	(66, 0.0879571475070175)	(68, 0.10222548326878869)	(70, 0.20094384309470625)	(72, 0.2625047957084756)	(74, 0.28021840886530813)	(76, 0.2874046179327654)	(78, 0.2918318898918307)	(80, 0.29504034217698627)	(82, 0.29774799231890187)	(84, 0.3000438382888158)	(86, 0.3021963824406339)	(88, 0.30432026622883285)	(90, 0.3058332317398865)																								
SRR26261235_2 - illumina_universal_adapter	(1, 4.22363253335018e-05)	(2, 5.732072723832387e-05)	(3, 6.335448800025269e-05)	(4, 9.352329180989684e-05)	(5, 0.0001086076937147189)	(6, 0.00012067521523857656)	(7, 0.00015386089942918512)	(8, 0.00016592842095304277)	(9, 0.00020816474628654457)	(10, 0.0003243146409536745)	(12, 0.0005505806695260055)	(14, 0.0008311505449556961)	(16, 0.0011252963820997264)	(18, 0.0014269844201961679)	(20, 0.0017392315396259847)	(22, 0.0021555610321990736)	(24, 0.002588483366867467)	(26, 0.0029852031369642876)	(28, 0.0034392436342994322)	(30, 0.0039325035765871135)	(32, 0.004419729758112867)	(34, 0.004971818867829355)	(36, 0.005615922829165257)	(38, 0.006341482560787199)	(40, 0.007252580435838452)	(42, 0.008279828205556835)	(44, 0.009709829506133968)	(46, 0.011541075897379367)	(48, 0.014005867168627291)	(50, 0.017205268812640055)	(52, 0.021554101881800257)	(54, 0.02741891734239508)	(56, 0.03514062267747349)	(58, 0.04537840625027623)	(60, 0.059050908136806954)	(62, 0.07688368806868762)	(64, 0.10153612610173832)	(66, 0.13462828700053697)	(68, 0.17747553061118407)	(70, 0.23347788112302648)	(72, 0.3049719123911212)	(74, 0.3983624614642556)	(76, 0.5176966733734935)	(78, 0.6651693285959863)	(80, 0.8481566996631924)	(82, 1.0704992753000793)	(84, 1.3426158519023075)	(86, 1.6654461877085476)	(88, 2.0369010930549813)	(90, 2.3490577060733693)																								
SRR26261235_2 - polya	(1, 0.05475939579488508)	(2, 0.06550552371188031)	(3, 0.0767313356094489)	(4, 0.08645775795767818)	(5, 0.09770167113753254)	(6, 0.10761212318900065)	(7, 0.12078985669305321)	(8, 0.13278195620738675)	(9, 0.14590538586458196)	(10, 0.16508218600618224)	(12, 0.18857463353275214)	(14, 0.21141996021760517)	(16, 0.23373280751521797)	(18, 0.25979714556656003)	(20, 0.2885223721139127)	(22, 0.31485219563877964)	(24, 0.33929646892554377)	(26, 0.36221118385915896)	(28, 0.3881261863316433)	(30, 0.4125900693408837)	(32, 0.4399049043101355)	(34, 0.46583499118452465)	(36, 0.493523919321016)	(38, 0.5195430041666436)	(40, 0.5456556123040812)	(42, 0.5718783365754239)	(44, 0.5963150676612357)	(46, 0.6197607535419005)	(48, 0.6418578938922743)	(50, 0.663979169285696)	(52, 0.6892410171557015)	(54, 0.7144877806238021)	(56, 0.7377841309256093)	(58, 0.7599672523668407)	(60, 0.7829739821520754)	(62, 0.8054768929136888)	(64, 0.8265362264130109)	(66, 0.8482592735961452)	(68, 0.8703609392670906)	(70, 0.8929649155214664)	(72, 0.9133590268967858)	(74, 0.9338843725686772)	(76, 0.9557431793689549)	(78, 0.978970141422)	(80, 0.9999178503472264)	(82, 1.02051258426788)	(84, 1.04084635803558)	(86, 1.0601860697177523)	(88, 1.078237573477253)	(90, 1.0919658876508316)																								
SRR26261235_2 - polyg	(1, 0.35074552997130376)	(2, 0.3613619320319175)	(3, 0.36168775511306167)	(4, 0.3620346963568726)	(5, 0.36255058290201747)	(6, 0.3630242331218289)	(7, 0.3636185585568789)	(8, 0.3642641709584053)	(9, 0.3654136023835527)	(10, 0.36703819246870206)	(12, 0.36955728758680734)	(14, 0.370898290916146)	(16, 0.37188631924091187)	(18, 0.37290300792929687)	(20, 0.3739468485411106)	(22, 0.374971079430448)	(24, 0.3759636330757853)	(26, 0.3770331171708372)	(28, 0.3780860084237937)	(30, 0.3791554925188456)	(32, 0.3802973817430406)	(34, 0.38145284692895)	(36, 0.38256607578952584)	(38, 0.38376528574095925)	(40, 0.38502785018039287)	(42, 0.38628136397868357)	(44, 0.38755297905926006)	(46, 0.388829119460408)	(48, 0.3901490046270799)	(50, 0.3915126345592759)	(52, 0.3929200092569958)	(54, 0.39426704634709636)	(56, 0.39565481132234004)	(58, 0.3971632515128222)	(60, 0.39869431830616164)	(62, 0.40018465721435803)	(64, 0.4016071163139828)	(66, 0.4032482992412274)	(68, 0.4049633957378057)	(70, 0.40666944159324103)	(72, 0.4083000654391523)	(74, 0.41004834761992126)	(76, 0.4118207648437378)	(78, 0.4137877708521266)	(80, 0.4157577937408964)	(82, 0.41793145605538123)	(84, 0.4201413209344377)	(86, 0.42261817972720944)	(88, 0.42537409995522046)	(90, 0.4275372031883719)																								
SRR26261236_1 - illumina_universal_adapter	(1, 2.5878633202981427e-05)	(2, 4.0666423604685095e-05)	(3, 5.9151161606814685e-05)	(4, 7.393895200851836e-05)	(5, 0.00010721148041235162)	(6, 0.00011830232321362937)	(7, 0.00015896874681831447)	(8, 0.00022181685602555508)	(9, 0.00027357412243151795)	(10, 0.00037708865524344363)	(12, 0.0005268150330606933)	(14, 0.0007042685178811374)	(16, 0.0009556609547100997)	(18, 0.001160841546533738)	(20, 0.0015453240969780337)	(22, 0.0017763833220046535)	(24, 0.002057351339637023)	(26, 0.002340167831069606)	(28, 0.002611893479700911)	(30, 0.002920588604336475)	(32, 0.003234829150372678)	(34, 0.0036618265982218717)	(36, 0.004142429786277241)	(38, 0.00469142650494049)	(40, 0.005358725546817367)	(42, 0.0060611455908982925)	(44, 0.007044533652611587)	(46, 0.008380980210165555)	(48, 0.010046455104157432)	(50, 0.012386622935227038)	(52, 0.01573605746121292)	(54, 0.020218606426729346)	(56, 0.026972929692707495)	(58, 0.03659608429661616)	(60, 0.050699939392241045)	(62, 0.06957655384001578)	(64, 0.09539418740759018)	(66, 0.13035067544341744)	(68, 0.1783019342947418)	(70, 0.24396342062590654)	(72, 0.33048493379247446)	(74, 0.4436503483153121)	(76, 0.5913563442689289)	(78, 0.7791945548989694)	(80, 1.0148232071597156)	(82, 1.3072499138796057)	(84, 1.6587741764661041)	(86, 2.081289075349781)	(88, 2.5740034637441456)	(90, 2.9899877046916705)																								
SRR26261236_1 - polya	(1, 0.05698105336536467)	(2, 0.06838983366027905)	(3, 0.07844922808103798)	(4, 0.08863062177261095)	(5, 0.09851256270854944)	(6, 0.10850171512490027)	(7, 0.11989201068181252)	(8, 0.13116770086311158)	(9, 0.1425579964200238)	(10, 0.16097434089154555)	(12, 0.18276969546985652)	(14, 0.20415099191691982)	(16, 0.22379841993938338)	(18, 0.24540707866387285)	(20, 0.26964241865846494)	(22, 0.29359309368782427)	(24, 0.31509269245810123)	(26, 0.3348343926443756)	(28, 0.35911779295777324)	(30, 0.3810610254401013)	(32, 0.40449412780540095)	(34, 0.42827104629754026)	(36, 0.45360807667705927)	(38, 0.4764570613214917)	(40, 0.5007663402680923)	(42, 0.52557101019315)	(44, 0.5486140845866048)	(46, 0.5704944689597256)	(48, 0.5906280455916451)	(50, 0.6108466520183744)	(52, 0.6338250298288217)	(54, 0.6566980446326569)	(56, 0.6778593726974949)	(58, 0.6979522829058097)	(60, 0.7200766658205586)	(62, 0.7410512980315751)	(64, 0.7610443906546784)	(66, 0.7815735406798435)	(68, 0.8021156300216101)	(70, 0.8235560776302803)	(72, 0.8428818712115067)	(74, 0.862813964199203)	(76, 0.8838643838360283)	(78, 0.9062734317160099)	(80, 0.9265012805117403)	(82, 0.9454481369639232)	(84, 0.9645705984271262)	(86, 0.9827632775688222)	(88, 1.0005492924744712)	(90, 1.014730783469705)																								
SRR26261236_1 - polyg	(1, 0.0)	(2, 0.0)	(3, 0.03322446808502773)	(4, 0.04560554559885412)	(5, 0.050030791876563944)	(6, 0.051842296200772645)	(7, 0.05304380417091107)	(8, 0.053809072324199236)	(9, 0.054385796149865676)	(10, 0.05492924744712829)	(12, 0.05547454721819111)	(14, 0.055920029404042434)	(16, 0.056204694369275235)	(18, 0.05640617801349844)	(20, 0.056600267762520806)	(22, 0.05682023614474614)	(24, 0.05699584115576638)	(26, 0.057273112225798326)	(28, 0.057618776826438144)	(30, 0.05804762274808755)	(32, 0.058417317508130145)	(34, 0.05890901153898679)	(36, 0.05945615978384983)	(38, 0.05998852023831115)	(40, 0.06055230474737611)	(42, 0.06114381636344426)	(44, 0.06173163103191198)	(46, 0.062310203331378634)	(48, 0.06297010847805466)	(50, 0.06365219531033325)	(52, 0.06429546419280735)	(54, 0.06497755102508593)	(56, 0.06570584970236984)	(58, 0.06646187548665694)	(60, 0.06731402190855512)	(62, 0.06820683475405798)	(64, 0.06907561744015805)	(66, 0.07014218682288094)	(68, 0.0816341484388049)	(70, 0.19956492841859147)	(72, 0.2307080150045794)	(74, 0.23774700323579034)	(76, 0.24113710418538092)	(78, 0.2435401201256578)	(80, 0.245512441670485)	(82, 0.24717237114307622)	(84, 0.2487232406614549)	(86, 0.2502075651230259)	(88, 0.2516308899491899)	(90, 0.2528712158691328)																								
SRR26261236_2 - illumina_universal_adapter	(1, 2.218168560255551e-05)	(2, 3.696947600425918e-05)	(3, 4.806031880553693e-05)	(4, 6.654505680766653e-05)	(5, 9.612063761107386e-05)	(6, 0.00010721148041235162)	(7, 0.0001404840088161849)	(8, 0.00019224127522214773)	(9, 0.00024030159402768466)	(10, 0.0003475130744400363)	(12, 0.0004898455570564341)	(14, 0.0006599051466760263)	(16, 0.0009149945311054147)	(18, 0.001131265965730331)	(20, 0.0015249908851756911)	(22, 0.0017560501102023111)	(24, 0.002064745234837875)	(26, 0.002382682728474504)	(28, 0.0026821354841090033)	(30, 0.003016709241947549)	(32, 0.0033660707901877985)	(34, 0.0038392800830423157)	(36, 0.004371640537503648)	(38, 0.004990879260574989)	(40, 0.005721026411659108)	(42, 0.006489991512547699)	(44, 0.007565803264271641)	(46, 0.008996521985636472)	(48, 0.010728541936436013)	(50, 0.013203648354921165)	(52, 0.01668062757312174)	(54, 0.02132399375925669)	(56, 0.028215104086450605)	(58, 0.0379565610135729)	(60, 0.05228223296522333)	(62, 0.07138436121662405)	(64, 0.0974367509568255)	(66, 0.13279620628109917)	(68, 0.1811393415780687)	(70, 0.24725185551648537)	(72, 0.33453124294114067)	(74, 0.4487170150016958)	(76, 0.5977224880368623)	(78, 0.7874960507357258)	(80, 1.0253262352925259)	(82, 1.3205977431909435)	(84, 1.675813407956467)	(86, 2.102361676672209)	(88, 2.5991556467436436)	(90, 3.019016137250215)																								
SRR26261236_2 - polya	(1, 0.061905387569132)	(2, 0.07451567583418481)	(3, 0.08553257968345404)	(4, 0.09717057072959483)	(5, 0.10847953343929771)	(6, 0.12043915892667556)	(7, 0.13453562012709958)	(8, 0.14834741636229082)	(9, 0.16287642043196468)	(10, 0.18603410020103262)	(12, 0.21391463052964466)	(14, 0.24061953152132132)	(16, 0.2659750466388424)	(18, 0.2944119675813186)	(20, 0.3247306348524116)	(22, 0.3544448511908349)	(24, 0.3809390261692872)	(26, 0.40555700024052344)	(28, 0.43389595207158826)	(30, 0.4612348795767379)	(32, 0.4900304044364554)	(34, 0.5182639932609081)	(36, 0.5478284832215142)	(38, 0.5747145346456117)	(40, 0.6039573901649806)	(42, 0.6336642126082032)	(44, 0.6607665354669257)	(46, 0.6869705000587445)	(48, 0.7112890213743461)	(50, 0.7365595066970576)	(52, 0.7628558949788871)	(54, 0.7898084914597923)	(56, 0.8155983979203634)	(58, 0.8399132222883647)	(60, 0.8654960996833121)	(62, 0.8889199596796107)	(64, 0.9115323396776158)	(66, 0.9347029587632852)	(68, 0.958023304226772)	(70, 0.9819185250421248)	(72, 1.0043460576601086)	(74, 1.0258530503255865)	(76, 1.0485079452209964)	(78, 1.072702618791984)	(80, 1.0942410355120653)	(82, 1.1149328512316492)	(84, 1.1356191215298324)	(86, 1.1549855815346635)	(88, 1.1739509227248486)	(90, 1.1890529536725885)																								
SRR26261236_2 - polyg	(1, 0.3164069573300526)	(2, 0.32806343311419556)	(3, 0.3283296133414262)	(4, 0.328640156939862)	(5, 0.32903942728070795)	(6, 0.32946457625475695)	(7, 0.3299303916524106)	(8, 0.3305256002160792)	(9, 0.3316198967058053)	(10, 0.3329507978419586)	(12, 0.3349471495461886)	(14, 0.33622444494213577)	(16, 0.3372891658510584)	(18, 0.33824297833196826)	(20, 0.3391579728630737)	(22, 0.34024117850999847)	(24, 0.34133177805212417)	(26, 0.3423576810112423)	(28, 0.34329485722795033)	(30, 0.3443004269752662)	(32, 0.34536329941038857)	(34, 0.34636332373630385)	(36, 0.34747610496403203)	(38, 0.3486314010891651)	(40, 0.3497220006312908)	(42, 0.35081444864721667)	(44, 0.3520640169361606)	(46, 0.35327291880149986)	(48, 0.35442821492663296)	(50, 0.3555705717351646)	(52, 0.3567462010721)	(54, 0.3578386490880259)	(56, 0.35903461163676365)	(58, 0.36034702803491486)	(60, 0.3615910509024582)	(62, 0.36291455814341067)	(64, 0.36422697454156183)	(66, 0.3655356939921126)	(68, 0.36702186692748384)	(70, 0.3683305863780346)	(72, 0.36967997225219007)	(74, 0.3710626306547494)	(76, 0.3725876215399251)	(78, 0.37416252121770655)	(80, 0.37577254189769205)	(82, 0.37739365342047876)	(84, 0.3790868554214738)	(86, 0.3809612078548898)	(88, 0.3829982259827245)	(90, 0.38450842907749844)																								
